item_id,condition,gap,n_group,n_rest
0,region_western_europe,0.19714285714285706,7,50
55,region_western_europe,0.2857142857142857,8,56
66,region_western_europe,-0.27586206896551724,8,58
79,region_western_europe,-0.44642857142857145,6,56
80,region_western_europe,-0.10119047619047619,6,56
95,region_western_europe,-0.2,5,55
97,region_western_europe,-0.17857142857142858,5,56
99,region_western_europe,-0.3508771929824561,5,57
100,region_western_europe,-0.023809523809523836,6,56
109,region_western_europe,-0.1103448275862069,5,58
113,region_western_europe,-0.023504273504273504,9,52
139,region_western_europe,0.1592592592592593,10,54
143,region_western_europe,-0.2928571428571428,10,56
149,region_western_europe,-0.3111111111111111,6,45
150,region_western_europe,0.019607843137254832,6,51
183,region_western_europe,-0.09523809523809529,7,63
190,region_western_europe,-0.0871670702179177,7,59
209,region_western_europe,0.0,7,63
236,region_western_europe,-0.19629629629629627,10,54
240,region_western_europe,-0.20384615384615384,10,52
250,region_western_europe,-0.18867924528301888,6,53
257,region_western_europe,-0.36904761904761907,6,56
263,region_western_europe,-0.18518518518518517,6,54
275,region_western_europe,-0.20408163265306123,5,49
284,region_western_europe,-0.020000000000000018,4,50
322,region_western_europe,0.1346153846153846,8,52
357,region_western_europe,-0.16666666666666666,6,51
374,region_western_europe,0.0,6,51
389,region_western_europe,-0.23758865248226949,6,47
394,region_western_europe,0.1071428571428571,7,56
396,region_western_europe,-0.05714285714285716,7,55
398,region_western_europe,-0.08385093167701863,7,46
399,region_western_europe,-0.07142857142857142,7,56
406,region_western_europe,0.26190476190476186,7,54
407,region_western_europe,-0.10204081632653061,7,49
441,region_western_europe,0.1007751937984496,6,43
444,region_western_europe,0.5804878048780489,5,41
451,region_western_europe,0.3623188405797101,6,46
458,region_western_europe,0.15217391304347827,6,46
462,region_western_europe,0.035460992907801414,12,47
464,region_western_europe,-0.1519607843137255,12,51
484,region_western_europe,0.023636363636363622,11,50
486,region_western_europe,0.07666666666666666,12,50
495,region_western_europe,-0.04999999999999999,10,52
511,region_western_europe,-0.012987012987012991,11,49
522,region_western_europe,-0.08571428571428569,10,49
529,region_western_europe,-0.24444444444444446,9,45
537,region_western_europe,-0.05660377358490566,7,53
548,region_western_europe,-0.3186813186813187,7,52
551,region_western_europe,-0.06043956043956045,7,52
553,region_western_europe,-0.11764705882352941,6,51
554,region_western_europe,-0.0784313725490196,6,51
557,region_western_europe,-0.04081632653061224,7,49
559,region_western_europe,0.16442048517520214,7,53
580,region_western_europe,0.18000000000000002,5,50
589,region_western_europe,0.008571428571428563,7,50
607,region_western_europe,-0.08163265306122452,7,49
615,region_western_europe,-0.06162464985994398,7,51
628,region_western_europe,-0.015094339622641506,5,53
636,region_western_europe,-0.1644444444444444,9,50
650,region_western_europe,0.1933333333333333,9,50
656,region_western_europe,-0.10416666666666666,8,48
667,region_western_europe,-0.14,9,50
677,region_western_europe,-0.03205128205128205,6,52
678,region_western_europe,-0.1702127659574468,7,47
679,region_western_europe,0.16666666666666663,8,48
683,region_western_europe,-0.03676470588235292,8,51
687,region_western_europe,-0.04582210242587603,7,53
688,region_western_europe,0.07676767676767676,9,55
693,region_western_europe,-0.047619047619047616,7,51
702,region_western_europe,0.1347708894878706,7,53
703,region_western_europe,0.023584905660377353,8,53
716,region_western_europe,-0.2,9,50
731,region_western_europe,-0.08867924528301888,10,53
739,region_western_europe,-0.08301886792452828,10,53
742,region_western_europe,-0.18518518518518517,4,54
745,region_western_europe,0.27419354838709675,4,62
751,region_western_europe,0.1935483870967742,6,62
776,region_western_europe,-0.2037037037037037,7,54
778,region_western_europe,-0.21568627450980393,7,51
785,region_western_europe,-0.22685185185185186,8,54
811,region_western_europe,-0.11320754716981132,7,53
817,region_western_europe,-0.2371794871794872,6,52
821,region_western_europe,-0.11168831168831167,7,55
827,region_western_europe,-0.2682926829268293,5,41
840,region_western_europe,-0.08051948051948049,7,55
842,region_western_europe,-0.12962962962962962,6,54
864,region_western_europe,0.3113207547169811,6,53
865,region_western_europe,0.07232704402515722,6,53
867,region_western_europe,0.18846153846153849,5,52
868,region_western_europe,0.10833333333333334,5,48
875,region_western_europe,0.062499999999999986,6,48
877,region_western_europe,-0.12244897959183673,6,49
892,region_western_europe,-0.026819923371647514,9,58
893,region_western_europe,-0.07936507936507936,11,63
897,region_western_europe,0.11666666666666668,10,60
899,region_western_europe,-0.14516129032258063,10,62
926,region_western_europe,-0.041666666666666685,8,48
937,region_western_europe,-0.22916666666666669,8,48
942,region_western_europe,0.06271777003484319,7,41
951,region_western_europe,-0.23758865248226949,6,47
989,region_western_europe,0.15306122448979592,8,49
1002,region_western_europe,-0.1437908496732026,9,51
1027,region_western_europe,-0.2786885245901639,6,61
1043,region_western_europe,0.0679156908665105,7,61
1050,region_western_europe,-0.07861635220125787,6,53
1057,region_western_europe,-0.0267857142857143,7,48
1058,region_western_europe,0.22448979591836737,7,49
1082,region_western_europe,-0.07277628032345013,7,53
1084,region_western_europe,0.303921568627451,6,51
1096,region_western_europe,-0.015873015873015872,7,45
1098,region_western_europe,0.346031746031746,7,45
1111,region_western_europe,0.3149350649350649,7,44
1112,region_western_europe,-0.15501519756838905,7,47
1114,region_western_europe,-0.016666666666666663,6,40
1116,region_western_europe,0.03322259136212624,7,43
1118,region_western_europe,-0.13333333333333336,6,45
1128,region_western_europe,0.23809523809523808,7,45
1148,region_western_europe,-0.07936507936507936,7,45
1159,region_western_europe,0.0,7,42
1811,region_western_europe,0.3,4,20
1814,region_western_europe,0.4,4,20
1824,region_western_europe,0.34210526315789475,4,19
2940,region_western_europe,0.10714285714285715,4,21
0,region_north_america,-0.06887755102040816,8,49
43,region_north_america,-0.05303030303030304,4,33
55,region_north_america,-0.12030075187969924,7,57
66,region_north_america,0.008620689655172403,8,58
79,region_north_america,-0.13246753246753246,7,55
80,region_north_america,0.03116883116883118,7,55
95,region_north_america,0.12962962962962965,6,54
97,region_north_america,-0.18518518518518517,7,54
99,region_north_america,-0.04155844155844157,7,55
100,region_north_america,-0.07792207792207795,7,55
109,region_north_america,-0.1785714285714286,7,56
113,region_north_america,-0.15384615384615385,9,52
139,region_north_america,0.040740740740740744,10,54
143,region_north_america,-0.4107142857142857,10,56
149,region_north_america,-0.15259740259740262,7,44
150,region_north_america,0.1527777777777778,9,48
183,region_north_america,-0.08014571948998184,9,61
190,region_north_america,0.2974137931034483,8,58
209,region_north_america,-0.16393442622950818,9,61
236,region_north_america,0.1592592592592593,10,54
240,region_north_america,0.15384615384615385,10,52
250,region_north_america,0.1933333333333333,9,50
257,region_north_america,0.06498951781970652,9,53
263,region_north_america,0.065359477124183,9,51
275,region_north_america,0.1155015197568389,7,47
284,region_north_america,-0.021739130434782594,8,46
322,region_north_america,-0.009615384615384609,8,52
357,region_north_america,0.20588235294117646,6,51
374,region_north_america,-0.37254901960784315,6,51
389,region_north_america,-0.049645390070922,6,47
394,region_north_america,-0.25909090909090904,8,55
396,region_north_america,-0.2222222222222222,8,54
398,region_north_america,-0.41304347826086957,7,46
399,region_north_america,-0.09318181818181817,8,55
406,region_north_america,-0.22641509433962265,8,53
407,region_north_america,-0.1,6,50
441,region_north_america,-0.11904761904761907,7,42
444,region_north_america,-0.13333333333333333,6,40
451,region_north_america,0.034090909090909116,8,44
458,region_north_america,0.011363636363636354,8,44
462,region_north_america,-0.2783687943262412,12,47
464,region_north_america,0.05392156862745098,12,51
484,region_north_america,-0.22108843537414966,12,49
486,region_north_america,-0.320855614973262,11,51
495,region_north_america,-0.26785714285714285,6,56
511,region_north_america,-0.12962962962962962,6,54
522,region_north_america,-0.3018867924528302,6,53
529,region_north_america,0.2708333333333333,6,48
537,region_north_america,-0.05660377358490566,7,53
548,region_north_america,-0.28616352201257866,6,53
551,region_north_america,-0.38461538461538464,7,52
553,region_north_america,0.042857142857142844,7,50
554,region_north_america,-0.13428571428571429,7,50
557,region_north_america,-0.04,6,50
559,region_north_america,-0.15902964959568733,7,53
580,region_north_america,-0.016908212560386493,9,46
589,region_north_america,-0.2361111111111111,9,48
607,region_north_america,-0.21333333333333335,6,50
615,region_north_america,-0.30943396226415093,5,53
628,region_north_america,-0.46153846153846156,6,52
636,region_north_america,0.33333333333333337,5,54
650,region_north_america,-0.18867924528301888,6,53
656,region_north_america,-0.01568627450980392,5,51
667,region_north_america,-0.12962962962962962,5,54
677,region_north_america,-0.39622641509433965,5,53
678,region_north_america,-0.16326530612244897,5,49
679,region_north_america,-0.22745098039215683,5,51
683,region_north_america,-0.007407407407407363,5,54
687,region_north_america,-0.018518518518518517,6,54
688,region_north_america,-0.1724137931034483,6,58
693,region_north_america,-0.3584905660377358,5,53
702,region_north_america,-0.18518518518518517,6,54
703,region_north_america,0.11515151515151514,6,55
716,region_north_america,-0.0836734693877551,10,49
731,region_north_america,0.03018867924528304,10,53
739,region_north_america,-0.20188679245283017,10,53
742,region_north_america,0.12885154061624648,7,51
745,region_north_america,-0.0727272727272727,11,55
751,region_north_america,0.04784688995215314,11,57
776,region_north_america,-0.2,6,55
778,region_north_america,-0.02564102564102566,6,52
785,region_north_america,-0.17261904761904764,6,56
811,region_north_america,0.07407407407407407,6,54
817,region_north_america,0.24150943396226415,5,53
821,region_north_america,-0.26785714285714285,6,56
840,region_north_america,-0.36904761904761907,6,56
842,region_north_america,-0.15902964959568733,7,53
864,region_north_america,-0.25,7,52
865,region_north_america,-0.11538461538461539,7,52
867,region_north_america,0.0657142857142857,7,50
868,region_north_america,-0.018633540372670843,7,46
875,region_north_america,0.062499999999999986,6,48
877,region_north_america,-0.12244897959183673,6,49
892,region_north_america,-0.15517241379310345,9,58
893,region_north_america,0.04957264957264956,9,65
897,region_north_america,-0.11475409836065574,9,61
899,region_north_america,0.04761904761904756,9,63
926,region_north_america,-0.163265306122449,7,49
937,region_north_america,-0.040816326530612235,7,49
942,region_north_america,0.2511627906976744,5,43
951,region_north_america,-0.049645390070922,6,47
989,region_north_america,-0.0942857142857143,7,50
1002,region_north_america,-0.10242587601078168,7,53
1027,region_north_america,0.08743169398907102,6,61
1043,region_north_america,0.14516129032258063,6,62
1050,region_north_america,-0.25925925925925924,5,54
1057,region_north_america,0.3005952380952381,7,48
1058,region_north_america,-0.12941176470588234,5,51
1082,region_north_america,-0.2345013477088949,7,53
1084,region_north_america,-0.1514285714285714,7,50
1096,region_north_america,-0.4791666666666667,4,48
1098,region_north_america,0.04680851063829783,5,47
1112,region_north_america,-0.3,4,50
1118,region_north_america,-0.21808510638297873,4,47
1128,region_north_america,-0.22463768115942032,6,46
1148,region_north_america,-0.050724637681159424,6,46
1159,region_north_america,-0.16279069767441862,6,43
0,region_latin_america,0.03428571428571425,7,50
9,region_latin_america,-0.26666666666666666,4,15
55,region_latin_america,0.09195402298850572,6,58
66,region_latin_america,0.2833333333333333,6,60
79,region_latin_america,-0.07738095238095238,6,56
80,region_latin_america,0.03116883116883118,7,55
95,region_latin_america,-0.11051212938005395,7,53
97,region_latin_america,0.003030303030303022,6,55
99,region_latin_america,-0.04155844155844157,7,55
100,region_latin_america,0.24415584415584413,7,55
109,region_latin_america,0.30357142857142855,7,56
113,region_latin_america,0.22424242424242424,6,55
139,region_latin_america,0.3627118644067796,5,59
143,region_latin_america,0.35,6,60
149,region_latin_america,0.3608695652173913,5,46
150,region_latin_america,0.3921568627450981,6,51
183,region_latin_america,0.22222222222222227,7,63
190,region_latin_america,-0.24697336561743344,7,59
209,region_latin_america,-0.15873015873015872,7,63
236,region_latin_america,0.07471264367816088,6,58
240,region_latin_america,0.32738095238095233,6,56
250,region_latin_america,-0.02006688963210701,13,46
257,region_latin_america,0.10333333333333339,12,50
263,region_latin_america,-0.0927643784786642,11,49
275,region_latin_america,0.08333333333333334,12,42
284,region_latin_america,0.14799154334038056,11,43
322,region_latin_america,-0.009615384615384609,8,52
357,region_latin_america,-0.19714285714285718,7,50
374,region_latin_america,-0.09693877551020408,8,49
389,region_latin_america,-0.002777777777777768,8,45
394,region_latin_america,0.026315789473684237,6,57
396,region_latin_america,-0.029761904761904767,6,56
398,region_latin_america,-0.3877551020408163,4,49
399,region_latin_america,-0.043859649122807015,6,57
406,region_latin_america,-0.033333333333333354,6,55
407,region_latin_america,-0.1,6,50
441,region_latin_america,-0.04999999999999999,5,44
444,region_latin_america,-0.09268292682926826,5,41
451,region_latin_america,-0.014492753623188415,6,46
458,region_latin_america,-0.03623188405797101,6,46
462,region_latin_america,-0.06372549019607843,8,51
464,region_latin_america,0.04999999999999999,8,55
484,region_latin_america,0.03537735849056606,8,53
486,region_latin_america,0.02314814814814814,8,54
495,region_latin_america,0.23689727463312366,9,53
511,region_latin_america,0.3942307692307692,8,52
522,region_latin_america,0.20444444444444443,9,50
529,region_latin_america,0.08695652173913043,8,46
537,region_latin_america,-0.05555555555555555,6,54
548,region_latin_america,0.08490566037735847,6,53
551,region_latin_america,-0.0062893081761006275,6,53
553,region_latin_america,0.2549019607843137,6,51
554,region_latin_america,-0.0784313725490196,6,51
557,region_latin_america,-0.04,6,50
559,region_latin_america,-0.12962962962962962,6,54
580,region_latin_america,0.2202380952380952,7,48
589,region_latin_america,0.008571428571428563,7,50
607,region_latin_america,0.16666666666666669,8,48
615,region_latin_america,0.26249999999999996,10,48
628,region_latin_america,0.16780045351473927,9,49
636,region_latin_america,-0.14010989010989017,7,52
650,region_latin_america,-0.19230769230769232,7,52
656,region_latin_america,-0.053333333333333344,6,50
667,region_latin_america,0.027472527472527458,7,52
677,region_latin_america,0.15384615384615385,6,52
678,region_latin_america,0.20833333333333331,6,48
679,region_latin_america,0.06666666666666665,6,50
683,region_latin_america,0.28930817610062887,6,53
687,region_latin_america,0.16666666666666666,6,54
688,region_latin_america,0.011494252873563204,6,58
693,region_latin_america,-0.1794871794871795,6,52
702,region_latin_america,0.37037037037037035,6,54
703,region_latin_america,-0.0696969696969697,6,55
716,region_latin_america,0.38235294117647056,8,51
731,region_latin_america,0.22954545454545455,8,55
739,region_latin_america,0.12045454545454548,8,55
742,region_latin_america,0.17948717948717946,6,52
745,region_latin_america,0.04842615012106535,7,59
751,region_latin_america,-0.20140515222482436,7,61
776,region_latin_america,-0.2037037037037037,7,54
778,region_latin_america,-0.05322128851540617,7,51
785,region_latin_america,-0.08333333333333331,8,54
811,region_latin_america,0.10018552875695734,11,49
817,region_latin_america,0.2050290135396518,11,47
821,region_latin_america,0.14795008912655971,11,51
827,region_latin_america,0.11711711711711709,9,37
840,region_latin_america,0.1657754010695187,11,51
842,region_latin_america,0.05882352941176466,9,51
864,region_latin_america,0.04069767441860464,16,43
865,region_latin_america,-0.05377906976744186,16,43
867,region_latin_america,0.1173780487804878,16,41
868,region_latin_america,0.13684210526315793,15,38
875,region_latin_america,-0.053571428571428575,14,40
877,region_latin_america,-0.058333333333333334,15,40
892,region_latin_america,0.009523809523809518,7,60
893,region_latin_america,0.17606837606837605,9,65
897,region_latin_america,0.16935483870967744,8,62
899,region_latin_america,0.04761904761904756,9,63
926,region_latin_america,0.05333333333333329,6,50
937,region_latin_america,0.30588235294117644,5,51
942,region_latin_america,0.027906976744186074,5,43
951,region_latin_america,-0.002777777777777768,8,45
989,region_latin_america,0.3333333333333333,6,51
1002,region_latin_america,0.6181818181818182,5,55
1027,region_latin_america,0.16239316239316243,13,54
1043,region_latin_america,0.21118881118881117,13,55
1050,region_latin_america,0.5390070921985816,12,47
1057,region_latin_america,-0.25555555555555554,10,45
1058,region_latin_america,0.14747474747474748,11,45
1082,region_latin_america,0.1280148423005566,11,49
1084,region_latin_america,0.28936170212765966,10,47
1096,region_latin_america,0.06521739130434784,6,46
1098,region_latin_america,-0.06521739130434778,6,46
1111,region_latin_america,0.0111111111111111,6,45
1112,region_latin_america,0.25,6,48
1114,region_latin_america,-0.4,6,40
1116,region_latin_america,-0.0757575757575758,6,44
1118,region_latin_america,0.43333333333333335,6,45
1128,region_latin_america,-0.2571428571428572,7,45
1148,region_latin_america,0.2507936507936508,7,45
1159,region_latin_america,0.027131782945736427,6,43
2536,region_latin_america,-0.4444444444444444,4,18
2540,region_latin_america,-0.1111111111111111,4,18
2541,region_latin_america,-0.02777777777777779,4,18
2543,region_latin_america,-0.2,4,20
3673,region_latin_america,0.17105263157894735,4,19
3684,region_latin_america,-0.19444444444444442,4,18
3693,region_latin_america,0.42105263157894735,4,19
4028,region_latin_america,-0.2,4,20
0,region_arab_culture,-0.02083333333333337,9,48
43,region_arab_culture,-0.05303030303030304,4,33
55,region_arab_culture,0.20050125313283207,7,57
66,region_arab_culture,0.04842615012106535,7,59
79,region_arab_culture,0.25462962962962965,8,54
80,region_arab_culture,0.35324675324675325,7,55
95,region_arab_culture,0.27884615384615385,8,52
97,region_arab_culture,-0.04481132075471697,8,53
99,region_arab_culture,0.49074074074074076,8,54
100,region_arab_culture,0.02314814814814814,8,54
109,region_arab_culture,0.0840909090909091,8,55
113,region_arab_culture,0.10683760683760682,9,52
139,region_arab_culture,-0.07777777777777778,10,54
143,region_arab_culture,0.5321428571428573,10,56
149,region_arab_culture,0.25555555555555554,6,45
150,region_arab_culture,0.07428571428571429,7,50
183,region_arab_culture,0.40725806451612906,8,62
190,region_arab_culture,-0.033333333333333326,6,60
209,region_arab_culture,0.0,7,63
236,region_arab_culture,0.18295739348370926,7,57
240,region_arab_culture,-0.09610389610389614,7,55
250,region_arab_culture,-0.19230769230769232,7,52
257,region_arab_culture,0.08051948051948049,7,55
263,region_arab_culture,0.2964959568733153,7,53
275,region_arab_culture,-0.20408163265306123,5,49
284,region_arab_culture,0.16666666666666663,6,48
322,region_arab_culture,0.010781671159029643,7,53
357,region_arab_culture,-0.07653061224489793,8,49
374,region_arab_culture,-0.24234693877551022,8,49
389,region_arab_culture,0.22360248447204967,7,46
394,region_arab_culture,0.1071428571428571,7,56
396,region_arab_culture,0.15476190476190474,6,56
398,region_arab_culture,0.08074534161490682,7,46
399,region_arab_culture,-0.07142857142857142,7,56
406,region_arab_culture,-0.06084656084656084,7,54
407,region_arab_culture,-0.10204081632653061,7,49
441,region_arab_culture,0.2906976744186046,6,43
444,region_arab_culture,-0.09268292682926826,5,41
451,region_arab_culture,-0.16170212765957448,5,47
458,region_arab_culture,0.3405797101449275,6,46
462,region_arab_culture,0.10370370370370374,5,54
464,region_arab_culture,-0.043859649122807015,6,57
484,region_arab_culture,0.06071428571428572,5,56
486,region_arab_culture,0.7142857142857143,6,56
495,region_arab_culture,0.009259259259259273,8,54
511,region_arab_culture,0.16442048517520214,7,53
522,region_arab_culture,0.12009803921568629,8,51
529,region_arab_culture,0.003039513677811523,7,47
537,region_arab_culture,0.08653846153846154,8,52
548,region_arab_culture,0.5220588235294117,8,51
551,region_arab_culture,0.18627450980392157,8,51
553,region_arab_culture,0.16836734693877553,8,49
554,region_arab_culture,0.3542857142857143,7,50
557,region_arab_culture,-0.04081632653061224,7,49
559,region_arab_culture,0.10576923076923078,8,52
580,region_arab_culture,-0.2653061224489796,6,49
589,region_arab_culture,0.08823529411764708,6,51
607,region_arab_culture,0.15999999999999998,6,50
615,region_arab_culture,0.019230769230769218,6,52
628,region_arab_culture,-0.08974358974358976,6,52
636,region_arab_culture,0.3529411764705882,8,51
650,region_arab_culture,0.38235294117647056,8,51
656,region_arab_culture,0.04166666666666666,8,48
667,region_arab_culture,0.00735294117647059,8,51
677,region_arab_culture,0.015000000000000013,8,50
678,region_arab_culture,-0.006079027355623101,7,47
679,region_arab_culture,-0.04081632653061229,7,49
683,region_arab_culture,0.10784313725490197,8,51
687,region_arab_culture,-0.06730769230769232,8,52
688,region_arab_culture,0.10714285714285715,8,56
693,region_arab_culture,0.345,8,50
702,region_arab_culture,-0.04807692307692307,8,52
703,region_arab_culture,0.3862433862433862,7,54
716,region_arab_culture,0.18238993710691823,6,53
731,region_arab_culture,-0.008771929824561403,6,57
739,region_arab_culture,0.2543859649122807,6,57
751,region_arab_culture,-0.078125,4,64
776,region_arab_culture,-0.042328042328042326,7,54
778,region_arab_culture,0.27170868347338933,7,51
785,region_arab_culture,0.4415584415584416,7,55
811,region_arab_culture,-0.11538461538461539,8,52
817,region_arab_culture,0.13461538461538464,6,52
821,region_arab_culture,0.009259259259259273,8,54
827,region_arab_culture,-0.28205128205128205,7,39
840,region_arab_culture,-0.06498951781970652,9,53
842,region_arab_culture,-0.038461538461538436,8,52
864,region_arab_culture,-0.0222222222222222,5,54
865,region_arab_culture,0.10740740740740742,5,54
867,region_arab_culture,-0.25,5,52
868,region_arab_culture,-0.3333333333333333,5,48
875,region_arab_culture,-0.12244897959183673,5,49
877,region_arab_culture,0.32,5,50
892,region_arab_culture,0.009523809523809518,7,60
893,region_arab_culture,-0.07462686567164178,7,67
897,region_arab_culture,-0.1111111111111111,7,63
899,region_arab_culture,0.41538461538461535,7,65
926,region_arab_culture,-0.041666666666666685,8,48
937,region_arab_culture,0.20833333333333331,8,48
942,region_arab_culture,-0.1045296167247387,7,41
951,region_arab_culture,0.38819875776397517,7,46
989,region_arab_culture,-0.4117647058823529,6,51
1002,region_arab_culture,0.22102425876010778,7,53
1027,region_arab_culture,0.1952380952380952,7,60
1043,region_arab_culture,-0.09133489461358313,7,61
1050,region_arab_culture,-0.2641509433962264,6,53
1057,region_arab_culture,0.13690476190476186,7,48
1058,region_arab_culture,-0.16666666666666663,8,48
1082,region_arab_culture,0.028846153846153855,8,52
1084,region_arab_culture,-0.1514285714285714,7,50
1096,region_arab_culture,0.2713178294573643,9,43
1098,region_arab_culture,-0.44202898550724645,6,46
1111,region_arab_culture,-0.05555555555555555,9,42
1112,region_arab_culture,-0.06666666666666665,9,45
1114,region_arab_culture,0.3355263157894737,8,38
1116,region_arab_culture,-0.029761904761904767,8,42
1118,region_arab_culture,0.20639534883720928,8,43
1128,region_arab_culture,0.23809523809523808,7,45
1148,region_arab_culture,-0.07936507936507936,7,45
1159,region_arab_culture,0.16666666666666666,7,42
1282,region_arab_culture,-0.058823529411764705,4,17
1285,region_arab_culture,0.20588235294117646,4,17
1300,region_arab_culture,0.5,4,20
1303,region_arab_culture,0.19999999999999996,4,20
1307,region_arab_culture,0.45,4,20
0,region_indian_cultural_sphere,-0.09230769230769231,5,52
43,region_indian_cultural_sphere,0.16190476190476188,7,30
55,region_indian_cultural_sphere,0.05925925925925926,10,54
66,region_indian_cultural_sphere,0.14545454545454548,11,55
79,region_indian_cultural_sphere,0.1111111111111111,8,54
80,region_indian_cultural_sphere,-0.12987012987012986,7,55
95,region_indian_cultural_sphere,-0.15384615384615385,8,52
97,region_indian_cultural_sphere,0.09905660377358491,8,53
99,region_indian_cultural_sphere,-0.08333333333333331,8,54
100,region_indian_cultural_sphere,-0.15513626834381555,9,53
109,region_indian_cultural_sphere,0.3704545454545455,8,55
113,region_indian_cultural_sphere,0.13679245283018868,8,53
139,region_indian_cultural_sphere,0.18295739348370926,7,57
143,region_indian_cultural_sphere,0.08958837772397094,7,59
149,region_indian_cultural_sphere,-0.15259740259740262,7,44
150,region_indian_cultural_sphere,0.02083333333333326,9,48
183,region_indian_cultural_sphere,-0.28659476117103233,11,59
190,region_indian_cultural_sphere,-0.07500000000000001,10,56
209,region_indian_cultural_sphere,0.26194144838212635,11,59
236,region_indian_cultural_sphere,-0.01785714285714285,8,56
240,region_indian_cultural_sphere,0.0649350649350649,7,55
250,region_indian_cultural_sphere,0.2939560439560439,7,52
257,region_indian_cultural_sphere,-0.08051948051948049,7,55
263,region_indian_cultural_sphere,0.1347708894878706,7,53
275,region_indian_cultural_sphere,0.16666666666666666,6,48
284,region_indian_cultural_sphere,0.0897959183673469,5,49
322,region_indian_cultural_sphere,0.010781671159029643,7,53
357,region_indian_cultural_sphere,0.10212765957446812,10,47
374,region_indian_cultural_sphere,0.3392857142857143,8,49
389,region_indian_cultural_sphere,-0.05303030303030304,9,44
394,region_indian_cultural_sphere,0.026315789473684237,6,57
396,region_indian_cultural_sphere,-0.21428571428571427,6,56
398,region_indian_cultural_sphere,-0.175,5,48
399,region_indian_cultural_sphere,-0.22807017543859648,6,57
406,region_indian_cultural_sphere,-0.21818181818181817,6,55
407,region_indian_cultural_sphere,-0.09803921568627451,5,51
441,region_indian_cultural_sphere,-0.08914728682170545,6,43
444,region_indian_cultural_sphere,-0.13333333333333333,6,40
451,region_indian_cultural_sphere,-0.20289855072463767,6,46
458,region_indian_cultural_sphere,-0.03623188405797101,6,46
464,region_indian_cultural_sphere,-0.043859649122807015,6,57
484,region_indian_cultural_sphere,-0.012121212121212144,6,55
486,region_indian_cultural_sphere,-0.023809523809523836,6,56
495,region_indian_cultural_sphere,-0.08333333333333334,6,56
511,region_indian_cultural_sphere,-0.15902964959568733,7,53
522,region_indian_cultural_sphere,0.25471698113207547,6,53
529,region_indian_cultural_sphere,-0.19,4,50
537,region_indian_cultural_sphere,-0.058823529411764705,9,51
548,region_indian_cultural_sphere,-0.10666666666666669,9,50
551,region_indian_cultural_sphere,-0.1673469387755102,10,49
553,region_indian_cultural_sphere,-0.125,9,48
554,region_indian_cultural_sphere,-0.2152777777777778,9,48
557,region_indian_cultural_sphere,-0.0425531914893617,9,47
559,region_indian_cultural_sphere,-0.20261437908496732,9,51
580,region_indian_cultural_sphere,0.01470588235294118,4,51
607,region_indian_cultural_sphere,-0.1607565011820331,9,47
615,region_indian_cultural_sphere,-0.03481624758220503,11,47
628,region_indian_cultural_sphere,0.10416666666666669,10,48
636,region_indian_cultural_sphere,0.15408805031446549,6,53
650,region_indian_cultural_sphere,-0.0031446540880503138,6,53
656,region_indian_cultural_sphere,-0.053333333333333344,6,50
667,region_indian_cultural_sphere,0.23899371069182387,6,53
677,region_indian_cultural_sphere,0.15384615384615385,6,52
678,region_indian_cultural_sphere,0.27755102040816326,5,49
683,region_indian_cultural_sphere,0.10377358490566035,6,53
687,region_indian_cultural_sphere,0.018181818181818188,5,55
688,region_indian_cultural_sphere,0.1954022988505747,6,58
693,region_indian_cultural_sphere,0.2981132075471698,5,53
702,region_indian_cultural_sphere,0.0,6,54
703,region_indian_cultural_sphere,0.11515151515151514,6,55
716,region_indian_cultural_sphere,-0.030219780219780223,7,52
731,region_indian_cultural_sphere,-0.19298245614035087,6,57
739,region_indian_cultural_sphere,0.17857142857142855,7,56
742,region_indian_cultural_sphere,-0.0875,10,48
745,region_indian_cultural_sphere,-0.09259259259259259,12,54
751,region_indian_cultural_sphere,-0.027586206896551724,10,58
776,region_indian_cultural_sphere,0.1127272727272727,11,50
778,region_indian_cultural_sphere,0.2147001934235977,11,47
785,region_indian_cultural_sphere,0.013333333333333308,12,50
811,region_indian_cultural_sphere,0.25925925925925924,6,54
817,region_indian_cultural_sphere,0.3205128205128205,6,52
821,region_indian_cultural_sphere,0.2857142857142857,6,56
827,region_indian_cultural_sphere,-0.04390243902439023,5,41
840,region_indian_cultural_sphere,0.18452380952380948,6,56
842,region_indian_cultural_sphere,-0.12962962962962962,6,54
864,region_indian_cultural_sphere,0.3113207547169811,6,53
865,region_indian_cultural_sphere,-0.1111111111111111,5,54
867,region_indian_cultural_sphere,-0.06862745098039216,6,51
868,region_indian_cultural_sphere,0.22340425531914893,6,47
875,region_indian_cultural_sphere,0.03647416413373859,7,47
877,region_indian_cultural_sphere,0.1,5,50
892,region_indian_cultural_sphere,0.14090909090909093,12,55
893,region_indian_cultural_sphere,0.1046658259773014,13,61
897,region_indian_cultural_sphere,0.08045977011494251,12,58
899,region_indian_cultural_sphere,-0.19947848761408082,13,59
926,region_indian_cultural_sphere,0.0,7,49
937,region_indian_cultural_sphere,-0.040816326530612235,7,49
942,region_indian_cultural_sphere,-0.047619047619047616,6,42
951,region_indian_cultural_sphere,0.326241134751773,6,47
989,region_indian_cultural_sphere,-0.0942857142857143,7,50
1002,region_indian_cultural_sphere,0.05929919137466305,7,53
1027,region_indian_cultural_sphere,-0.04986522911051214,14,53
1043,region_indian_cultural_sphere,-0.2830687830687831,14,54
1050,region_indian_cultural_sphere,0.015957446808510634,12,47
1057,region_indian_cultural_sphere,-0.12,5,50
1058,region_indian_cultural_sphere,-0.3933333333333334,6,50
1082,region_indian_cultural_sphere,0.16666666666666669,6,54
1084,region_indian_cultural_sphere,0.2615384615384616,5,52
1096,region_indian_cultural_sphere,0.24611973392461195,11,41
1098,region_indian_cultural_sphere,0.09977827050997778,11,41
1111,region_indian_cultural_sphere,0.053658536585365874,10,41
1112,region_indian_cultural_sphere,0.2219873150105708,11,43
1114,region_indian_cultural_sphere,0.09523809523809523,7,39
1116,region_indian_cultural_sphere,0.125,10,40
1118,region_indian_cultural_sphere,-0.1878048780487805,10,41
1128,region_indian_cultural_sphere,-0.03623188405797101,6,46
1148,region_indian_cultural_sphere,-0.07936507936507936,7,45
1159,region_indian_cultural_sphere,-0.1590909090909091,5,44
1490,region_indian_cultural_sphere,0.03947368421052633,4,19
1494,region_indian_cultural_sphere,-0.25,4,18
1500,region_indian_cultural_sphere,-0.19444444444444442,4,18
1731,region_indian_cultural_sphere,-0.10294117647058826,4,17
1733,region_indian_cultural_sphere,-0.02777777777777779,4,18
1737,region_indian_cultural_sphere,-0.5555555555555556,4,18
1740,region_indian_cultural_sphere,-0.04411764705882354,4,17
1742,region_indian_cultural_sphere,-0.4444444444444444,4,18
1747,region_indian_cultural_sphere,0.02777777777777779,4,18
1811,region_indian_cultural_sphere,0.0,4,20
1814,region_indian_cultural_sphere,-0.2,4,20
1824,region_indian_cultural_sphere,-0.2631578947368421,4,19
2900,region_indian_cultural_sphere,0.06578947368421051,4,19
2904,region_indian_cultural_sphere,0.3611111111111111,4,18
2907,region_indian_cultural_sphere,0.16666666666666669,4,18
3424,region_indian_cultural_sphere,0.2222222222222222,4,18
3429,region_indian_cultural_sphere,-0.17105263157894735,4,19
3442,region_indian_cultural_sphere,0.35,4,20
3472,region_indian_cultural_sphere,-0.04999999999999999,4,20
3491,region_indian_cultural_sphere,-0.15789473684210525,4,19
3497,region_indian_cultural_sphere,-0.0625,4,16
3639,region_indian_cultural_sphere,0.4868421052631579,4,19
3642,region_indian_cultural_sphere,-0.1,4,20
3648,region_indian_cultural_sphere,0.08333333333333334,4,18
3673,region_indian_cultural_sphere,0.17105263157894735,4,19
3684,region_indian_cultural_sphere,-0.19444444444444442,4,18
3693,region_indian_cultural_sphere,-0.1842105263157895,4,19
3733,region_indian_cultural_sphere,-0.08333333333333331,4,18
3737,region_indian_cultural_sphere,0.15000000000000002,4,20
3746,region_indian_cultural_sphere,-0.08333333333333331,4,18
4028,region_indian_cultural_sphere,0.4,4,20
4064,region_indian_cultural_sphere,-0.10294117647058826,4,17
4067,region_indian_cultural_sphere,-0.11764705882352941,4,17
4111,region_indian_cultural_sphere,0.5,4,20
0,region_sinosphere,-0.39215686274509803,6,51
9,region_sinosphere,0.2571428571428572,5,14
55,region_sinosphere,-0.27586206896551724,6,58
66,region_sinosphere,0.17049180327868854,5,61
79,region_sinosphere,0.10714285714285715,6,56
80,region_sinosphere,0.08333333333333331,6,56
95,region_sinosphere,-0.42592592592592593,6,54
97,region_sinosphere,-0.023809523809523808,7,54
99,region_sinosphere,-0.35714285714285715,6,56
109,region_sinosphere,0.03508771929824561,6,57
113,region_sinosphere,-0.1509433962264151,8,53
139,region_sinosphere,-0.1607142857142857,8,56
143,region_sinosphere,-0.14619883040935672,9,57
149,region_sinosphere,0.13913043478260873,5,46
150,region_sinosphere,-0.35294117647058826,6,51
183,region_sinosphere,-0.19791666666666669,6,64
190,region_sinosphere,0.3333333333333333,6,60
209,region_sinosphere,0.026041666666666657,6,64
236,region_sinosphere,-0.10919540229885058,6,58
240,region_sinosphere,-0.18596491228070172,5,57
250,region_sinosphere,-0.18867924528301888,6,53
257,region_sinosphere,0.18452380952380948,6,56
263,region_sinosphere,0.0,6,54
275,region_sinosphere,0.0163265306122449,5,49
284,region_sinosphere,-0.1306122448979592,5,49
322,region_sinosphere,-0.1509433962264151,7,53
357,region_sinosphere,0.020833333333333315,9,48
374,region_sinosphere,0.3234042553191489,10,47
389,region_sinosphere,-0.002777777777777768,8,45
394,region_sinosphere,-0.15789473684210525,6,57
396,region_sinosphere,0.06481481481481483,8,54
398,region_sinosphere,0.1595744680851064,6,47
399,region_sinosphere,0.08928571428571427,7,56
406,region_sinosphere,0.1515151515151515,6,55
407,region_sinosphere,0.061224489795918366,7,49
441,region_sinosphere,-0.08914728682170545,6,43
444,region_sinosphere,0.00366300366300365,7,39
451,region_sinosphere,-0.06984126984126987,7,45
458,region_sinosphere,-0.09206349206349207,7,45
462,region_sinosphere,0.22549019607843135,8,51
464,region_sinosphere,0.14035087719298245,6,57
484,region_sinosphere,0.25661375661375657,7,54
486,region_sinosphere,-0.07792207792207795,7,55
495,region_sinosphere,0.3714285714285714,7,55
511,region_sinosphere,-0.32075471698113206,7,53
522,region_sinosphere,0.0691823899371069,6,53
529,region_sinosphere,0.08333333333333331,6,48
537,region_sinosphere,-0.05555555555555555,6,54
548,region_sinosphere,-0.1006289308176101,6,53
551,region_sinosphere,0.550314465408805,6,53
553,region_sinosphere,-0.11764705882352941,6,51
554,region_sinosphere,0.10784313725490197,6,51
557,region_sinosphere,-0.0392156862745098,5,51
559,region_sinosphere,0.6111111111111112,6,54
580,region_sinosphere,-0.016908212560386493,9,46
589,region_sinosphere,0.09574468085106386,10,47
607,region_sinosphere,-0.028368794326241176,9,47
615,region_sinosphere,-0.04535147392290251,9,49
628,region_sinosphere,0.16780045351473927,9,49
636,region_sinosphere,0.02197802197802201,7,52
650,region_sinosphere,-0.05147058823529413,8,51
656,region_sinosphere,0.04166666666666666,8,48
667,region_sinosphere,0.027472527472527458,7,52
677,region_sinosphere,0.22902494331065765,9,49
678,region_sinosphere,-0.02717391304347827,8,46
679,region_sinosphere,-0.27083333333333337,8,48
683,region_sinosphere,-0.32598039215686275,8,51
687,region_sinosphere,0.22115384615384615,8,52
688,region_sinosphere,-0.035714285714285726,8,56
693,region_sinosphere,0.05499999999999999,8,50
702,region_sinosphere,-0.19230769230769232,8,52
703,region_sinosphere,-0.1388888888888889,9,52
731,region_sinosphere,-0.008771929824561403,6,57
739,region_sinosphere,0.07017543859649122,6,57
742,region_sinosphere,0.07521367521367522,13,45
745,region_sinosphere,-0.09259259259259259,12,54
751,region_sinosphere,0.011904761904761862,12,56
776,region_sinosphere,0.33454545454545453,11,50
778,region_sinosphere,-0.22916666666666666,10,48
785,region_sinosphere,-0.17112299465240643,11,51
811,region_sinosphere,0.07407407407407407,6,54
817,region_sinosphere,-0.2371794871794872,6,52
821,region_sinosphere,0.10119047619047616,6,56
827,region_sinosphere,-0.04390243902439023,5,41
840,region_sinosphere,0.10877192982456141,5,57
842,region_sinosphere,-0.12962962962962962,6,54
864,region_sinosphere,-0.05974842767295599,6,53
865,region_sinosphere,0.04670329670329669,7,52
867,region_sinosphere,0.11764705882352938,6,51
868,region_sinosphere,-0.056122448979591844,4,49
875,region_sinosphere,0.0979591836734694,5,49
877,region_sinosphere,0.06462585034013604,6,49
892,region_sinosphere,0.009523809523809518,7,60
893,region_sinosphere,-0.07462686567164178,7,67
897,region_sinosphere,0.07291666666666666,6,64
899,region_sinosphere,-0.21758241758241764,7,65
926,region_sinosphere,-0.13333333333333333,6,50
937,region_sinosphere,-0.040816326530612235,7,49
942,region_sinosphere,-0.27177700348432055,7,41
951,region_sinosphere,-0.10559006211180127,7,46
989,region_sinosphere,-0.39622641509433965,4,53
1002,region_sinosphere,-0.2641509433962264,7,53
1027,region_sinosphere,0.08743169398907102,6,61
1043,region_sinosphere,0.03492063492063496,5,63
1050,region_sinosphere,-0.2545454545454545,4,55
1057,region_sinosphere,-0.15986394557823128,6,49
1058,region_sinosphere,-0.020000000000000018,6,50
1082,region_sinosphere,-0.2345013477088949,7,53
1084,region_sinosphere,-0.47714285714285715,7,50
1096,region_sinosphere,-0.04680851063829783,5,47
1098,region_sinosphere,-0.06521739130434778,6,46
1111,region_sinosphere,-0.17391304347826086,5,46
1112,region_sinosphere,-0.30612244897959184,5,49
1114,region_sinosphere,-0.20833333333333334,6,40
1116,region_sinosphere,-0.0757575757575758,6,44
1118,region_sinosphere,-0.13333333333333336,6,45
1128,region_sinosphere,-0.03623188405797101,6,46
1148,region_sinosphere,-0.012765957446808501,5,47
1159,region_sinosphere,-0.16279069767441862,6,43
1190,region_sinosphere,0.39705882352941174,4,17
1204,region_sinosphere,0.5147058823529411,4,17
1216,region_sinosphere,-0.27941176470588236,4,17
1233,region_sinosphere,-0.21052631578947367,4,19
1378,region_sinosphere,-0.3157894736842105,4,19
1391,region_sinosphere,-0.33333333333333337,4,18
1395,region_sinosphere,-0.01315789473684209,4,19
1398,region_sinosphere,-0.3333333333333333,4,15
1551,region_sinosphere,-0.1111111111111111,4,18
1560,region_sinosphere,-0.07894736842105265,4,19
1564,region_sinosphere,-0.15,4,20
1678,region_sinosphere,0.15,4,20
1690,region_sinosphere,0.19444444444444442,4,18
1699,region_sinosphere,-0.07894736842105265,4,19
1903,region_sinosphere,0.25,4,20
1915,region_sinosphere,-0.01315789473684209,4,19
1916,region_sinosphere,-0.5263157894736842,4,19
1921,region_sinosphere,-0.07894736842105265,4,19
1928,region_sinosphere,-0.15,4,20
1929,region_sinosphere,0.15,4,20
1932,region_sinosphere,-0.2,4,20
1989,region_sinosphere,0.05555555555555558,4,18
2003,region_sinosphere,-0.3333333333333333,4,18
2005,region_sinosphere,-0.48684210526315785,4,19
2006,region_sinosphere,0.0,4,18
2008,region_sinosphere,-0.05263157894736842,4,19
2069,region_sinosphere,-0.05263157894736842,4,19
2076,region_sinosphere,0.15000000000000002,4,20
2077,region_sinosphere,0.19999999999999996,4,20
2079,region_sinosphere,0.15,4,20
2083,region_sinosphere,0.2,4,20
2146,region_sinosphere,0.17105263157894735,4,19
2147,region_sinosphere,0.15000000000000002,4,20
2156,region_sinosphere,0.1,4,20
2163,region_sinosphere,0.19736842105263158,4,19
2168,region_sinosphere,-0.35,4,20
2331,region_sinosphere,-0.4,4,20
2340,region_sinosphere,-0.2,4,20
2422,region_sinosphere,-0.1111111111111111,4,18
2424,region_sinosphere,-0.16666666666666666,4,18
2427,region_sinosphere,-0.16176470588235292,4,17
2451,region_sinosphere,-0.21052631578947367,4,19
2455,region_sinosphere,-0.3157894736842105,4,19
2672,region_sinosphere,0.1842105263157895,4,19
2698,region_sinosphere,-0.1111111111111111,4,18
2709,region_sinosphere,0.07894736842105265,4,19
2851,region_sinosphere,-0.2,4,20
2853,region_sinosphere,-0.22368421052631576,4,19
3042,region_sinosphere,-0.8235294117647058,4,17
3043,region_sinosphere,0.33333333333333337,4,18
3058,region_sinosphere,0.14705882352941174,4,17
3060,region_sinosphere,0.25,4,18
3064,region_sinosphere,-0.06666666666666667,4,15
3090,region_sinosphere,-0.15000000000000002,4,20
3246,region_sinosphere,0.2,4,20
3249,region_sinosphere,0.0,4,20
3330,region_sinosphere,-0.6,4,20
3553,region_sinosphere,0.4,4,20
3575,region_sinosphere,0.050000000000000044,4,20
3662,region_sinosphere,0.08333333333333334,4,18
3670,region_sinosphere,0.02777777777777779,4,18
3714,region_sinosphere,0.1777777777777778,5,18
3944,region_sinosphere,-0.13333333333333333,4,15
3950,region_sinosphere,-0.25,4,16
3959,region_sinosphere,0.033333333333333326,4,15
3966,region_sinosphere,-0.26666666666666666,4,15
4004,region_sinosphere,-0.11111111111111116,4,18
4295,region_sinosphere,0.0,4,20
4299,region_sinosphere,-0.32352941176470584,4,17
4301,region_sinosphere,-0.35,4,20
4302,region_sinosphere,0.0,4,20
4306,region_sinosphere,-0.11842105263157893,4,19
4314,region_sinosphere,-0.2,4,20
4315,region_sinosphere,-0.15,4,20
4320,region_sinosphere,-0.2,4,20
0,region_sub_saharan_africa,0.22193877551020413,8,49
43,region_sub_saharan_africa,0.2272727272727273,4,33
55,region_sub_saharan_africa,-0.09195402298850577,6,58
66,region_sub_saharan_africa,0.04842615012106535,7,59
79,region_sub_saharan_africa,0.3538461538461538,10,52
80,region_sub_saharan_africa,-0.18846153846153843,10,52
95,region_sub_saharan_africa,0.37999999999999995,10,50
97,region_sub_saharan_africa,0.16274509803921566,10,51
99,region_sub_saharan_africa,0.21153846153846156,10,52
100,region_sub_saharan_africa,0.29230769230769227,10,52
109,region_sub_saharan_africa,-0.3584905660377358,10,53
113,region_sub_saharan_africa,-0.14814814814814814,7,54
139,region_sub_saharan_africa,-0.13784461152882205,7,57
143,region_sub_saharan_africa,-0.0702179176755448,7,59
149,region_sub_saharan_africa,0.06666666666666665,6,45
150,region_sub_saharan_africa,-0.35294117647058826,6,51
183,region_sub_saharan_africa,0.18390804597701144,12,58
190,region_sub_saharan_africa,0.06481481481481483,12,54
209,region_sub_saharan_africa,-0.1724137931034483,12,58
236,region_sub_saharan_africa,-0.13784461152882205,7,57
240,region_sub_saharan_africa,-0.041666666666666685,6,56
250,region_sub_saharan_africa,0.13186813186813184,7,52
257,region_sub_saharan_africa,0.14351851851851855,8,54
263,region_sub_saharan_africa,-0.04807692307692307,8,52
275,region_sub_saharan_africa,0.07608695652173914,8,46
284,region_sub_saharan_africa,0.125,8,46
322,region_sub_saharan_africa,0.08000000000000002,10,50
357,region_sub_saharan_africa,0.019607843137254888,6,51
374,region_sub_saharan_africa,0.0730769230769231,5,52
389,region_sub_saharan_africa,0.326241134751773,6,47
394,region_sub_saharan_africa,0.07846153846153842,13,50
396,region_sub_saharan_africa,0.27666666666666667,12,50
398,region_sub_saharan_africa,0.4423076923076923,13,40
399,region_sub_saharan_africa,0.25980392156862747,12,51
406,region_sub_saharan_africa,0.2082066869300912,14,47
407,region_sub_saharan_africa,0.11515151515151516,11,45
441,region_sub_saharan_africa,-0.11904761904761907,7,42
444,region_sub_saharan_africa,-0.13333333333333333,6,40
451,region_sub_saharan_africa,0.09523809523809523,7,45
458,region_sub_saharan_africa,-0.2571428571428572,7,45
462,region_sub_saharan_africa,0.10370370370370374,5,54
464,region_sub_saharan_africa,-0.22413793103448276,5,58
484,region_sub_saharan_africa,0.06071428571428572,5,56
486,region_sub_saharan_africa,-0.38596491228070173,5,57
495,region_sub_saharan_africa,0.10119047619047616,6,56
511,region_sub_saharan_africa,0.42592592592592593,6,54
522,region_sub_saharan_africa,0.0691823899371069,6,53
529,region_sub_saharan_africa,0.08333333333333331,6,48
537,region_sub_saharan_africa,0.12962962962962962,6,54
548,region_sub_saharan_africa,0.270440251572327,6,53
551,region_sub_saharan_africa,0.17924528301886794,6,53
553,region_sub_saharan_africa,0.06862745098039215,6,51
554,region_sub_saharan_africa,0.4803921568627451,6,51
557,region_sub_saharan_africa,0.14666666666666667,6,50
559,region_sub_saharan_africa,0.055555555555555525,6,54
580,region_sub_saharan_africa,0.015957446808510634,8,47
589,region_sub_saharan_africa,-0.1989795918367347,8,49
607,region_sub_saharan_africa,0.08163265306122447,7,49
615,region_sub_saharan_africa,0.1283018867924528,5,53
628,region_sub_saharan_africa,0.17927170868347336,7,51
636,region_sub_saharan_africa,-0.21698113207547165,6,53
650,region_sub_saharan_africa,-0.19230769230769232,7,52
656,region_sub_saharan_africa,0.32,6,50
667,region_sub_saharan_africa,0.18956043956043955,7,52
677,region_sub_saharan_africa,0.015000000000000013,8,50
678,region_sub_saharan_africa,0.11956521739130435,8,46
679,region_sub_saharan_africa,0.35652173913043483,10,46
683,region_sub_saharan_africa,0.17555555555555558,9,50
687,region_sub_saharan_africa,0.020000000000000018,10,50
688,region_sub_saharan_africa,0.05185185185185187,10,54
693,region_sub_saharan_africa,0.13832199546485258,9,49
702,region_sub_saharan_africa,0.04000000000000001,10,50
703,region_sub_saharan_africa,-0.1388888888888889,9,52
716,region_sub_saharan_africa,-0.18867924528301888,6,53
731,region_sub_saharan_africa,0.17543859649122806,6,57
739,region_sub_saharan_africa,0.1413793103448276,5,58
742,region_sub_saharan_africa,0.033333333333333354,10,48
745,region_sub_saharan_africa,0.18571428571428575,10,56
751,region_sub_saharan_africa,0.08965517241379312,10,58
776,region_sub_saharan_africa,-0.015151515151515166,6,55
778,region_sub_saharan_africa,-0.02564102564102566,6,52
785,region_sub_saharan_africa,0.38095238095238093,6,56
811,region_sub_saharan_africa,-0.10909090909090909,5,55
817,region_sub_saharan_africa,-0.2371794871794872,6,52
821,region_sub_saharan_africa,0.10119047619047616,6,56
827,region_sub_saharan_africa,0.4048780487804878,5,41
840,region_sub_saharan_africa,0.10877192982456141,5,57
842,region_sub_saharan_africa,0.24074074074074076,6,54
864,region_sub_saharan_africa,-0.05974842767295599,6,53
865,region_sub_saharan_africa,0.07232704402515722,6,53
867,region_sub_saharan_africa,-0.2549019607843137,6,51
868,region_sub_saharan_africa,-0.11249999999999999,5,48
875,region_sub_saharan_africa,0.062499999999999986,6,48
877,region_sub_saharan_africa,-0.12,5,50
892,region_sub_saharan_africa,0.07096774193548389,5,62
893,region_sub_saharan_africa,-0.07352941176470588,6,68
897,region_sub_saharan_africa,-0.109375,6,64
899,region_sub_saharan_africa,0.045454545454545414,6,66
926,region_sub_saharan_africa,0.24,6,50
937,region_sub_saharan_africa,0.2,6,50
942,region_sub_saharan_africa,0.027906976744186074,5,43
951,region_sub_saharan_africa,-0.2701863354037267,7,46
989,region_sub_saharan_africa,0.14705882352941174,6,51
1002,region_sub_saharan_africa,-0.07407407407407407,6,54
1027,region_sub_saharan_africa,-0.09562841530054647,6,61
1043,region_sub_saharan_africa,0.3279569892473118,6,62
1050,region_sub_saharan_africa,-0.2641509433962264,6,53
1057,region_sub_saharan_africa,-0.15986394557823128,6,49
1058,region_sub_saharan_africa,0.16666666666666663,6,50
1082,region_sub_saharan_africa,0.4123989218328841,7,53
1084,region_sub_saharan_africa,-0.0714285714285714,8,49
1096,region_sub_saharan_africa,-0.12318840579710144,6,46
1098,region_sub_saharan_africa,0.12318840579710144,6,46
1111,region_sub_saharan_africa,0.0111111111111111,6,45
1112,region_sub_saharan_africa,0.25,6,48
1114,region_sub_saharan_africa,-0.016666666666666663,6,40
1116,region_sub_saharan_africa,0.2222222222222222,5,45
1118,region_sub_saharan_africa,0.2444444444444444,6,45
1128,region_sub_saharan_africa,-0.22463768115942032,6,46
1148,region_sub_saharan_africa,0.32608695652173914,6,46
1159,region_sub_saharan_africa,0.06363636363636366,5,44
1334,region_sub_saharan_africa,-0.08333333333333331,4,21
1336,region_sub_saharan_africa,-0.42857142857142855,4,21
1339,region_sub_saharan_africa,-0.25,4,20
1341,region_sub_saharan_africa,-0.3214285714285714,4,21
2046,region_sub_saharan_africa,-0.10526315789473684,4,19
2049,region_sub_saharan_africa,-0.0714285714285714,4,21
2051,region_sub_saharan_africa,0.1785714285714286,4,21
2509,region_sub_saharan_africa,-0.25,4,20
2512,region_sub_saharan_africa,-0.0714285714285714,4,21
2516,region_sub_saharan_africa,0.4642857142857143,4,21
2519,region_sub_saharan_africa,0.32142857142857145,4,21
2530,region_sub_saharan_africa,0.2142857142857143,4,21
0,region_oceania,0.03428571428571425,7,50
43,region_oceania,-0.27037037037037037,10,27
55,region_oceania,-0.13714285714285718,14,50
66,region_oceania,-0.217032967032967,14,52
79,region_oceania,-0.26916221033868093,11,51
80,region_oceania,-0.010000000000000009,12,50
95,region_oceania,-0.10000000000000003,10,50
97,region_oceania,0.0431372549019608,10,51
99,region_oceania,-0.06060606060606061,11,51
100,region_oceania,-0.23333333333333336,12,50
109,region_oceania,-0.06372549019607843,12,51
113,region_oceania,0.07500000000000001,5,56
139,region_oceania,-0.2982456140350877,7,57
143,region_oceania,0.08958837772397094,7,59
149,region_oceania,-0.06349206349206349,9,42
150,region_oceania,-0.028061224489795866,8,49
183,region_oceania,-0.1333333333333333,10,60
190,region_oceania,-0.19285714285714284,10,56
209,region_oceania,0.15408320493066252,11,59
236,region_oceania,0.040740740740740744,10,54
240,region_oceania,-0.0089126559714795,11,51
250,region_oceania,-0.18181818181818182,4,55
257,region_oceania,-0.24155844155844153,7,55
263,region_oceania,-0.18518518518518517,6,54
275,region_oceania,-0.20833333333333334,6,48
284,region_oceania,-0.4316109422492402,7,47
322,region_oceania,-0.14545454545454545,5,55
357,region_oceania,0.09230769230769231,5,52
374,region_oceania,-0.1862745098039216,6,51
394,region_oceania,0.028301886792452824,10,53
396,region_oceania,-0.09643605870020966,9,53
398,region_oceania,-0.11734693877551022,4,49
399,region_oceania,-0.007547169811320753,10,53
406,region_oceania,-0.2222222222222222,7,54
407,region_oceania,0.22448979591836732,7,49
441,region_oceania,0.1007751937984496,6,43
444,region_oceania,0.05833333333333329,6,40
451,region_oceania,-0.06984126984126987,7,45
458,region_oceania,-0.03623188405797101,6,46
462,region_oceania,0.03144654088050314,6,53
464,region_oceania,0.19318181818181818,8,55
484,region_oceania,-0.06613756613756616,7,54
486,region_oceania,0.08311688311688309,7,55
495,region_oceania,-0.28846153846153844,10,52
511,region_oceania,-0.3269230769230769,8,52
522,region_oceania,-0.3137254901960784,8,51
529,region_oceania,-0.05978260869565216,8,46
537,region_oceania,0.05009276437847867,11,49
548,region_oceania,-0.07386363636363635,11,48
551,region_oceania,-0.13777777777777778,9,50
553,region_oceania,-0.125,9,48
554,region_oceania,-0.24680851063829784,10,47
557,region_oceania,0.0782608695652174,10,46
559,region_oceania,-0.23562152133580702,11,49
580,region_oceania,-0.10714285714285715,7,48
589,region_oceania,0.17142857142857137,7,50
607,region_oceania,0.15384615384615385,4,52
615,region_oceania,-0.09056603773584904,5,53
628,region_oceania,-0.27564102564102566,6,52
636,region_oceania,-0.18371212121212122,11,48
650,region_oceania,-0.05147058823529413,8,51
656,region_oceania,-0.12293144208037826,9,47
667,region_oceania,-0.14285714285714285,10,49
677,region_oceania,-0.1958333333333333,10,48
678,region_oceania,-0.17391304347826086,8,46
679,region_oceania,-0.19385342789598115,9,47
683,region_oceania,-0.2177777777777778,9,50
687,region_oceania,-0.22,10,50
688,region_oceania,-0.18867924528301888,11,53
693,region_oceania,-0.275,10,48
702,region_oceania,-0.06535947712418302,9,51
703,region_oceania,-0.1549019607843137,10,51
716,region_oceania,-0.20408163265306123,10,49
731,region_oceania,-0.1013986013986014,11,52
739,region_oceania,-0.2167832167832168,11,52
742,region_oceania,-0.18867924528301888,5,53
745,region_oceania,-0.11138014527845036,7,59
751,region_oceania,-0.08333333333333331,8,60
776,region_oceania,-0.015151515151515166,6,55
778,region_oceania,0.06481481481481483,4,54
785,region_oceania,-0.07758620689655171,4,58
811,region_oceania,-0.12244897959183673,11,49
817,region_oceania,-0.16304347826086957,12,46
821,region_oceania,-0.1966666666666667,12,50
827,region_oceania,-0.11355311355311354,7,39
840,region_oceania,-0.04866562009419151,13,49
842,region_oceania,0.16666666666666669,12,48
864,region_oceania,-0.25,7,52
865,region_oceania,0.04670329670329669,7,52
867,region_oceania,-0.06862745098039216,6,51
868,region_oceania,-0.15248226950354613,6,47
875,region_oceania,-0.12244897959183673,5,49
877,region_oceania,0.03869047619047618,7,48
892,region_oceania,-0.05194805194805194,11,56
893,region_oceania,-0.08064516129032258,12,62
897,region_oceania,-0.1206896551724138,12,58
899,region_oceania,0.12071535022354696,11,61
926,region_oceania,0.10416666666666669,8,48
937,region_oceania,-0.22916666666666669,8,48
942,region_oceania,0.14285714285714285,6,42
951,region_oceania,-0.049645390070922,6,47
989,region_oceania,0.12062937062937068,13,44
1002,region_oceania,-0.08333333333333334,12,48
1027,region_oceania,-0.16475095785440613,9,58
1043,region_oceania,-0.19655172413793104,10,58
1050,region_oceania,0.01470588235294118,8,51
1057,region_oceania,0.3005952380952381,7,48
1058,region_oceania,0.061224489795918324,7,49
1082,region_oceania,-0.2345013477088949,7,53
1084,region_oceania,0.011428571428571344,7,50
1096,region_oceania,-0.4791666666666667,4,48
1098,region_oceania,-0.174468085106383,5,47
1111,region_oceania,-0.17391304347826086,5,46
1112,region_oceania,-0.12500000000000003,6,48
1114,region_oceania,0.28292682926829266,5,41
1116,region_oceania,0.0,5,45
1118,region_oceania,-0.2782608695652174,5,46
1128,region_oceania,0.23809523809523808,7,45
1148,region_oceania,-0.24444444444444444,7,45
1159,region_oceania,0.16666666666666666,7,42
0,gender_man,-0.06374999999999997,32,25
9,gender_man,0.06818181818181818,8,11
43,gender_man,-0.08333333333333331,16,21
55,gender_man,-0.09411764705882353,34,30
66,gender_man,-0.13602941176470587,34,32
79,gender_man,0.02192982456140352,24,38
80,gender_man,-0.13377926421404684,23,39
95,gender_man,0.09714285714285714,25,35
97,gender_man,0.04047619047619047,21,40
99,gender_man,0.04013377926421402,23,39
100,gender_man,-0.10307017543859648,24,38
109,gender_man,-0.06413043478260871,23,40
113,gender_man,0.052801724137931036,32,29
139,gender_man,0.14482758620689656,29,35
143,gender_man,0.03030303030303033,33,33
149,gender_man,-0.12499999999999997,24,27
150,gender_man,0.07800511508951402,23,34
183,gender_man,-0.08496732026143794,34,36
190,gender_man,-0.18888888888888888,36,30
209,gender_man,-0.016380016380016377,37,33
236,gender_man,-0.03125,32,32
240,gender_man,-0.00833333333333336,30,32
250,gender_man,-0.1532258064516129,31,28
257,gender_man,0.06798245614035087,38,24
263,gender_man,-0.04524886877828055,34,26
275,gender_man,-0.03909774436090224,35,19
284,gender_man,0.06926406926406925,33,21
322,gender_man,-0.08482142857142858,32,28
357,gender_man,-0.014888337468982604,26,31
374,gender_man,0.07539682539682535,21,36
389,gender_man,0.014245014245014287,26,27
394,gender_man,0.08571428571428569,35,28
396,gender_man,-0.1164021164021164,35,27
398,gender_man,0.013636363636363669,33,20
399,gender_man,0.06490872210953347,29,34
406,gender_man,0.03354978354978355,33,28
407,gender_man,-0.14361001317523056,33,23
441,gender_man,-0.07142857142857142,28,21
444,gender_man,-0.043478260869565244,23,23
451,gender_man,-0.006249999999999978,32,20
458,gender_man,-0.01785714285714285,28,24
462,gender_man,-0.052083333333333315,32,27
464,gender_man,-0.10181451612903225,32,31
484,gender_man,0.023809523809523836,28,33
486,gender_man,-0.2647058823529412,34,28
495,gender_man,-0.1372972972972973,25,37
511,gender_man,-0.0625,28,32
522,gender_man,-0.05411764705882355,25,34
529,gender_man,-0.24166666666666664,24,30
537,gender_man,-0.043771043771043766,33,27
548,gender_man,0.13869463869463872,33,26
551,gender_man,0.2622377622377622,33,26
553,gender_man,0.10984848484848486,33,24
554,gender_man,0.07750000000000001,32,25
557,gender_man,0.06666666666666667,30,26
559,gender_man,-0.023569023569023573,33,27
580,gender_man,-0.04497354497354497,28,27
589,gender_man,-0.3225,25,32
607,gender_man,0.08959156785243738,33,23
615,gender_man,-0.13899613899613894,37,21
628,gender_man,0.25341614906832294,35,23
636,gender_man,-0.05747126436781613,30,29
650,gender_man,0.11866359447004608,31,28
656,gender_man,0.010416666666666657,32,24
667,gender_man,0.14335664335664336,33,26
677,gender_man,0.12305854241338116,31,27
678,gender_man,0.010989010989011005,26,28
679,gender_man,0.028097062579821253,29,27
683,gender_man,-0.013793103448275834,30,29
687,gender_man,0.01583710407239819,26,34
688,gender_man,0.0527859237536657,33,31
693,gender_man,0.08363636363636362,33,25
702,gender_man,-0.04464285714285715,28,32
703,gender_man,-0.01307189542483661,27,34
716,gender_man,-0.03935185185185186,27,32
731,gender_man,-0.026209677419354843,31,32
739,gender_man,-0.02857142857142858,35,28
742,gender_man,-0.03605769230769232,32,26
745,gender_man,-0.029493087557603687,35,31
751,gender_man,-0.2545454545454545,35,33
776,gender_man,0.010297482837528599,38,23
778,gender_man,0.14695340501792115,31,27
785,gender_man,-0.10658307210031348,33,29
811,gender_man,-0.013392857142857137,32,28
817,gender_man,-0.09523809523809523,30,28
821,gender_man,-0.09677419354838712,31,31
827,gender_man,-0.13060428849902533,27,19
840,gender_man,-0.41935483870967744,31,31
842,gender_man,-0.052280311457174655,31,29
864,gender_man,0.05011655011655011,33,26
865,gender_man,-0.12557603686635943,28,31
867,gender_man,-0.04999999999999999,25,32
868,gender_man,-0.05747126436781608,29,24
875,gender_man,-0.042613636363636354,32,22
877,gender_man,-0.003968253968253968,28,27
892,gender_man,0.10092592592592592,40,27
893,gender_man,-0.0022988505747126436,45,29
897,gender_man,0.05298570227081581,41,29
899,gender_man,-0.03540519276160503,41,31
926,gender_man,-0.17918313570487485,33,23
937,gender_man,-0.06951871657754011,34,22
942,gender_man,0.03415559772296012,31,17
951,gender_man,-0.1367521367521367,26,27
989,gender_man,-0.038363171355498715,34,23
1002,gender_man,-0.03125,32,28
1027,gender_man,-0.15765765765765768,30,37
1043,gender_man,-0.007792207792207795,33,35
1050,gender_man,-0.16435185185185186,27,32
1057,gender_man,-0.0978835978835979,27,28
1058,gender_man,-0.0012771392081736277,29,27
1082,gender_man,0.07675194660734147,31,29
1084,gender_man,-0.09925558312655092,31,26
1096,gender_man,-0.03846153846153849,26,26
1098,gender_man,-0.22666666666666663,25,27
1111,gender_man,0.006153846153846149,25,26
1112,gender_man,0.004137931034482789,25,29
1114,gender_man,-0.11428571428571432,21,25
1116,gender_man,0.01610305958132041,27,23
1118,gender_man,0.021538461538461562,26,25
1128,gender_man,-0.05376344086021506,21,31
1148,gender_man,-0.19230769230769232,26,26
1159,gender_man,-0.011784511784511786,22,27
1171,gender_man,-0.09090909090909088,11,11
1190,gender_man,0.13636363636363635,10,11
1204,gender_man,-0.19444444444444448,9,12
1216,gender_man,0.04545454545454547,10,11
1233,gender_man,0.1893939393939394,11,12
1249,gender_man,0.0,14,9
1257,gender_man,0.07142857142857142,14,9
1259,gender_man,0.04166666666666666,12,8
1263,gender_man,0.06349206349206349,14,9
1282,gender_man,0.09090909090909091,11,10
1285,gender_man,0.44545454545454544,11,10
1300,gender_man,-0.26573426573426573,13,11
1303,gender_man,-0.1398601398601398,13,11
1307,gender_man,0.02097902097902099,13,11
1334,gender_man,-0.08441558441558444,11,14
1336,gender_man,-0.3181818181818182,11,14
1339,gender_man,-0.04895104895104896,11,13
1341,gender_man,-0.27922077922077926,11,14
1347,gender_man,-0.3636363636363636,11,11
1354,gender_man,0.13636363636363635,10,11
1371,gender_man,-0.08461538461538465,10,13
1372,gender_man,-0.15454545454545454,10,11
1378,gender_man,0.175,8,15
1391,gender_man,0.1607142857142857,8,14
1395,gender_man,-0.016666666666666663,8,15
1397,gender_man,-0.14285714285714285,7,14
1398,gender_man,-0.4166666666666667,7,12
1417,gender_man,-0.16346153846153844,13,8
1429,gender_man,-0.10606060606060605,12,11
1435,gender_man,0.04999999999999999,12,10
1453,gender_man,-0.0984848484848485,12,11
1456,gender_man,0.18181818181818182,11,10
1457,gender_man,0.18461538461538463,13,10
1461,gender_man,0.1258741258741259,13,11
1474,gender_man,0.1258741258741259,13,11
1481,gender_man,-0.09090909090909091,12,11
1490,gender_man,0.1746031746031746,14,9
1494,gender_man,0.5811965811965811,13,9
1500,gender_man,0.12820512820512825,13,9
1526,gender_man,0.1388888888888889,12,9
1551,gender_man,-0.25,14,8
1560,gender_man,-0.4196428571428571,16,7
1564,gender_man,0.0,16,8
1572,gender_man,-0.014285714285714263,10,14
1578,gender_man,0.18571428571428575,10,14
1591,gender_man,0.09230769230769231,10,13
1596,gender_man,0.3787878787878788,11,12
1606,gender_man,-0.09090909090909091,11,11
1618,gender_man,0.0,11,12
1634,gender_man,0.1367521367521367,9,13
1637,gender_man,-0.0854700854700855,9,13
1645,gender_man,-0.12820512820512825,9,13
1648,gender_man,-0.4,9,10
1671,gender_man,-0.02797202797202797,13,11
1672,gender_man,-0.2867132867132867,13,11
1675,gender_man,0.0,12,11
1678,gender_man,-0.2,9,15
1690,gender_man,-0.1428571428571429,8,14
1699,gender_man,-0.19841269841269848,9,14
1713,gender_man,-0.4375,16,7
1731,gender_man,0.2545454545454545,11,10
1733,gender_man,0.18181818181818182,11,11
1737,gender_man,-0.36363636363636365,11,11
1740,gender_man,-0.027272727272727282,11,10
1742,gender_man,0.0,11,11
1747,gender_man,0.09090909090909088,11,11
1757,gender_man,0.2545454545454545,11,10
1769,gender_man,0.0,14,10
1770,gender_man,0.09523809523809523,14,9
1778,gender_man,-0.12727272727272732,11,10
1791,gender_man,-0.09090909090909088,11,11
1793,gender_man,0.2727272727272727,11,11
1800,gender_man,-0.030303030303030276,11,12
1811,gender_man,-0.041958041958041925,13,11
1814,gender_man,-0.0699300699300699,13,11
1824,gender_man,-0.28030303030303033,12,11
1834,gender_man,0.05303030303030304,12,11
1845,gender_man,-0.2,8,10
1856,gender_man,0.1590909090909091,12,11
1871,gender_man,0.08333333333333331,10,12
1873,gender_man,0.21538461538461534,10,13
1877,gender_man,0.43589743589743585,9,13
1882,gender_man,0.10769230769230775,10,13
1903,gender_man,-0.058823529411764705,7,17
1909,gender_man,-0.05555555555555558,9,8
1915,gender_man,0.0692307692307692,10,13
1916,gender_man,-0.5317460317460319,9,14
1921,gender_man,-0.11538461538461542,10,13
1928,gender_man,-0.21428571428571427,10,14
1929,gender_man,0.3,10,14
1932,gender_man,-0.3714285714285714,10,14
1946,gender_man,0.47252747252747246,7,13
1950,gender_man,0.38888888888888895,9,12
1953,gender_man,0.1282051282051282,9,13
1973,gender_man,-0.006993006993006978,13,11
1975,gender_man,-0.08391608391608385,13,11
1989,gender_man,-0.038095238095238126,7,15
2003,gender_man,0.16071428571428573,8,14
2005,gender_man,-0.23333333333333328,8,15
2006,gender_man,0.0,8,14
2008,gender_man,-0.06666666666666667,8,15
2015,gender_man,0.025000000000000022,8,15
2030,gender_man,0.15833333333333333,8,15
2037,gender_man,0.054945054945054916,7,13
2046,gender_man,-0.2,13,10
2049,gender_man,-0.13636363636363635,14,11
2051,gender_man,-0.06493506493506496,14,11
2069,gender_man,0.07692307692307693,13,10
2076,gender_man,0.2142857142857143,14,10
2077,gender_man,0.3142857142857143,14,10
2079,gender_man,0.21428571428571427,14,10
2083,gender_man,0.05714285714285716,14,10
2106,gender_man,-0.06349206349206349,9,14
2123,gender_man,-0.0888888888888889,9,15
2126,gender_man,-0.13333333333333333,9,15
2129,gender_man,-0.13492063492063494,9,14
2132,gender_man,-0.02564102564102566,9,13
2146,gender_man,0.08730158730158732,14,9
2147,gender_man,-0.06666666666666665,15,9
2156,gender_man,0.0888888888888889,15,9
2163,gender_man,-0.03968253968253968,14,9
2168,gender_man,0.1111111111111111,15,9
2172,gender_man,0.022727272727272707,11,12
2186,gender_man,-0.14393939393939398,11,12
2188,gender_man,-0.07575757575757575,11,12
2196,gender_man,-0.45454545454545453,11,11
2205,gender_man,-0.04999999999999999,12,10
2207,gender_man,0.06993006993007,13,11
2213,gender_man,-0.02797202797202797,13,11
2221,gender_man,0.1590909090909091,12,11
2234,gender_man,-0.06293706293706294,11,13
2249,gender_man,0.16239316239316237,9,13
2255,gender_man,0.1748251748251748,11,13
2276,gender_man,0.196969696969697,11,12
2287,gender_man,-0.11428571428571432,14,10
2291,gender_man,0.008547008547008572,13,9
2297,gender_man,0.08333333333333333,12,9
2301,gender_man,0.30357142857142855,14,8
2315,gender_man,-0.0505050505050505,11,9
2318,gender_man,0.027272727272727337,11,10
2331,gender_man,0.0,12,12
2340,gender_man,-0.3333333333333333,12,12
2372,gender_man,-0.06363636363636366,10,11
2375,gender_man,-0.26363636363636367,10,11
2397,gender_man,0.0,11,11
2405,gender_man,-0.007575757575757583,12,11
2422,gender_man,0.03418803418803418,9,13
2424,gender_man,0.14529914529914528,9,13
2427,gender_man,0.1111111111111111,9,12
2451,gender_man,-0.2857142857142857,9,14
2455,gender_man,-0.06349206349206349,9,14
2462,gender_man,0.04999999999999999,12,10
2470,gender_man,0.1692307692307693,13,10
2473,gender_man,0.06837606837606836,13,9
2488,gender_man,0.38461538461538464,13,8
2500,gender_man,0.05128205128205132,13,9
2509,gender_man,0.034965034965035,11,13
2512,gender_man,-0.2756410256410256,12,13
2516,gender_man,0.10897435897435898,12,13
2518,gender_man,-0.0076923076923077205,10,13
2519,gender_man,0.038461538461538436,12,13
2525,gender_man,-0.08461538461538465,10,13
2530,gender_man,-0.13461538461538464,12,13
2536,gender_man,0.06666666666666671,10,12
2540,gender_man,0.03418803418803418,9,13
2541,gender_man,0.36363636363636365,11,11
2543,gender_man,0.02797202797202797,11,13
2569,gender_man,0.1608391608391609,13,11
2572,gender_man,0.017094017094017144,13,9
2592,gender_man,-0.16666666666666666,6,12
2593,gender_man,-0.15384615384615385,7,13
2597,gender_man,0.0,8,14
2601,gender_man,-0.41346153846153844,8,13
2606,gender_man,-0.07142857142857142,7,14
2611,gender_man,-0.07575757575757569,12,11
2612,gender_man,-0.2954545454545454,12,11
2622,gender_man,-0.06060606060606066,12,11
2634,gender_man,-0.4924242424242424,12,11
2635,gender_man,-0.12878787878787873,12,11
2648,gender_man,0.0,13,9
2668,gender_man,-0.007936507936507936,14,9
2672,gender_man,0.023809523809523836,14,9
2696,gender_man,0.0,10,12
2698,gender_man,-0.16666666666666666,10,12
2709,gender_man,0.29230769230769227,10,13
2718,gender_man,-0.09999999999999998,10,10
2739,gender_man,-0.1748251748251748,11,13
2749,gender_man,0.0,11,13
2753,gender_man,-0.3706293706293706,11,13
2761,gender_man,0.0,11,13
2766,gender_man,0.0,6,14
2771,gender_man,0.0,6,16
2773,gender_man,-0.20833333333333334,6,16
2777,gender_man,0.16666666666666666,6,16
2790,gender_man,-0.31666666666666665,12,10
2792,gender_man,-0.24242424242424243,12,11
2796,gender_man,-0.2954545454545454,12,11
2806,gender_man,0.2272727272727273,12,11
2807,gender_man,-0.196969696969697,12,11
2808,gender_man,0.05303030303030304,12,11
2815,gender_man,-0.09090909090909091,12,11
2851,gender_man,-0.22857142857142856,14,10
2853,gender_man,-0.11538461538461536,13,10
2871,gender_man,0.16346153846153844,8,13
2884,gender_man,0.35714285714285715,8,14
2888,gender_man,0.07142857142857142,7,14
2900,gender_man,-0.007692307692307665,13,10
2904,gender_man,0.3931623931623932,13,9
2906,gender_man,0.1,10,8
2907,gender_man,0.05128205128205132,13,9
2940,gender_man,0.1,15,10
2942,gender_man,0.3363636363636363,10,11
2945,gender_man,0.15714285714285714,10,7
2954,gender_man,-0.03030303030303033,9,11
2957,gender_man,0.1090909090909091,10,11
2960,gender_man,-0.18055555555555558,9,8
2967,gender_man,0.1,10,10
3005,gender_man,-0.0854700854700855,9,13
3007,gender_man,0.015873015873015872,9,14
3016,gender_man,-0.10714285714285715,8,14
3042,gender_man,0.2333333333333334,6,15
3043,gender_man,-0.3333333333333333,7,15
3058,gender_man,-0.35714285714285715,7,14
3060,gender_man,0.24761904761904763,7,15
3064,gender_man,-0.08333333333333333,7,12
3090,gender_man,0.12857142857142856,14,10
3098,gender_man,-0.08730158730158732,9,14
3108,gender_man,-0.05555555555555558,9,14
3111,gender_man,-0.15873015873015872,9,14
3122,gender_man,-0.15384615384615385,9,13
3132,gender_man,0.0,9,13
3140,gender_man,0.14393939393939392,11,12
3143,gender_man,0.11363636363636365,11,12
3146,gender_man,0.0,11,11
3161,gender_man,0.4696969696969697,11,12
3167,gender_man,0.2545454545454545,11,10
3182,gender_man,0.011363636363636354,11,8
3192,gender_man,-0.28787878787878785,12,11
3210,gender_man,-0.2727272727272727,12,11
3218,gender_man,0.06153846153846154,10,13
3225,gender_man,0.0,10,13
3234,gender_man,0.25454545454545463,10,11
3237,gender_man,-0.2846153846153846,10,13
3246,gender_man,-0.2857142857142857,14,10
3249,gender_man,-0.08571428571428572,14,10
3262,gender_man,-0.22307692307692306,13,10
3263,gender_man,-0.1923076923076923,8,13
3282,gender_man,0.0357142857142857,8,14
3288,gender_man,0.33333333333333337,8,12
3303,gender_man,-0.037878787878787956,11,12
3312,gender_man,0.28787878787878785,11,12
3330,gender_man,0.0,12,12
3362,gender_man,-0.14285714285714285,12,7
3370,gender_man,0.16883116883116883,11,7
3371,gender_man,-0.16666666666666666,12,9
3382,gender_man,-0.0692307692307692,13,10
3384,gender_man,0.038461538461538436,13,10
3388,gender_man,-0.05555555555555555,12,9
3401,gender_man,0.028571428571428525,7,15
3424,gender_man,-0.35042735042735046,9,13
3429,gender_man,0.015384615384615385,10,13
3442,gender_man,-0.1857142857142857,10,14
3448,gender_man,0.0,11,11
3454,gender_man,0.16363636363636364,11,10
3458,gender_man,0.0,11,11
3459,gender_man,0.0,11,11
3472,gender_man,0.1111111111111111,15,9
3491,gender_man,0.008333333333333331,15,8
3497,gender_man,0.0714285714285714,14,6
3503,gender_man,0.18181818181818182,11,11
3530,gender_man,0.019230769230769218,8,13
3531,gender_man,0.17307692307692307,8,13
3544,gender_man,0.125,8,12
3553,gender_man,-0.22857142857142865,14,10
3575,gender_man,0.014285714285714346,14,10
3578,gender_man,-0.01428571428571429,14,10
3590,gender_man,0.17142857142857137,14,10
3591,gender_man,0.014285714285714263,14,10
3605,gender_man,-0.19999999999999996,14,10
3624,gender_man,-0.17142857142857143,14,10
3637,gender_man,-0.3095238095238095,14,9
3639,gender_man,0.023809523809523836,14,9
3642,gender_man,-0.04444444444444444,15,9
3648,gender_man,0.2857142857142857,14,8
3662,gender_man,-0.21666666666666667,12,10
3670,gender_man,-0.09090909090909088,11,11
3673,gender_man,-0.08730158730158732,9,14
3684,gender_man,-0.12820512820512825,9,13
3693,gender_man,-0.15873015873015872,9,14
3714,gender_man,-0.0692307692307692,13,10
3733,gender_man,-0.25,16,6
3737,gender_man,-0.05555555555555547,18,6
3746,gender_man,-0.25,16,6
3749,gender_man,-0.14141414141414144,9,11
3758,gender_man,-0.1111111111111111,9,12
3759,gender_man,-0.08333333333333337,9,12
3771,gender_man,-0.05303030303030304,11,12
3778,gender_man,0.007575757575757583,11,12
3782,gender_man,-0.1590909090909091,11,12
3788,gender_man,0.03030303030303033,11,12
3819,gender_man,-0.3181818181818182,11,10
3823,gender_man,-0.016666666666666677,12,10
3828,gender_man,0.016666666666666663,12,10
3845,gender_man,0.09999999999999998,10,12
3851,gender_man,0.21666666666666667,10,12
3855,gender_man,-0.3939393939393939,11,12
3856,gender_man,-0.0727272727272727,10,11
3858,gender_man,-0.016666666666666663,10,12
3869,gender_man,-0.16666666666666666,12,9
3883,gender_man,-0.09615384615384615,13,8
3897,gender_man,-0.09523809523809523,14,9
3909,gender_man,0.358974358974359,13,9
3918,gender_man,0.1071428571428571,7,12
3927,gender_man,-0.0267857142857143,7,16
3933,gender_man,0.07619047619047618,7,15
3934,gender_man,0.11688311688311687,7,11
3944,gender_man,-0.2,9,10
3950,gender_man,0.0,10,10
3955,gender_man,-0.1746031746031746,9,7
3959,gender_man,-0.15555555555555556,10,9
3966,gender_man,-0.2333333333333333,10,9
3969,gender_man,-0.23232323232323238,11,9
3978,gender_man,-0.1111111111111111,12,9
4004,gender_man,-0.24786324786324787,9,13
4028,gender_man,0.0625,16,8
4064,gender_man,0.0,9,12
4067,gender_man,-0.18181818181818182,10,11
4081,gender_man,0.16239316239316243,13,9
4091,gender_man,-0.1111111111111111,14,9
4111,gender_man,0.02857142857142858,10,14
4129,gender_man,-0.019230769230769218,13,8
4139,gender_man,-0.13186813186813184,13,7
4146,gender_man,0.0,12,11
4156,gender_man,0.15,12,10
4161,gender_man,0.05303030303030304,12,11
4162,gender_man,-0.0984848484848485,12,11
4182,gender_man,0.1818181818181818,11,11
4188,gender_man,0.18181818181818182,11,11
4199,gender_man,0.18181818181818177,8,11
4203,gender_man,0.04166666666666663,8,12
4218,gender_man,-0.08333333333333331,8,9
4243,gender_man,-0.22222222222222227,15,9
4252,gender_man,-0.1111111111111111,9,12
4256,gender_man,-0.011363636363636354,8,11
4260,gender_man,-0.16666666666666669,9,12
4268,gender_man,0.027777777777777735,9,12
4274,gender_man,0.0,11,11
4285,gender_man,0.0,11,11
4295,gender_man,0.041958041958041925,11,13
4299,gender_man,0.02777777777777779,9,12
4301,gender_man,-0.034965034965035,11,13
4302,gender_man,-0.0839160839160839,11,13
4306,gender_man,-0.14393939393939398,11,12
4314,gender_man,0.02797202797202797,11,13
4315,gender_man,-0.06293706293706294,11,13
4320,gender_man,-0.09790209790209792,11,13
4343,gender_man,-0.10576923076923078,8,13
4357,gender_man,-0.4685314685314686,11,13
4365,gender_man,-0.1258741258741259,11,13
4369,gender_man,-0.1076923076923077,10,13
4384,gender_man,0.23809523809523808,14,9
4403,gender_man,0.10714285714285715,14,8
4417,gender_man,0.22222222222222227,9,12
4424,gender_man,0.17094017094017094,9,13
4429,gender_man,0.08333333333333331,8,12
4433,gender_man,0.13333333333333341,10,12
4449,gender_man,0.1111111111111111,9,12
4450,gender_man,0.018181818181818188,10,11
4485,gender_man,-0.35714285714285715,7,14
4487,gender_man,0.07142857142857145,8,14
4488,gender_man,0.125,8,13
4497,gender_man,-0.2142857142857143,8,14
4506,gender_man,-0.4464285714285714,8,14
4520,gender_man,0.1923076923076923,8,13
4548,gender_man,-0.10606060606060605,12,11
4549,gender_man,-0.0984848484848485,12,11
4556,gender_man,-0.08333333333333333,12,12
4557,gender_man,-0.25,12,12
0,gender_woman,0.11363636363636365,24,33
9,gender_woman,-0.06818181818181818,11,8
43,gender_woman,0.08333333333333331,21,16
55,gender_woman,0.1103448275862069,29,35
66,gender_woman,0.15115207373271888,31,35
79,gender_woman,-0.02192982456140352,38,24
80,gender_woman,0.13377926421404684,39,23
95,gender_woman,-0.09714285714285714,35,25
97,gender_woman,-0.04047619047619047,40,21
99,gender_woman,-0.04013377926421402,39,23
100,gender_woman,0.1254054054054054,37,25
109,gender_woman,0.08333333333333331,39,24
113,gender_woman,-0.04437229437229438,28,33
139,gender_woman,-0.17302052785923755,33,31
143,gender_woman,0.011981566820276512,31,35
149,gender_woman,0.12499999999999997,27,24
150,gender_woman,-0.07800511508951402,34,23
183,gender_woman,0.08496732026143794,36,34
190,gender_woman,0.1509785647716682,29,37
209,gender_woman,0.016380016380016377,33,37
236,gender_woman,0.03125,32,32
240,gender_woman,0.00833333333333336,32,30
250,gender_woman,0.16550925925925924,27,32
257,gender_woman,-0.03455964325529537,23,39
263,gender_woman,0.05714285714285716,25,35
275,gender_woman,0.05555555555555555,18,36
284,gender_woman,-0.02941176470588236,20,34
322,gender_woman,0.08482142857142858,28,32
357,gender_woman,0.059113300492610876,29,28
374,gender_woman,-0.04935064935064937,35,22
389,gender_woman,-0.014245014245014287,27,26
394,gender_woman,-0.08571428571428569,28,35
396,gender_woman,0.1164021164021164,27,35
398,gender_woman,-0.013636363636363669,20,33
399,gender_woman,-0.06490872210953347,34,29
406,gender_woman,-0.03354978354978355,28,33
407,gender_woman,0.14361001317523056,23,33
441,gender_woman,0.07142857142857142,21,28
444,gender_woman,0.06818181818181818,22,24
451,gender_woman,0.006249999999999978,20,32
458,gender_woman,0.01785714285714285,24,28
462,gender_woman,0.052083333333333315,27,32
464,gender_woman,0.11515151515151514,30,33
484,gender_woman,-0.023809523809523836,33,28
486,gender_woman,0.2647058823529412,28,34
495,gender_woman,0.15170940170940173,36,26
511,gender_woman,0.0625,32,28
522,gender_woman,0.05411764705882355,34,25
529,gender_woman,0.24166666666666664,30,24
537,gender_woman,0.043771043771043766,27,33
548,gender_woman,-0.11058823529411765,25,34
551,gender_woman,-0.2622377622377622,26,33
553,gender_woman,-0.10984848484848486,24,33
554,gender_woman,-0.049242424242424254,24,33
557,gender_woman,-0.06666666666666667,26,30
559,gender_woman,0.023569023569023573,27,33
580,gender_woman,0.06233421750663129,26,29
589,gender_woman,0.2791563275434243,31,26
607,gender_woman,-0.08959156785243738,23,33
615,gender_woman,0.13899613899613894,21,37
628,gender_woman,-0.25341614906832294,23,35
636,gender_woman,0.05747126436781613,29,30
650,gender_woman,-0.11866359447004608,28,31
656,gender_woman,-0.010416666666666657,24,32
667,gender_woman,-0.14335664335664336,26,33
677,gender_woman,-0.16826923076923078,26,32
678,gender_woman,-0.06318681318681318,26,28
679,gender_woman,-0.05641025641025643,26,30
683,gender_woman,0.04147465437788017,28,31
687,gender_woman,-0.0033670033670033517,33,27
688,gender_woman,-0.0431372549019608,30,34
693,gender_woman,-0.06127450980392157,24,34
702,gender_woman,0.05561735261401557,31,29
703,gender_woman,-0.03787878787878787,33,28
716,gender_woman,0.03935185185185186,32,27
731,gender_woman,0.03729838709677419,31,32
739,gender_woman,0.04629629629629628,27,36
742,gender_woman,0.03605769230769232,26,32
745,gender_woman,0.029493087557603687,31,35
751,gender_woman,0.2545454545454545,33,35
776,gender_woman,-0.010297482837528599,23,38
778,gender_woman,-0.1346153846153846,26,32
785,gender_woman,0.10658307210031348,29,33
811,gender_woman,0.013392857142857137,28,32
817,gender_woman,0.09523809523809523,28,30
821,gender_woman,0.09677419354838712,31,31
827,gender_woman,0.15476190476190474,18,28
840,gender_woman,0.41935483870967744,31,31
842,gender_woman,0.052280311457174655,29,31
864,gender_woman,-0.05011655011655011,26,33
865,gender_woman,0.13218390804597702,30,29
867,gender_woman,0.04999999999999999,32,25
868,gender_woman,0.05747126436781608,24,29
875,gender_woman,0.06176470588235293,20,34
877,gender_woman,0.003968253968253968,27,28
892,gender_woman,-0.10092592592592592,27,40
893,gender_woman,0.0022988505747126436,29,45
897,gender_woman,-0.05298570227081581,29,41
899,gender_woman,0.03540519276160503,31,41
926,gender_woman,0.20320855614973266,22,34
937,gender_woman,0.09523809523809523,21,35
942,gender_woman,0.0,16,32
951,gender_woman,0.16524216524216528,26,27
989,gender_woman,0.038363171355498715,23,34
1002,gender_woman,0.06334841628959276,26,34
1027,gender_woman,0.17204301075268816,36,31
1043,gender_woman,0.029411764705882304,34,34
1050,gender_woman,0.11175115207373273,31,28
1057,gender_woman,0.12037037037037035,27,28
1058,gender_woman,-0.033333333333333326,26,30
1082,gender_woman,-0.05357142857142855,28,32
1084,gender_woman,0.06874999999999998,25,32
1096,gender_woman,0.03846153846153849,26,26
1098,gender_woman,0.22666666666666663,27,25
1111,gender_woman,-0.006153846153846149,26,25
1112,gender_woman,-0.004137931034482789,29,25
1114,gender_woman,0.05681818181818182,24,22
1116,gender_woman,-0.01610305958132041,23,27
1118,gender_woman,0.013888888888888895,24,27
1128,gender_woman,0.0030303030303029943,30,22
1148,gender_woman,0.1318518518518519,25,27
1159,gender_woman,0.023411371237458206,26,23
1171,gender_woman,-0.016666666666666663,10,12
1190,gender_woman,-0.13636363636363635,11,10
1204,gender_woman,0.19444444444444448,12,9
1216,gender_woman,-0.04545454545454547,11,10
1233,gender_woman,-0.1893939393939394,12,11
1249,gender_woman,0.0,9,14
1257,gender_woman,-0.07142857142857142,9,14
1259,gender_woman,-0.04166666666666666,8,12
1263,gender_woman,-0.06349206349206349,9,14
1282,gender_woman,-0.08333333333333333,9,12
1285,gender_woman,-0.3888888888888889,9,12
1300,gender_woman,0.3714285714285715,10,14
1303,gender_woman,0.11428571428571432,10,14
1307,gender_woman,0.04285714285714287,10,14
1334,gender_woman,0.08441558441558444,14,11
1336,gender_woman,0.3181818181818182,14,11
1339,gender_woman,0.04895104895104896,13,11
1341,gender_woman,0.27922077922077926,14,11
1347,gender_woman,0.3636363636363636,11,11
1354,gender_woman,-0.13636363636363635,11,10
1371,gender_woman,0.08461538461538465,13,10
1372,gender_woman,0.15454545454545454,11,10
1378,gender_woman,-0.175,15,8
1391,gender_woman,-0.1607142857142857,14,8
1395,gender_woman,0.016666666666666663,15,8
1397,gender_woman,0.14285714285714285,14,7
1398,gender_woman,0.4166666666666667,12,7
1417,gender_woman,0.0714285714285714,7,14
1429,gender_woman,-0.03076923076923077,10,13
1435,gender_woman,-0.008547008547008572,9,13
1453,gender_woman,0.12307692307692308,10,13
1456,gender_woman,-0.18181818181818182,10,11
1457,gender_woman,-0.18461538461538463,10,13
1461,gender_woman,-0.1258741258741259,11,13
1474,gender_woman,-0.1258741258741259,11,13
1481,gender_woman,0.09090909090909091,11,12
1490,gender_woman,-0.1746031746031746,9,14
1494,gender_woman,-0.5811965811965811,9,13
1500,gender_woman,-0.12820512820512825,9,13
1526,gender_woman,-0.1388888888888889,9,12
1551,gender_woman,0.25,8,14
1560,gender_woman,0.4196428571428571,7,16
1564,gender_woman,0.0,8,16
1572,gender_woman,0.014285714285714263,14,10
1578,gender_woman,-0.18571428571428575,14,10
1591,gender_woman,-0.09230769230769231,13,10
1596,gender_woman,-0.3787878787878788,12,11
1606,gender_woman,0.09090909090909091,11,11
1618,gender_woman,0.0,12,11
1634,gender_woman,-0.06666666666666671,12,10
1637,gender_woman,0.1333333333333333,12,10
1645,gender_woman,0.2,12,10
1648,gender_woman,0.4444444444444444,9,10
1671,gender_woman,0.02797202797202797,11,13
1672,gender_woman,0.2867132867132867,11,13
1675,gender_woman,0.0,11,12
1678,gender_woman,0.2,15,9
1690,gender_woman,0.1428571428571429,14,8
1699,gender_woman,0.19841269841269848,14,9
1713,gender_woman,0.4117647058823529,6,17
1731,gender_woman,-0.2545454545454545,10,11
1733,gender_woman,-0.18181818181818182,11,11
1737,gender_woman,0.36363636363636365,11,11
1740,gender_woman,0.027272727272727282,10,11
1742,gender_woman,0.0,11,11
1747,gender_woman,-0.09090909090909088,11,11
1757,gender_woman,-0.19444444444444448,9,12
1769,gender_woman,-0.0888888888888889,9,15
1770,gender_woman,-0.025000000000000022,8,15
1778,gender_woman,0.12727272727272732,10,11
1791,gender_woman,0.09090909090909088,11,11
1793,gender_woman,-0.2727272727272727,11,11
1800,gender_woman,0.030303030303030276,12,11
1811,gender_woman,0.041958041958041925,11,13
1814,gender_woman,0.0699300699300699,11,13
1824,gender_woman,0.28030303030303033,11,12
1834,gender_woman,0.015384615384615385,10,13
1845,gender_woman,0.2222222222222222,9,9
1856,gender_woman,-0.13076923076923078,10,13
1871,gender_woman,-0.08333333333333331,12,10
1873,gender_woman,-0.21538461538461534,13,10
1877,gender_woman,-0.43589743589743585,13,9
1882,gender_woman,-0.10769230769230775,13,10
1903,gender_woman,0.058823529411764705,17,7
1909,gender_woman,0.05555555555555558,8,9
1915,gender_woman,-0.022727272727272707,12,11
1916,gender_woman,0.4153846153846154,13,10
1921,gender_woman,0.2121212121212121,12,11
1928,gender_woman,0.23076923076923078,13,11
1929,gender_woman,-0.2727272727272727,13,11
1932,gender_woman,0.4335664335664336,13,11
1946,gender_woman,-0.5416666666666667,12,8
1950,gender_woman,-0.3181818181818182,11,10
1953,gender_woman,-0.016666666666666607,12,10
1973,gender_woman,0.006993006993006978,11,13
1975,gender_woman,0.08391608391608385,11,13
1989,gender_woman,-0.07142857142857145,14,8
2003,gender_woman,-0.10256410256410253,13,9
2005,gender_woman,0.15873015873015872,14,9
2006,gender_woman,0.0,13,9
2008,gender_woman,0.07142857142857142,14,9
2015,gender_woman,-0.025000000000000022,15,8
2030,gender_woman,-0.15833333333333333,15,8
2037,gender_woman,-0.054945054945054916,13,7
2046,gender_woman,0.2,10,13
2049,gender_woman,0.13636363636363635,11,14
2051,gender_woman,0.06493506493506496,11,14
2069,gender_woman,-0.07692307692307693,10,13
2076,gender_woman,-0.2142857142857143,10,14
2077,gender_woman,-0.3142857142857143,10,14
2079,gender_woman,-0.21428571428571427,10,14
2083,gender_woman,-0.05714285714285716,10,14
2106,gender_woman,0.06349206349206349,14,9
2123,gender_woman,0.0888888888888889,15,9
2126,gender_woman,0.13333333333333333,15,9
2129,gender_woman,0.13492063492063494,14,9
2132,gender_woman,0.02564102564102566,13,9
2146,gender_woman,-0.08730158730158732,9,14
2147,gender_woman,0.06666666666666665,9,15
2156,gender_woman,-0.0888888888888889,9,15
2163,gender_woman,0.03968253968253968,9,14
2168,gender_woman,-0.1111111111111111,9,15
2172,gender_woman,-0.022727272727272707,12,11
2186,gender_woman,0.14393939393939398,12,11
2188,gender_woman,0.07575757575757575,12,11
2196,gender_woman,0.45454545454545453,11,11
2205,gender_woman,0.04999999999999999,10,12
2207,gender_woman,-0.06993006993007,11,13
2213,gender_woman,0.02797202797202797,11,13
2221,gender_woman,-0.1590909090909091,11,12
2234,gender_woman,0.06293706293706294,13,11
2249,gender_woman,-0.16239316239316237,13,9
2255,gender_woman,-0.08333333333333337,12,12
2276,gender_woman,-0.1515151515151515,11,12
2287,gender_woman,0.11428571428571432,10,14
2291,gender_woman,-0.008547008547008572,9,13
2297,gender_woman,-0.08333333333333333,9,12
2301,gender_woman,-0.30357142857142855,8,14
2315,gender_woman,0.20833333333333337,8,12
2318,gender_woman,0.11111111111111116,9,12
2331,gender_woman,0.0,12,12
2340,gender_woman,0.3333333333333333,12,12
2372,gender_woman,0.06363636363636366,11,10
2375,gender_woman,0.26363636363636367,11,10
2397,gender_woman,0.08333333333333331,10,12
2405,gender_woman,0.023076923076923078,10,13
2422,gender_woman,-0.03418803418803418,13,9
2424,gender_woman,-0.14529914529914528,13,9
2427,gender_woman,-0.1111111111111111,12,9
2451,gender_woman,0.2857142857142857,14,9
2455,gender_woman,0.1076923076923077,13,10
2462,gender_woman,-0.04999999999999999,10,12
2470,gender_woman,-0.1692307692307693,10,13
2473,gender_woman,-0.06837606837606836,9,13
2488,gender_woman,-0.38461538461538464,8,13
2500,gender_woman,-0.05128205128205132,9,13
2509,gender_woman,-0.034965034965035,13,11
2512,gender_woman,0.2756410256410256,13,12
2516,gender_woman,-0.10897435897435898,13,12
2518,gender_woman,0.0076923076923077205,13,10
2519,gender_woman,-0.038461538461538436,13,12
2525,gender_woman,0.08461538461538465,13,10
2530,gender_woman,0.13461538461538464,13,12
2536,gender_woman,-0.06666666666666671,12,10
2540,gender_woman,-0.03418803418803418,13,9
2541,gender_woman,-0.36363636363636365,11,11
2543,gender_woman,-0.02797202797202797,13,11
2569,gender_woman,-0.1608391608391609,11,13
2572,gender_woman,-0.017094017094017144,9,13
2592,gender_woman,0.16666666666666666,12,6
2593,gender_woman,0.15384615384615385,13,7
2597,gender_woman,0.0,14,8
2601,gender_woman,0.41346153846153844,13,8
2606,gender_woman,0.07142857142857142,14,7
2611,gender_woman,0.07575757575757569,11,12
2612,gender_woman,0.2954545454545454,11,12
2622,gender_woman,0.06060606060606066,11,12
2634,gender_woman,0.4924242424242424,11,12
2635,gender_woman,0.12878787878787873,11,12
2648,gender_woman,0.0,9,13
2668,gender_woman,0.007936507936507936,9,14
2672,gender_woman,-0.023809523809523836,9,14
2696,gender_woman,0.0,11,11
2698,gender_woman,0.0,11,11
2709,gender_woman,-0.38636363636363635,12,11
2718,gender_woman,0.09999999999999998,10,10
2739,gender_woman,0.08333333333333331,12,12
2749,gender_woman,0.0,12,12
2753,gender_woman,0.4166666666666667,12,12
2761,gender_woman,0.0,12,12
2766,gender_woman,0.0,14,6
2771,gender_woman,0.0,16,6
2773,gender_woman,0.20833333333333334,16,6
2777,gender_woman,-0.16666666666666666,16,6
2790,gender_woman,0.31666666666666665,10,12
2792,gender_woman,0.24242424242424243,11,12
2796,gender_woman,0.2954545454545454,11,12
2806,gender_woman,-0.2272727272727273,11,12
2807,gender_woman,0.196969696969697,11,12
2808,gender_woman,-0.05303030303030304,11,12
2815,gender_woman,0.09090909090909091,11,12
2851,gender_woman,0.22857142857142856,10,14
2853,gender_woman,0.11538461538461536,10,13
2871,gender_woman,-0.16346153846153844,13,8
2884,gender_woman,-0.35714285714285715,14,8
2888,gender_woman,-0.07142857142857142,14,7
2900,gender_woman,0.007692307692307665,10,13
2904,gender_woman,-0.3931623931623932,9,13
2906,gender_woman,-0.1,8,10
2907,gender_woman,-0.05128205128205132,9,13
2940,gender_woman,-0.1,10,15
2942,gender_woman,-0.3363636363636363,11,10
2945,gender_woman,-0.15714285714285714,7,10
2954,gender_woman,0.03030303030303033,11,9
2957,gender_woman,-0.1090909090909091,11,10
2960,gender_woman,0.18055555555555558,8,9
2967,gender_woman,-0.1,10,10
3005,gender_woman,0.0854700854700855,13,9
3007,gender_woman,-0.015873015873015872,14,9
3016,gender_woman,0.10714285714285715,14,8
3042,gender_woman,-0.2333333333333334,15,6
3043,gender_woman,0.3333333333333333,15,7
3058,gender_woman,0.35714285714285715,14,7
3060,gender_woman,-0.24761904761904763,15,7
3064,gender_woman,0.08333333333333333,12,7
3090,gender_woman,-0.12857142857142856,10,14
3098,gender_woman,0.015384615384615441,13,10
3108,gender_woman,0.1384615384615384,13,10
3111,gender_woman,0.09230769230769231,13,10
3122,gender_woman,0.15384615384615385,13,9
3132,gender_woman,0.0,13,9
3140,gender_woman,-0.14393939393939392,12,11
3143,gender_woman,-0.11363636363636365,12,11
3146,gender_woman,0.0,11,11
3161,gender_woman,-0.4696969696969697,12,11
3167,gender_woman,-0.2545454545454545,10,11
3182,gender_woman,-0.011363636363636354,8,11
3192,gender_woman,0.28787878787878785,11,12
3210,gender_woman,0.2727272727272727,11,12
3218,gender_woman,-0.06153846153846154,13,10
3225,gender_woman,0.0,13,10
3234,gender_woman,-0.25454545454545463,11,10
3237,gender_woman,0.2846153846153846,13,10
3246,gender_woman,0.2857142857142857,10,14
3249,gender_woman,0.08571428571428572,10,14
3262,gender_woman,0.22307692307692306,10,13
3263,gender_woman,0.1923076923076923,13,8
3282,gender_woman,-0.0357142857142857,14,8
3288,gender_woman,-0.33333333333333337,12,8
3303,gender_woman,0.037878787878787956,12,11
3312,gender_woman,-0.28787878787878785,12,11
3330,gender_woman,0.08391608391608385,11,13
3362,gender_woman,0.14285714285714285,7,12
3370,gender_woman,-0.16883116883116883,7,11
3371,gender_woman,0.16666666666666666,9,12
3382,gender_woman,0.0692307692307692,10,13
3384,gender_woman,-0.038461538461538436,10,13
3388,gender_woman,0.05555555555555555,9,12
3401,gender_woman,0.05357142857142855,14,8
3424,gender_woman,0.35042735042735046,13,9
3429,gender_woman,-0.015384615384615385,13,10
3442,gender_woman,0.1857142857142857,14,10
3448,gender_woman,0.0,11,11
3454,gender_woman,-0.16363636363636364,10,11
3458,gender_woman,0.0,11,11
3459,gender_woman,0.0,11,11
3472,gender_woman,-0.2100840336134454,7,17
3491,gender_woman,-0.17647058823529413,6,17
3497,gender_woman,-0.375,4,16
3503,gender_woman,-0.2666666666666666,10,12
3530,gender_woman,-0.019230769230769218,13,8
3531,gender_woman,-0.17307692307692307,13,8
3544,gender_woman,-0.125,12,8
3553,gender_woman,0.22857142857142865,10,14
3575,gender_woman,-0.014285714285714346,10,14
3578,gender_woman,0.01428571428571429,10,14
3590,gender_woman,-0.17142857142857137,10,14
3591,gender_woman,-0.014285714285714263,10,14
3605,gender_woman,0.19999999999999996,10,14
3624,gender_woman,0.17142857142857143,10,14
3637,gender_woman,0.3095238095238095,9,14
3639,gender_woman,-0.023809523809523836,9,14
3642,gender_woman,0.04444444444444444,9,15
3648,gender_woman,-0.2857142857142857,8,14
3662,gender_woman,0.21666666666666667,10,12
3670,gender_woman,0.09090909090909088,11,11
3673,gender_woman,0.08730158730158732,14,9
3684,gender_woman,0.12820512820512825,13,9
3693,gender_woman,0.15873015873015872,14,9
3714,gender_woman,0.0692307692307692,10,13
3733,gender_woman,0.25,6,16
3737,gender_woman,0.05555555555555547,6,18
3746,gender_woman,0.25,6,16
3749,gender_woman,0.2,10,10
3758,gender_woman,0.16363636363636364,11,10
3759,gender_woman,0.15454545454545454,11,10
3771,gender_woman,0.05303030303030304,12,11
3778,gender_woman,-0.007575757575757583,12,11
3782,gender_woman,0.1590909090909091,12,11
3788,gender_woman,-0.03030303030303033,12,11
3819,gender_woman,0.3181818181818182,10,11
3823,gender_woman,0.016666666666666677,10,12
3828,gender_woman,-0.016666666666666663,10,12
3845,gender_woman,-0.09999999999999998,12,10
3851,gender_woman,-0.21666666666666667,12,10
3855,gender_woman,0.3939393939393939,12,11
3856,gender_woman,0.0727272727272727,11,10
3858,gender_woman,0.016666666666666663,12,10
3869,gender_woman,0.16666666666666666,9,12
3883,gender_woman,0.09615384615384615,8,13
3897,gender_woman,0.09523809523809523,9,14
3909,gender_woman,-0.358974358974359,9,13
3918,gender_woman,-0.1477272727272727,11,8
3927,gender_woman,0.08333333333333331,15,8
3933,gender_woman,-0.053571428571428575,14,8
3934,gender_woman,0.0,10,8
3944,gender_woman,0.2,10,9
3950,gender_woman,0.0,10,10
3955,gender_woman,0.1746031746031746,7,9
3959,gender_woman,0.15555555555555556,9,10
3966,gender_woman,0.2333333333333333,9,10
3969,gender_woman,0.23232323232323238,9,11
3978,gender_woman,0.1111111111111111,9,12
4004,gender_woman,0.09090909090909094,11,11
4028,gender_woman,-0.0625,8,16
4064,gender_woman,-0.12727272727272732,11,10
4067,gender_woman,0.2,10,11
4081,gender_woman,-0.16239316239316243,9,13
4091,gender_woman,0.1111111111111111,9,14
4111,gender_woman,-0.09790209790209792,13,11
4129,gender_woman,0.019230769230769218,8,13
4139,gender_woman,0.13186813186813184,7,13
4146,gender_woman,0.0,11,12
4156,gender_woman,-0.15,10,12
4161,gender_woman,-0.05303030303030304,11,12
4162,gender_woman,0.0984848484848485,11,12
4182,gender_woman,-0.15,10,12
4188,gender_woman,-0.16666666666666666,10,12
4199,gender_woman,-0.18181818181818177,11,8
4203,gender_woman,-0.04166666666666663,12,8
4218,gender_woman,0.08333333333333331,9,8
4243,gender_woman,0.22222222222222227,9,15
4252,gender_woman,0.1111111111111111,12,9
4256,gender_woman,0.011363636363636354,11,8
4260,gender_woman,0.16666666666666669,12,9
4268,gender_woman,-0.027777777777777735,12,9
4274,gender_woman,0.0,11,11
4285,gender_woman,0.0,11,11
4295,gender_woman,-0.041958041958041925,13,11
4299,gender_woman,-0.02777777777777779,12,9
4301,gender_woman,0.034965034965035,13,11
4302,gender_woman,0.0839160839160839,13,11
4306,gender_woman,0.14393939393939398,12,11
4314,gender_woman,-0.02797202797202797,13,11
4315,gender_woman,0.06293706293706294,13,11
4320,gender_woman,0.09790209790209792,13,11
4343,gender_woman,0.10576923076923078,13,8
4357,gender_woman,0.4685314685314686,13,11
4365,gender_woman,0.1258741258741259,13,11
4369,gender_woman,0.1076923076923077,13,10
4384,gender_woman,-0.23809523809523808,9,14
4403,gender_woman,-0.10714285714285715,8,14
4417,gender_woman,-0.13636363636363635,11,10
4424,gender_woman,-0.08333333333333331,12,10
4429,gender_woman,-0.08333333333333331,12,8
4433,gender_woman,-0.13333333333333341,12,10
4449,gender_woman,-0.1111111111111111,12,9
4450,gender_woman,-0.018181818181818188,11,10
4485,gender_woman,0.35714285714285715,14,7
4487,gender_woman,-0.07142857142857145,14,8
4488,gender_woman,-0.125,13,8
4497,gender_woman,0.2142857142857143,14,8
4506,gender_woman,0.4464285714285714,14,8
4520,gender_woman,-0.1923076923076923,13,8
4548,gender_woman,0.10606060606060605,11,12
4549,gender_woman,0.0984848484848485,11,12
4556,gender_woman,0.08333333333333333,12,12
4557,gender_woman,0.25,12,12
0,identity_arab,-0.02083333333333337,9,48
43,identity_arab,-0.05303030303030304,4,33
55,identity_arab,0.20050125313283207,7,57
66,identity_arab,0.04842615012106535,7,59
79,identity_arab,0.25462962962962965,8,54
80,identity_arab,0.35324675324675325,7,55
95,identity_arab,0.27884615384615385,8,52
97,identity_arab,-0.04481132075471697,8,53
99,identity_arab,0.49074074074074076,8,54
100,identity_arab,0.02314814814814814,8,54
109,identity_arab,0.0840909090909091,8,55
113,identity_arab,0.10683760683760682,9,52
139,identity_arab,-0.07777777777777778,10,54
143,identity_arab,0.5321428571428573,10,56
149,identity_arab,0.25555555555555554,6,45
150,identity_arab,0.07428571428571429,7,50
183,identity_arab,0.40725806451612906,8,62
190,identity_arab,-0.033333333333333326,6,60
209,identity_arab,0.0,7,63
236,identity_arab,0.18295739348370926,7,57
240,identity_arab,-0.09610389610389614,7,55
250,identity_arab,-0.19230769230769232,7,52
257,identity_arab,0.08051948051948049,7,55
263,identity_arab,0.2964959568733153,7,53
275,identity_arab,-0.20408163265306123,5,49
284,identity_arab,0.16666666666666663,6,48
322,identity_arab,0.010781671159029643,7,53
357,identity_arab,-0.07653061224489793,8,49
374,identity_arab,-0.24234693877551022,8,49
389,identity_arab,0.22360248447204967,7,46
394,identity_arab,0.1071428571428571,7,56
396,identity_arab,0.15476190476190474,6,56
398,identity_arab,0.08074534161490682,7,46
399,identity_arab,-0.07142857142857142,7,56
406,identity_arab,-0.06084656084656084,7,54
407,identity_arab,-0.10204081632653061,7,49
441,identity_arab,0.2906976744186046,6,43
444,identity_arab,-0.09268292682926826,5,41
451,identity_arab,-0.16170212765957448,5,47
458,identity_arab,0.3405797101449275,6,46
462,identity_arab,0.10370370370370374,5,54
464,identity_arab,-0.043859649122807015,6,57
484,identity_arab,0.06071428571428572,5,56
486,identity_arab,0.7142857142857143,6,56
495,identity_arab,0.009259259259259273,8,54
511,identity_arab,0.16442048517520214,7,53
522,identity_arab,0.12009803921568629,8,51
529,identity_arab,0.003039513677811523,7,47
537,identity_arab,0.08653846153846154,8,52
548,identity_arab,0.5220588235294117,8,51
551,identity_arab,0.18627450980392157,8,51
553,identity_arab,0.16836734693877553,8,49
554,identity_arab,0.3542857142857143,7,50
557,identity_arab,-0.04081632653061224,7,49
559,identity_arab,0.10576923076923078,8,52
580,identity_arab,-0.2653061224489796,6,49
589,identity_arab,0.08823529411764708,6,51
607,identity_arab,0.15999999999999998,6,50
615,identity_arab,0.019230769230769218,6,52
628,identity_arab,-0.08974358974358976,6,52
636,identity_arab,0.3529411764705882,8,51
650,identity_arab,0.38235294117647056,8,51
656,identity_arab,0.04166666666666666,8,48
667,identity_arab,0.00735294117647059,8,51
677,identity_arab,0.015000000000000013,8,50
678,identity_arab,-0.006079027355623101,7,47
679,identity_arab,-0.04081632653061229,7,49
683,identity_arab,0.10784313725490197,8,51
687,identity_arab,-0.06730769230769232,8,52
688,identity_arab,0.10714285714285715,8,56
693,identity_arab,0.345,8,50
702,identity_arab,-0.04807692307692307,8,52
703,identity_arab,0.3862433862433862,7,54
716,identity_arab,0.18238993710691823,6,53
731,identity_arab,-0.008771929824561403,6,57
739,identity_arab,0.2543859649122807,6,57
751,identity_arab,-0.078125,4,64
776,identity_arab,-0.042328042328042326,7,54
778,identity_arab,0.27170868347338933,7,51
785,identity_arab,0.4415584415584416,7,55
811,identity_arab,-0.11538461538461539,8,52
817,identity_arab,0.13461538461538464,6,52
821,identity_arab,0.009259259259259273,8,54
827,identity_arab,-0.28205128205128205,7,39
840,identity_arab,-0.06498951781970652,9,53
842,identity_arab,-0.038461538461538436,8,52
864,identity_arab,-0.0222222222222222,5,54
865,identity_arab,0.10740740740740742,5,54
867,identity_arab,-0.25,5,52
868,identity_arab,-0.3333333333333333,5,48
875,identity_arab,-0.12244897959183673,5,49
877,identity_arab,0.32,5,50
892,identity_arab,0.009523809523809518,7,60
893,identity_arab,-0.07462686567164178,7,67
897,identity_arab,-0.1111111111111111,7,63
899,identity_arab,0.41538461538461535,7,65
926,identity_arab,-0.041666666666666685,8,48
937,identity_arab,0.20833333333333331,8,48
942,identity_arab,-0.1045296167247387,7,41
951,identity_arab,0.38819875776397517,7,46
989,identity_arab,-0.4117647058823529,6,51
1002,identity_arab,0.22102425876010778,7,53
1027,identity_arab,0.1952380952380952,7,60
1043,identity_arab,-0.09133489461358313,7,61
1050,identity_arab,-0.2641509433962264,6,53
1057,identity_arab,0.13690476190476186,7,48
1058,identity_arab,-0.16666666666666663,8,48
1082,identity_arab,0.028846153846153855,8,52
1084,identity_arab,-0.1514285714285714,7,50
1096,identity_arab,0.2713178294573643,9,43
1098,identity_arab,-0.44202898550724645,6,46
1111,identity_arab,-0.05555555555555555,9,42
1112,identity_arab,-0.06666666666666665,9,45
1114,identity_arab,0.3355263157894737,8,38
1116,identity_arab,-0.029761904761904767,8,42
1118,identity_arab,0.20639534883720928,8,43
1128,identity_arab,0.23809523809523808,7,45
1148,identity_arab,-0.07936507936507936,7,45
1159,identity_arab,0.16666666666666666,7,42
1282,identity_arab,-0.058823529411764705,4,17
1285,identity_arab,0.20588235294117646,4,17
1300,identity_arab,0.5,4,20
1303,identity_arab,0.19999999999999996,4,20
1307,identity_arab,0.45,4,20
0,identity_european,0.19714285714285706,7,50
55,identity_european,0.2857142857142857,8,56
66,identity_european,-0.27586206896551724,8,58
79,identity_european,-0.44642857142857145,6,56
80,identity_european,-0.10119047619047619,6,56
95,identity_european,-0.2,5,55
97,identity_european,-0.17857142857142858,5,56
99,identity_european,-0.3508771929824561,5,57
100,identity_european,-0.023809523809523836,6,56
109,identity_european,-0.1103448275862069,5,58
113,identity_european,-0.023504273504273504,9,52
139,identity_european,0.1592592592592593,10,54
143,identity_european,-0.2928571428571428,10,56
149,identity_european,-0.3111111111111111,6,45
150,identity_european,0.019607843137254832,6,51
183,identity_european,-0.09523809523809529,7,63
190,identity_european,-0.0871670702179177,7,59
209,identity_european,0.0,7,63
236,identity_european,-0.19629629629629627,10,54
240,identity_european,-0.20384615384615384,10,52
250,identity_european,-0.18867924528301888,6,53
257,identity_european,-0.36904761904761907,6,56
263,identity_european,-0.18518518518518517,6,54
275,identity_european,-0.20408163265306123,5,49
284,identity_european,-0.020000000000000018,4,50
322,identity_european,0.1346153846153846,8,52
357,identity_european,-0.16666666666666666,6,51
374,identity_european,0.0,6,51
389,identity_european,-0.23758865248226949,6,47
394,identity_european,0.1071428571428571,7,56
396,identity_european,-0.05714285714285716,7,55
398,identity_european,-0.08385093167701863,7,46
399,identity_european,-0.07142857142857142,7,56
406,identity_european,0.26190476190476186,7,54
407,identity_european,-0.10204081632653061,7,49
441,identity_european,0.1007751937984496,6,43
444,identity_european,0.5804878048780489,5,41
451,identity_european,0.3623188405797101,6,46
458,identity_european,0.15217391304347827,6,46
462,identity_european,0.035460992907801414,12,47
464,identity_european,-0.1519607843137255,12,51
484,identity_european,0.023636363636363622,11,50
486,identity_european,0.07666666666666666,12,50
495,identity_european,-0.04999999999999999,10,52
511,identity_european,-0.012987012987012991,11,49
522,identity_european,-0.08571428571428569,10,49
529,identity_european,-0.24444444444444446,9,45
537,identity_european,-0.05660377358490566,7,53
548,identity_european,-0.3186813186813187,7,52
551,identity_european,-0.06043956043956045,7,52
553,identity_european,-0.11764705882352941,6,51
554,identity_european,-0.0784313725490196,6,51
557,identity_european,-0.04081632653061224,7,49
559,identity_european,0.16442048517520214,7,53
580,identity_european,0.18000000000000002,5,50
589,identity_european,0.008571428571428563,7,50
607,identity_european,-0.08163265306122452,7,49
615,identity_european,-0.06162464985994398,7,51
628,identity_european,-0.015094339622641506,5,53
636,identity_european,-0.1644444444444444,9,50
650,identity_european,0.1933333333333333,9,50
656,identity_european,-0.10416666666666666,8,48
667,identity_european,-0.14,9,50
677,identity_european,-0.03205128205128205,6,52
678,identity_european,-0.1702127659574468,7,47
679,identity_european,0.16666666666666663,8,48
683,identity_european,-0.03676470588235292,8,51
687,identity_european,-0.04582210242587603,7,53
688,identity_european,0.07676767676767676,9,55
693,identity_european,-0.047619047619047616,7,51
702,identity_european,0.1347708894878706,7,53
703,identity_european,0.023584905660377353,8,53
716,identity_european,-0.2,9,50
731,identity_european,-0.08867924528301888,10,53
739,identity_european,-0.08301886792452828,10,53
742,identity_european,-0.18518518518518517,4,54
745,identity_european,0.27419354838709675,4,62
751,identity_european,0.1935483870967742,6,62
776,identity_european,-0.2037037037037037,7,54
778,identity_european,-0.21568627450980393,7,51
785,identity_european,-0.22685185185185186,8,54
811,identity_european,-0.11320754716981132,7,53
817,identity_european,-0.2371794871794872,6,52
821,identity_european,-0.11168831168831167,7,55
827,identity_european,-0.2682926829268293,5,41
840,identity_european,-0.08051948051948049,7,55
842,identity_european,-0.12962962962962962,6,54
864,identity_european,0.3113207547169811,6,53
865,identity_european,0.07232704402515722,6,53
867,identity_european,0.18846153846153849,5,52
868,identity_european,0.10833333333333334,5,48
875,identity_european,0.062499999999999986,6,48
877,identity_european,-0.12244897959183673,6,49
892,identity_european,-0.026819923371647514,9,58
893,identity_european,-0.07936507936507936,11,63
897,identity_european,0.11666666666666668,10,60
899,identity_european,-0.14516129032258063,10,62
926,identity_european,-0.041666666666666685,8,48
937,identity_european,-0.22916666666666669,8,48
942,identity_european,0.06271777003484319,7,41
951,identity_european,-0.23758865248226949,6,47
989,identity_european,0.15306122448979592,8,49
1002,identity_european,-0.1437908496732026,9,51
1027,identity_european,-0.2786885245901639,6,61
1043,identity_european,0.0679156908665105,7,61
1050,identity_european,-0.07861635220125787,6,53
1057,identity_european,-0.0267857142857143,7,48
1058,identity_european,0.22448979591836737,7,49
1082,identity_european,-0.07277628032345013,7,53
1084,identity_european,0.303921568627451,6,51
1096,identity_european,-0.015873015873015872,7,45
1098,identity_european,0.346031746031746,7,45
1111,identity_european,0.3149350649350649,7,44
1112,identity_european,-0.15501519756838905,7,47
1114,identity_european,-0.016666666666666663,6,40
1116,identity_european,0.03322259136212624,7,43
1118,identity_european,-0.13333333333333336,6,45
1128,identity_european,0.23809523809523808,7,45
1148,identity_european,-0.07936507936507936,7,45
1159,identity_european,0.0,7,42
1811,identity_european,0.3,4,20
1814,identity_european,0.4,4,20
1824,identity_european,0.34210526315789475,4,19
2940,identity_european,0.10714285714285715,4,21
