model,variant,condition,axis,matched_placebos,mean_dlo,matched_placebo_dlo,identity_specific_dlo,spec_ci_lo,spec_ci_hi,frac_items_spec_pos,p_item_wilcoxon,placebo_mean,placebo_sd,n_placebos,t_vs_placebo_null,p_phrase,t_vs_placebo_null_no_tea,p_phrase_no_tea,rank_among_placebos,placebo_length_slope,length_null_pred,vs_length_null_dlo,t_vs_length_null,p_length_null
Llama-3-1-8B-Instruct,consider,gender_man,gender,placebo_runner|placebo_cyclist,0.2967667236328125,0.21885099601745606,0.07791572761535645,-0.002480279636383056,0.1567356683254241,0.518,0.05798017038286085,-0.5189958825111389,0.5061381734756265,8,1.5195620507649816,0.1724208499432918,1.3950862132554538,0.2124441859877397,7,-0.25136933217729834,0.04658511488778139,0.2501816087450311,0.6214936042615941,0.5571347616082991
Llama-3-1-8B-Instruct,consider,gender_woman,gender,placebo_runner|placebo_cyclist,0.39469983673095704,0.21885099601745606,0.175848840713501,0.08848333711624146,0.2677905842781067,0.552,0.0003855756615166148,-0.5189958825111389,0.5061381734756265,8,1.7019869879420544,0.13254546331119718,1.5794137585475334,0.16532097732585796,8,-0.25136933217729834,0.04658511488778139,0.34811472184317566,0.8647760890982539,0.4203866748477596
Llama-3-1-8B-Instruct,consider,identity_arab,identity,placebo_runner|placebo_cyclist,1.0587646675109863,0.21885099601745606,0.8399136714935302,0.7211493819713592,0.9478293787956238,0.754,1.5926853420162298e-38,-0.5189958825111389,0.5061381734756265,8,2.938973960010906,0.021744953760117505,2.829301935285193,0.029985258535970574,8,-0.25136933217729834,0.04658511488778139,1.012179552623205,2.5144259063454335,0.045629449742568606
Llama-3-1-8B-Instruct,consider,identity_european,identity,placebo_runner|placebo_cyclist,0.7310713691711426,0.21885099601745606,0.5122203731536865,0.4351228367805481,0.5913040232658386,0.706,1.101271167596167e-29,-0.5189958825111389,0.5061381734756265,8,2.32856316562428,0.05272533460036805,2.212524837317163,0.06890333382488759,8,-0.25136933217729834,0.04658511488778139,0.6844862542833612,1.7003801013831843,0.1399661883824454
Llama-3-1-8B-Instruct,consider,region_arab_culture,region,placebo_stairs|placebo_tea,1.3070282516479492,-0.686453893661499,1.9934821453094482,1.8871127483844758,2.112517242956162,0.948,1.537688128500377e-79,-0.5189958825111389,0.5061381734756265,8,3.401427029323153,0.01142027664850492,3.2965781772190055,0.01647802552093789,8,-0.25136933217729834,-0.958892213821412,2.265920465469361,5.871145535683254,0.0010805761551236717
Llama-3-1-8B-Instruct,consider,region_indian_cultural_sphere,region,placebo_stairs|placebo_tea,1.0964838676452637,-0.686453893661499,1.7829377613067627,1.678846119260788,1.8857957681179047,0.952,8.673239520430674e-79,-0.5189958825111389,0.5061381734756265,8,3.0092354119058258,0.01968339703446462,2.900296181778351,0.027323916795298737,8,-0.25136933217729834,-0.958892213821412,2.055376081466676,5.325611507001231,0.0017855962965062514
Llama-3-1-8B-Instruct,consider,region_latin_america,region,placebo_early_riser|placebo_chess,2.0788210639953615,-0.7005128726959229,2.7793339366912844,2.675278843975067,2.8861760254859923,0.996,1.4785691046165482e-83,-0.5189958825111389,0.5061381734756265,8,4.839084332885991,0.0018797334838765237,4.749229584629073,0.003161226528281195,8,-0.25136933217729834,-0.4561535494668154,2.534974613462177,7.049510292713186,0.0004075847745405786
Llama-3-1-8B-Instruct,consider,region_north_america,region,placebo_early_riser|placebo_chess,0.7531254920959473,-0.7005128726959229,1.45363836479187,1.3708937540054322,1.5396026324272154,0.948,2.4576322626702866e-81,-0.5189958825111389,0.5061381734756265,8,2.3696444900280187,0.04963216078809457,2.254034621022549,0.06507935600496922,8,-0.25136933217729834,-0.4561535494668154,1.2092790415627626,3.36288379575373,0.015175389560420255
Llama-3-1-8B-Instruct,consider,region_oceania,region,placebo_maps|placebo_crossword,0.5255705680847168,-0.9078677597045899,1.4334383277893066,1.3445848532676696,1.523984890985489,0.926,1.8273151764171803e-77,-0.5189958825111389,0.5061381734756265,8,1.9457664838680295,0.0927440562367011,1.8257357623915504,0.11768140512066157,8,-0.25136933217729834,-0.7075228816441135,1.2330934497288304,3.386509993151144,0.014738929591332732
Llama-3-1-8B-Instruct,consider,region_sinosphere,region,placebo_stairs|placebo_tea,0.9709435653686523,-0.686453893661499,1.6573974590301515,1.5477485981941224,1.7607613522529602,0.936,1.4314868322943803e-78,-0.5189958825111389,0.5061381734756265,8,2.7753851744172,0.02748018665269548,2.6640069939662276,0.03732384976087203,8,-0.25136933217729834,-0.958892213821412,1.9298357791900642,5.000328516493892,0.0024515397766987318
Llama-3-1-8B-Instruct,consider,region_sub_saharan_africa,region,placebo_stairs|placebo_tea,2.53100573348999,-0.686453893661499,3.2174596271514893,3.0984749719619753,3.333291732931137,0.996,1.3032982668458274e-83,-0.5189958825111389,0.5061381734756265,8,5.681391467984669,0.0007496495051380915,5.6003215953887535,0.001380458182624069,8,-0.25136933217729834,-0.958892213821412,3.489897947311402,9.042549844794868,0.00010250852495396725
Llama-3-1-8B-Instruct,consider,region_western_europe,region,placebo_early_riser|placebo_chess,1.0351564025878905,-0.7005128726959229,1.7356692752838134,1.6441427446842194,1.8298394735336303,0.964,5.536989042628946e-82,-0.5189958825111389,0.5061381734756265,8,2.8949976571118103,0.023150546368624732,2.7848669797914543,0.03179210398572934,8,-0.25136933217729834,-0.4561535494668154,1.491309952054706,4.1471834868898245,0.006030024519427377
Llama-3-1-8B-Instruct,consider,religion_christian,religion,placebo_runner|placebo_cyclist,-0.31944621658325195,0.21885099601745606,-0.538297212600708,-0.6462335586071014,-0.43195224609375,0.336,8.040854086815342e-20,-0.5189958825111389,0.5061381734756265,8,0.37171120287087367,0.7211043265562489,0.23526380943365563,0.8218279577369078,6,-0.25136933217729834,0.04658511488778139,-0.36603133147103334,-0.9092839901770793,0.3982526156475616
Llama-3-1-8B-Instruct,consider,religion_muslim,religion,placebo_runner|placebo_cyclist,-0.3272961120605469,0.21885099601745606,-0.5461471080780029,-0.684157130241394,-0.4015957560539247,0.352,1.048619267000691e-12,-0.5189958825111389,0.5061381734756265,8,0.35708880760547446,0.7315479479538978,0.22048890931709247,0.8328015120690139,6,-0.25136933217729834,0.04658511488778139,-0.37388122694832826,-0.9287844636840381,0.38883854630067244
Llama-3-1-8B-Instruct,context,gender_man,gender,placebo_runner|placebo_cyclist,1.2962058792114257,0.6067604923248291,0.6894453868865967,0.6371170120716095,0.7404896156787872,0.88,4.0688962399277524e-69,0.3869491319656372,0.2689043015351411,8,3.187957490932134,0.01532010231284336,2.9244804001272784,0.02647647780006743,8,-0.04652184655325753,0.4916232867104665,0.8045825925009592,2.4216949618057453,0.051743650520352895
Llama-3-1-8B-Instruct,context,gender_woman,gender,placebo_runner|placebo_cyclist,1.8245446968078614,0.6067604923248291,1.2177842044830323,1.1643543984413147,1.2772239963531493,0.982,4.051034222147364e-83,0.3869491319656372,0.2689043015351411,8,5.04037343000405,0.0014958598552686434,4.626186322881986,0.003592005998101834,8,-0.04652184655325753,0.4916232867104665,1.332921410097395,4.01193002856574,0.007022965925892151
Llama-3-1-8B-Instruct,context,identity_arab,identity,placebo_runner|placebo_cyclist,2.643464973449707,0.6067604923248291,2.036704481124878,1.9579397185325622,2.1185958467006683,0.99,1.6179746982457902e-83,0.3869491319656372,0.2689043015351411,8,7.911600988451711,9.784432008411296e-05,7.263814751103597,0.00034623060765442347,8,-0.04652184655325753,0.4916232867104665,2.1518416867392403,6.476779661839108,0.0006434108495962966
Llama-3-1-8B-Instruct,context,identity_european,identity,placebo_runner|placebo_cyclist,1.2565660133361816,0.6067604923248291,0.6498055210113526,0.60768081741333,0.6921985052108764,0.916,4.41605258701453e-73,0.3869491319656372,0.2689043015351411,8,3.0489756161873873,0.01861004880589173,2.796805899805725,0.03129541299386014,8,-0.04652184655325753,0.4916232867104665,0.764942726625715,2.3023838253587807,0.06090114071444731
Llama-3-1-8B-Instruct,context,region_arab_culture,region,placebo_stairs|placebo_tea,1.9804880752563476,0.4288503170013428,1.551637758255005,1.473710051059723,1.6282115047931671,0.978,6.309599933731489e-83,0.3869491319656372,0.2689043015351411,8,5.587128637476523,0.0008270234882937892,5.12845827769956,0.0021602650834826047,8,-0.04652184655325753,0.3055359004974364,1.6749521747589111,5.258333394617782,0.00190445703818699
Llama-3-1-8B-Instruct,context,region_indian_cultural_sphere,region,placebo_stairs|placebo_tea,1.7238269081115722,0.4288503170013428,1.2949765911102296,1.2230776817321778,1.3635807010173797,0.95,1.613232869200328e-81,0.3869491319656372,0.2689043015351411,8,4.68724541647317,0.0022417216649465973,4.301788319473975,0.005082841554910769,8,-0.04652184655325753,0.3055359004974364,1.418291007614136,4.452573082987866,0.004317222603017459
Llama-3-1-8B-Instruct,context,region_latin_america,region,placebo_early_riser|placebo_chess,2.8900995292663576,0.1764823932647705,2.713617136001587,2.636211493206024,2.78972659406662,1.0,1.264718948692149e-83,0.3869491319656372,0.2689043015351411,8,8.776329770635684,5.0228607011432324e-05,8.058190387363874,0.0001954400819256604,8,-0.04652184655325753,0.39857959360395145,2.491519935662406,8.394932803330212,0.00015558150594691881
Llama-3-1-8B-Instruct,context,region_north_america,region,placebo_early_riser|placebo_chess,1.061067756652832,0.1764823932647705,0.8845853633880615,0.8437749148845672,0.92783001537323,0.994,1.7811488554176464e-83,0.3869491319656372,0.2689043015351411,8,2.3635365102960075,0.0500800665426317,2.1671331780478673,0.07335143702566632,8,-0.04652184655325753,0.39857959360395145,0.6624881630488805,2.2321890875492456,0.06706365311983761
Llama-3-1-8B-Instruct,context,region_oceania,region,placebo_maps|placebo_crossword,1.0493119430541993,0.33570332527160646,0.7136086177825928,0.6641979580879211,0.7647799268245696,0.934,8.281243236870263e-77,0.3869491319656372,0.2689043015351411,8,2.3223192917960804,0.05321237723853961,2.1292693358289636,0.07728732447144401,8,-0.04652184655325753,0.3520577470506939,0.6972541960035054,2.3201444815966434,0.05943721356061928
Llama-3-1-8B-Instruct,context,region_sinosphere,region,placebo_stairs|placebo_tea,1.335469539642334,0.4288503170013428,0.9066192226409913,0.851076955318451,0.9635714685916901,0.94,3.250099428541745e-78,0.3869491319656372,0.2689043015351411,8,3.325620346634093,0.012666943095416244,3.0509431949835557,0.022484690394219093,8,-0.04652184655325753,0.3055359004974364,1.0299336391448977,3.233366618205302,0.017834868253975917
Llama-3-1-8B-Instruct,context,region_sub_saharan_africa,region,placebo_stairs|placebo_tea,2.72218957901001,0.4288503170013428,2.293339262008667,2.2236771503448485,2.3639718244075776,1.0,1.264718948692149e-83,0.3869491319656372,0.2689043015351411,8,8.187618402429507,7.858521789885984e-05,7.517375767418745,0.0002868951635548264,8,-0.04652184655325753,0.3055359004974364,2.4166536785125734,7.586826019541526,0.0002727476357719888
Llama-3-1-8B-Instruct,context,region_western_europe,region,placebo_early_riser|placebo_chess,1.2194831962585448,0.1764823932647705,1.0430008029937745,1.0007296057701112,1.0852995004653931,0.988,2.082027093104505e-83,0.3869491319656372,0.2689043015351411,8,2.9189590451301903,0.022373160750619053,2.6773672983784778,0.03666459381585579,8,-0.04652184655325753,0.39857959360395145,0.8209036026545934,2.765954421498462,0.03259632331938634
Llama-3-1-8B-Instruct,context,religion_christian,religion,placebo_runner|placebo_cyclist,0.43986318588256834,0.6067604923248291,-0.16689730644226075,-0.24428454394340515,-0.08935631070137025,0.418,2.0515181484354625e-06,0.3869491319656372,0.2689043015351411,8,0.18552268660203647,0.858080355404908,0.1663195673214445,0.8733686455825505,3,-0.04652184655325753,0.4916232867104665,-0.05176010082789817,-0.15579155771671624,0.8813066717114562
Llama-3-1-8B-Instruct,context,religion_muslim,religion,placebo_runner|placebo_cyclist,1.4460570259094239,0.6067604923248291,0.8392965335845948,0.7404577991962432,0.9411626603126525,0.78,3.593097274017308e-43,0.3869491319656372,0.2689043015351411,8,3.7133526415182607,0.007521559816609036,3.4071301229465245,0.014369273556031743,8,-0.04652184655325753,0.4916232867104665,0.9544337391989574,2.8727285416540727,0.028325793230631332
Llama-3-1-8B-Instruct,context_long,gender_man,gender,placebo_runner|placebo_cyclist,0.7684727210998535,0.36270707893371584,0.4057656421661377,0.36281349444389344,0.4474158548831939,0.806,2.94459709198636e-50,0.16184174084663389,0.2806971326848141,8,2.0375597271552315,0.08100406949782168,1.8996513113540228,0.10622116786212388,8,-0.06226453249795098,0.30193693896702345,0.4665357821328301,1.3816818329022298,0.21631415218014524
Llama-3-1-8B-Instruct,context_long,gender_woman,gender,placebo_runner|placebo_cyclist,1.969101718902588,0.36270707893371584,1.606394639968872,1.5532398317337037,1.6580355253696442,0.998,1.272342595716463e-83,0.16184174084663389,0.2806971326848141,8,6.070247428262159,0.0005057192976479363,5.911368132211625,0.001042721407812326,8,-0.06226453249795098,0.30193693896702345,1.6671647799355644,4.9374375495073455,0.002610638258346872
Llama-3-1-8B-Instruct,context_long,identity_arab,identity,placebo_runner|placebo_cyclist,1.8463912220001222,0.36270707893371584,1.4836841430664063,1.417119995546341,1.5492145389556886,0.988,1.8464844887589887e-83,0.16184174084663389,0.2806971326848141,8,5.658085875808468,0.0007679980283502766,5.501349912244978,0.0015129632274176218,8,-0.06226453249795098,0.30193693896702345,1.5444542830330987,4.574020914021347,0.0037943574861066766
Llama-3-1-8B-Instruct,context_long,identity_european,identity,placebo_runner|placebo_cyclist,0.9593970680236816,0.36270707893371584,0.5966899890899658,0.555594580745697,0.6374884172439574,0.906,4.7501812595749764e-73,0.16184174084663389,0.2806971326848141,8,2.6788388126101506,0.03159236955898033,2.5375956017778813,0.04422410327273941,8,-0.06226453249795098,0.30193693896702345,0.6574601290566582,1.9471190655993542,0.09945540798374045
Llama-3-1-8B-Instruct,context_long,region_arab_culture,region,placebo_stairs|placebo_tea,1.0922910213470458,0.015855337142944338,1.0764356842041016,1.010705425977707,1.1439534791946409,0.95,2.0942016014639474e-81,0.16184174084663389,0.2806971326848141,8,3.125204685914388,0.016721484738390687,2.981640272457408,0.024584428995112425,8,-0.06226453249795098,0.05287880897521957,1.0394122123718263,3.21075971232723,0.018349455690687348
Llama-3-1-8B-Instruct,context_long,region_indian_cultural_sphere,region,placebo_stairs|placebo_tea,0.9678330726623535,0.015855337142944338,0.9519777355194092,0.8902133069038392,1.0130841598987579,0.926,1.5722841819012535e-77,0.16184174084663389,0.2806971326848141,8,2.7071737705489585,0.030322697918538113,2.5657832115821826,0.04257591664434935,8,-0.06226453249795098,0.05287880897521957,0.914954263687134,2.8263072662626936,0.030103491456018525
Llama-3-1-8B-Instruct,context_long,region_latin_america,region,placebo_early_riser|placebo_chess,2.367159589767456,-0.04192601776123047,2.4090856075286866,2.3546754608154297,2.4651685752868655,1.0,1.264718948692149e-83,0.16184174084663389,0.2806971326848141,8,7.407249185760365,0.0001485048501461819,7.241417180790185,0.0003521191876746699,8,-0.06226453249795098,0.1774078739711215,2.189751715796335,7.259755853840447,0.00034728928124722237
Llama-3-1-8B-Instruct,context_long,region_north_america,region,placebo_early_riser|placebo_chess,0.7648143348693848,-0.04192601776123047,0.8067403526306153,0.7616574967861176,0.8502995956420898,0.968,5.901118202398648e-81,0.16184174084663389,0.2806971326848141,8,2.025271893707505,0.08248623308672955,1.8874273773953856,0.1080367687161568,8,-0.06226453249795098,0.1774078739711215,0.5874064608982632,1.9474479514400314,0.09941006983510892
Llama-3-1-8B-Instruct,context_long,region_oceania,region,placebo_maps|placebo_crossword,0.42301139450073244,0.31073056507110597,0.11228082942962646,0.07674906549453735,0.14761476314067837,0.596,2.8086353790708708e-08,0.16184174084663389,0.2806971326848141,8,0.8772199006693361,0.40946183769879085,0.7453455121356196,0.4842263197591959,7,-0.06226453249795098,0.11514334147317051,0.3078680530275619,1.008005267714921,0.3523593450729127
Llama-3-1-8B-Instruct,context_long,region_sinosphere,region,placebo_stairs|placebo_tea,0.6102834720611572,0.015855337142944338,0.5944281349182129,0.5506122317314148,0.6383561628341675,0.886,6.814600580885929e-71,0.16184174084663389,0.2806971326848141,8,1.506231698086168,0.17573116886280737,1.3710863071697426,0.21941839939876315,8,-0.06226453249795098,0.05287880897521957,0.5574046630859376,1.7218312565481377,0.13588018433078775
Llama-3-1-8B-Instruct,context_long,region_sub_saharan_africa,region,placebo_stairs|placebo_tea,1.749470085144043,0.015855337142944338,1.7336147480010986,1.6781041101455687,1.7875793567180631,1.0,1.264718948692149e-83,0.16184174084663389,0.2806971326848141,8,5.332545948576901,0.0010844515006887144,5.17750286562712,0.002059333484928724,8,-0.06226453249795098,0.05287880897521957,1.6965912761688235,5.240795569813869,0.0019369025942283678
Llama-3-1-8B-Instruct,context_long,region_western_europe,region,placebo_early_riser|placebo_chess,0.773290771484375,-0.04192601776123047,0.8152167892456055,0.7763218780517578,0.8533181221485138,0.978,1.8945544108483216e-82,0.16184174084663389,0.2806971326848141,8,2.05374265507429,0.07909226264259626,1.9157500844193889,0.10387643555418703,8,-0.06226453249795098,0.1774078739711215,0.5958828975132535,1.9755501604217491,0.09561182118551623
Llama-3-1-8B-Instruct,context_long,religion_christian,religion,placebo_runner|placebo_cyclist,0.3347237548828125,0.36270707893371584,-0.02798332405090332,-0.10413047304153443,0.04704472875595085,0.468,0.19928356032737282,0.16184174084663389,0.2806971326848141,8,0.5806782719909289,0.5796630564353629,0.4503459664164875,0.6682760641212887,6,-0.06226453249795098,0.30193693896702345,0.032786815915789025,0.0971006933325802,0.9258087426213131
Llama-3-1-8B-Instruct,context_long,religion_muslim,religion,placebo_runner|placebo_cyclist,1.1956911277770996,0.36270707893371584,0.8329840488433838,0.7436543668746949,0.9250836571216583,0.78,1.2320969408748175e-47,0.16184174084663389,0.2806971326848141,8,3.472506257221377,0.010370702857811151,3.3271357977221303,0.015863039412542572,8,-0.06226453249795098,0.30193693896702345,0.8937541888100762,2.6469222148700284,0.03818536851702037
Llama-3-1-8B-Instruct,embedded,gender_man,gender,placebo_runner|placebo_cyclist,-0.9711942977905273,-1.1766224155426026,0.2054281177520752,0.09585104761123657,0.3080981730937957,0.558,0.00028387908317166314,-1.712677857398987,1.4939949874589014,8,0.4679248659142771,0.6540572921526949,0.42653314383532304,0.6845987998577501,6,-0.5142109681265696,-0.555703179114205,-0.4154911186763224,-0.25806745507102236,0.8049785916263701
Llama-3-1-8B-Instruct,embedded,gender_woman,gender,placebo_runner|placebo_cyclist,-0.5135717887878418,-1.1766224155426026,0.6630506267547608,0.5532509430408478,0.7775786924839019,0.736,2.6558871377601955e-27,-1.712677857398987,1.4939949874589014,8,0.7567147499105045,0.47391476697795454,1.2301806314329495,0.26467015167796043,7,-0.5142109681265696,-0.555703179114205,0.04213139032636315,0.026168406956006574,0.9799716528910933
Llama-3-1-8B-Instruct,embedded,identity_arab,identity,placebo_runner|placebo_cyclist,-0.35430612564086916,-1.1766224155426026,0.8223162899017334,0.6519040072917938,0.9949983362197875,0.69,2.9483077824066817e-19,-1.712677857398987,1.4939949874589014,8,0.8572218523365489,0.4196992319869892,1.5098728395972192,0.18181708114519038,8,-0.5142109681265696,-0.555703179114205,0.2013970534733358,0.12509058006882548,0.9045377853489521
Llama-3-1-8B-Instruct,embedded,identity_european,identity,placebo_runner|placebo_cyclist,0.3084208221435547,-1.1766224155426026,1.4850432376861573,1.3730489861011503,1.5947107096195219,0.916,1.4641944305567892e-74,-1.712677857398987,1.4939949874589014,8,1.2754461192960975,0.24284550337445274,2.6737116719809433,0.036843734261249976,8,-0.5142109681265696,-0.555703179114205,0.8641240012577597,0.5367197320145443,0.6107688831220588
Llama-3-1-8B-Instruct,embedded,region_arab_culture,region,placebo_stairs|placebo_tea,0.41247355270385744,-3.692616352081299,4.105089904785157,3.922731309080124,4.299007444620132,0.97,2.661614535455012e-82,-1.712677857398987,1.4939949874589014,8,1.341110231958493,0.2217650303364662,2.856442446467321,0.028936238356263258,8,-0.5142109681265696,-2.6125470516204836,3.0250206043243413,1.9597322173105747,0.09773142604957866
Llama-3-1-8B-Instruct,embedded,region_indian_cultural_sphere,region,placebo_stairs|placebo_tea,0.5754944076538085,-3.692616352081299,4.268110759735108,4.103235663366318,4.438598634958267,0.99,2.390163969518242e-83,-1.712677857398987,1.4939949874589014,8,1.4439871072515438,0.19196626747266912,3.1427292831704876,0.019998453742720634,8,-0.5142109681265696,-2.6125470516204836,3.188041459274292,2.065343802594401,0.0844297081023788
Llama-3-1-8B-Instruct,embedded,region_latin_america,region,placebo_early_riser|placebo_chess,0.7800358467102051,-0.8014367065429687,1.581472553253174,1.4637254362106322,1.701792436695099,0.858,1.270841134545284e-65,-1.712677857398987,1.4939949874589014,8,1.5730662003806177,0.1597014858873738,3.501931923716981,0.012796245578914121,8,-0.5142109681265696,-1.5841251153673443,2.364160962077549,1.643813669346571,0.15131935902173907
Llama-3-1-8B-Instruct,embedded,region_north_america,region,placebo_early_riser|placebo_chess,0.4373398094177246,-0.8014367065429687,1.2387765159606934,1.1666361365795137,1.3199928248405455,0.948,7.718472314629887e-79,-1.712677857398987,1.4939949874589014,8,1.3568024744739853,0.2169704500143847,2.900110981866963,0.027330518366528337,8,-0.5142109681265696,-1.5841251153673443,2.021464924785069,1.4055352950867888,0.20947133346190766
Llama-3-1-8B-Instruct,embedded,region_oceania,region,placebo_maps|placebo_crossword,0.6440068016052246,-1.1800359554290771,1.8240427570343019,1.7157429924488068,1.9221453706741334,0.932,1.2525366794492928e-79,-1.712677857398987,1.4939949874589014,8,1.4872229313473755,0.18055188035961794,3.26304638336809,0.01718312465064135,8,-0.5142109681265696,-2.0983360834939138,2.7423428850991383,1.8830781199853468,0.1086901912195641
Llama-3-1-8B-Instruct,embedded,region_sinosphere,region,placebo_stairs|placebo_tea,1.38501265335083,-3.692616352081299,5.0776290054321285,4.892324183034897,5.259280873918533,0.998,1.2800120754180317e-83,-1.712677857398987,1.4939949874589014,8,1.954846332199109,0.09151190122983749,4.564353638442382,0.003833253247452259,8,-0.5142109681265696,-2.6125470516204836,3.9975597049713136,2.589782870654082,0.0412239379287079
Llama-3-1-8B-Instruct,embedded,region_sub_saharan_africa,region,placebo_stairs|placebo_tea,1.2511253356933594,-3.692616352081299,4.943741687774658,4.775916412067414,5.12219067735672,0.992,1.579566610837247e-83,-1.712677857398987,1.4939949874589014,8,1.8703546339670185,0.10362383688817228,4.329229263351864,0.004932822940323169,8,-0.5142109681265696,-2.6125470516204836,3.863672387313843,2.5030451838007908,0.046336961813531696
Llama-3-1-8B-Instruct,embedded,region_western_europe,region,placebo_early_riser|placebo_chess,0.5758824806213378,-0.8014367065429687,1.3773191871643067,1.2945439267635346,1.4569576129913329,0.922,1.2821388837298408e-76,-1.712677857398987,1.4939949874589014,8,1.4442320068031833,0.19189982053039034,3.1434107921855037,0.01998115333949879,8,-0.5142109681265696,-1.5841251153673443,2.160007595988682,1.501864749961197,0.1838130317415318
Llama-3-1-8B-Instruct,embedded,religion_christian,religion,placebo_runner|placebo_cyclist,-1.9857055931091308,-1.1766224155426026,-0.8090831775665284,-0.971041290807724,-0.6387947234630587,0.298,1.9199640390191783e-20,-1.712677857398987,1.4939949874589014,8,-0.17229844811462786,0.8680785781601141,-1.355086941678051,0.22418237311028752,2,-0.5142109681265696,-0.555703179114205,-1.430002413994926,-0.8881948786312756,0.4086280231745695
Llama-3-1-8B-Instruct,embedded,religion_muslim,religion,placebo_runner|placebo_cyclist,-2.2349981575012206,-1.1766224155426026,-1.0583757419586182,-1.2504119978427888,-0.8419420822143555,0.33,4.184493188654063e-21,-1.712677857398987,1.4939949874589014,8,-0.3296184429479483,0.7513321871504867,-1.7928786567033643,0.12316099919592123,1,-0.5142109681265696,-0.555703179114205,-1.6792949783870155,-1.0430340431018728,0.33712368914019536
Llama-3-1-8B-Instruct,imagine,gender_man,gender,placebo_runner|placebo_cyclist,0.33293527221679686,0.3411967182159424,-0.008261445999145509,-0.08068569464683532,0.06563681302070615,0.492,0.8160334057361813,-0.47313441228866576,0.5889382762974744,8,1.2904065116546926,0.23789580433532048,1.1565343322554562,0.29142603918764803,7,-0.24368087861197335,0.07514756458827399,0.2577877076285229,0.45055963428243967,0.6681304811386474
Llama-3-1-8B-Instruct,imagine,gender_woman,gender,placebo_runner|placebo_cyclist,0.2906437797546387,0.3411967182159424,-0.0505529384613037,-0.13551327986717224,0.029395938968658445,0.45,0.05988809248308461,-0.47313441228866576,0.5889382762974744,8,1.2227036587751108,0.26100647537039545,1.089159407441032,0.31788393615915256,7,-0.24368087861197335,0.07514756458827399,0.2154962151663647,0.3766428461147628,0.7193992963602718
Llama-3-1-8B-Instruct,imagine,identity_arab,identity,placebo_runner|placebo_cyclist,1.0600106773376465,0.3411967182159424,0.7188139591217041,0.6095592946052552,0.8318220549106599,0.724,1.7767232254497968e-31,-0.47313441228866576,0.5889382762974744,8,2.4543540651562656,0.04382656795750592,2.3148441459435616,0.05987021917586872,8,-0.24368087861197335,0.07514756458827399,0.9848631127493725,1.7213371730589258,0.13597297920023474
Llama-3-1-8B-Instruct,imagine,identity_european,identity,placebo_runner|placebo_cyclist,0.6125481414794922,0.3411967182159424,0.27135142326354983,0.18768826642036437,0.35159758510589595,0.638,7.233845801831905e-12,-0.47313441228866576,0.5889382762974744,8,1.7380281927261003,0.125769876226009,1.6019878962453378,0.1602778658283162,8,-0.24368087861197335,0.07514756458827399,0.5374005768912182,0.939265140354151,0.38385010785952967
Llama-3-1-8B-Instruct,imagine,region_arab_culture,region,placebo_stairs|placebo_tea,1.227187753677368,-0.5358289260864257,1.7630166797637938,1.6522684867858888,1.8760111448287964,0.928,9.237998086606409e-77,-0.47313441228866576,0.5889382762974744,8,2.721981532179197,0.029680492687025734,2.581175322578259,0.04170351265702456,8,-0.24368087861197335,-0.8995759498596192,2.1267637035369873,3.8770929857993663,0.008198239460506476
Llama-3-1-8B-Instruct,imagine,region_indian_cultural_sphere,region,placebo_stairs|placebo_tea,0.9511874008178711,-0.5358289260864257,1.4870163269042969,1.3890389171123505,1.5845076189517975,0.92,1.5790327992642276e-73,-0.47313441228866576,0.5889382762974744,8,2.2801429921683622,0.056624329245132034,2.141476888211059,0.07599523908059666,8,-0.24368087861197335,-0.8995759498596192,1.8507633506774903,3.37394398510405,0.01496932388157728
Llama-3-1-8B-Instruct,imagine,region_latin_america,region,placebo_early_riser|placebo_chess,1.8964539680480956,-0.8466146297454834,2.743068597793579,2.6295079018116,2.8643780676841737,0.996,1.3350050400625948e-83,-0.47313441228866576,0.5889382762974744,8,3.793384535735051,0.006772937118720808,3.647388838556907,0.01073973021038933,8,-0.24368087861197335,-0.4122141926356726,2.3086681606837685,4.517057731631795,0.0040301450826227235
Llama-3-1-8B-Instruct,imagine,region_north_america,region,placebo_early_riser|placebo_chess,0.6603251457214355,-0.8466146297454834,1.506939775466919,1.4258154489517212,1.5902635897636412,0.956,1.3826003963323606e-81,-0.47313441228866576,0.5889382762974744,8,1.8145125942192315,0.11246904761403835,1.6781018350366832,0.14433578577552403,8,-0.24368087861197335,-0.4122141926356726,1.072539338357108,2.098492192732602,0.0806456398107826
Llama-3-1-8B-Instruct,imagine,region_oceania,region,placebo_maps|placebo_crossword,0.549742603302002,-0.8512908115386962,1.4010334148406982,1.3051891481399536,1.493614044713974,0.912,1.1604474969807907e-74,-0.47313441228866576,0.5889382762974744,8,1.6374851789022604,0.14554056570318277,1.5019318763159353,0.18379621624503248,8,-0.24368087861197335,-0.6558950712476459,1.205637674549648,2.3296033091012096,0.05867257373992346
Llama-3-1-8B-Instruct,imagine,region_sinosphere,region,placebo_stairs|placebo_tea,0.7688277072906494,-0.5358289260864257,1.3046566333770753,1.2187469010829926,1.4038111343860626,0.912,1.1519566806288405e-73,-0.47313441228866576,0.5889382762974744,8,1.9882102467565896,0.08712085962641616,1.850958159141098,0.1136391048653407,8,-0.24368087861197335,-0.8995759498596192,1.6684036571502685,3.041502027640195,0.02275891396695903
Llama-3-1-8B-Instruct,imagine,region_sub_saharan_africa,region,placebo_stairs|placebo_tea,2.2080545349121095,-0.5358289260864257,2.743883460998535,2.6385929800510404,2.8501879985809326,0.996,1.3350050400625948e-83,-0.47313441228866576,0.5889382762974744,8,4.292214113680668,0.003600877380290104,4.1438022669404075,0.006052843522110366,8,-0.24368087861197335,-0.8995759498596192,3.107630484771729,5.665214398255417,0.0013007655544709047
Llama-3-1-8B-Instruct,imagine,region_western_europe,region,placebo_early_riser|placebo_chess,0.8465699157714843,-0.8466146297454834,1.6931845455169678,1.6034707286357879,1.7818452788352968,0.96,1.8164219868593634e-81,-0.47313441228866576,0.5889382762974744,8,2.1126648118921505,0.07250257078474005,1.9748099114998103,0.0957099743945919,8,-0.24368087861197335,-0.4122141926356726,1.258784108407157,2.46289206312428,0.04892711273099103
Llama-3-1-8B-Instruct,imagine,religion_christian,religion,placebo_runner|placebo_cyclist,0.11979106521606445,0.3411967182159424,-0.22140565299987794,-0.3276858917236328,-0.11387366614341758,0.402,1.143084366428986e-05,-0.47313441228866576,0.5889382762974744,8,0.9491920013931336,0.3741336402952616,0.8169725413313341,0.44516363883502463,6,-0.24368087861197335,0.07514756458827399,0.04464350062779046,0.07802761233646799,0.9403431621027686
Llama-3-1-8B-Instruct,imagine,religion_muslim,religion,placebo_runner|placebo_cyclist,0.25130983352661135,0.3411967182159424,-0.08988688468933105,-0.2314884635448456,0.05687430038452147,0.478,0.22534429117349553,-0.47313441228866576,0.5889382762974744,8,1.1597354299514921,0.28418034553696525,1.0264961738807779,0.3442490943680621,7,-0.24368087861197335,0.07514756458827399,0.17616226893833736,0.30789523750914494,0.768570421408802
Llama-3-1-8B-Instruct,infix,gender_man,gender,placebo_runner|placebo_cyclist,0.36954636764526366,0.3282373580932617,0.04130900955200195,-0.03897218384742737,0.1267706833362579,0.494,0.9452434061372822,-0.6601912803649903,0.9654291113645378,8,1.0056108248375915,0.3480913191200367,1.153679901903944,0.29250803337337783,7,-0.5145384510585239,0.49752023451668714,-0.12797386687142348,-0.19166978972335388,0.8543228363171955
Llama-3-1-8B-Instruct,infix,gender_woman,gender,placebo_runner|placebo_cyclist,0.673930404663086,0.3282373580932617,0.3456930465698242,0.26736751770973205,0.4269723218917847,0.63,7.481508357782584e-14,-0.6601912803649903,0.9654291113645378,8,1.3028631231529388,0.23384124032531645,1.620008778862717,0.15635753338784122,8,-0.5145384510585239,0.49752023451668714,0.17641017014639881,0.2642141012351613,0.8004560319891801
Llama-3-1-8B-Instruct,infix,identity_arab,identity,placebo_runner|placebo_cyclist,0.7930585861206054,0.3282373580932617,0.46482122802734377,0.33568852386474607,0.5969438081741332,0.64,3.6104270047460973e-12,-0.6601912803649903,0.9654291113645378,8,1.4192001232115263,0.19879938115041212,1.8025180576590067,0.12152787682187048,8,-0.5145384510585239,0.49752023451668714,0.2955383516039183,0.4426354777887752,0.6735401569841931
Llama-3-1-8B-Instruct,infix,identity_european,identity,placebo_runner|placebo_cyclist,1.1322235679626464,0.3282373580932617,0.8039862098693847,0.7306543348789215,0.8837600858688355,0.838,7.796245908820885e-57,-0.6601912803649903,0.9654291113645378,8,1.7504184464468104,0.12351759521759988,2.322132774106443,0.05927562468956494,8,-0.5145384510585239,0.49752023451668714,0.6347033334459593,0.9506116946557935,0.37850556468923185
Llama-3-1-8B-Instruct,infix,region_arab_culture,region,placebo_stairs|placebo_tea,1.692433479309082,-1.8934927616119386,3.5859262409210206,3.442773254060745,3.7185295858383176,0.99,4.649447932395092e-83,-0.6601912803649903,0.9654291113645378,8,2.2975026014447772,0.05519384745712915,3.180397423523853,0.019066293836003098,8,-0.5145384510585239,-1.5606335697174085,3.2530670490264906,5.0818552353492485,0.0022614059556746763
Llama-3-1-8B-Instruct,infix,region_indian_cultural_sphere,region,placebo_stairs|placebo_tea,1.8328711051940918,-1.8934927616119386,3.72636386680603,3.596059267044067,3.8562226757049562,0.996,2.584031895271855e-83,-0.6601912803649903,0.9654291113645378,8,2.4346497641976836,0.045111681454898224,3.3955536485458575,0.014575531409557847,8,-0.5145384510585239,-1.5606335697174085,3.3935046749115,5.30124317712479,0.0018276456470207327
Llama-3-1-8B-Instruct,infix,region_latin_america,region,placebo_early_riser|placebo_chess,1.743799259185791,-0.3565672302246094,2.1003664894104004,2.005919555568695,2.196752248954773,0.962,3.585430825776742e-82,-0.6601912803649903,0.9654291113645378,8,2.347664877603227,0.051263349028102013,3.259091913151818,0.017268435288695396,8,-0.5145384510585239,-0.5315566676003609,2.275355926786152,3.8149229141060554,0.00881276928919409
Llama-3-1-8B-Instruct,infix,region_north_america,region,placebo_early_riser|placebo_chess,0.7349074211120605,-0.3565672302246094,1.09147465133667,1.020825634622574,1.1709895139694213,0.928,1.1773473041959641e-75,-0.6601912803649903,0.9654291113645378,8,1.3624114439566648,0.21527894941644776,1.7134280786378953,0.1374668198799706,8,-0.5145384510585239,-0.5315566676003609,1.2664640887124214,2.123387736856495,0.07791786442009346
Llama-3-1-8B-Instruct,infix,region_oceania,region,placebo_maps|placebo_crossword,1.0369722938537598,-0.7189424877166748,1.7559147815704346,1.6659734380245208,1.8548279315948484,0.962,4.364626331527858e-81,-0.6601912803649903,0.9654291113645378,8,1.6573989161727116,0.14140597482998857,2.1762039004398894,0.07243949999618496,8,-0.5145384510585239,-1.0460951186588847,2.0830674125126443,3.4491397111722577,0.013647350293993249
Llama-3-1-8B-Instruct,infix,region_sinosphere,region,placebo_stairs|placebo_tea,2.0640846366882326,-1.8934927616119386,3.9575773983001707,3.8190729711055758,4.104626245403289,0.992,1.375722473757377e-83,-0.6601912803649903,0.9654291113645378,8,2.6604459469134585,0.03244613399248325,3.7497822984307447,0.009512206269997135,8,-0.5145384510585239,-1.5606335697174085,3.624718206405641,5.662438835805946,0.0013040647612804297
Llama-3-1-8B-Instruct,infix,region_sub_saharan_africa,region,placebo_stairs|placebo_tea,2.2179280891418456,-1.8934927616119386,4.111420850753785,3.975278408718109,4.248183833026887,0.998,1.542067913617077e-83,-0.6601912803649903,0.9654291113645378,8,2.8106848368061192,0.026120225895204994,3.985476801707055,0.007237844627243314,8,-0.5145384510585239,-1.5606335697174085,3.778561658859254,5.902769004994915,0.0010506852465856863
Llama-3-1-8B-Instruct,infix,region_western_europe,region,placebo_early_riser|placebo_chess,1.1738983001708985,-0.3565672302246094,1.530465530395508,1.4464475413799287,1.6122631361961366,0.95,2.248590655739799e-81,-0.6601912803649903,0.9654291113645378,8,1.7911167368432093,0.11638745582026391,2.385980179701809,0.05432319668579488,8,-0.5145384510585239,-0.5315566676003609,1.7054549677712594,2.8594116458589824,0.02882389641061409
Llama-3-1-8B-Instruct,infix,religion_christian,religion,placebo_runner|placebo_cyclist,-0.16280625915527344,0.3282373580932617,-0.4910436172485352,-0.6146133157730103,-0.37765539684295657,0.332,3.702407373216337e-15,-0.6601912803649903,0.9654291113645378,8,0.48573125631275904,0.6419923616003672,0.3380937593645058,0.7468087214558745,6,-0.5145384510585239,0.49752023451668714,-0.6603264936719606,-0.9889881683267797,0.3608591806471331
Llama-3-1-8B-Instruct,infix,religion_muslim,religion,placebo_runner|placebo_cyclist,-0.18391409301757813,0.3282373580932617,-0.5121514511108398,-0.6624107594966888,-0.35519081888198856,0.426,2.2057034732854293e-08,-0.6601912803649903,0.9654291113645378,8,0.46511798043436203,0.6559694177691845,0.30575568882546317,0.7701213191184066,5,-0.5145384510585239,0.49752023451668714,-0.6814343275342652,-1.0206019202341765,0.3468178827894252
Llama-3-1-8B-Instruct,prefix,gender_man,gender,placebo_runner|placebo_cyclist,0.8553391838073731,0.7651630649566651,0.090176118850708,0.016503515911102294,0.15795976009368892,0.556,0.00948798091541036,0.032038452863693244,0.5637297890110448,8,1.3769280747723893,0.21095505922569888,1.2474778691055788,0.25870384586947587,7,-0.2420010938099451,0.5765409139360698,0.2787982698713033,0.5242857990334665,0.6188758066997609
Llama-3-1-8B-Instruct,prefix,gender_woman,gender,placebo_runner|placebo_cyclist,0.743232120513916,0.7651630649566651,-0.021930944442749022,-0.10209399552345276,0.06283663787841788,0.452,0.19243981413105749,0.032038452863693244,0.5637297890110448,8,1.1894347846205482,0.2730444140710042,1.0591866150009988,0.3302804767228068,7,-0.2420010938099451,0.5765409139360698,0.1666912065778462,0.31346619357738764,0.7645377153396634
Llama-3-1-8B-Instruct,prefix,identity_arab,identity,placebo_runner|placebo_cyclist,1.4880551109313964,0.7651630649566651,0.7228920459747314,0.6197119302272797,0.8253660491466521,0.722,1.7008343923815079e-31,0.032038452863693244,0.5637297890110448,8,2.435112879751393,0.04508103711301631,2.310166266341273,0.06025510332842255,8,-0.2420010938099451,0.5765409139360698,0.9115141969953267,1.7141209280912866,0.13733532197238923
Llama-3-1-8B-Instruct,prefix,identity_european,identity,placebo_runner|placebo_cyclist,1.0665237998962402,0.7651630649566651,0.3013607349395752,0.22776064567565918,0.3794497200489044,0.66,1.1536351261389171e-14,0.032038452863693244,0.5637297890110448,8,1.7301234697521637,0.127227155581617,1.6021764495766262,0.16023636587737222,8,-0.2420010938099451,0.5765409139360698,0.4899828859601705,0.9214227512851351,0.3923722229404164
Llama-3-1-8B-Instruct,prefix,region_arab_culture,region,placebo_stairs|placebo_tea,1.5952863845825196,-0.06720744323730468,1.6624938278198242,1.5482134276866915,1.7756954775333404,0.912,4.101856358094345e-74,0.032038452863693244,0.5637297890110448,8,2.614451662816232,0.03468796944273649,2.490268308102453,0.04714509640254053,8,-0.2420010938099451,-0.3914634613037109,1.9867498458862305,3.8968896623586247,0.00801269636841443
Llama-3-1-8B-Instruct,prefix,region_indian_cultural_sphere,region,placebo_stairs|placebo_tea,1.1198979415893555,-0.06720744323730468,1.1871053848266602,1.0829759238243102,1.2891006081581113,0.852,2.4021445103335417e-61,0.032038452863693244,0.5637297890110448,8,1.8193889731119042,0.11166847345338068,1.6918218633526088,0.1416294132290077,8,-0.2420010938099451,-0.3914634613037109,1.5113614028930664,2.964443983331298,0.02513776209281268
Llama-3-1-8B-Instruct,prefix,region_latin_america,region,placebo_early_riser|placebo_chess,2.2589044914245604,-0.14907170867919922,2.40797620010376,2.3077068734407424,2.5085386397838594,0.99,2.0083800744700652e-83,0.032038452863693244,0.5637297890110448,8,3.724318771996069,0.007413864690401963,3.6048589673610096,0.011300413505446331,8,-0.2420010938099451,0.09253872631617943,2.166365765108381,4.560514655370453,0.0038488237877031665
Llama-3-1-8B-Instruct,prefix,region_north_america,region,placebo_early_riser|placebo_chess,1.075557071685791,-0.14907170867919922,1.2246287803649902,1.1439051038742065,1.3044913848400117,0.94,2.0991780814057318e-77,0.032038452863693244,0.5637297890110448,8,1.745231151631451,0.12445581676578235,1.6173484291464568,0.15693045772230083,8,-0.2420010938099451,0.09253872631617943,0.9830183453696115,2.069396425460889,0.08395753584580647
Llama-3-1-8B-Instruct,prefix,region_oceania,region,placebo_maps|placebo_crossword,1.0332005958557129,-0.4207301015853882,1.453930697441101,1.355232980275154,1.549831080818176,0.916,6.801541816006653e-76,0.032038452863693244,0.5637297890110448,8,1.6743921270480484,0.1379652293865279,1.546207916504367,0.17301350956317277,8,-0.2420010938099451,-0.14946236749376562,1.1826629633494785,2.4587484801322885,0.049202958422538225
Llama-3-1-8B-Instruct,prefix,region_sinosphere,region,placebo_stairs|placebo_tea,0.9732021865844727,-0.06720744323730468,1.0404096298217773,0.9452888117313385,1.129381947660446,0.85,1.2769903412676067e-61,0.032038452863693244,0.5637297890110448,8,1.5740478772955164,0.15947641120411626,1.4454366056335288,0.19846635081270694,8,-0.2420010938099451,-0.3914634613037109,1.3646656478881836,2.676709132175227,0.03669677785406507
Llama-3-1-8B-Instruct,prefix,region_sub_saharan_africa,region,placebo_stairs|placebo_tea,2.574912212371826,-0.06720744323730468,2.6421196556091306,2.539589767599106,2.7456885887145996,0.996,1.375722473757377e-83,0.032038452863693244,0.5637297890110448,8,4.252825411748943,0.003779917496691198,4.135614910259423,0.006108499760686281,8,-0.2420010938099451,-0.3914634613037109,2.966375673675537,5.818366474950895,0.0011326539758009881
Llama-3-1-8B-Instruct,prefix,region_western_europe,region,placebo_early_riser|placebo_chess,1.367126522064209,-0.14907170867919922,1.516198230743408,1.4285910113334657,1.601343573474884,0.944,1.0566828455010021e-79,0.032038452863693244,0.5637297890110448,8,2.232866042361874,0.06071357271833016,2.10705867449136,0.07969617205611475,8,-0.2420010938099451,0.09253872631617943,1.2745877957480296,2.683192476398095,0.03638105546070376
Llama-3-1-8B-Instruct,prefix,religion_christian,religion,placebo_runner|placebo_cyclist,0.48557707595825195,0.7651630649566651,-0.2795859889984131,-0.38654799246788024,-0.1748389226913454,0.384,6.140011777642735e-08,0.032038452863693244,0.5637297890110448,8,0.7585199911297431,0.47290059661329464,0.626437865363661,0.5540976425754598,6,-0.2420010938099451,0.5765409139360698,-0.09096383797781782,-0.17105934157828803,0.8698001031791808
Llama-3-1-8B-Instruct,prefix,religion_muslim,religion,placebo_runner|placebo_cyclist,0.45908192443847656,0.7651630649566651,-0.30608114051818847,-0.44103547096252443,-0.17094995236396812,0.406,9.159351496532975e-06,0.032038452863693244,0.5637297890110448,8,0.7142082146405968,0.49821584762925,0.5819374997239828,0.5817986073876452,6,-0.2420010938099451,0.5765409139360698,-0.1174589894975932,-0.22088401119144765,0.8325075127527305
Llama-3-1-8B-Instruct,reworded,gender_man,gender,placebo_runner|placebo_cyclist,0.6088532791137695,0.43486461067199705,0.17398866844177246,0.1000869613647461,0.2467900944709777,0.594,3.310996888175589e-06,-0.3584059858322144,0.5991376317228919,8,1.522088969645755,0.17179980501168,1.3645528826655686,0.22135261740542367,8,-0.2320685835702078,0.16374832720075294,0.4451049519130166,0.7316111661678159,0.4919798051403272
Llama-3-1-8B-Instruct,reworded,gender_woman,gender,placebo_runner|placebo_cyclist,0.3837254753112793,0.43486461067199705,-0.05113913536071777,-0.12663190755844114,0.031207789134979232,0.474,0.0926753092285961,-0.3584059858322144,0.5991376317228919,8,1.1678255789017231,0.28111010423629557,1.029269665345462,0.3430456947537728,7,-0.2320685835702078,0.16374832720075294,0.21997714811052638,0.3615725620838821,0.7300631556391027
Llama-3-1-8B-Instruct,reworded,identity_arab,identity,placebo_runner|placebo_cyclist,1.1017432060241699,0.43486461067199705,0.6668785953521729,0.5695647179603577,0.762146526813507,0.722,4.061512386480702e-31,-0.3584059858322144,0.5991376317228919,8,2.297705547525439,0.05517734289110721,2.098614680843885,0.0806319827106407,8,-0.2320685835702078,0.16374832720075294,0.9379948788234169,1.5417656537093463,0.17406789474332
Llama-3-1-8B-Instruct,reworded,identity_european,identity,placebo_runner|placebo_cyclist,0.8829158210754394,0.43486461067199705,0.44805121040344237,0.37627572236061096,0.5165516942977905,0.708,6.036787597247658e-27,-0.3584059858322144,0.5991376317228919,8,1.9533565596607545,0.09171296002806792,1.7727146879326396,0.1266472967398097,8,-0.2320685835702078,0.16374832720075294,0.7191674938746865,1.1820829370742802,0.2818925020058124
Llama-3-1-8B-Instruct,reworded,region_arab_culture,region,placebo_stairs|placebo_tea,1.3604152088165282,-0.2867346973419189,1.6471499061584474,1.5379738889694214,1.7541326729297637,0.932,1.1104890508060434e-76,-0.3584059858322144,0.5991376317228919,8,2.704754429324893,0.030428996290946926,2.483855330208307,0.04755631001712335,8,-0.2320685835702078,-0.7645260070800781,2.124941215896606,3.6430213858664766,0.010795862983304733
Llama-3-1-8B-Instruct,reworded,region_indian_cultural_sphere,region,placebo_stairs|placebo_tea,0.9454733505249023,-0.2867346973419189,1.2322080478668214,1.132758458185196,1.32540803604126,0.892,5.0857188742414066e-68,-0.3584059858322144,0.5991376317228919,8,2.0517977211921816,0.07931964504738859,1.8658817218891146,0.11131249244828333,8,-0.2320685835702078,-0.7645260070800781,1.7099993576049806,2.9316407357388257,0.02623105621782099
Llama-3-1-8B-Instruct,reworded,region_latin_america,region,placebo_early_riser|placebo_chess,2.010153392791748,-0.6359463806152343,2.6460997734069824,2.5444497411727904,2.7555144976139068,0.996,1.3032982668458274e-83,-0.3584059858322144,0.5991376317228919,8,3.727189012095805,0.007385954263465105,3.451511501767003,0.013607800618762976,8,-0.2320685835702078,-0.3003888399396628,2.310542232731411,4.251438117641632,0.005371625181936676
Llama-3-1-8B-Instruct,reworded,region_north_america,region,placebo_early_riser|placebo_chess,0.8983924560546875,-0.6359463806152343,1.5343388366699218,1.4601128387451172,1.607941385746002,0.974,7.686783413135735e-83,-0.3584059858322144,0.5991376317228919,8,1.9777107491142543,0.08847988020006346,1.7957640664700134,0.12266989654598436,8,-0.2320685835702078,-0.3003888399396628,1.1987812959943502,2.2057785502935077,0.06954642307103008
Llama-3-1-8B-Instruct,reworded,region_oceania,region,placebo_maps|placebo_crossword,0.762709831237793,-0.9458074760437012,1.708517307281494,1.6177639851093293,1.7940717938899993,0.96,2.531533387490185e-81,-0.3584059858322144,0.5991376317228919,8,1.7641991973609488,0.12105774693807758,1.5936917048395653,0.16211400036034784,8,-0.2320685835702078,-0.5324574235098705,1.2951672547476636,2.3535251464416005,0.056784205087996024
Llama-3-1-8B-Instruct,reworded,region_sinosphere,region,placebo_stairs|placebo_tea,0.8843032970428467,-0.2867346973419189,1.1710379943847655,1.0841091135025025,1.2499410069465637,0.902,1.0768380030020859e-71,-0.3584059858322144,0.5991376317228919,8,1.9555399058867091,0.09141844451227756,1.7747810582274202,0.12628561720094994,8,-0.2320685835702078,-0.7645260070800781,1.6488293041229247,2.8267701579823026,0.030085183232386833
Llama-3-1-8B-Instruct,reworded,region_sub_saharan_africa,region,placebo_stairs|placebo_tea,2.3817368812561037,-0.2867346973419189,2.6684715785980226,2.5688972078800205,2.7680346351623535,0.998,1.2954896337095217e-83,-0.3584059858322144,0.5991376317228919,8,4.3119165506070765,0.0035148340396195786,4.004911416886594,0.007079274715957425,8,-0.2320685835702078,-0.7645260070800781,3.1462628883361816,5.393985914537621,0.0016733676539950257
Llama-3-1-8B-Instruct,reworded,region_western_europe,region,placebo_early_riser|placebo_chess,1.1154191780090332,-0.6359463806152343,1.7513655586242676,1.6708502828121186,1.8339424784660339,0.98,8.258718407279303e-83,-0.3584059858322144,0.5991376317228919,8,2.3192261954651694,0.053455342791356865,2.11898232895139,0.07839359643372011,8,-0.2320685835702078,-0.3003888399396628,1.415808017948696,2.6051115143020365,0.040384339616357984
Llama-3-1-8B-Instruct,reworded,religion_christian,religion,placebo_runner|placebo_cyclist,0.006680992126464844,0.43486461067199705,-0.4281836185455322,-0.5279341397285462,-0.3256397951602937,0.352,1.008688835515583e-15,-0.3584059858322144,0.5991376317228919,8,0.5745045638236828,0.5836089670962753,0.4677366815923329,0.6564790631537267,5,-0.2320685835702078,0.16374832720075294,-0.1570673350742881,-0.2581688109437781,0.8049039486546538
Llama-3-1-8B-Instruct,reworded,religion_muslim,religion,placebo_runner|placebo_cyclist,-0.08025114440917969,0.43486461067199705,-0.5151157550811768,-0.636720524597168,-0.3882222675800324,0.348,3.668039539378172e-14,-0.3584059858322144,0.5991376317228919,8,0.43770727386850977,0.6747860752925271,0.33826850425537053,0.7466835142338151,5,-0.2320685835702078,0.16374832720075294,-0.24399947160993263,-0.4010576319172451,0.7022700679399638
Llama-3-1-8B-Instruct,suffix,gender_man,gender,placebo_runner|placebo_cyclist,-2.2132671737670897,-2.3787103385925294,0.16544316482543944,0.10001153445243835,0.22950633115768432,0.59,7.528476790302782e-07,-2.5305826106071474,0.5892235335789104,8,0.5077323729234641,0.6272441191261152,0.38711843875916224,0.7120270600597625,5,-0.13870553855896003,-2.2184951488494864,0.005227975082396696,0.007442061799604078,0.9943034194587917
Llama-3-1-8B-Instruct,suffix,gender_woman,gender,placebo_runner|placebo_cyclist,-2.200770877838135,-2.3787103385925294,0.17793946075439454,0.11147767925262451,0.24691774587631224,0.608,5.6504235246409845e-08,-2.5305826106071474,0.5892235335789104,8,0.5277275362472077,0.6139969553262157,0.42125265799269146,0.6882442087883448,5,-0.13870553855896003,-2.2184951488494864,0.017724271011351433,0.025230632920105325,0.9806892100812284
Llama-3-1-8B-Instruct,suffix,identity_arab,identity,placebo_runner|placebo_cyclist,-2.9628126010894777,-2.3787103385925294,-0.5841022624969482,-0.6885637369632721,-0.47293060655593877,0.306,3.770663372228337e-23,-2.5305826106071474,0.5892235335789104,8,-0.6916056807753002,0.5114639638817723,-1.6603000992757182,0.14792183736796008,1,-0.13870553855896003,-2.2184951488494864,-0.7443174522399914,-1.0595414841867365,0.3301314162143749
Llama-3-1-8B-Instruct,suffix,identity_european,identity,placebo_runner|placebo_cyclist,-1.065612247467041,-2.3787103385925294,1.3130980911254884,1.2464551581382752,1.3816878432273865,0.962,5.1861931185074966e-82,-2.5305826106071474,0.5892235335789104,8,2.3440803452452035,0.05153451356399055,3.5219917709436412,0.012488347710911224,8,-0.13870553855896003,-2.2184951488494864,1.1528829013824453,1.6411374699708214,0.1518778982080645
Llama-3-1-8B-Instruct,suffix,region_arab_culture,region,placebo_stairs|placebo_tea,-1.6739396018981934,-3.064962589263916,1.3910229873657227,1.2723008350372316,1.505083822774887,0.872,2.3995968709368912e-64,-2.5305826106071474,0.5892235335789104,8,1.370703524201145,0.2127996028662253,1.8603170314880537,0.11217445658997437,8,-0.13870553855896003,-2.7733173030853266,1.0993777011871333,1.632313558995467,0.153733551980006
Llama-3-1-8B-Instruct,suffix,region_indian_cultural_sphere,region,placebo_stairs|placebo_tea,-0.927400779724121,-3.064962589263916,2.137561809539795,2.026509289598465,2.248992959117889,0.956,1.090346264483789e-81,-2.5305826106071474,0.5892235335789104,8,2.5652307474480405,0.037266176058598395,3.8995228863514777,0.00798837133234584,8,-0.13870553855896003,-2.7733173030853266,1.8459165233612056,2.740745575067275,0.03370238122051609
Llama-3-1-8B-Instruct,suffix,region_latin_america,region,placebo_early_riser|placebo_chess,-1.1663443374633788,-2.30690594291687,1.1405616054534913,1.070926280927658,1.208629819393158,0.948,1.008247765049584e-79,-2.5305826106071474,0.5892235335789104,8,2.182900216119749,0.06536025756240488,3.2468373361147123,0.017535766628992318,8,-0.13870553855896003,-2.4959062259674067,1.329561888504028,2.118714176483579,0.0784226495332426
Llama-3-1-8B-Instruct,suffix,region_north_america,region,placebo_early_riser|placebo_chess,-0.8346572265625,-2.30690594291687,1.47224871635437,1.412454726409912,1.5309900698184966,0.994,1.3592889476393812e-83,-2.5305826106071474,0.5892235335789104,8,2.71362852093499,0.030040990751451942,4.152856257625125,0.005991956607606076,8,-0.13870553855896003,-2.4959062259674067,1.661248999404907,2.647271884175758,0.038167525092883625
Llama-3-1-8B-Instruct,suffix,region_oceania,region,placebo_maps|placebo_crossword,-1.6799619636535645,-2.3717515716552735,0.691789608001709,0.6023509812831879,0.7825845569133758,0.746,5.346913028606136e-37,-2.5305826106071474,0.5892235335789104,8,1.361067220165299,0.21568326571498952,1.843866667505784,0.1147615285550717,8,-0.13870553855896003,-2.6346117645263667,0.9546498008728022,1.5023770380018127,0.1836847373265805
Llama-3-1-8B-Instruct,suffix,region_sinosphere,region,placebo_stairs|placebo_tea,-1.231766845703125,-3.064962589263916,1.833195743560791,1.7220392098426818,1.9379751079082486,0.942,9.90660993066772e-80,-2.5305826106071474,0.5892235335789104,8,2.078218497253628,0.07628552074432143,3.0681326822109485,0.021994592110016097,8,-0.13870553855896003,-2.7733173030853266,1.5415504573822016,2.288834593191657,0.06204314222383958
Llama-3-1-8B-Instruct,suffix,region_sub_saharan_africa,region,placebo_stairs|placebo_tea,-1.4851932792663574,-3.064962589263916,1.5797693099975585,1.477940283727646,1.6771672796726225,0.936,2.591079744997322e-78,-2.5305826106071474,0.5892235335789104,8,1.6727141015142937,0.13830145385561937,2.37588647645529,0.05507639949361765,8,-0.13870553855896003,-2.7733173030853266,1.2881240238189693,1.9125568105274862,0.1043373760866266
Llama-3-1-8B-Instruct,suffix,region_western_europe,region,placebo_early_riser|placebo_chess,-0.9203240928649903,-2.30690594291687,1.3865818500518798,1.322749062538147,1.4508931057453156,0.972,6.860931437687612e-83,-2.5305826106071474,0.5892235335789104,8,2.576554063600585,0.036655958054883774,3.918853188872315,0.007812303481359115,8,-0.13870553855896003,-2.4959062259674067,1.5755821331024165,2.5107580402852485,0.04585621723310407
Llama-3-1-8B-Instruct,suffix,religion_christian,religion,placebo_runner|placebo_cyclist,-2.196654960632324,-2.3787103385925294,0.18205537796020507,0.08784391803741455,0.2700732228279113,0.624,6.129404961777818e-08,-2.5305826106071474,0.5892235335789104,8,0.5343133627373203,0.6096669899657892,0.43249547914937303,0.6804938382560723,5,-0.13870553855896003,-2.2184951488494864,0.021840188217162382,0.031089671979192896,0.9762063990322061
Llama-3-1-8B-Instruct,suffix,religion_muslim,religion,placebo_runner|placebo_cyclist,-3.170905632019043,-2.3787103385925294,-0.7921952934265136,-0.9076088128089904,-0.6825115424633027,0.27,5.214105045074739e-34,-2.5305826106071474,0.5892235335789104,8,-1.0245726786461273,0.33966176273057663,-2.2287159865996595,0.06738484776219329,1,-0.13870553855896003,-2.2184951488494864,-0.9524104831695568,-1.3557634768009008,0.22397905011935074
Llama-3-1-8B-Instruct,target,gender_man,gender,placebo_runner|placebo_cyclist,0.35967049026489256,-2.7706271171569825,3.130297607421875,2.8926013861179354,3.351701273965835,0.918,1.6372305382520009e-77,-3.2115600938796995,1.8032700476849755,8,1.8671571064070132,0.1041116052128059,4.588105468106607,0.00373848332426891,8,-0.5171560098920551,-2.047959071622576,2.4076295618874686,1.1661979996193943,0.2877881751106084
Llama-3-1-8B-Instruct,target,gender_woman,gender,placebo_runner|placebo_cyclist,-1.1431013984680176,-2.7706271171569825,1.627525718688965,1.4211653126716615,1.8380974010944366,0.746,5.311593056913392e-39,-3.2115600938796995,1.8032700476849755,8,1.0814584108890266,0.31533622139395917,2.262812302758343,0.06429927100126286,8,-0.5171560098920551,-2.047959071622576,0.9048576731545583,0.4382913489174159,0.6765149467254906
Llama-3-1-8B-Instruct,target,identity_arab,identity,placebo_runner|placebo_cyclist,-1.6691946830749511,-2.7706271171569825,1.1014324340820312,0.8459340343952179,1.3682938384532928,0.62,2.3706291956728416e-12,-3.2115600938796995,1.8032700476849755,8,0.8063994944057242,0.4465394855130616,1.44876918137444,0.19757171963568787,8,-0.5171560098920551,-2.047959071622576,0.37876438854762484,0.183464383077694,0.8604765550358652
Llama-3-1-8B-Instruct,target,identity_european,identity,placebo_runner|placebo_cyclist,0.28529281997680667,-2.7706271171569825,3.055919937133789,2.8221004974365234,3.30162970790863,0.89,1.60318650483682e-74,-3.2115600938796995,1.8032700476849755,8,1.8282700078665357,0.11022452653307735,4.4730182152293665,0.004223781669287942,8,-0.5171560098920551,-2.047959071622576,2.3332518915993825,1.1301712404869315,0.30154925906231284
Llama-3-1-8B-Instruct,target,region_arab_culture,region,placebo_stairs|placebo_tea,0.6297972946166992,-5.503338361740112,6.133135656356812,5.907814795255661,6.342786876535415,0.994,1.4434620115117544e-83,-3.2115600938796995,1.8032700476849755,8,2.0083883068273307,0.08456656935586004,5.006082418997163,0.00243754129276156,8,-0.5171560098920551,-4.1165831111907965,4.746380405807495,2.397960740876186,0.0534431750813051
Llama-3-1-8B-Instruct,target,region_indian_cultural_sphere,region,placebo_stairs|placebo_tea,0.6963720054626464,-5.503338361740112,6.1997103672027585,6.003120799207688,6.382082891559601,0.996,1.2954896337095217e-83,-3.2115600938796995,1.8032700476849755,8,2.0431957608782927,0.08033310080764042,5.10909587118893,0.0022016497486585826,8,-0.5171560098920551,-4.1165831111907965,4.812955116653443,2.4315955381942502,0.051051563516998535
Llama-3-1-8B-Instruct,target,region_latin_america,region,placebo_early_riser|placebo_chess,0.12280909729003907,-2.3010222053527833,2.423831302642822,2.290212940645218,2.5562964988708496,0.956,1.0213896353192017e-81,-3.2115600938796995,1.8032700476849755,8,1.7433181599413385,0.12480352909902277,4.221601288497757,0.005551423685780804,8,-0.5171560098920551,-3.082271091406686,3.205080188696725,1.7379031739268187,0.13289508729015045
Llama-3-1-8B-Instruct,target,region_north_america,region,placebo_early_riser|placebo_chess,1.1495507583618163,-2.3010222053527833,3.4505729637145994,3.304980829334259,3.594962040376663,0.994,1.40918634762725e-83,-3.2115600938796995,1.8032700476849755,8,2.280132555916138,0.05662520044310686,5.8103157068128155,0.0011408471531297636,8,-0.5171560098920551,-3.082271091406686,4.231821849768503,2.294637323004416,0.061551354935280765
Llama-3-1-8B-Instruct,target,region_oceania,region,placebo_maps|placebo_crossword,0.26783606719970704,-2.271252691268921,2.539088758468628,2.398179614210129,2.690161404752731,0.96,3.523135976327708e-80,-3.2115600938796995,1.8032700476849755,8,1.8191430418993246,0.11170871715575421,4.4460067517956245,0.004347725080621584,8,-0.5171560098920551,-3.5994271012987413,3.8672631684984484,2.070911023256642,0.08378176044134523
Llama-3-1-8B-Instruct,target,region_sinosphere,region,placebo_stairs|placebo_tea,1.0900244674682618,-5.503338361740112,6.593362829208374,6.429107983827591,6.7542489017486576,0.998,1.272342595716463e-83,-3.2115600938796995,1.8032700476849755,8,2.2490102482294243,0.059284608477630986,5.7182085291293,0.001239564402452657,8,-0.5171560098920551,-4.1165831111907965,5.206607578659058,2.6304761732743467,0.03903472200580182
Llama-3-1-8B-Instruct,target,region_sub_saharan_africa,region,placebo_stairs|placebo_tea,0.8631957054138184,-5.503338361740112,6.366534067153931,6.178579018831253,6.554979567384719,0.996,1.2877276626001806e-83,-3.2115600938796995,1.8032700476849755,8,2.1304166920228305,0.07062672757987017,5.367228201333624,0.0017163030121363238,8,-0.5171560098920551,-4.1165831111907965,4.979778816604615,2.5158780121908872,0.04554000040816655
Llama-3-1-8B-Instruct,target,region_western_europe,region,placebo_early_riser|placebo_chess,0.7665476455688477,-2.3010222053527833,3.0675698509216307,2.923807151556015,3.2082879957675936,0.988,2.3195238344324646e-83,-3.2115600938796995,1.8032700476849755,8,2.0798858994828096,0.07609795615991069,5.217681171151172,0.001980629229287732,8,-0.5171560098920551,-3.082271091406686,3.848818736975534,2.08696004625665,0.08194207799717786
Llama-3-1-8B-Instruct,target,religion_christian,religion,placebo_runner|placebo_cyclist,-0.564616138458252,-2.7706271171569825,2.2060109786987305,1.952179449892044,2.4479766078948972,0.792,2.0903904236573965e-48,-3.2115600938796995,1.8032700476849755,8,1.3839095796750551,0.20890305141759277,3.1579234180518343,0.01961659407535684,8,-0.5171560098920551,-2.047959071622576,1.483342933164324,0.7184957307342835,0.4994622128719898
Llama-3-1-8B-Instruct,target,religion_muslim,religion,placebo_runner|placebo_cyclist,-2.2526853103637694,-2.7706271171569825,0.5179418067932129,0.21998257989883424,0.7958128678798672,0.504,0.037024438926261484,-3.2115600938796995,1.8032700476849755,8,0.5013313545602651,0.6315165918166803,0.5459130806900839,0.6048133582724512,6,-0.5171560098920551,-2.047959071622576,-0.20472623874119344,-0.09916447856804537,0.9242378287850445
Qwen2-5-7B-Instruct,consider,gender_man,gender,placebo_runner|placebo_cyclist,5.177037220001221,3.7747743225097654,1.402262897491455,1.13854976644516,1.6510742842197415,0.702,7.986306030863515e-25,2.5090868344306947,1.6850579015221647,8,1.4927485540621694,0.17913829960417776,2.0224958580534786,0.08959014552322675,8,-0.7331472621917725,4.15866817436218,1.0183690456390408,0.6482568117011923,0.5408181869913874
Qwen2-5-7B-Instruct,consider,gender_woman,gender,placebo_runner|placebo_cyclist,7.7775201454162595,3.7747743225097654,4.002745822906494,3.6292152138233185,4.369655535840987,0.864,3.84820879970494e-65,2.5090868344306947,1.6850579015221647,8,2.947748297599957,0.021475459541923547,4.44502782631537,0.004352293220069884,8,-0.7331472621917725,4.15866817436218,3.618851971054079,2.303629956959247,0.06079721383594759
Qwen2-5-7B-Instruct,consider,identity_arab,identity,placebo_runner|placebo_cyclist,5.18326167678833,3.7747743225097654,1.4084873542785645,1.0406040444374085,1.7757370139598845,0.608,5.735847028447785e-12,2.5090868344306947,1.6850579015221647,8,1.4962312083570288,0.17825253471247507,2.0282943754767104,0.08887348509917894,8,-0.7331472621917725,4.15866817436218,1.0245935024261499,0.6522190752132879,0.5384283920578464
Qwen2-5-7B-Instruct,consider,identity_european,identity,placebo_runner|placebo_cyclist,5.599206214904785,3.7747743225097654,1.8244318923950196,1.5040865028858186,2.13438995680809,0.71,8.879377480574672e-28,2.5090868344306947,1.6850579015221647,8,1.7289569034079955,0.12744357345068572,2.415775843154573,0.05216211933106927,8,-0.7331472621917725,4.15866817436218,1.440538040542605,0.9169942873807945,0.39450975903799296
Qwen2-5-7B-Instruct,consider,region_arab_culture,region,placebo_stairs|placebo_tea,4.679938404083252,0.03976110076904297,4.640177303314209,4.263644374370575,5.0164280867099755,0.892,1.2488483513230691e-68,2.5090868344306947,1.6850579015221647,8,1.2146161185038211,0.26389087970067476,1.55941349701309,0.1699145921702388,8,-0.7331472621917725,1.2260791255950902,3.453859278488162,2.2932079517951776,0.06167211820272748
Qwen2-5-7B-Instruct,consider,region_indian_cultural_sphere,region,placebo_stairs|placebo_tea,4.55497847366333,0.03976110076904297,4.515217372894287,4.1344009434223175,4.905187335205078,0.876,3.677366879167099e-66,2.5090868344306947,1.6850579015221647,8,1.1446996176352495,0.28996026726442603,1.443004570334316,0.1991215895926189,8,-0.7331472621917725,1.2260791255950902,3.32889934806824,2.210240151723088,0.06912043111691245
Qwen2-5-7B-Instruct,consider,region_latin_america,region,placebo_early_riser|placebo_chess,4.011857280731201,2.6577371807098387,1.3541201000213623,1.0992148898124696,1.6342049161434171,0.682,1.423548264594401e-20,2.5090868344306947,1.6850579015221647,8,0.8408171392297962,0.42823386128227736,0.9370491419560941,0.3849007003084298,8,-0.7331472621917725,2.6923736499786344,1.3194836307525666,0.9402643221943742,0.3833771281306313
Qwen2-5-7B-Instruct,consider,region_north_america,region,placebo_early_riser|placebo_chess,4.580954559326172,2.6577371807098387,1.923217378616333,1.65006414437294,2.205867004060745,0.78,1.0034898664659616e-35,2.5090868344306947,1.6850579015221647,8,1.1592335327047047,0.2843717300151306,1.4672031133485914,0.19269011033427771,8,-0.7331472621917725,2.6923736499786344,1.8885809093475379,1.3458031666706551,0.22698934550751043
Qwen2-5-7B-Instruct,consider,region_oceania,region,placebo_maps|placebo_crossword,2.743863899230957,3.564074733734131,-0.8202108345031738,-1.143803338241577,-0.4847726762294773,0.43,4.588641042447337e-06,2.5090868344306947,1.6850579015221647,8,0.13136043530007668,0.8991859276501298,-0.24417549605554903,0.8152302194418104,4,-0.7331472621917725,1.9592263877868623,0.7846375114440947,0.5521868417898932,0.6007681638008603
Qwen2-5-7B-Instruct,consider,region_sinosphere,region,placebo_stairs|placebo_tea,4.647227806091308,0.03976110076904297,4.607466705322266,4.244586251688004,4.977549028778076,0.892,3.48650624612202e-67,2.5090868344306947,1.6850579015221647,8,1.1963141672684945,0.2705176396137979,1.5289412841167873,0.17714584815994092,8,-0.7331472621917725,1.2260791255950902,3.421148680496218,2.271489578991079,0.06353763650078019
Qwen2-5-7B-Instruct,consider,region_sub_saharan_africa,region,placebo_stairs|placebo_tea,6.141506721496582,0.03976110076904297,6.101745620727539,5.648827976608276,6.559711992597579,0.908,8.307165858742519e-74,2.5090868344306947,1.6850579015221647,8,2.032380198481369,0.0816255846370072,2.920966744730507,0.026597815968115203,8,-0.7331472621917725,1.2260791255950902,4.915427595901492,3.2636238886747075,0.017170704697513722
Qwen2-5-7B-Instruct,consider,region_western_europe,region,placebo_early_riser|placebo_chess,4.883792823791504,2.6577371807098387,2.226055643081665,1.934364098072052,2.517576958465576,0.756,3.6011298716451635e-40,2.5090868344306947,1.6850579015221647,8,1.3286749825308604,0.22563020251334126,1.7493181657914476,0.1308138822676838,8,-0.7331472621917725,2.6923736499786344,2.1914191738128697,1.5616057797804592,0.1694052383051279
Qwen2-5-7B-Instruct,consider,religion_christian,religion,placebo_runner|placebo_cyclist,4.743869396209717,3.7747743225097654,0.9690950736999512,0.5896016308784485,1.3553829587459563,0.578,1.1743735365457544e-05,2.5090868344306947,1.6850579015221647,8,1.2503862349845039,0.2513350884670703,1.6189696935469862,0.15658106903506516,8,-0.7331472621917725,4.15866817436218,0.5852012218475364,0.3725178803333245,0.7223114141829099
Qwen2-5-7B-Instruct,consider,religion_muslim,religion,placebo_runner|placebo_cyclist,7.917458137512207,3.7747743225097654,4.142683815002441,3.613414918470383,4.6620790194511414,0.742,5.528926719701388e-40,2.5090868344306947,1.6850579015221647,8,3.026045194157469,0.019221569451894654,4.575389866424788,0.0037888856502091015,8,-0.7331472621917725,4.15866817436218,3.7587899631500266,2.3927094090306325,0.053827053793233715
Qwen2-5-7B-Instruct,context,gender_man,gender,placebo_runner|placebo_cyclist,2.3767493171691894,2.379748975753784,-0.0029996585845947265,-0.13888825449943543,0.1262651107788086,0.532,0.4270995488054222,1.7474137048721312,1.0293736994640341,8,0.5764119539601483,0.582388225371,0.4454407221586614,0.6716225980778596,6,-0.41389324591500415,2.67867350818089,-0.30192419101170076,-0.2958175155801379,0.7773403904631059
Qwen2-5-7B-Instruct,context,gender_woman,gender,placebo_runner|placebo_cyclist,3.572686382293701,2.379748975753784,1.192937406539917,1.0471102907180787,1.34433809633255,0.814,1.5091433966349407e-44,1.7474137048721312,1.0293736994640341,8,1.6717772996548996,0.1384894954665758,1.8968193989969118,0.10663905956483129,8,-0.41389324591500415,2.67867350818089,0.894012874112811,0.8759306978037454,0.4147547764266013
Qwen2-5-7B-Instruct,context,identity_arab,identity,placebo_runner|placebo_cyclist,1.9586107864379882,2.379748975753784,-0.4211381893157959,-0.6323092025756836,-0.19434149031639106,0.378,4.707752886059846e-08,1.7474137048721312,1.0293736994640341,8,0.19343657037255757,0.8521102440954059,-0.06200851172268619,0.9525700776031668,3,-0.41389324591500415,2.67867350818089,-0.7200627217429019,-0.7054988362943151,0.5069520917374205
Qwen2-5-7B-Instruct,context,identity_european,identity,placebo_runner|placebo_cyclist,3.1404273109436036,2.379748975753784,0.7606783351898193,0.5338623721599579,0.9957982629299162,0.598,2.0537030726359664e-08,1.7474137048721312,1.0293736994640341,8,1.275868835132315,0.24270443756706056,1.372233601530957,0.2190803281239045,8,-0.41389324591500415,2.67867350818089,0.4617538027627135,0.452414436502219,0.6668673734246174
Qwen2-5-7B-Instruct,context,region_arab_culture,region,placebo_stairs|placebo_tea,2.4382552795410155,0.19557874488830568,2.24267653465271,1.9927529071807861,2.493287521600723,0.82,8.322300472507503e-54,1.7474137048721312,1.0293736994640341,8,0.632745603698389,0.5470050245289432,0.5200838157528801,0.6216289188020389,6,-0.41389324591500415,1.0231005245208733,1.4151547550201422,1.4461948482655966,0.1982624723142618
Qwen2-5-7B-Instruct,context,region_indian_cultural_sphere,region,placebo_stairs|placebo_tea,2.993824131011963,0.19557874488830568,2.798245386123657,2.5556339668273926,3.070883981466293,0.86,1.6507188753795007e-63,1.7474137048721312,1.0293736994640341,8,1.1415941750781486,0.29116603870800256,1.1943172750666446,0.27742257525781505,8,-0.41389324591500415,1.0231005245208733,1.9707236064910898,2.013949581805451,0.09065709735278188
Qwen2-5-7B-Instruct,context,region_latin_america,region,placebo_early_riser|placebo_chess,2.8511492385864257,1.9201388339996337,0.931010404586792,0.7233452370166779,1.1431698676109312,0.666,6.662174184253931e-18,1.7474137048721312,1.0293736994640341,8,1.010917455189557,0.34571594457144145,1.0211682836813352,0.34657038597147727,8,-0.41389324591500415,1.8508870163508817,1.000262222235544,1.0970941326382417,0.31466734937724344
Qwen2-5-7B-Instruct,context,region_north_america,region,placebo_early_riser|placebo_chess,3.169168613433838,1.9201388339996337,1.249029779434204,1.0691584691047669,1.4395634993076325,0.754,1.2617468530725664e-35,1.7474137048721312,1.0293736994640341,8,1.3021931524028523,0.23405777886084803,1.4071137928013406,0.2090255563220024,8,-0.41389324591500415,1.8508870163508817,1.3182815970829562,1.4458998582314837,0.19834176711606077
Qwen2-5-7B-Instruct,context,region_oceania,region,placebo_maps|placebo_crossword,2.312421283721924,2.4941882648468017,-0.18176698112487794,-0.45750288810729983,0.07699311976432781,0.476,0.11532179595883707,1.7474137048721312,1.0293736994640341,8,0.5174935537787044,0.6207583014732537,0.36737278799142437,0.7259508671899355,6,-0.41389324591500415,1.4369937704358775,0.8754275132860463,0.9482465112808522,0.37961483201293095
Qwen2-5-7B-Instruct,context,region_sinosphere,region,placebo_stairs|placebo_tea,2.9499737281799314,0.19557874488830568,2.754394983291626,2.501326862382889,3.013460269641876,0.884,7.233734822231454e-66,1.7474137048721312,1.0293736994640341,8,1.101431349576991,0.30713426831651536,1.1411008128487499,0.2973169044081061,8,-0.41389324591500415,1.0231005245208733,1.9268732036590581,1.9691373614846053,0.096465501880862
Qwen2-5-7B-Instruct,context,region_sub_saharan_africa,region,placebo_stairs|placebo_tea,3.917100067138672,0.19557874488830568,3.721521322250366,3.3710172389984128,4.0381306388378135,0.892,9.67264672030873e-69,1.7474137048721312,1.0293736994640341,8,1.9872276907864241,0.08724716191567944,2.314796809993231,0.05987410100926121,8,-0.41389324591500415,1.0231005245208733,2.8939995426177987,2.9574767102819672,0.025365779101331
Qwen2-5-7B-Instruct,context,region_western_europe,region,placebo_early_riser|placebo_chess,3.5450653228759768,1.9201388339996337,1.6249264888763428,1.411195728778839,1.8461656208038328,0.764,2.163845913196271e-41,1.7474137048721312,1.0293736994640341,8,1.6464790191852656,0.1436593816657839,1.863298724841375,0.11171177442181968,8,-0.41389324591500415,1.8508870163508817,1.694178306525095,1.8581858220913494,0.1125063311931953
Qwen2-5-7B-Instruct,context,religion_christian,religion,placebo_runner|placebo_cyclist,1.3941229209899901,2.379748975753784,-0.985626054763794,-1.2911716530799864,-0.6738045152187349,0.29,9.496637757458976e-18,1.7474137048721312,1.0293736994640341,8,-0.32358097503863337,0.7557080478794781,-0.7470660077539394,0.48326097718141686,2,-0.41389324591500415,2.67867350818089,-1.2845505871909,-1.2585694510483698,0.25494026711621137
Qwen2-5-7B-Instruct,context,religion_muslim,religion,placebo_runner|placebo_cyclist,2.184292121887207,2.379748975753784,-0.19545685386657716,-0.5423141292095184,0.17218271765708903,0.382,0.00015706155616209238,1.7474137048721312,1.0293736994640341,8,0.4001393486625254,0.7009836481333382,0.21187636699145812,0.8392174726603929,4,-0.41389324591500415,2.67867350818089,-0.494381386293683,-0.48438209920315434,0.6452883027216191
Qwen2-5-7B-Instruct,context_long,gender_man,gender,placebo_runner|placebo_cyclist,4.030537593841553,3.5928427391052247,0.43769485473632813,0.30187947387695313,0.5664808908939362,0.636,2.1955131750122982e-11,2.6658257083892822,0.9023108260077729,8,1.4259639446549452,0.19691347506392481,1.595033619425992,0.16181565256886193,8,-0.46990513218470975,3.723112255804878,0.3074253380366745,0.46744757242884327,0.6566743092399736
Qwen2-5-7B-Instruct,context_long,gender_woman,gender,placebo_runner|placebo_cyclist,5.358543724060058,3.5928427391052247,1.765700984954834,1.6037064184665681,1.9211234242916106,0.884,1.425166508001608e-64,2.6658257083892822,0.9023108260077729,8,2.813574677849926,0.026012067206661854,3.4679579345584304,0.0133370073110194,8,-0.46990513218470975,3.723112255804878,1.63543146825518,2.486712626200069,0.04737262874926221
Qwen2-5-7B-Instruct,context_long,identity_arab,identity,placebo_runner|placebo_cyclist,3.117394401550293,3.5928427391052247,-0.47544833755493165,-0.6708309324264526,-0.28388830504417434,0.368,1.0478160968696406e-09,2.6658257083892822,0.9023108260077729,8,0.4718363501092803,0.6513973249493604,0.30720214852867184,0.7690726937057565,4,-0.46990513218470975,3.723112255804878,-0.6057178542545851,-0.9210084710530145,0.39257181095147664
Qwen2-5-7B-Instruct,context_long,identity_european,identity,placebo_runner|placebo_cyclist,4.418783588409424,3.5928427391052247,0.8259408493041992,0.6429314693450927,1.0192508364200592,0.614,4.1903416432449473e-13,2.6658257083892822,0.9023108260077729,8,1.8316354976120814,0.10968205852268231,2.1425878414530386,0.07587875713021432,8,-0.46990513218470975,3.723112255804878,0.6956713326045456,1.0577848843270672,0.33086980317462017
Qwen2-5-7B-Instruct,context_long,region_arab_culture,region,placebo_stairs|placebo_tea,3.5957799224853515,1.4585911712646484,2.137188751220703,1.902287263774872,2.3638826591491697,0.818,1.952268349777734e-52,2.6658257083892822,0.9023108260077729,8,0.9716931416930192,0.36357419083319675,0.9818826743024104,0.36407653320449335,7,-0.46990513218470975,1.8434917270660387,1.7522881954193128,2.7790456827104726,0.0320373500429684
Qwen2-5-7B-Instruct,context_long,region_indian_cultural_sphere,region,placebo_stairs|placebo_tea,3.95417041015625,1.4585911712646484,2.4955792388916014,2.2522874562263486,2.7615898086071016,0.836,1.0703802399419729e-60,2.6658257083892822,0.9023108260077729,8,1.3461691896953705,0.22020926262061005,1.4873308370759923,0.1874878595761728,8,-0.46990513218470975,1.8434917270660387,2.110678683090211,3.3474359395700057,0.015468441511327011
Qwen2-5-7B-Instruct,context_long,region_latin_america,region,placebo_early_riser|placebo_chess,3.752122344970703,2.789209985733032,0.9629123592376709,0.7804904501914978,1.1577004836559295,0.674,5.805161194966865e-20,2.6658257083892822,0.9023108260077729,8,1.1350526462599773,0.2937194688206279,1.2023767803886105,0.2745113948788157,8,-0.46990513218470975,2.7833019914354584,0.9688203535352446,1.6490755598665627,0.15022691819974981
Qwen2-5-7B-Instruct,context_long,region_north_america,region,placebo_early_riser|placebo_chess,4.449192661285401,2.789209985733032,1.6599826755523681,1.4739361199855805,1.8387937000274657,0.8,3.0025154628689478e-52,2.6658257083892822,0.9023108260077729,8,1.8634094141242525,0.10468613369744224,2.1854746103421854,0.07151950642213355,8,-0.46990513218470975,2.7833019914354584,1.6658906698499423,2.8355923562451637,0.029738530043448976
Qwen2-5-7B-Instruct,context_long,region_oceania,region,placebo_maps|placebo_crossword,3.2179123039245607,2.8226589374542237,0.39525336647033693,0.2071758407592773,0.5979044430255889,0.56,0.00011450937742172237,2.6658257083892822,0.9023108260077729,8,0.5768657750787491,0.5820979924174585,0.448965367220967,0.669217118729222,5,-0.46990513218470975,2.313396859250749,0.904515444673812,1.5204926467969584,0.17920146409016616
Qwen2-5-7B-Instruct,context_long,region_sinosphere,region,placebo_stairs|placebo_tea,3.957869777679443,1.4585911712646484,2.4992786064147947,2.2900572689533236,2.7165954526901244,0.892,2.8924455169474915e-66,2.6658257083892822,0.9023108260077729,8,1.3500345951060906,0.21902700921381246,1.492548158914454,0.18616087236556444,8,-0.46990513218470975,1.8434917270660387,2.1143780506134044,3.3533029604008053,0.015356415533295876
Qwen2-5-7B-Instruct,context_long,region_sub_saharan_africa,region,placebo_stairs|placebo_tea,4.687684131622315,1.4585911712646484,3.229092960357666,2.9475067344665526,3.5131731507778166,0.876,6.193543403477436e-67,2.6658257083892822,0.9023108260077729,8,2.112605043936973,0.07250896981507607,2.5218258240765667,0.04517554689490716,8,-0.46990513218470975,1.8434917270660387,2.844192404556276,4.5107537922942065,0.004057239177649151
Qwen2-5-7B-Instruct,context_long,region_western_europe,region,placebo_early_riser|placebo_chess,4.558705436706543,2.789209985733032,1.7694954509735108,1.5589289388656618,1.9792181141376495,0.776,1.1877738869629247e-49,2.6658257083892822,0.9023108260077729,8,1.977837427021561,0.08846335974861248,2.3399235509281353,0.057849988618618606,8,-0.46990513218470975,2.7833019914354584,1.7754034452710843,3.0219993002995147,0.023336958047573384
Qwen2-5-7B-Instruct,context_long,religion_christian,religion,placebo_runner|placebo_cyclist,2.7187786140441896,3.5928427391052247,-0.8740641250610351,-1.1559429986953735,-0.6054551004886628,0.302,2.3073499021159827e-16,2.6658257083892822,0.9023108260077729,8,0.05532957911009106,0.9574219962610502,-0.25497688350110276,0.8072557038614616,4,-0.46990513218470975,3.723112255804878,-1.0043336417606885,-1.52711330090055,0.17758872387920735
Qwen2-5-7B-Instruct,context_long,religion_muslim,religion,placebo_runner|placebo_cyclist,2.4743927688598633,3.5928427391052247,-1.1184499702453614,-1.4167581456184386,-0.8037290040493014,0.29,1.1418292398123823e-18,2.6658257083892822,0.9023108260077729,8,-0.2000249814617805,0.847147949698866,-0.5996410995048388,0.5706803392933375,4,-0.46990513218470975,3.723112255804878,-1.248719486945015,-1.8987078181155117,0.10636021276875816
Qwen2-5-7B-Instruct,embedded,gender_man,gender,placebo_runner|placebo_cyclist,1.3138422393798828,0.13657080459594725,1.1772714347839355,1.0417652667045594,1.3200877070426942,0.786,4.699650683850246e-47,-0.25020299434661863,1.3393494459971884,8,1.1009792793118256,0.30731798358888335,1.116918756167698,0.3067490182788772,7,-0.3112749534606932,0.450165650939941,0.8636765884399418,0.5397784645824035,0.6087837541026386
Qwen2-5-7B-Instruct,embedded,gender_woman,gender,placebo_runner|placebo_cyclist,1.5818959808349609,0.13657080459594725,1.4453251762390136,1.2491618732452392,1.6381459485054013,0.762,1.5083784216955432e-41,-0.25020299434661863,1.3393494459971884,8,1.2896705068544536,0.23813726153006534,1.3598980736297155,0.22274007030351856,7,-0.3112749534606932,0.450165650939941,1.1317303298950199,0.7073060309478915,0.5059061776114242
Qwen2-5-7B-Instruct,embedded,identity_arab,identity,placebo_runner|placebo_cyclist,-0.009914680480957032,0.13657080459594725,-0.1464854850769043,-0.34000511136054995,0.06707259945869432,0.384,3.929453047796071e-05,-0.25020299434661863,1.3393494459971884,8,0.16914629380414142,0.8704656760417486,-0.0830105980260489,0.9365432532522643,4,-0.3112749534606932,0.450165650939941,-0.460080331420898,-0.287539871061591,0.783371947090842
Qwen2-5-7B-Instruct,embedded,identity_european,identity,placebo_runner|placebo_cyclist,1.1564074516296388,0.13657080459594725,1.0198366470336915,0.8264907159805298,1.2108148672580716,0.696,9.77588479678036e-25,-0.25020299434661863,1.3393494459971884,8,0.9901561167726634,0.35508158391129896,0.9742108160931418,0.36757575603549636,7,-0.3112749534606932,0.450165650939941,0.7062418006896978,0.4413852591382425,0.6743956270695177
Qwen2-5-7B-Instruct,embedded,region_arab_culture,region,placebo_stairs|placebo_tea,2.3953572654724122,-1.8383975734710694,4.233754838943481,3.9827264488220213,4.509940325832367,0.986,2.9840700626949143e-83,-0.25020299434661863,1.3393494459971884,8,1.862290786367945,0.1048582164011029,2.0972661351611674,0.08078247220533367,8,-0.3112749534606932,-0.7949341629028319,3.190291428375244,2.0796567708976834,0.08277408515043246
Qwen2-5-7B-Instruct,embedded,region_indian_cultural_sphere,region,placebo_stairs|placebo_tea,0.3649557952880859,-1.8383975734710694,2.203353368759155,2.0125822244644165,2.3981577917098997,0.882,3.2064853814670895e-70,-0.25020299434661863,1.3393494459971884,8,0.4330290878229068,0.6780230899893273,0.2567935466375632,0.8059169462815189,5,-0.3112749534606932,-0.7949341629028319,1.159889958190918,0.7560980114836869,0.4782149911684669
Qwen2-5-7B-Instruct,embedded,region_latin_america,region,placebo_early_riser|placebo_chess,1.004021858215332,-0.2750631275177002,1.2790849857330322,1.0678003200531005,1.4795436007022855,0.678,8.385530712931412e-29,-0.25020299434661863,1.3393494459971884,8,0.8828872365657587,0.40659394037754326,0.8360797559637018,0.43513553897317414,7,-0.3112749534606932,-0.17238425598144547,1.1764061141967774,0.8230490744982986,0.4419564868978881
Qwen2-5-7B-Instruct,embedded,region_north_america,region,placebo_early_riser|placebo_chess,2.1548804321289063,-0.2750631275177002,2.4299435596466066,2.225518981170654,2.641842514085769,0.884,3.435840668088495e-69,-0.25020299434661863,1.3393494459971884,8,1.693011787937123,0.13428577647170817,1.879284112175584,0.10926340792018506,8,-0.3112749534606932,-0.17238425598144547,2.327264688110352,1.6282243219805288,0.15460086404082815
Qwen2-5-7B-Instruct,embedded,region_oceania,region,placebo_maps|placebo_crossword,0.38342765045166016,0.9760779190063477,-0.5926502685546875,-0.7307324560165406,-0.45131759123802195,0.31,2.654921023728034e-18,-0.25020299434661863,1.3393494459971884,8,0.44603199166929297,0.6690441374159188,0.2735374978151844,0.7936123038953133,5,-0.3112749534606932,-0.4836592094421386,0.8670868598937987,0.5991038340369913,0.571015863559547
Qwen2-5-7B-Instruct,embedded,region_sinosphere,region,placebo_stairs|placebo_tea,1.0436963958740235,-1.8383975734710694,2.882093969345093,2.713123752641678,3.0479399894714354,0.96,7.19322127309274e-82,-0.25020299434661863,1.3393494459971884,8,0.9108153571447408,0.39267615391770405,0.872043037164705,0.41671120413002066,7,-0.3112749534606932,-0.7949341629028319,1.8386305587768554,1.1985489653799521,0.2758907429967725
Qwen2-5-7B-Instruct,embedded,region_sub_saharan_africa,region,placebo_stairs|placebo_tea,2.591753150939941,-1.8383975734710694,4.4301507244110105,4.121783377456665,4.757583603906631,0.97,6.236523936002076e-82,-0.25020299434661863,1.3393494459971884,8,2.0005398572894184,0.0855511871769168,2.2752906534693587,0.0632069573491695,8,-0.3112749534606932,-0.7949341629028319,3.3866873138427733,2.2076814489431626,0.06936440465571997
Qwen2-5-7B-Instruct,embedded,region_western_europe,region,placebo_early_riser|placebo_chess,2.232035900115967,-0.2750631275177002,2.507099027633667,2.2817960221767426,2.7254016372680665,0.874,2.833954557766097e-68,-0.25020299434661863,1.3393494459971884,8,1.74732388179963,0.12407649186671396,1.9492222628172915,0.099165832113079,8,-0.3112749534606932,-0.17238425598144547,2.4044201560974123,1.6822046062997678,0.1435212869250441
Qwen2-5-7B-Instruct,embedded,religion_christian,religion,placebo_runner|placebo_cyclist,1.220528839111328,0.13657080459594725,1.0839580345153808,0.8259879298210143,1.3360504514694214,0.614,1.467933385685276e-13,-0.25020299434661863,1.3393494459971884,8,1.035293122695351,0.33496733863245026,1.0323341270398365,0.3417200005510172,7,-0.3112749534606932,0.450165650939941,0.770363188171387,0.4814596857755073,0.6472458162672162
Qwen2-5-7B-Instruct,embedded,religion_muslim,religion,placebo_runner|placebo_cyclist,0.16064019012451172,0.13657080459594725,0.024069385528564455,-0.21865170049667357,0.2595976947307586,0.426,0.008951356337167501,-0.25020299434661863,1.3393494459971884,8,0.2892050839677298,0.780802154727939,0.07159013921635393,0.9452547632757324,5,-0.3112749534606932,0.450165650939941,-0.2895254608154293,-0.18094690858617918,0.8623667353029897
Qwen2-5-7B-Instruct,imagine,gender_man,gender,placebo_runner|placebo_cyclist,3.945006561279297,3.7044117431640626,0.24059481811523437,0.0031939672470092783,0.461733435487747,0.528,0.021158147435420195,2.190428952217102,1.576567079913077,8,1.0492618138851926,0.32892755101421134,1.2365344937375031,0.2624647165648105,8,-0.8054053127833778,4.002590905979701,-0.057584344700403634,-0.04823234704824169,0.9630964922264927
Qwen2-5-7B-Instruct,imagine,gender_woman,gender,placebo_runner|placebo_cyclist,5.056037288665771,3.7044117431640626,1.351625545501709,1.0771947938919066,1.6284660306453704,0.696,9.436523195916297e-21,2.190428952217102,1.576567079913077,8,1.7136736417112672,0.13031136991790288,2.293795744231649,0.06162242759420887,8,-0.8054053127833778,4.002590905979701,1.0534463826860705,0.8823612006141875,0.41153378778621375
Qwen2-5-7B-Instruct,imagine,identity_arab,identity,placebo_runner|placebo_cyclist,6.075919368743897,3.7044117431640626,2.371507625579834,2.0272765918731688,2.7233151299476623,0.736,2.8631562586644763e-34,2.190428952217102,1.576567079913077,8,2.3235773106995814,0.05311388052176696,3.2643195801263216,0.01715575606950567,8,-0.8054053127833778,4.002590905979701,2.073328462764196,1.7366091162680053,0.13313305222105373
Qwen2-5-7B-Instruct,imagine,identity_european,identity,placebo_runner|placebo_cyclist,7.256967205047608,3.7044117431640626,3.552555461883545,3.2018330017089847,3.890631845855713,0.85,5.565528524767922e-61,2.190428952217102,1.576567079913077,8,3.0298603434960447,0.019118363038303002,4.388209389403857,0.004626930438378217,8,-0.8054053127833778,4.002590905979701,3.254376299067907,2.7258486294993896,0.03437484820626031
Qwen2-5-7B-Instruct,imagine,region_arab_culture,region,placebo_stairs|placebo_tea,5.180636180877686,-0.0715143928527832,5.252150573730469,4.877307154273987,5.656476896858215,0.906,1.0526458321701942e-73,2.190428952217102,1.576567079913077,8,1.7881855122464423,0.11688753226213945,2.4123645446644115,0.052404903092899774,8,-0.8054053127833778,0.7809696548461886,4.399666526031497,3.8437101287633837,0.008522061747495554
Qwen2-5-7B-Instruct,imagine,region_indian_cultural_sphere,region,placebo_stairs|placebo_tea,5.052640731811524,-0.0715143928527832,5.1241551246643064,4.7290632876873016,5.494619849157332,0.9,1.1576164224012914e-72,2.190428952217102,1.576567079913077,8,1.7116424534711774,0.13069708554511417,2.29056356724628,0.06189618414300582,8,-0.8054053127833778,0.7809696548461886,4.271671076965335,3.731888607495727,0.009714987713141124
Qwen2-5-7B-Instruct,imagine,region_latin_america,region,placebo_early_riser|placebo_chess,4.308388397216797,2.4338337211608887,1.8745546760559082,1.6058821626663207,2.154022019290924,0.734,5.663235283487492e-33,2.190428952217102,1.576567079913077,8,1.266569205897624,0.24582417346663302,1.5823300912849134,0.16466107904814853,8,-0.8054053127833778,2.391780280412945,1.916608116803852,1.7970962645331607,0.12244380440162478
Qwen2-5-7B-Instruct,imagine,region_north_america,region,placebo_early_riser|placebo_chess,4.152108489990234,2.4338337211608887,1.7182747688293456,1.4556748705387117,1.9948277341365812,0.764,2.3431972305387993e-32,2.190428952217102,1.576567079913077,8,1.1731116477460652,0.279118948627447,1.4336135112042352,0.20167048914987717,8,-0.8054053127833778,2.391780280412945,1.7603282095772892,1.6505613338730567,0.14991982597647666
Qwen2-5-7B-Instruct,imagine,region_oceania,region,placebo_maps|placebo_crossword,3.473429428100586,2.6949847373962403,0.7784446907043457,0.45738706922531125,1.1314852820873258,0.594,1.2575117592953377e-06,2.190428952217102,1.576567079913077,8,0.7672521292806207,0.4680156536865087,0.7877798218466543,0.46080475886569183,6,-0.8054053127833778,1.5863749676295669,1.887054460471019,1.7474046566275367,0.13116052283506136
Qwen2-5-7B-Instruct,imagine,region_sinosphere,region,placebo_stairs|placebo_tea,4.201308177947998,-0.0715143928527832,4.272822570800781,3.93358099527359,4.622306703138351,0.878,1.1532995825521908e-66,2.190428952217102,1.576567079913077,8,1.2025337454421257,0.2682501288106606,1.480432129566401,0.18925602283767953,8,-0.8054053127833778,0.7809696548461886,3.420338523101809,2.988133247658756,0.02437894662552763
Qwen2-5-7B-Instruct,imagine,region_sub_saharan_africa,region,placebo_stairs|placebo_tea,7.190076751708984,-0.0715143928527832,7.261591144561768,6.812894371032715,7.712655375289916,0.94,5.1002325469153525e-79,2.190428952217102,1.576567079913077,8,2.9898589220489757,0.020230386703876828,4.324556168480552,0.004958015229292955,8,-0.8054053127833778,0.7809696548461886,6.409107096862796,5.599231150539351,0.0013818440977134859
Qwen2-5-7B-Instruct,imagine,region_western_europe,region,placebo_early_riser|placebo_chess,5.0392781944274905,2.4338337211608887,2.605444473266602,2.2977680651664736,2.9090611922740934,0.814,2.2996458374648818e-48,2.190428952217102,1.576567079913077,8,1.7036514702617351,0.13222507025961716,2.277847723628119,0.06298550749497735,8,-0.8054053127833778,2.391780280412945,2.6474979140145454,2.4824107598839906,0.047649459989234595
Qwen2-5-7B-Instruct,imagine,religion_christian,religion,placebo_runner|placebo_cyclist,5.410443367004395,3.7044117431640626,1.7060316238403321,1.3419388430118562,2.0792250181198115,0.658,1.2211328498003083e-16,2.190428952217102,1.576567079913077,8,1.9256134058396148,0.09553721818598385,2.6310499752180787,0.039004751733867304,8,-0.8054053127833778,4.002590905979701,1.407852461024694,1.1792098850156445,0.2829511114853449
Qwen2-5-7B-Instruct,imagine,religion_muslim,religion,placebo_runner|placebo_cyclist,7.642266418457031,3.7044117431640626,3.937854675292969,3.4308409183979034,4.409577922964096,0.74,3.167530243859515e-41,2.190428952217102,1.576567079913077,8,3.260274632076071,0.013859133805270131,4.7548616503560925,0.003142953826528539,8,-0.8054053127833778,4.002590905979701,3.6396755124773303,3.0485732428515946,0.0225531876148152
Qwen2-5-7B-Instruct,infix,gender_man,gender,placebo_runner|placebo_cyclist,0.3400185012817383,0.46947947692871095,-0.12946097564697265,-0.3006758758068085,0.059980689096450726,0.422,9.43745756734124e-05,0.5678528237342835,1.2201082797850469,8,-0.17605343947737667,0.865236884437484,-0.2970895695125025,0.7764149935363658,4,-0.07053970778329019,0.7265671662466862,-0.3865486649649479,-0.24767717653325502,0.8126422640507244
Qwen2-5-7B-Instruct,infix,gender_woman,gender,placebo_runner|placebo_cyclist,1.5975663375854492,0.46947947692871095,1.1280868606567382,0.8997123462200165,1.355173815202713,0.656,4.098992594152006e-21,0.5678528237342835,1.2201082797850469,8,0.7956861101452009,0.4523477522989689,0.6646705438763979,0.5309622349858971,7,-0.07053970778329019,0.7265671662466862,0.870999171338763,0.5580839751174711,0.5969799678461277
Qwen2-5-7B-Instruct,infix,identity_arab,identity,placebo_runner|placebo_cyclist,1.5616042938232422,0.46947947692871095,1.0921248168945312,0.8808288408279419,1.299417998600006,0.7,5.949799643167566e-26,0.5678528237342835,1.2201082797850469,8,0.7678973142042766,0.46765608645465273,0.6371671294630763,0.5475423791597661,7,-0.07053970778329019,0.7265671662466862,0.835037127576556,0.5350416565980255,0.6118595037498913
Qwen2-5-7B-Instruct,infix,identity_european,identity,placebo_runner|placebo_cyclist,2.5504905624389647,0.46947947692871095,2.0810110855102537,1.8645148509025573,2.315144728708267,0.824,1.4563130579440196e-54,0.5678528237342835,1.2201082797850469,8,1.5320351621266808,0.16937515732585257,1.3934575403535692,0.21291100953652095,7,-0.07053970778329019,0.7265671662466862,1.8239233961922785,1.1686606058329372,0.28686734242229994
Qwen2-5-7B-Instruct,infix,region_arab_culture,region,placebo_stairs|placebo_tea,4.038209648132324,-0.4773917713165283,4.515601419448853,4.276929424190522,4.764267199707032,0.984,2.694838567650116e-83,0.5678528237342835,1.2201082797850469,8,2.6816339547625354,0.03146468941893049,2.5312503425366555,0.044604359655694155,8,-0.07053970778329019,0.4444083351135254,3.5938013130187985,2.4017775146223865,0.05316596594230003
Qwen2-5-7B-Instruct,infix,region_indian_cultural_sphere,region,placebo_stairs|placebo_tea,3.166382095336914,-0.4773917713165283,3.6437738666534423,3.420813667154312,3.8820141425609584,0.962,5.0341549756221406e-82,0.5678528237342835,1.2201082797850469,8,2.0079503865953834,0.08462121229788648,1.8644852765677637,0.11152817981180264,7,-0.07053970778329019,0.4444083351135254,2.7219737602233884,1.8191254338446186,0.11876413294338342
Qwen2-5-7B-Instruct,infix,region_latin_america,region,placebo_early_riser|placebo_chess,3.007309627532959,0.4349507122039795,2.5723589153289796,2.370140400457382,2.7973911939620972,0.94,4.3440583459347175e-77,0.5678528237342835,1.2201082797850469,8,1.885031000343237,0.10141334058769588,1.7428282308033152,0.13199320555235694,7,-0.07053970778329019,0.5854877506801058,2.4218218768528534,1.7371129587226808,0.13304035100433817
Qwen2-5-7B-Instruct,infix,region_north_america,region,placebo_early_riser|placebo_chess,2.6862952575683594,0.4349507122039795,2.25134454536438,2.0755950552940368,2.4240311891555786,0.89,9.635595591162955e-72,0.5678528237342835,1.2201082797850469,8,1.6369749421270643,0.14564797697317533,1.497319624336232,0.18495495772677914,7,-0.07053970778329019,0.5854877506801058,2.1008075068882537,1.5068572874317965,0.18256629142352918
Qwen2-5-7B-Instruct,infix,region_oceania,region,placebo_maps|placebo_crossword,1.2125700798034669,1.8443728771209718,-0.6318027973175049,-0.8146967077255248,-0.43841316318511964,0.326,2.1877842633653364e-17,0.5678528237342835,1.2201082797850469,8,0.49818960198605644,0.6336191617253539,0.37022922415130344,0.7239293512550546,7,-0.07053970778329019,0.5149480428968156,0.6976220369066513,0.49417081069878294,0.6387542676482278
Qwen2-5-7B-Instruct,infix,region_sinosphere,region,placebo_stairs|placebo_tea,2.2299989585876463,-0.4773917713165283,2.7073907299041746,2.52937861738205,2.892604244804382,0.924,4.369177966652624e-77,0.5678528237342835,1.2201082797850469,8,1.2843830587286174,0.2398781177714172,1.148348740225355,0.294537981490715,7,-0.07053970778329019,0.4444083351135254,1.7855906234741208,1.1933301360442456,0.2777809618310717
Qwen2-5-7B-Instruct,infix,region_sub_saharan_africa,region,placebo_stairs|placebo_tea,4.8831485061645505,-0.4773917713165283,5.360540277481079,5.046199124526977,5.679715161085128,0.986,5.531142669287647e-83,0.5678528237342835,1.2201082797850469,8,3.3345399370718685,0.012512942808071952,3.1774512014211234,0.019137465224519052,8,-0.07053970778329019,0.4444083351135254,4.438740171051025,2.966459580684591,0.025072212629619815
Qwen2-5-7B-Instruct,infix,region_western_europe,region,placebo_early_riser|placebo_chess,3.9077945556640623,0.4349507122039795,3.472843843460083,3.2447804172039034,3.7099195219516754,0.966,6.563558537636785e-81,0.5678528237342835,1.2201082797850469,8,2.5808588593263337,0.03642669678868679,2.4315101732174766,0.05105748909914046,8,-0.07053970778329019,0.5854877506801058,3.3223068049839566,2.3830085354129573,0.054543817184286185
Qwen2-5-7B-Instruct,infix,religion_christian,religion,placebo_runner|placebo_cyclist,2.5447625617980956,0.46947947692871095,2.0752830848693846,1.8311400904655457,2.3379677774906154,0.804,3.6099395152170944e-52,0.5678528237342835,1.2201082797850469,8,1.5276089887420115,0.1704502563836048,1.3890768222712684,0.21417128893264625,7,-0.07053970778329019,0.7265671662466862,1.8181953955514094,1.1649904469254169,0.28824063064095473
Qwen2-5-7B-Instruct,infix,religion_muslim,religion,placebo_runner|placebo_cyclist,1.5632818145751952,0.46947947692871095,1.0938023376464843,0.8326798229694367,1.3787432945728302,0.57,2.7292003656624024e-09,0.5678528237342835,1.2201082797850469,8,0.7691935776249802,0.4669342349551984,0.6384500806972438,0.5467617925134112,7,-0.07053970778329019,0.7265671662466862,0.8367146483285091,0.5361165111792912,0.6111608047906355
Qwen2-5-7B-Instruct,prefix,gender_man,gender,placebo_runner|placebo_cyclist,4.028941097259522,3.681634746551514,0.3473063507080078,0.15641837677955625,0.5409168376445767,0.566,0.00015922195218466223,2.2583974299430847,1.6046057839818328,8,1.040308214469643,0.3327888994305664,1.0263340754119312,0.3443195331038619,8,-0.804153096607753,4.067741897310528,-0.03880080005100606,-0.030859745001274082,0.9763823017441561
Qwen2-5-7B-Instruct,prefix,gender_woman,gender,placebo_runner|placebo_cyclist,4.6366718444824215,3.681634746551514,0.9550370979309082,0.7518705491542816,1.1583216617107388,0.666,2.1572916351851183e-19,2.2583974299430847,1.6046057839818328,8,1.3973890931807595,0.2049911720275381,1.478210258498625,0.18982879109985368,8,-0.804153096607753,4.067741897310528,0.5689299471718936,0.45249152260348147,0.666814904158434
Qwen2-5-7B-Instruct,prefix,identity_arab,identity,placebo_runner|placebo_cyclist,5.1612882232666015,3.681634746551514,1.479653476715088,1.1806151636123656,1.7848254649639128,0.664,6.583956367910139e-20,2.2583974299430847,1.6046057839818328,8,1.7056349378718973,0.1318442335870784,1.8682870283725215,0.11094195334081071,8,-0.804153096607753,4.067741897310528,1.0935463259560736,0.8697387868735345,0.41787404312369125
Qwen2-5-7B-Instruct,prefix,identity_european,identity,placebo_runner|placebo_cyclist,4.897435398101806,3.681634746551514,1.215800651550293,0.9382505826473235,1.5141987398624421,0.65,2.6825831074197632e-14,2.2583974299430847,1.6046057839818328,8,1.5506044427212227,0.164932244007093,1.672100134625679,0.1455353161596801,8,-0.804153096607753,4.067741897310528,0.8296935007912785,0.6598866474396154,0.5338228769518744
Qwen2-5-7B-Instruct,prefix,region_arab_culture,region,placebo_stairs|placebo_tea,4.828522762298584,-0.18483225631713868,5.013355018615723,4.684501431035995,5.37421222949028,0.92,2.8338391858998033e-75,2.2583974299430847,1.6046057839818328,8,1.5101138395069533,0.17476117949703165,1.6208603726496695,0.1561745598718228,8,-0.804153096607753,0.8511295108795158,3.977393251419068,3.299492049065958,0.016418268464954703
Qwen2-5-7B-Instruct,prefix,region_indian_cultural_sphere,region,placebo_stairs|placebo_tea,4.532556442260742,-0.18483225631713868,4.717388698577881,4.374798865461349,5.05555721564293,0.906,1.610081824444255e-72,2.2583974299430847,1.6046057839818328,8,1.336214601874262,0.223279735675481,1.4007955962136303,0.2108150788610732,8,-0.804153096607753,0.8511295108795158,3.6814269313812265,3.0539698042118046,0.02239754287530816
Qwen2-5-7B-Instruct,prefix,region_latin_america,region,placebo_early_riser|placebo_chess,3.7210811805725097,2.581795389175415,1.1392857913970946,0.8859110054969788,1.4035151591777801,0.66,5.490471226022298e-18,2.2583974299430847,1.6046057839818328,8,0.8594207242893743,0.41856462178631815,0.7974258546026081,0.45559383818877575,7,-0.804153096607753,2.4594357040950223,1.2616454764774874,1.1232929652263417,0.3042387115562836
Qwen2-5-7B-Instruct,prefix,region_north_america,region,placebo_early_riser|placebo_chess,4.166569881439209,2.581795389175415,1.5847744922637939,1.326599950838089,1.8469553631782532,0.738,6.929761395559773e-32,2.2583974299430847,1.6046057839818328,8,1.1211739719048188,0.29919777896519256,1.1286675017889403,0.3021355174307914,8,-0.804153096607753,2.4594357040950223,1.7071341773441864,1.5199292097984232,0.179339345703664
Qwen2-5-7B-Instruct,prefix,region_oceania,region,placebo_maps|placebo_crossword,3.9905695114135744,2.954991840362549,1.0355776710510254,0.7197206592082978,1.365520213460922,0.624,2.986731162136645e-11,2.2583974299430847,1.6046057839818328,8,1.0177624412731707,0.34267068032148656,0.9978030099190568,0.35689924382920335,8,-0.804153096607753,1.655282607487269,2.3352869039263053,2.0533689199977414,0.08584075181698766
Qwen2-5-7B-Instruct,prefix,region_sinosphere,region,placebo_stairs|placebo_tea,4.768527446746826,-0.18483225631713868,4.953359703063965,4.62989589509964,5.2769276289463045,0.93,3.230455180808742e-75,2.2583974299430847,1.6046057839818328,8,1.4748627351426138,0.1837506333859758,1.5762510545947668,0.1660394604119235,8,-0.804153096607753,0.8511295108795158,3.91739793586731,3.2497222490660205,0.01747242726958173
Qwen2-5-7B-Instruct,prefix,region_sub_saharan_africa,region,placebo_stairs|placebo_tea,6.407711093902588,-0.18483225631713868,6.592543350219726,6.175291642808914,6.994000262308121,0.942,2.2499028001668723e-79,2.2583974299430847,1.6046057839818328,8,2.437988493992186,0.04489123566162826,2.7950606232065702,0.03136749793375451,8,-0.804153096607753,0.8511295108795158,5.556581583023072,4.609525785922659,0.003655278313376078
Qwen2-5-7B-Instruct,prefix,region_western_europe,region,placebo_early_riser|placebo_chess,4.75335489654541,2.581795389175415,2.171559507369995,1.890949183034897,2.4525171610355367,0.768,1.647427818789492e-41,2.2583974299430847,1.6046057839818328,8,1.465947886613117,0.1860895264500697,1.5649695551741156,0.16862650777595378,8,-0.804153096607753,2.4594357040950223,2.293919192450388,2.0423671623437953,0.08715825059999555
Qwen2-5-7B-Instruct,prefix,religion_christian,religion,placebo_runner|placebo_cyclist,4.028524429321289,3.681634746551514,0.3468896827697754,0.029174831104278577,0.6987055689811704,0.49,0.36174952920928183,2.2583974299430847,1.6046057839818328,8,1.040063395272663,0.332894982536403,1.0260242633472896,0.3444541920902114,8,-0.804153096607753,4.067741897310528,-0.039217467989239196,-0.031191136784618198,0.9761287751382964
Qwen2-5-7B-Instruct,prefix,religion_muslim,religion,placebo_runner|placebo_cyclist,6.447205493927002,3.681634746551514,2.7655707473754885,2.3446524598121643,3.177216667032242,0.692,6.807228316209085e-29,2.2583974299430847,1.6046057839818328,8,2.461193992692605,0.04338931853019214,2.8244265534608535,0.030178000535024077,8,-0.804153096607753,4.067741897310528,2.379463596616474,1.8924774678581644,0.10728296505784572
Qwen2-5-7B-Instruct,reworded,gender_man,gender,placebo_runner|placebo_cyclist,4.456982639312744,3.92726743888855,0.5297152004241943,0.2764494310855865,0.7722314969539642,0.568,1.9145543349255353e-05,2.280186158657074,1.866397243573101,8,1.0996069624048384,0.3078762205406116,1.2670323921343833,0.25210106053384085,8,-0.8492159726279125,4.1909220970698735,0.26606054224287057,0.15977791658634907,0.8782991577808706
Qwen2-5-7B-Instruct,reworded,gender_woman,gender,placebo_runner|placebo_cyclist,6.290758583068848,3.92726743888855,2.3634911441802977,2.048950109958649,2.665898351049423,0.748,3.040731264336129e-39,2.280186158657074,1.866397243573101,8,2.025937381056263,0.0824052787534544,2.674122026107456,0.03682357877878836,8,-0.8492159726279125,4.1909220970698735,2.099836485998974,1.2610193758030155,0.2541154718832151
Qwen2-5-7B-Instruct,reworded,identity_arab,identity,placebo_runner|placebo_cyclist,4.889451568603516,3.92726743888855,0.9621841297149658,0.6323649052619934,1.2970957222938535,0.564,2.026662395425568e-07,2.280186158657074,1.866397243573101,8,1.3180682884396266,0.2289734026946624,1.5988736672326094,0.16096478057077765,8,-0.8492159726279125,4.1909220970698735,0.6985294715336421,0.41948942407975376,0.6894635190254093
Qwen2-5-7B-Instruct,reworded,identity_european,identity,placebo_runner|placebo_cyclist,5.21489644241333,3.92726743888855,1.2876290035247804,0.9983416586875915,1.5910859444618222,0.654,1.5663985066179614e-16,2.280186158657074,1.866397243573101,8,1.4824665003535145,0.1817767908036639,1.8485934380294122,0.11401217237697545,8,-0.8492159726279125,4.1909220970698735,1.0239743453434569,0.6149295425681722,0.5611827037005124
Qwen2-5-7B-Instruct,reworded,region_arab_culture,region,placebo_stairs|placebo_tea,5.280456821441651,-0.34550947761535644,5.625966299057007,5.258464586925507,6.002835970211029,0.934,1.532148549274888e-76,2.280186158657074,1.866397243573101,8,1.5155842722160118,0.17340263594942174,1.8988991092561498,0.10633200705141933,8,-0.8492159726279125,0.7940582065582245,4.486398614883426,2.810159956912597,0.030749709595754276
Qwen2-5-7B-Instruct,reworded,region_indian_cultural_sphere,region,placebo_stairs|placebo_tea,5.01310636138916,-0.34550947761535644,5.358615839004517,4.995109888839722,5.723132045602798,0.916,1.1982919195033541e-73,2.280186158657074,1.866397243573101,8,1.3805324059123203,0.20989345399759987,1.693756238744252,0.14125181617028898,8,-0.8492159726279125,0.7940582065582245,4.2190481548309355,2.6426987877669763,0.03840159110379938
Qwen2-5-7B-Instruct,reworded,region_latin_america,region,placebo_early_riser|placebo_chess,4.3904950790405275,2.1438864421844483,2.246608636856079,1.9728267108917237,2.50772329878807,0.784,6.009544942863926e-45,2.280186158657074,1.866397243573101,8,1.0660208256950714,0.32179577231601986,1.2160152778758277,0.2696450932510815,8,-0.8492159726279125,2.4924901518140485,1.898004927226479,1.2759617901254159,0.24913559100387686
Qwen2-5-7B-Instruct,reworded,region_north_america,region,placebo_early_riser|placebo_chess,4.7854437789916995,2.1438864421844483,2.641557336807251,2.354217280435562,2.9214305840492245,0.832,1.6856850202567068e-52,2.280186158657074,1.866397243573101,8,1.265528838556355,0.2461753168439205,1.5190665985917835,0.1795506325943208,8,-0.8492159726279125,2.4924901518140485,2.292953627177651,1.5414718754621284,0.17413783698404545
Qwen2-5-7B-Instruct,reworded,region_oceania,region,placebo_maps|placebo_crossword,3.345306812286377,3.3951002311706544,-0.049793418884277345,-0.3834899128437042,0.28800161714553785,0.502,0.5614452182465273,2.280186158657074,1.866397243573101,8,0.5380448273139407,0.6072210771013666,0.41402331113223384,0.6932499262415468,5,-0.8492159726279125,1.643274179186136,1.702032633100241,1.1300021049232118,0.30161515165823294
Qwen2-5-7B-Instruct,reworded,region_sinosphere,region,placebo_stairs|placebo_tea,4.857806167602539,-0.34550947761535644,5.203315645217896,4.844260453033447,5.588563876867293,0.924,4.0368149594402113e-73,2.280186158657074,1.866397243573101,8,1.3020826399979837,0.23409351383130586,1.5745915754846997,0.1664176342544705,8,-0.8492159726279125,0.7940582065582245,4.063747961044315,2.5454229049615273,0.04375975326273429
Qwen2-5-7B-Instruct,reworded,region_sub_saharan_africa,region,placebo_stairs|placebo_tea,6.606220264434814,-0.34550947761535644,6.951729742050171,6.535260159969329,7.37353404340744,0.934,2.3066762676771317e-78,2.280186158657074,1.866397243573101,8,2.1852925914696266,0.0651298185390516,2.916181511769901,0.02676403369746873,8,-0.8492159726279125,0.7940582065582245,5.81216205787659,3.6405826767035734,0.010827347964224496
Qwen2-5-7B-Instruct,reworded,region_western_europe,region,placebo_early_riser|placebo_chess,5.364516147613525,2.1438864421844483,3.220629705429077,2.91496863284111,3.562164265346527,0.858,8.534616690180301e-59,2.280186158657074,1.866397243573101,8,1.5580467721029148,0.16318186970525866,1.9633993590810745,0.0972358559474847,8,-0.8492159726279125,2.4924901518140485,2.8720259957994765,1.9307618111624392,0.10173669045521615
Qwen2-5-7B-Instruct,reworded,religion_christian,religion,placebo_runner|placebo_cyclist,4.1865384330749515,3.92726743888855,0.25927099418640137,-0.0848603123664856,0.6348435185432432,0.502,0.7141415437812816,2.280186158657074,1.866397243573101,8,0.9629922927451591,0.36763004922752957,1.059515633906102,0.3301422725979136,8,-0.8492159726279125,4.1909220970698735,-0.00438366399492196,-0.0026325312811091633,0.9979848907246229
Qwen2-5-7B-Instruct,reworded,religion_muslim,religion,placebo_runner|placebo_cyclist,6.782301486968994,3.92726743888855,2.8550340480804444,2.3697643243789672,3.345191682624817,0.708,1.0842812631341313e-25,2.280186158657074,1.866397243573101,8,2.2742398770647503,0.0571192869055012,3.051291836348411,0.022474632930447894,8,-0.8492159726279125,4.1909220970698735,2.591379389899121,1.5562067058591842,0.1706622648944959
Qwen2-5-7B-Instruct,suffix,gender_man,gender,placebo_runner|placebo_cyclist,-1.3738210678100586,1.009666591644287,-2.3834876594543455,-2.5268902883529667,-2.2428643808841704,0.036,6.0334032277539196e-77,0.027158357620239257,0.7949450144500252,8,-1.6615690964235434,0.14055421406778815,-1.6230665695982105,0.15570148833588945,0,-0.3613074070521764,0.8401000234876357,-2.2139210912976943,-3.1178679921379833,0.020640875115545788
Qwen2-5-7B-Instruct,suffix,gender_woman,gender,placebo_runner|placebo_cyclist,-1.3348284568786621,1.009666591644287,-2.3444950485229494,-2.461121263885498,-2.22287769150734,0.036,1.0608645686802369e-77,0.027158357620239257,0.7949450144500252,8,-1.6153236511754265,0.15027471984747173,-1.5796717120608803,0.16526250738725892,0,-0.3613074070521764,0.8401000234876357,-2.174928480366298,-3.062954646747868,0.022140991601564408
Qwen2-5-7B-Instruct,suffix,identity_arab,identity,placebo_runner|placebo_cyclist,-3.6167184410095214,1.009666591644287,-4.6263850326538085,-4.7693735423088075,-4.466050339794158,0.018,3.649700412789244e-80,0.027158357620239257,0.7949450144500252,8,-4.321657384738799,0.0034731314332659617,-4.119185953654989,0.006221918804599916,0,-0.3613074070521764,0.8401000234876357,-4.456818464497157,-6.276543320286184,0.0007604623646765949
Qwen2-5-7B-Instruct,suffix,identity_european,identity,placebo_runner|placebo_cyclist,-1.818278663635254,1.009666591644287,-2.827945255279541,-2.9991924215316774,-2.647494086122513,0.046,2.240415619414303e-71,0.027158357620239257,0.7949450144500252,8,-2.188698183752594,0.06480319283089998,-2.1177032095029475,0.07853228230937111,0,-0.3613074070521764,0.8401000234876357,-2.6583786871228896,-3.7437982103977996,0.009579493202460012
Qwen2-5-7B-Instruct,suffix,region_arab_culture,region,placebo_stairs|placebo_tea,-2.565094135284424,-0.08423458862304688,-2.4808595466613768,-2.5713938698768612,-2.3868021508693698,0.012,2.333483280993417e-83,0.027158357620239257,0.7949450144500252,8,-3.074425329989668,0.01795546837509889,-2.948833780777293,0.02565175220151902,0,-0.3613074070521764,-0.6051296047210699,-1.959964530563354,-2.8789935974843344,0.028094674000154914
Qwen2-5-7B-Instruct,suffix,region_indian_cultural_sphere,region,placebo_stairs|placebo_tea,-2.947996307373047,-0.08423458862304688,-2.86376171875,-2.9554322526931767,-2.7747373773097994,0.006,1.3430512133772127e-83,0.027158357620239257,0.7949450144500252,8,-3.5285493553303664,0.00961653901599429,-3.374965419865382,0.014950448999231173,0,-0.3613074070521764,-0.6051296047210699,-2.342866702651977,-3.441438929895087,0.013776637156624747
Qwen2-5-7B-Instruct,suffix,region_latin_america,region,placebo_early_riser|placebo_chess,-2.4176930465698243,0.12968052101135255,-2.5473735675811766,-2.639817801952362,-2.453715317964554,0.006,1.8354315503813625e-83,0.027158357620239257,0.7949450144500252,8,-2.8996068499023253,0.022998823022557863,-2.784791181607124,0.031795284311257936,0,-0.3613074070521764,0.117485209383283,-2.5351782559531073,-3.9967606313514326,0.00714530074012763
Qwen2-5-7B-Instruct,suffix,region_north_america,region,placebo_early_riser|placebo_chess,-1.7852163009643556,0.12968052101135255,-1.914896821975708,-2.026983138561249,-1.8080957903385162,0.056,1.1743135776229019e-79,0.027158357620239257,0.7949450144500252,8,-2.14948604467936,0.06866571843064659,-2.0809081223394985,0.08263091907667836,0,-0.3613074070521764,0.117485209383283,-1.9027015103476386,-2.9996480412819593,0.02401910448490871
Qwen2-5-7B-Instruct,suffix,region_oceania,region,placebo_maps|placebo_crossword,-2.0872034416198733,-0.9464790935516357,-1.1407243480682374,-1.2387539152145386,-1.0432575850009917,0.142,7.854138774616049e-65,0.027158357620239257,0.7949450144500252,8,-2.5076444096934667,0.040536338788737615,-2.4169894627223796,0.05207603041161574,0,-0.3613074070521764,-0.24382219766889346,-1.8433812439509798,-2.870026046243148,0.028426121243018628
Qwen2-5-7B-Instruct,suffix,region_sinosphere,region,placebo_stairs|placebo_tea,-1.8174602966308593,-0.08423458862304688,-1.7332257080078124,-1.8283328251838684,-1.6431674432754517,0.04,3.82553321637041e-80,0.027158357620239257,0.7949450144500252,8,-2.187727596105586,0.0648961123398025,-2.1167924492660544,0.07863118258442649,0,-0.3613074070521764,-0.6051296047210699,-1.2123306919097894,-1.780793603973445,0.12523898828167707
Qwen2-5-7B-Instruct,suffix,region_sub_saharan_africa,region,placebo_stairs|placebo_tea,-2.432131538391113,-0.08423458862304688,-2.3478969497680664,-2.4454630859375,-2.2513945827484134,0.01,3.508370986315265e-83,0.027158357620239257,0.7949450144500252,8,-2.9167309784753406,0.022444270097532675,-2.800859772057276,0.0311286624507847,0,-0.3613074070521764,-0.6051296047210699,-1.8270019336700432,-2.683684723680019,0.03635720303452277
Qwen2-5-7B-Instruct,suffix,region_western_europe,region,placebo_early_riser|placebo_chess,-1.539684944152832,0.12968052101135255,-1.6693654651641845,-1.7766418124198915,-1.5602156681060793,0.072,7.9787864348526e-75,0.027158357620239257,0.7949450144500252,8,-1.8582845414483853,0.10547676412229678,-1.8076563960437269,0.12066606472703467,0,-0.3613074070521764,0.117485209383283,-1.657170153536115,-2.612562810347117,0.03998279116217462
Qwen2-5-7B-Instruct,suffix,religion_christian,religion,placebo_runner|placebo_cyclist,-0.8250314903259277,1.009666591644287,-1.8346980819702148,-2.196802394580841,-1.4413877761363987,0.176,8.752093673871773e-33,0.027158357620239257,0.7949450144500252,8,-1.0107017204755357,0.3458122653113344,-1.0123189185933836,0.3504537629323437,1,-0.3613074070521764,0.8401000234876357,-1.6651315138135634,-2.345006906536345,0.057449247124563826
Qwen2-5-7B-Instruct,suffix,religion_muslim,religion,placebo_runner|placebo_cyclist,-2.944308433532715,1.009666591644287,-3.953975025177002,-4.280959751987457,-3.6148487809181216,0.088,7.935312815632803e-60,0.027158357620239257,0.7949450144500252,8,-3.5241755172187026,0.009673212223826246,-3.3708611868813834,0.01502644936835139,0,-0.3613074070521764,0.8401000234876357,-3.7844084570203504,-5.329587420120681,0.0017788405222976546
Qwen2-5-7B-Instruct,target,gender_man,gender,placebo_runner|placebo_cyclist,-0.7647653160095215,-2.419047218322754,1.6542819023132325,1.4376426872730255,1.873084042072296,0.806,2.6402699980531016e-42,-4.18515749168396,2.3189503313049067,8,1.3906191199738969,0.20694767301773967,1.3373915364940892,0.22955990721454203,7,-0.8982104710170201,-2.164183931895665,1.3994186158861437,0.5942905787088225,0.5740270573884815
Qwen2-5-7B-Instruct,target,gender_woman,gender,placebo_runner|placebo_cyclist,-0.9053817901611328,-2.419047218322754,1.513665428161621,1.1706763172626495,1.8390194177150723,0.652,4.538629485814565e-16,-4.18515749168396,2.3189503313049067,8,1.3334490799623335,0.22413938444425466,1.2738231730230658,0.24984301326619718,7,-0.8982104710170201,-2.164183931895665,1.2588021417345323,0.5345750333738487,0.6121629670835536
Qwen2-5-7B-Instruct,target,identity_arab,identity,placebo_runner|placebo_cyclist,-3.359903980255127,-2.419047218322754,-0.940856761932373,-1.310121912384033,-0.5625842076301575,0.294,1.570459435299331e-16,-4.18515749168396,2.3189503313049067,8,0.33552097329080205,0.747063589324844,0.16420952590973018,0.8749583374896592,6,-0.8982104710170201,-2.164183931895665,-1.1957200483594619,-0.5077859844413422,0.6297248948134042
Qwen2-5-7B-Instruct,target,identity_european,identity,placebo_runner|placebo_cyclist,0.5285408210754394,-2.419047218322754,2.9475880393981932,2.6757133929252626,3.2015063114643096,0.878,4.578248553741049e-64,-4.18515749168396,2.3189503313049067,8,1.9164349182325564,0.09683643638470706,1.9220552830255262,0.10297227024056597,8,-0.8982104710170201,-2.164183931895665,2.6927247529711043,1.1435184108462406,0.29638752040727184
Qwen2-5-7B-Instruct,target,region_arab_culture,region,placebo_stairs|placebo_tea,2.168680961608887,-5.894766479492188,8.063447441101074,7.5780517083644865,8.57006310930252,0.998,1.272342595716463e-83,-4.18515749168396,2.3189503313049067,8,2.583262030948879,0.03629935794731197,2.6635119667170293,0.037348518306325025,8,-0.8982104710170201,-5.757025815963745,7.925706777572632,3.5106384144354763,0.012661592128192121
Qwen2-5-7B-Instruct,target,region_indian_cultural_sphere,region,placebo_stairs|placebo_tea,1.2351971588134765,-5.894766479492188,7.129963638305664,6.731266106414795,7.565439970397949,0.998,1.608286227256816e-83,-4.18515749168396,2.3189503313049067,8,2.203738175881799,0.06338032806185884,2.241512780430848,0.06620920082588423,8,-0.8982104710170201,-5.757025815963745,6.9922229747772215,3.097158053716082,0.02119321310593534
Qwen2-5-7B-Instruct,target,region_latin_america,region,placebo_early_riser|placebo_chess,0.1251694450378418,-3.33375567817688,3.458925123214722,3.1372537230014803,3.7847005401134486,0.874,1.6257115530923694e-64,-4.18515749168396,2.3189503313049067,8,1.7524373649819682,0.12315426154092517,1.739703546499134,0.13256470594653288,8,-0.8982104710170201,-3.960604873929705,4.085774318967547,1.942359547172732,0.10011385412038186
Qwen2-5-7B-Instruct,target,region_north_america,region,placebo_early_riser|placebo_chess,5.973845283508301,-3.33375567817688,9.30760096168518,8.874093122816086,9.741788449382781,0.99,1.7918757595787198e-83,-4.18515749168396,2.3189503313049067,8,4.13031686820082,0.004402238625121019,4.383709192119445,0.004649502793510483,8,-0.8982104710170201,-3.960604873929705,9.934450157438006,4.72279489829664,0.003248611997791527
Qwen2-5-7B-Instruct,target,region_oceania,region,placebo_maps|placebo_crossword,-0.9276635780334472,-5.0930605907440185,4.165397012710572,3.8918033102989193,4.447811241388321,0.936,1.3039333673200595e-73,-4.18515749168396,2.3189503313049067,8,1.3243900368318966,0.22697564215560606,1.2637502651451142,0.25319885228473776,7,-0.8982104710170201,-4.858815344946725,3.931151766913278,1.8456361884500867,0.11448042854043192
Qwen2-5-7B-Instruct,target,region_sinosphere,region,placebo_stairs|placebo_tea,3.017045223236084,-5.894766479492188,8.911811702728272,8.521288767051697,9.285506453847884,0.998,1.272342595716463e-83,-4.18515749168396,2.3189503313049067,8,2.9281790762256215,0.022081421957156167,3.04703123829824,0.022597876980714898,8,-0.8982104710170201,-5.757025815963745,8.774071039199828,3.886415647922125,0.008110273423074852
Qwen2-5-7B-Instruct,target,region_sub_saharan_africa,region,placebo_stairs|placebo_tea,-0.7555348205566407,-5.894766479492188,5.139231658935547,4.824773542881013,5.472121597623825,0.98,2.758532941306134e-82,-4.18515749168396,2.3189503313049067,8,1.3943719362605487,0.2058610808945046,1.3415643583025332,0.228281454917661,7,-0.8982104710170201,-5.757025815963745,5.001490995407105,2.215376736824832,0.06863332576115842
Qwen2-5-7B-Instruct,target,region_western_europe,region,placebo_early_riser|placebo_chess,5.623558177947998,-3.33375567817688,8.957313856124879,8.529346173238755,9.38234383878708,0.994,1.4434620115117544e-83,-4.18515749168396,2.3189503313049067,8,3.987901635837467,0.005270516173041338,4.2253552141818265,0.005528435138459252,8,-0.8982104710170201,-3.960604873929705,9.584163051877702,4.556269914139294,0.003866123142378063
Qwen2-5-7B-Instruct,target,religion_christian,religion,placebo_runner|placebo_cyclist,0.7015970420837402,-2.419047218322754,3.120644260406494,2.669746953725815,3.6097356181144713,0.75,1.885737420139203e-39,-4.18515749168396,2.3189503313049067,8,1.9867938938716931,0.08730298154273557,2.000288653790579,0.09238935046146156,8,-0.8982104710170201,-2.164183931895665,2.865780973979405,1.2170101313112145,0.2692930644253971
Qwen2-5-7B-Instruct,target,religion_muslim,religion,placebo_runner|placebo_cyclist,-2.1927376441955566,-2.419047218322754,0.22630957412719727,-0.27274389762878415,0.752448422670364,0.38,0.0008011891058701315,-4.18515749168396,2.3189503313049067,8,0.8100524713621526,0.44457095908955246,0.6918493656185633,0.5148980746489518,6,-0.8982104710170201,-2.164183931895665,-0.028553712299891565,-0.01212589429235404,0.9907183110892579
