item_id,condition,gap,n_group,n_rest
3,region_western_europe,0.07,8,50
10,region_western_europe,-0.21153846153846154,7,52
11,region_western_europe,-0.24489795918367346,8,49
16,region_western_europe,-0.12244897959183673,8,49
19,region_western_europe,-0.031862745098039214,8,51
30,region_western_europe,-0.12244897959183673,7,49
49,region_western_europe,0.09745762711864406,8,59
57,region_western_europe,0.07758620689655171,8,58
61,region_western_europe,-0.08333333333333333,8,60
63,region_western_europe,0.13601532567049807,9,58
66,region_western_europe,-0.27586206896551724,8,58
68,region_western_europe,-0.1206896551724138,7,58
76,region_western_europe,-0.16071428571428573,6,56
81,region_western_europe,-0.20175438596491227,6,57
82,region_western_europe,-0.037037037037037035,6,54
83,region_western_europe,-0.18181818181818182,6,55
92,region_western_europe,-0.36,4,50
104,region_western_europe,-0.2549019607843137,5,51
120,region_western_europe,-0.1088888888888889,9,50
123,region_western_europe,0.12083333333333329,10,48
127,region_western_europe,0.13999999999999999,10,50
136,region_western_europe,-0.008547008547008572,9,52
143,region_western_europe,-0.2928571428571428,10,56
148,region_western_europe,0.15675675675675677,5,37
153,region_western_europe,-0.07692307692307693,6,52
158,region_western_europe,-0.07861635220125787,6,53
159,region_western_europe,-0.21739130434782608,6,46
162,region_western_europe,-0.00666666666666671,6,50
174,region_western_europe,-0.11764705882352941,5,51
175,region_western_europe,-0.18,6,50
191,region_western_europe,-0.12962962962962962,6,54
212,region_western_europe,-0.11475409836065574,7,61
214,region_western_europe,0.24210526315789477,5,57
219,region_western_europe,0.08076923076923077,10,52
226,region_western_europe,-0.10909090909090909,9,55
228,region_western_europe,-0.005263157894736831,10,57
232,region_western_europe,0.19999999999999998,10,50
245,region_western_europe,-0.08867924528301888,10,53
250,region_western_europe,-0.18867924528301888,6,53
263,region_western_europe,-0.18518518518518517,6,54
265,region_western_europe,0.11904761904761904,7,54
272,region_western_europe,-0.09863945578231295,6,49
275,region_western_europe,-0.20408163265306123,5,49
280,region_western_europe,-0.11764705882352941,5,51
281,region_western_europe,-0.1369047619047619,6,56
283,region_western_europe,-0.21818181818181817,6,55
294,region_western_europe,-0.1388888888888889,9,56
307,region_western_europe,0.12962962962962962,9,54
314,region_western_europe,0.1264367816091954,9,58
320,region_western_europe,0.022222222222222227,5,45
324,region_western_europe,0.2806603773584906,8,53
326,region_western_europe,-0.031862745098039214,8,51
327,region_western_europe,0.22877358490566035,8,53
330,region_western_europe,0.27884615384615385,8,52
334,region_western_europe,0.41346153846153844,8,52
341,region_western_europe,-0.012254901960784326,8,51
347,region_western_europe,-0.05714285714285716,7,50
361,region_western_europe,0.006666666666666654,6,50
367,region_western_europe,0.41134751773049644,6,47
375,region_western_europe,0.22000000000000003,5,50
387,region_western_europe,0.10364145658263305,7,51
395,region_western_europe,0.012987012987012991,7,55
419,region_western_europe,0.05555555555555555,6,54
425,region_western_europe,0.08372093023255815,5,43
427,region_western_europe,-0.06976744186046512,5,43
430,region_western_europe,0.0124223602484472,7,46
435,region_western_europe,0.3780487804878049,6,41
436,region_western_europe,-0.06521739130434782,6,46
445,region_western_europe,-0.18181818181818182,6,44
447,region_western_europe,-0.21428571428571427,5,42
449,region_western_europe,0.026086956521739146,5,46
456,region_western_europe,-0.1702127659574468,6,47
459,region_western_europe,-0.024822695035461,6,47
465,region_western_europe,0.03900709219858156,12,47
477,region_western_europe,0.16363636363636364,11,50
479,region_western_europe,-0.17647058823529413,12,51
497,region_western_europe,0.1423076923076923,10,52
501,region_western_europe,-0.05686274509803921,10,51
505,region_western_europe,-0.08333333333333333,10,48
514,region_western_europe,0.12549019607843137,10,51
520,region_western_europe,0.20833333333333331,9,48
532,region_western_europe,-0.00808625336927224,7,53
537,region_western_europe,-0.05660377358490566,7,53
540,region_western_europe,-0.12244897959183673,8,49
542,region_western_europe,0.06442577030812324,7,51
544,region_western_europe,-0.058823529411764705,7,51
557,region_western_europe,-0.04081632653061224,7,49
560,region_western_europe,0.20879120879120877,7,52
567,region_western_europe,0.02696078431372549,8,51
571,region_western_europe,0.15384615384615383,6,39
573,region_western_europe,0.21904761904761905,7,45
576,region_western_europe,0.0357142857142857,7,52
583,region_western_europe,0.17091836734693877,8,49
585,region_western_europe,0.24489795918367344,7,49
587,region_western_europe,0.3846153846153846,8,52
588,region_western_europe,0.3045454545454545,5,44
609,region_western_europe,0.43478260869565216,6,46
622,region_western_europe,0.009615384615384609,8,52
633,region_western_europe,0.026666666666666644,6,50
634,region_western_europe,-0.039682539682539764,7,54
639,region_western_europe,0.10714285714285715,8,49
644,region_western_europe,0.0,8,48
655,region_western_europe,-0.2,8,45
658,region_western_europe,0.31887755102040816,8,49
663,region_western_europe,-0.04081632653061224,9,49
667,region_western_europe,-0.14,9,50
678,region_western_europe,-0.1702127659574468,7,47
681,region_western_europe,-0.2222222222222222,5,27
695,region_western_europe,-0.2692307692307692,9,52
701,region_western_europe,-0.0784313725490196,8,51
703,region_western_europe,0.023584905660377353,8,53
708,region_western_europe,0.18944099378881984,7,46
719,region_western_europe,-0.08867924528301888,10,53
725,region_western_europe,-0.15217391304347827,8,46
727,region_western_europe,-0.05686274509803921,10,51
731,region_western_europe,-0.08867924528301888,10,53
736,region_western_europe,-0.0784313725490196,10,51
745,region_western_europe,0.27419354838709675,4,62
771,region_western_europe,0.5014925373134329,5,67
785,region_western_europe,-0.22685185185185186,8,54
788,region_western_europe,-0.023809523809523808,7,54
789,region_western_europe,-0.026954177897574122,7,53
791,region_western_europe,-0.18872549019607843,8,51
793,region_western_europe,-0.18604651162790697,5,43
795,region_western_europe,-0.09259259259259259,6,54
804,region_western_europe,0.04545454545454547,8,55
816,region_western_europe,-0.10606060606060605,6,55
821,region_western_europe,-0.11168831168831167,7,55
830,region_western_europe,-0.22252747252747251,7,52
832,region_western_europe,-0.23636363636363636,7,55
833,region_western_europe,0.13736263736263743,7,52
836,region_western_europe,-0.03504043126684636,7,53
837,region_western_europe,-0.08128078817733991,7,58
843,region_western_europe,-0.07861635220125787,6,53
847,region_western_europe,-0.058823529411764705,6,51
851,region_western_europe,-0.107843137254902,6,51
853,region_western_europe,0.053459119496855334,6,53
855,region_western_europe,-0.1,6,50
858,region_western_europe,-0.07692307692307693,6,52
859,region_western_europe,0.15333333333333332,6,50
860,region_western_europe,-0.038461538461538464,6,52
869,region_western_europe,-0.11627906976744186,5,43
875,region_western_europe,0.062499999999999986,6,48
884,region_western_europe,-0.08243727598566308,9,62
892,region_western_europe,-0.026819923371647514,9,58
894,region_western_europe,-0.08333333333333333,10,60
895,region_western_europe,-0.11764705882352941,8,51
922,region_western_europe,0.12755102040816327,8,49
927,region_western_europe,-0.2367021276595745,8,47
932,region_western_europe,-0.23404255319148937,8,47
944,region_western_europe,0.19722222222222222,8,45
947,region_western_europe,0.02777777777777779,8,45
950,region_western_europe,-0.02083333333333337,6,48
961,region_western_europe,0.2681159420289855,6,46
967,region_western_europe,0.13265306122448978,6,49
980,region_western_europe,-0.054421768707483,6,49
981,region_western_europe,-0.003546099290780147,6,47
983,region_western_europe,0.023809523809523808,6,42
984,region_western_europe,0.037878787878787845,6,44
986,region_western_europe,-0.0377777777777778,9,50
989,region_western_europe,0.15306122448979592,8,49
991,region_western_europe,-0.13605442176870752,9,49
1000,region_western_europe,0.025641025641025605,9,52
1002,region_western_europe,-0.1437908496732026,9,51
1009,region_western_europe,-0.04273504273504275,9,52
1022,region_western_europe,-0.13114754098360656,5,61
1023,region_western_europe,0.06830601092896174,6,61
1031,region_western_europe,0.21052631578947367,6,57
1034,region_western_europe,-0.1016949152542373,6,59
1038,region_western_europe,-0.14035087719298245,5,57
1039,region_western_europe,-0.1016949152542373,6,59
1040,region_western_europe,-0.06315789473684208,5,57
1044,region_western_europe,0.18079096045197737,6,59
1045,region_western_europe,0.07471264367816088,6,58
1050,region_western_europe,-0.07861635220125787,6,53
1077,region_western_europe,-0.05263157894736842,6,38
1078,region_western_europe,0.16666666666666666,6,51
1111,region_western_europe,0.3149350649350649,7,44
1115,region_western_europe,-0.06122448979591838,7,49
1117,region_western_europe,-0.15259740259740262,7,44
1122,region_western_europe,0.012820512820512803,6,39
1124,region_western_europe,0.11180124223602483,7,46
1128,region_western_europe,0.23809523809523808,7,45
1129,region_western_europe,0.08116883116883114,7,44
1132,region_western_europe,0.05844155844155843,7,44
1144,region_western_europe,-0.23255813953488372,6,43
1149,region_western_europe,-0.07500000000000001,8,45
1150,region_western_europe,-0.07142857142857142,7,42
1433,region_western_europe,-0.1891891891891892,4,37
2922,region_western_europe,0.6547619047619048,4,21
2937,region_western_europe,-0.2857142857142857,4,21
3349,region_western_europe,0.16190476190476188,6,35
3,region_north_america,-0.21568627450980393,7,51
10,region_north_america,0.07352941176470587,8,51
11,region_north_america,0.04591836734693877,8,49
16,region_north_america,0.45918367346938777,8,49
19,region_north_america,-0.031862745098039214,8,51
30,region_north_america,0.16666666666666669,8,48
49,region_north_america,-0.1864406779661017,8,59
57,region_north_america,-0.08187134502923976,9,57
61,region_north_america,0.17137476459510356,9,59
63,region_north_america,0.007662835249042141,9,58
66,region_north_america,0.008620689655172403,8,58
68,region_north_america,-0.12280701754385964,8,57
76,region_north_america,-0.0025974025974025983,7,55
81,region_north_america,-0.23214285714285715,7,56
82,region_north_america,-0.06469002695417791,7,53
83,region_north_america,0.003030303030303022,6,55
92,region_north_america,-0.05471124620060791,7,47
104,region_north_america,0.28846153846153844,4,52
120,region_north_america,-0.1088888888888889,9,50
123,region_north_america,-0.06575963718820865,9,49
127,region_north_america,-0.08496732026143791,9,51
136,region_north_america,-0.03529411764705881,10,51
143,region_north_america,-0.4107142857142857,10,56
148,region_north_america,-0.07027027027027027,5,37
153,region_north_america,-0.08163265306122448,9,49
158,region_north_america,-0.28,9,50
159,region_north_america,-0.05714285714285716,7,45
162,region_north_america,-0.13947990543735228,9,47
174,region_north_america,-0.1276595744680851,9,47
175,region_north_america,-0.04166666666666666,8,48
191,region_north_america,-0.13725490196078433,9,51
212,region_north_america,-0.11864406779661017,9,59
214,region_north_america,-0.07756813417190778,9,53
219,region_north_america,-0.038461538461538464,10,52
226,region_north_america,0.007407407407407418,10,54
228,region_north_america,-0.016233766233766225,11,56
232,region_north_america,0.05936920222634509,11,49
245,region_north_america,0.00874125874125875,11,52
250,region_north_america,0.1933333333333333,9,50
263,region_north_america,0.065359477124183,9,51
265,region_north_america,-0.08119658119658121,9,52
272,region_north_america,-0.12797619047619047,7,48
275,region_north_america,0.1155015197568389,7,47
280,region_north_america,0.02083333333333333,8,48
281,region_north_america,-0.07966457023060797,9,53
283,region_north_america,-0.10042735042735043,9,52
294,region_north_america,-0.1388888888888889,9,56
307,region_north_america,0.015909090909090914,8,55
314,region_north_america,-0.14561403508771928,10,57
320,region_north_america,-0.20454545454545456,6,44
324,region_north_america,-0.1509433962264151,8,53
326,region_north_america,-0.031862745098039214,8,51
327,region_north_america,0.22877358490566035,8,53
330,region_north_america,-0.15384615384615385,8,52
334,region_north_america,-0.16346153846153844,8,52
341,region_north_america,-0.1568627450980392,8,51
347,region_north_america,-0.22,7,50
361,region_north_america,-0.17647058823529413,5,51
367,region_north_america,-0.11249999999999999,5,48
375,region_north_america,-0.22448979591836735,6,49
387,region_north_america,-0.057692307692307696,6,52
395,region_north_america,-0.02777777777777779,8,54
419,region_north_america,-0.12962962962962962,6,54
425,region_north_america,0.15,8,40
427,region_north_america,-0.07317073170731707,7,41
430,region_north_america,-0.008333333333333331,8,45
435,region_north_america,-0.03214285714285714,7,40
436,region_north_america,-0.06818181818181818,8,44
445,region_north_america,-0.04166666666666666,8,42
447,region_north_america,0.11071428571428571,7,40
449,region_north_america,0.08720930232558138,8,43
456,region_north_america,-0.17777777777777778,8,45
459,region_north_america,0.07222222222222222,8,45
465,region_north_america,-0.042857142857142844,10,49
477,region_north_america,0.025510204081632654,12,49
479,region_north_america,0.02941176470588233,12,51
497,region_north_america,-0.09090909090909091,7,55
501,region_north_america,-0.16363636363636364,6,55
505,region_north_america,-0.07547169811320754,5,53
514,region_north_america,-0.14242424242424243,6,55
520,region_north_america,0.009803921568627444,6,51
532,region_north_america,0.1536388140161725,7,53
537,region_north_america,-0.05660377358490566,7,53
540,region_north_america,-0.11764705882352941,6,51
542,region_north_america,0.08974358974358973,6,52
544,region_north_america,-0.057692307692307696,6,52
557,region_north_america,-0.04,6,50
560,region_north_america,-0.11538461538461539,7,52
567,region_north_america,0.0111111111111111,9,50
571,region_north_america,-0.038461538461538464,6,39
573,region_north_america,-0.1111111111111111,7,45
576,region_north_america,-0.0377777777777778,9,50
583,region_north_america,-0.2708333333333333,9,48
585,region_north_america,-0.25,8,48
587,region_north_america,-0.19607843137254902,9,51
588,region_north_america,-0.18217054263565893,6,43
609,region_north_america,0.05797101449275362,6,46
622,region_north_america,0.05555555555555555,6,54
633,region_north_america,-0.16,6,50
634,region_north_america,-0.11818181818181817,6,55
639,region_north_america,0.009803921568627444,6,51
644,region_north_america,-0.28,6,50
655,region_north_america,-0.1836734693877551,4,49
658,region_north_america,0.3529411764705882,6,51
663,region_north_america,-0.03773584905660377,5,53
667,region_north_america,-0.12962962962962962,5,54
678,region_north_america,-0.16326530612244897,5,49
695,region_north_america,-0.03214285714285714,5,56
701,region_north_america,-0.07547169811320754,6,53
703,region_north_america,0.11515151515151514,6,55
708,region_north_america,-0.18434343434343436,9,44
719,region_north_america,-0.07407407407407407,9,54
725,region_north_america,-0.022222222222222227,9,45
727,region_north_america,-0.17647058823529413,10,51
731,region_north_america,0.03018867924528304,10,53
736,region_north_america,0.0411764705882353,10,51
745,region_north_america,-0.0727272727272727,11,55
771,region_north_america,0.14307004470938894,11,61
785,region_north_america,-0.17261904761904764,6,56
788,region_north_america,-0.18181818181818182,6,55
789,region_north_america,-0.18181818181818182,5,55
791,region_north_america,0.05031446540880502,6,53
793,region_north_america,0.38095238095238093,6,42
795,region_north_america,-0.09259259259259259,6,54
804,region_north_america,0.04385964912280704,6,57
816,region_north_america,-0.2909090909090909,6,55
821,region_north_america,-0.26785714285714285,6,56
830,region_north_america,-0.15185185185185185,5,54
832,region_north_america,-0.047619047619047616,6,56
833,region_north_america,-0.10377358490566035,6,53
836,region_north_america,-0.1967654986522911,7,53
837,region_north_america,-0.2413793103448276,7,58
843,region_north_america,-0.040740740740740716,5,54
847,region_north_america,0.10285714285714284,7,50
851,region_north_america,-0.13714285714285718,7,50
853,region_north_america,-0.1346153846153846,7,52
855,region_north_america,-0.10204081632653061,7,49
858,region_north_america,0.08403361344537814,7,51
859,region_north_america,0.10204081632653059,7,49
860,region_north_america,-0.0392156862745098,7,51
869,region_north_america,0.04529616724738675,7,41
875,region_north_america,0.062499999999999986,6,48
884,region_north_america,-0.08243727598566308,9,62
892,region_north_america,-0.15517241379310345,9,58
894,region_north_america,-0.08196721311475409,9,61
895,region_north_america,0.04670329670329669,7,52
922,region_north_america,0.002857142857142836,7,50
927,region_north_america,-0.21130952380952384,7,48
932,region_north_america,0.26190476190476186,7,48
944,region_north_america,-0.23404255319148937,6,47
947,region_north_america,-0.06737588652482271,6,47
950,region_north_america,-0.1673469387755102,5,49
961,region_north_america,-0.10638297872340426,5,47
967,region_north_america,-0.054421768707483,6,49
980,region_north_america,0.13265306122448978,6,49
981,region_north_america,-0.003546099290780147,6,47
983,region_north_america,0.023809523809523808,6,42
984,region_north_america,-0.1111111111111111,5,45
986,region_north_america,-0.28846153846153844,7,52
989,region_north_america,-0.0942857142857143,7,50
991,region_north_america,0.14005602240896353,7,51
1000,region_north_america,-0.029100529100529127,7,54
1002,region_north_america,-0.10242587601078168,7,53
1009,region_north_america,-0.005291005291005291,7,54
1022,region_north_america,-0.13333333333333333,6,60
1023,region_north_america,-0.11475409836065574,6,61
1031,region_north_america,-0.15789473684210525,6,57
1034,region_north_america,-0.1016949152542373,6,59
1038,region_north_america,-0.14285714285714285,6,56
1039,region_north_america,0.2655367231638418,6,59
1040,region_north_america,-0.10119047619047619,6,56
1044,region_north_america,0.033333333333333354,5,60
1045,region_north_america,0.2586206896551724,6,58
1050,region_north_america,-0.25925925925925924,5,54
1078,region_north_america,-0.02,7,50
1115,region_north_america,-0.21568627450980393,5,51
1117,region_north_america,0.2446808510638298,4,47
1122,region_north_america,-0.17073170731707318,4,41
1128,region_north_america,-0.22463768115942032,6,46
1129,region_north_america,-0.05555555555555555,6,45
1132,region_north_america,-0.07777777777777778,6,45
1144,region_north_america,-0.23255813953488372,6,43
1149,region_north_america,-0.2127659574468085,6,47
1150,region_north_america,0.12015503875968991,6,43
1433,region_north_america,-0.004761904761904773,6,35
3349,region_north_america,-0.22857142857142856,6,35
3,region_latin_america,-0.05322128851540617,7,51
10,region_latin_america,0.2747252747252747,7,52
11,region_latin_america,0.41142857142857137,7,50
16,region_latin_america,-0.12,7,50
19,region_latin_america,-0.010989010989011005,7,52
30,region_latin_america,0.20408163265306123,7,49
49,region_latin_america,0.002732240437158473,6,61
57,region_latin_america,-0.016666666666666663,6,60
61,region_latin_america,-0.08064516129032258,6,62
63,region_latin_america,0.10322580645161292,5,62
66,region_latin_america,0.2833333333333333,6,60
68,region_latin_america,0.06497175141242936,6,59
76,region_latin_america,-0.16071428571428573,6,56
81,region_latin_america,-0.017543859649122806,6,57
82,region_latin_america,-0.037037037037037035,6,54
83,region_latin_america,-0.023809523809523808,7,54
92,region_latin_america,0.0,6,48
104,region_latin_america,0.22448979591836732,7,49
120,region_latin_america,0.09340659340659338,7,52
123,region_latin_america,0.0,6,52
127,region_latin_america,0.27762803234501343,7,53
136,region_latin_america,0.22486772486772486,7,54
143,region_latin_america,0.35,6,60
153,region_latin_america,0.10897435897435896,6,52
158,region_latin_america,0.6635220125786164,6,53
159,region_latin_america,0.15942028985507245,6,46
162,region_latin_america,-0.19333333333333333,6,50
174,region_latin_america,0.06666666666666665,6,50
175,region_latin_america,-0.18,6,50
191,region_latin_america,0.4107142857142857,4,56
212,region_latin_america,-0.11475409836065574,7,61
214,region_latin_america,-0.011904761904761918,6,56
219,region_latin_america,-0.03508771929824561,5,57
226,region_latin_america,-0.10344827586206896,6,58
228,region_latin_america,0.06830601092896174,6,61
232,region_latin_america,-0.14814814814814814,6,54
245,region_latin_america,-0.008771929824561403,6,57
250,region_latin_america,-0.02006688963210701,13,46
263,region_latin_america,-0.0927643784786642,11,49
265,region_latin_america,0.0018181818181818299,11,50
272,region_latin_america,0.022727272727272707,11,44
275,region_latin_america,0.08333333333333334,12,42
280,region_latin_america,0.09292929292929293,11,45
281,region_latin_america,-0.04999999999999999,12,50
283,region_latin_america,-0.03741496598639457,12,49
294,region_latin_america,-0.09852216748768475,7,58
307,region_latin_america,0.03571428571428571,7,56
314,region_latin_america,-0.09047619047619049,7,60
320,region_latin_america,0.08333333333333334,8,42
324,region_latin_america,-0.007075471698113206,8,53
326,region_latin_america,0.11274509803921567,8,51
327,region_latin_america,0.08490566037735847,8,53
330,region_latin_america,0.27884615384615385,8,52
334,region_latin_america,0.2692307692307692,8,52
341,region_latin_america,-0.012254901960784326,8,51
347,region_latin_america,0.21173469387755103,8,49
361,region_latin_america,-0.1836734693877551,7,49
367,region_latin_america,-0.018633540372670843,7,46
375,region_latin_america,0.35106382978723405,8,47
387,region_latin_america,-0.058823529411764705,7,51
395,region_latin_america,0.06547619047619047,6,56
419,region_latin_america,0.05555555555555555,6,54
425,region_latin_america,-0.14285714285714285,6,42
427,region_latin_america,-0.07142857142857142,6,42
430,region_latin_america,0.07500000000000001,5,48
435,region_latin_america,-0.004065040650406526,6,41
436,region_latin_america,-0.06521739130434782,6,46
445,region_latin_america,0.2666666666666667,5,45
447,region_latin_america,-0.028455284552845544,6,41
449,region_latin_america,-0.011111111111111127,6,45
456,region_latin_america,0.20567375886524822,6,47
459,region_latin_america,-0.024822695035461,6,47
465,region_latin_america,0.1323529411764706,8,51
477,region_latin_america,-0.12028301886792453,8,53
479,region_latin_america,0.09259259259259259,9,54
497,region_latin_america,0.03563941299790356,9,53
501,region_latin_america,0.0876068376068376,9,52
505,region_latin_america,0.18140589569160998,9,49
514,region_latin_america,0.1752136752136752,9,52
520,region_latin_america,0.07638888888888887,9,48
532,region_latin_america,-0.16666666666666666,6,54
537,region_latin_america,-0.05555555555555555,6,54
540,region_latin_america,0.06862745098039215,6,51
542,region_latin_america,0.08974358974358973,6,52
544,region_latin_america,0.1282051282051282,6,52
557,region_latin_america,-0.04,6,50
560,region_latin_america,0.07232704402515722,6,53
567,region_latin_america,-0.11320754716981132,6,53
571,region_latin_america,0.10150375939849623,7,38
573,region_latin_america,-0.10869565217391304,6,46
576,region_latin_america,-0.12637362637362637,7,52
583,region_latin_america,-0.09714285714285714,7,50
585,region_latin_america,-0.0816326530612245,7,49
587,region_latin_america,-0.04807692307692307,8,52
588,region_latin_america,-0.37209302325581395,6,43
609,region_latin_america,-0.13953488372093023,9,43
622,region_latin_america,0.009615384615384609,8,52
633,region_latin_america,-0.020833333333333343,8,48
634,region_latin_america,0.20085470085470092,9,52
639,region_latin_america,-0.017142857142857154,7,50
644,region_latin_america,0.040816326530612235,7,49
655,region_latin_america,0.46273291925465837,7,46
658,region_latin_america,0.05384615384615388,5,52
663,region_latin_america,-0.038461538461538464,6,52
667,region_latin_america,0.027472527472527458,7,52
678,region_latin_america,0.20833333333333331,6,48
695,region_latin_america,0.11515151515151514,6,55
701,region_latin_america,0.110062893081761,6,53
703,region_latin_america,-0.0696969696969697,6,55
708,region_latin_america,0.15000000000000002,5,48
719,region_latin_america,0.08636363636363636,8,55
725,region_latin_america,0.14130434782608697,8,46
727,region_latin_america,0.2617924528301887,8,53
731,region_latin_america,0.22954545454545455,8,55
736,region_latin_america,0.3561320754716981,8,53
745,region_latin_america,0.04842615012106535,7,59
771,region_latin_america,-0.05274725274725278,7,65
785,region_latin_america,-0.08333333333333331,8,54
788,region_latin_america,-0.023809523809523808,7,54
789,region_latin_america,-0.026954177897574122,7,53
791,region_latin_america,0.15934065934065933,7,52
793,region_latin_america,-0.18604651162790697,5,43
795,region_latin_america,0.36388140161725063,7,53
804,region_latin_america,-0.19642857142857145,7,56
816,region_latin_america,0.23454545454545453,11,50
821,region_latin_america,0.14795008912655971,11,51
830,region_latin_america,-0.08143939393939398,11,48
832,region_latin_america,0.10769230769230767,10,52
833,region_latin_america,0.008163265306122436,10,49
836,region_latin_america,0.21999999999999997,10,50
837,region_latin_america,0.17845117845117847,11,54
843,region_latin_america,-0.04489795918367345,10,49
847,region_latin_america,0.01371951219512195,16,41
851,region_latin_america,-0.10518292682926828,16,41
853,region_latin_america,-0.07703488372093023,16,43
855,region_latin_america,-0.037500000000000006,16,40
858,region_latin_america,-0.0031007751937984496,15,43
859,region_latin_america,0.2780487804878049,15,41
860,region_latin_america,0.03869047619047619,16,42
869,region_latin_america,-0.027777777777777776,12,36
875,region_latin_america,-0.053571428571428575,14,40
884,region_latin_america,0.044802867383512524,9,62
892,region_latin_america,0.009523809523809518,7,60
894,region_latin_america,0.04553734061930782,9,61
895,region_latin_america,0.04670329670329669,7,52
922,region_latin_america,-0.1568627450980392,6,51
927,region_latin_america,0.19387755102040816,6,49
932,region_latin_america,0.22000000000000003,5,50
944,region_latin_america,0.21250000000000002,5,48
947,region_latin_america,-0.029166666666666646,5,48
950,region_latin_america,-0.11956521739130432,8,46
961,region_latin_america,0.05396825396825396,7,45
967,region_latin_america,0.1382978723404255,8,47
980,region_latin_america,0.2845744680851064,8,47
981,region_latin_america,0.09444444444444444,8,45
983,region_latin_america,0.275,8,40
984,region_latin_america,0.1495016611295681,7,43
986,region_latin_america,0.27358490566037735,6,53
989,region_latin_america,0.3333333333333333,6,51
991,region_latin_america,0.3849056603773585,5,53
1000,region_latin_america,0.5787878787878789,6,55
1002,region_latin_america,0.6181818181818182,5,55
1009,region_latin_america,0.9285714285714286,5,56
1022,region_latin_america,-0.05515239477503628,13,53
1023,region_latin_america,-0.0417789757412399,14,53
1031,region_latin_america,-0.07352941176470588,12,51
1034,region_latin_america,-0.019230769230769232,13,52
1038,region_latin_america,0.1746880570409982,11,51
1039,region_latin_america,0.09119496855345911,12,53
1040,region_latin_america,0.25745682888540034,13,49
1044,region_latin_america,-0.11538461538461539,13,52
1045,region_latin_america,0.14932126696832582,13,51
1050,region_latin_america,0.5390070921985816,12,47
1077,region_latin_america,0.14035087719298245,6,38
1078,region_latin_america,-0.021739130434782608,11,46
1111,region_latin_america,0.0111111111111111,6,45
1115,region_latin_america,0.10204081632653059,7,49
1117,region_latin_america,0.06666666666666665,6,45
1122,region_latin_america,-0.175,5,40
1124,region_latin_america,-0.024822695035461,6,47
1128,region_latin_america,-0.2571428571428572,7,45
1129,region_latin_america,0.24675324675324672,7,44
1132,region_latin_america,0.05844155844155843,7,44
1144,region_latin_america,0.09523809523809523,7,42
1149,region_latin_america,0.11180124223602483,7,46
1150,region_latin_america,-0.07142857142857142,7,42
1433,region_latin_america,0.19047619047619047,6,35
3349,region_latin_america,0.7476190476190476,6,35
3677,region_latin_america,0.09210526315789475,4,19
3679,region_latin_america,0.08823529411764708,4,17
3682,region_latin_america,0.5921052631578947,4,19
4026,region_latin_america,-0.1111111111111111,4,18
4029,region_latin_america,0.04999999999999999,4,20
4033,region_latin_america,-0.01315789473684209,4,19
3,region_arab_culture,0.0385487528344671,9,49
10,region_arab_culture,-0.0888888888888889,9,50
11,region_arab_culture,-0.25,9,48
16,region_arab_culture,-0.125,9,48
19,region_arab_culture,0.11274509803921567,8,51
30,region_arab_culture,-0.125,8,48
49,region_arab_culture,0.1357142857142857,7,60
57,region_arab_culture,0.27602905569007263,7,59
61,region_arab_culture,0.07728337236533957,7,61
63,region_arab_culture,0.06830601092896174,6,61
66,region_arab_culture,0.04842615012106535,7,59
68,region_arab_culture,0.039408866995073885,7,58
76,region_arab_culture,0.12037037037037038,8,54
81,region_arab_culture,0.17272727272727273,8,55
82,region_arab_culture,0.20192307692307693,8,52
83,region_arab_culture,0.2429245283018868,8,53
92,region_arab_culture,0.10942249240121577,7,47
104,region_arab_culture,0.16666666666666666,8,48
120,region_arab_culture,0.19852941176470587,8,51
123,region_arab_culture,0.1972789115646258,9,49
127,region_arab_culture,0.04575163398692808,9,51
136,region_arab_culture,0.12179487179487178,9,52
143,region_arab_culture,0.5321428571428573,10,56
148,region_arab_culture,-0.07027027027027027,5,37
153,region_arab_culture,-0.0784313725490196,7,51
158,region_arab_culture,0.054945054945054916,7,52
159,region_arab_culture,0.273015873015873,7,45
162,region_arab_culture,0.26530612244897955,7,49
174,region_arab_culture,0.040816326530612235,7,49
175,region_arab_culture,-0.020408163265306117,7,49
191,region_arab_culture,0.029649595687331526,7,53
212,region_arab_culture,0.16666666666666669,8,60
214,region_arab_culture,0.12207792207792206,7,55
219,region_arab_culture,-0.03571428571428571,6,56
226,region_arab_culture,0.21553884711779447,7,57
228,region_arab_culture,-0.11666666666666667,7,60
232,region_arab_culture,-0.14545454545454545,5,55
245,region_arab_culture,0.17543859649122806,6,57
250,region_arab_culture,-0.19230769230769232,7,52
263,region_arab_culture,0.2964959568733153,7,53
265,region_arab_culture,-0.015151515151515166,6,55
272,region_arab_culture,0.0357142857142857,7,48
275,region_arab_culture,-0.20408163265306123,5,49
280,region_arab_culture,0.040816326530612235,7,49
281,region_arab_culture,-0.0051948051948051965,7,55
283,region_arab_culture,0.10052910052910052,7,54
294,region_arab_culture,0.11904761904761904,9,56
307,region_arab_culture,0.015909090909090914,8,55
314,region_arab_culture,0.2547892720306513,9,58
320,region_arab_culture,-0.015151515151515166,6,44
324,region_arab_culture,0.013227513227513227,7,54
326,region_arab_culture,0.2012578616352201,6,53
327,region_arab_culture,-0.15873015873015872,7,54
330,region_arab_culture,-0.2722371967654987,7,53
334,region_arab_culture,-0.2962962962962963,6,54
341,region_arab_culture,-0.15384615384615385,7,52
347,region_arab_culture,-0.21568627450980393,6,51
361,region_arab_culture,-0.04166666666666666,8,48
367,region_arab_culture,-0.15248226950354613,6,47
375,region_arab_culture,-0.0654761904761905,7,48
387,region_arab_culture,-0.058823529411764705,7,51
395,region_arab_culture,0.17402597402597403,7,55
419,region_arab_culture,-0.1320754716981132,7,53
425,region_arab_culture,-0.13636363636363635,4,44
427,region_arab_culture,0.11904761904761904,6,42
430,region_arab_culture,0.03900709219858156,6,47
435,region_arab_culture,-0.19047619047619047,5,42
436,region_arab_culture,0.12318840579710144,6,46
445,region_arab_culture,0.007575757575757569,6,44
447,region_arab_culture,-0.21428571428571427,5,42
449,region_arab_culture,-0.011111111111111127,6,45
456,region_arab_culture,0.20567375886524822,6,47
459,region_arab_culture,-0.2127659574468085,6,47
465,region_arab_culture,0.12272727272727274,4,55
477,region_arab_culture,0.11515151515151514,6,55
479,region_arab_culture,0.06206896551724139,5,58
497,region_arab_culture,-0.09259259259259259,8,54
501,region_arab_culture,0.1179245283018868,8,53
505,region_arab_culture,-0.08,8,50
514,region_arab_culture,0.31216931216931215,7,54
520,region_arab_culture,-0.1836734693877551,8,49
532,region_arab_culture,-0.028846153846153855,8,52
537,region_arab_culture,0.08653846153846154,8,52
540,region_arab_culture,0.20571428571428568,7,50
542,region_arab_culture,0.045,8,50
544,region_arab_culture,0.08499999999999999,8,50
557,region_arab_culture,-0.04081632653061224,7,49
560,region_arab_culture,-0.11764705882352941,8,51
567,region_arab_culture,-0.11320754716981132,6,53
571,region_arab_culture,-0.23076923076923078,6,39
573,region_arab_culture,-0.10869565217391304,6,46
576,region_arab_culture,0.08805031446540879,6,53
583,region_arab_culture,0.11764705882352938,6,51
585,region_arab_culture,-0.053333333333333344,6,50
587,region_arab_culture,-0.18518518518518517,6,54
588,region_arab_culture,0.5272727272727273,5,44
622,region_arab_culture,-0.12962962962962962,6,54
633,region_arab_culture,0.2823529411764706,5,51
634,region_arab_culture,0.06666666666666665,6,55
639,region_arab_culture,0.14571428571428569,7,50
644,region_arab_culture,0.09333333333333332,6,50
655,region_arab_culture,-0.1956521739130435,7,46
658,region_arab_culture,0.31887755102040816,8,49
663,region_arab_culture,-0.04,8,50
667,region_arab_culture,0.00735294117647059,8,51
678,region_arab_culture,-0.006079027355623101,7,47
681,region_arab_culture,-0.21428571428571427,4,28
695,region_arab_culture,0.3862433862433862,7,54
701,region_arab_culture,0.08516483516483515,7,52
703,region_arab_culture,0.3862433862433862,7,54
708,region_arab_culture,-0.10992907801418442,6,47
719,region_arab_culture,-0.19298245614035087,6,57
725,region_arab_culture,-0.14285714285714285,5,49
727,region_arab_culture,0.02121212121212121,6,55
731,region_arab_culture,-0.008771929824561403,6,57
736,region_arab_culture,-0.07272727272727272,6,55
771,region_arab_culture,-0.35294117647058826,4,68
785,region_arab_culture,0.4415584415584416,7,55
788,region_arab_culture,-0.18518518518518517,7,54
789,region_arab_culture,0.2964959568733153,7,53
791,region_arab_culture,-0.32075471698113206,6,53
793,region_arab_culture,-0.18604651162790697,5,43
795,region_arab_culture,0.04043126684636117,7,53
804,region_arab_culture,-0.035714285714285754,7,56
816,region_arab_culture,-0.3076923076923077,9,52
821,region_arab_culture,0.009259259259259273,8,54
830,region_arab_culture,0.18627450980392157,8,51
832,region_arab_culture,-0.11530398322851154,9,53
833,region_arab_culture,0.13736263736263743,7,52
836,region_arab_culture,-0.1111111111111111,9,51
837,region_arab_culture,-0.12103174603174605,9,56
843,region_arab_culture,-0.1488888888888889,9,50
847,region_arab_culture,-0.057692307692307696,5,52
851,region_arab_culture,0.25471698113207547,4,53
853,region_arab_culture,0.0888888888888889,5,54
855,region_arab_culture,0.1215686274509804,5,51
858,region_arab_culture,-0.07547169811320754,5,53
859,region_arab_culture,-0.21568627450980393,5,51
860,region_arab_culture,-0.03773584905660377,5,53
869,region_arab_culture,-0.11363636363636363,4,44
875,region_arab_culture,-0.12244897959183673,5,49
884,region_arab_culture,0.27232142857142855,7,64
892,region_arab_culture,0.009523809523809518,7,60
894,region_arab_culture,0.10416666666666666,6,64
895,region_arab_culture,0.07232704402515722,6,53
922,region_arab_culture,-0.01785714285714285,8,49
927,region_arab_culture,0.05585106382978722,8,47
932,region_arab_culture,-0.08776595744680851,8,47
944,region_arab_culture,-0.07453416149068323,7,46
947,region_arab_culture,-0.26666666666666666,8,45
950,region_arab_culture,-0.07598784194528879,7,47
961,region_arab_culture,-0.1111111111111111,7,45
967,region_arab_culture,-0.11011904761904762,7,48
980,region_arab_culture,0.05357142857142855,7,48
981,region_arab_culture,-0.031055900621118016,7,46
983,region_arab_culture,-0.17073170731707318,7,41
984,region_arab_culture,-0.15151515151515152,6,44
986,region_arab_culture,0.19780219780219777,7,52
989,region_arab_culture,-0.4117647058823529,6,51
991,region_arab_culture,-0.12820512820512825,6,52
1000,region_arab_culture,0.45502645502645506,7,54
1002,region_arab_culture,0.22102425876010778,7,53
1009,region_arab_culture,-0.16666666666666666,7,54
1022,region_arab_culture,0.1840193704600484,7,59
1023,region_arab_culture,-0.11666666666666667,7,60
1031,region_arab_culture,-0.15789473684210525,6,57
1034,region_arab_culture,-0.10344827586206896,7,58
1038,region_arab_culture,-0.14545454545454545,7,55
1039,region_arab_culture,-0.10344827586206896,7,58
1040,region_arab_culture,-0.2807017543859649,5,57
1044,region_arab_culture,-0.029556650246305438,7,58
1045,region_arab_culture,-0.13784461152882205,7,57
1050,region_arab_culture,-0.2641509433962264,6,53
1077,region_arab_culture,-0.05405405405405406,7,37
1078,region_arab_culture,-0.02,7,50
1111,region_arab_culture,-0.05555555555555555,9,42
1115,region_arab_culture,-0.10165484633569741,9,47
1117,region_arab_culture,0.06666666666666665,6,45
1122,region_arab_culture,0.012820512820512803,6,39
1124,region_arab_culture,-0.09343434343434345,9,44
1128,region_arab_culture,0.23809523809523808,7,45
1129,region_arab_culture,-0.05555555555555555,6,45
1132,region_arab_culture,0.05844155844155843,7,44
1144,region_arab_culture,-0.0426356589147287,6,43
1149,region_arab_culture,-0.05279503105590064,7,46
1150,region_arab_culture,-0.07142857142857142,7,42
1277,region_arab_culture,0.125,4,16
1281,region_arab_culture,0.2777777777777778,4,18
1287,region_arab_culture,0.5,4,18
1290,region_arab_culture,0.11666666666666667,4,15
1312,region_arab_culture,-0.15,4,20
1320,region_arab_culture,0.09999999999999998,4,20
1433,region_arab_culture,0.033333333333333354,5,36
3349,region_arab_culture,-0.2222222222222222,5,36
3,region_indian_cultural_sphere,-0.02564102564102566,6,52
10,region_indian_cultural_sphere,-0.20754716981132076,6,53
11,region_indian_cultural_sphere,-0.23076923076923078,5,52
16,region_indian_cultural_sphere,0.15566037735849056,4,53
19,region_indian_cultural_sphere,-0.16981132075471697,6,53
30,region_indian_cultural_sphere,-0.12,6,50
49,region_indian_cultural_sphere,0.2771929824561404,10,57
57,region_indian_cultural_sphere,0.13928571428571426,10,56
61,region_indian_cultural_sphere,0.14827586206896554,10,58
63,region_indian_cultural_sphere,-0.016233766233766225,11,56
66,region_indian_cultural_sphere,0.14545454545454548,11,55
68,region_indian_cultural_sphere,0.22727272727272727,10,55
76,region_indian_cultural_sphere,-0.0025974025974025983,7,55
81,region_indian_cultural_sphere,0.02954545454545454,8,55
82,region_indian_cultural_sphere,0.05769230769230768,8,52
83,region_indian_cultural_sphere,0.2429245283018868,8,53
92,region_indian_cultural_sphere,0.048913043478260865,8,46
104,region_indian_cultural_sphere,0.020833333333333343,8,48
120,region_indian_cultural_sphere,0.33018867924528306,6,53
123,region_indian_cultural_sphere,-0.3283018867924528,5,53
127,region_indian_cultural_sphere,-0.04582210242587603,7,53
136,region_indian_cultural_sphere,-0.09788359788359788,7,54
143,region_indian_cultural_sphere,0.08958837772397094,7,59
148,region_indian_cultural_sphere,0.15675675675675677,5,37
153,region_indian_cultural_sphere,0.04988662131519274,9,49
158,region_indian_cultural_sphere,-0.1488888888888889,9,50
159,region_indian_cultural_sphere,0.06818181818181818,8,44
162,region_indian_cultural_sphere,0.12529550827423164,9,47
174,region_indian_cultural_sphere,0.16666666666666669,8,48
175,region_indian_cultural_sphere,0.07328605200945626,9,47
191,region_indian_cultural_sphere,0.009615384615384609,8,52
212,region_indian_cultural_sphere,0.23103448275862068,10,58
214,region_indian_cultural_sphere,0.05241090146750524,9,53
219,region_indian_cultural_sphere,-0.037037037037037035,8,54
226,region_indian_cultural_sphere,0.05513784461152882,7,57
228,region_indian_cultural_sphere,0.1652542372881356,8,59
232,region_indian_cultural_sphere,0.1346153846153846,8,52
245,region_indian_cultural_sphere,0.08636363636363636,8,55
250,region_indian_cultural_sphere,0.2939560439560439,7,52
263,region_indian_cultural_sphere,0.1347708894878706,7,53
265,region_indian_cultural_sphere,-0.06367924528301888,8,53
272,region_indian_cultural_sphere,0.1994047619047619,7,48
275,region_indian_cultural_sphere,0.16666666666666666,6,48
280,region_indian_cultural_sphere,-0.12,6,50
281,region_indian_cultural_sphere,0.09722222222222221,8,54
283,region_indian_cultural_sphere,-0.06084656084656084,7,54
294,region_indian_cultural_sphere,0.3817733990147783,7,58
307,region_indian_cultural_sphere,0.03571428571428571,7,56
314,region_indian_cultural_sphere,-0.09047619047619049,7,60
320,region_indian_cultural_sphere,-0.015151515151515166,6,44
324,region_indian_cultural_sphere,0.013227513227513227,7,54
326,region_indian_cultural_sphere,-0.010989010989011005,7,52
327,region_indian_cultural_sphere,0.164021164021164,7,54
330,region_indian_cultural_sphere,-0.2722371967654987,7,53
334,region_indian_cultural_sphere,-0.3018867924528302,7,53
341,region_indian_cultural_sphere,0.1703296703296703,7,52
347,region_indian_cultural_sphere,0.26857142857142857,7,50
361,region_indian_cultural_sphere,0.16956521739130434,10,46
367,region_indian_cultural_sphere,-0.09595959595959597,9,44
375,region_indian_cultural_sphere,0.026570048309178723,9,46
387,region_indian_cultural_sphere,0.05833333333333334,10,48
395,region_indian_cultural_sphere,-0.11904761904761904,6,56
419,region_indian_cultural_sphere,-0.12962962962962962,6,54
425,region_indian_cultural_sphere,-0.13953488372093023,5,43
427,region_indian_cultural_sphere,0.11904761904761904,6,42
430,region_indian_cultural_sphere,-0.15217391304347827,7,46
435,region_indian_cultural_sphere,0.2571428571428572,5,42
436,region_indian_cultural_sphere,-0.06521739130434782,6,46
445,region_indian_cultural_sphere,0.19696969696969696,6,44
447,region_indian_cultural_sphere,0.009523809523809545,5,42
449,region_indian_cultural_sphere,-0.1956521739130435,5,46
456,region_indian_cultural_sphere,0.017730496453900707,6,47
459,region_indian_cultural_sphere,0.012500000000000011,5,48
465,region_indian_cultural_sphere,-0.15384615384615385,7,52
477,region_indian_cultural_sphere,0.11515151515151514,6,55
479,region_indian_cultural_sphere,0.21052631578947367,6,57
497,region_indian_cultural_sphere,0.09523809523809523,6,56
501,region_indian_cultural_sphere,0.02121212121212121,6,55
505,region_indian_cultural_sphere,0.14339622641509436,5,53
514,region_indian_cultural_sphere,-0.14242424242424243,6,55
520,region_indian_cultural_sphere,0.196078431372549,6,51
532,region_indian_cultural_sphere,-0.04575163398692811,9,51
537,region_indian_cultural_sphere,-0.058823529411764705,9,51
540,region_indian_cultural_sphere,-0.12244897959183673,8,49
542,region_indian_cultural_sphere,-0.1,8,50
544,region_indian_cultural_sphere,0.07029478458049887,9,49
557,region_indian_cultural_sphere,-0.0425531914893617,9,47
560,region_indian_cultural_sphere,-0.12,9,50
567,region_indian_cultural_sphere,0.32592592592592595,5,54
571,region_indian_cultural_sphere,0.0548780487804878,4,41
573,region_indian_cultural_sphere,0.11489361702127661,5,47
576,region_indian_cultural_sphere,-0.059259259259259234,5,54
583,region_indian_cultural_sphere,-0.03076923076923077,5,52
585,region_indian_cultural_sphere,0.203921568627451,5,51
587,region_indian_cultural_sphere,0.37037037037037035,6,54
588,region_indian_cultural_sphere,0.08181818181818185,5,44
609,region_indian_cultural_sphere,-0.13636363636363635,8,44
622,region_indian_cultural_sphere,0.07977736549165121,11,49
633,region_indian_cultural_sphere,-0.052173913043478265,10,46
634,region_indian_cultural_sphere,0.036363636363636376,11,50
639,region_indian_cultural_sphere,0.009803921568627444,6,51
644,region_indian_cultural_sphere,0.09333333333333332,6,50
655,region_indian_cultural_sphere,0.033333333333333354,5,48
658,region_indian_cultural_sphere,-0.2058823529411765,6,51
663,region_indian_cultural_sphere,-0.038461538461538464,6,52
667,region_indian_cultural_sphere,0.23899371069182387,6,53
678,region_indian_cultural_sphere,0.27755102040816326,5,49
695,region_indian_cultural_sphere,0.4035714285714286,5,56
701,region_indian_cultural_sphere,0.14444444444444446,5,54
703,region_indian_cultural_sphere,0.11515151515151514,6,55
708,region_indian_cultural_sphere,0.35403726708074534,7,46
719,region_indian_cultural_sphere,-0.19642857142857142,7,56
725,region_indian_cultural_sphere,-0.14893617021276595,7,47
727,region_indian_cultural_sphere,0.20606060606060606,6,55
731,region_indian_cultural_sphere,-0.19298245614035087,6,57
736,region_indian_cultural_sphere,-0.07272727272727272,6,55
745,region_indian_cultural_sphere,-0.09259259259259259,12,54
771,region_indian_cultural_sphere,-0.12516297262059972,13,59
785,region_indian_cultural_sphere,0.013333333333333308,12,50
788,region_indian_cultural_sphere,0.24363636363636365,11,50
789,region_indian_cultural_sphere,0.12987012987012986,11,49
791,region_indian_cultural_sphere,0.09280303030303033,11,48
793,region_indian_cultural_sphere,0.25,8,40
795,region_indian_cultural_sphere,-0.06,10,50
804,region_indian_cultural_sphere,-0.11713286713286714,11,52
816,region_indian_cultural_sphere,0.4484848484848485,6,55
821,region_indian_cultural_sphere,0.2857142857142857,6,56
830,region_indian_cultural_sphere,0.36477987421383645,6,53
832,region_indian_cultural_sphere,0.6904761904761905,6,56
833,region_indian_cultural_sphere,0.007407407407407418,5,54
836,region_indian_cultural_sphere,-0.12727272727272726,5,55
837,region_indian_cultural_sphere,0.12994350282485873,6,59
843,region_indian_cultural_sphere,0.10691823899371067,6,53
847,region_indian_cultural_sphere,0.12745098039215685,6,51
851,region_indian_cultural_sphere,0.0784313725490196,6,51
853,region_indian_cultural_sphere,0.23899371069182387,6,53
855,region_indian_cultural_sphere,0.5607843137254902,5,51
858,region_indian_cultural_sphere,0.2948717948717948,6,52
859,region_indian_cultural_sphere,-0.06122448979591838,7,49
860,region_indian_cultural_sphere,0.1474358974358974,6,52
869,region_indian_cultural_sphere,0.3302325581395349,5,43
875,region_indian_cultural_sphere,0.03647416413373859,7,47
884,region_indian_cultural_sphere,-0.01977401129943504,12,59
892,region_indian_cultural_sphere,0.14090909090909093,12,55
894,region_indian_cultural_sphere,0.10121457489878544,13,57
895,region_indian_cultural_sphere,0.2733333333333333,9,50
922,region_indian_cultural_sphere,0.002857142857142836,7,50
927,region_indian_cultural_sphere,0.11607142857142855,7,48
932,region_indian_cultural_sphere,-0.0654761904761905,7,48
944,region_indian_cultural_sphere,-0.07453416149068323,7,46
947,region_indian_cultural_sphere,0.1205673758865248,6,47
950,region_indian_cultural_sphere,0.08814589665653494,7,47
961,region_indian_cultural_sphere,0.05396825396825396,7,45
967,region_indian_cultural_sphere,0.05357142857142855,7,48
980,region_indian_cultural_sphere,-0.11011904761904762,7,48
981,region_indian_cultural_sphere,-0.003546099290780147,6,47
983,region_indian_cultural_sphere,0.11363636363636365,4,44
984,region_indian_cultural_sphere,0.3156146179401993,7,43
986,region_indian_cultural_sphere,0.08805031446540879,6,53
989,region_indian_cultural_sphere,-0.0942857142857143,7,50
991,region_indian_cultural_sphere,-0.022408963585434205,7,51
1000,region_indian_cultural_sphere,-0.35185185185185186,7,54
1002,region_indian_cultural_sphere,0.05929919137466305,7,53
1009,region_indian_cultural_sphere,0.02121212121212121,6,55
1022,region_indian_cultural_sphere,0.027472527472527458,14,52
1023,region_indian_cultural_sphere,0.12307692307692308,15,52
1031,region_indian_cultural_sphere,0.09183673469387754,14,49
1034,region_indian_cultural_sphere,0.15546218487394958,14,51
1038,region_indian_cultural_sphere,-0.056666666666666685,12,50
1039,region_indian_cultural_sphere,0.07692307692307693,13,52
1040,region_indian_cultural_sphere,-0.03453689167974883,13,49
1044,region_indian_cultural_sphere,0.07692307692307693,13,52
1045,region_indian_cultural_sphere,-0.06571428571428575,14,50
1050,region_indian_cultural_sphere,0.015957446808510634,12,47
1077,region_indian_cultural_sphere,-0.05128205128205128,5,39
1078,region_indian_cultural_sphere,-0.0196078431372549,6,51
1111,region_indian_cultural_sphere,0.053658536585365874,10,41
1115,region_indian_cultural_sphere,0.17424242424242423,12,44
1117,region_indian_cultural_sphere,-0.002272727272727315,11,40
1122,region_indian_cultural_sphere,0.08333333333333331,9,36
1124,region_indian_cultural_sphere,0.10606060606060605,11,42
1128,region_indian_cultural_sphere,-0.03623188405797101,6,46
1129,region_indian_cultural_sphere,-0.24444444444444444,6,45
1132,region_indian_cultural_sphere,0.1111111111111111,6,45
1144,region_indian_cultural_sphere,-0.004545454545454547,5,44
1149,region_indian_cultural_sphere,-0.2127659574468085,6,47
1150,region_indian_cultural_sphere,-0.06976744186046512,6,43
1490,region_indian_cultural_sphere,0.03947368421052633,4,19
1505,region_indian_cultural_sphere,-0.2777777777777778,4,18
1747,region_indian_cultural_sphere,0.02777777777777779,4,18
1750,region_indian_cultural_sphere,-0.17647058823529413,4,17
1755,region_indian_cultural_sphere,0.02777777777777779,4,18
2904,region_indian_cultural_sphere,0.3611111111111111,4,18
3423,region_indian_cultural_sphere,-0.41666666666666663,4,21
3434,region_indian_cultural_sphere,0.15476190476190477,4,21
3445,region_indian_cultural_sphere,0.04999999999999999,4,20
3476,region_indian_cultural_sphere,0.15476190476190477,4,21
3489,region_indian_cultural_sphere,0.1323529411764706,4,17
3490,region_indian_cultural_sphere,-0.06578947368421051,4,19
3634,region_indian_cultural_sphere,0.3,4,20
3636,region_indian_cultural_sphere,-0.2631578947368421,4,19
3640,region_indian_cultural_sphere,-0.2,4,20
3677,region_indian_cultural_sphere,0.09210526315789475,4,19
3679,region_indian_cultural_sphere,-0.22058823529411764,4,17
3682,region_indian_cultural_sphere,-0.3157894736842105,4,19
3723,region_indian_cultural_sphere,-0.4,4,20
3728,region_indian_cultural_sphere,-0.1111111111111111,4,18
3729,region_indian_cultural_sphere,-0.1,4,20
3740,region_indian_cultural_sphere,0.07894736842105265,4,19
3747,region_indian_cultural_sphere,0.25,4,16
4026,region_indian_cultural_sphere,0.19444444444444445,4,18
4029,region_indian_cultural_sphere,0.35,4,20
4033,region_indian_cultural_sphere,-0.01315789473684209,4,19
4044,region_indian_cultural_sphere,-0.16176470588235292,4,17
4059,region_indian_cultural_sphere,-0.14285714285714285,4,14
4061,region_indian_cultural_sphere,-0.22058823529411764,4,17
4112,region_indian_cultural_sphere,-0.2,4,20
4114,region_indian_cultural_sphere,0.0,4,21
3,region_sinosphere,0.01132075471698113,5,53
10,region_sinosphere,0.11263736263736263,7,52
11,region_sinosphere,-0.049019607843137275,6,51
16,region_sinosphere,-0.12,7,50
19,region_sinosphere,0.1510989010989011,7,52
30,region_sinosphere,-0.12,6,50
49,region_sinosphere,-0.18032786885245902,6,61
57,region_sinosphere,0.01967213114754099,5,61
61,region_sinosphere,-0.08064516129032258,6,62
63,region_sinosphere,-0.11475409836065574,6,61
66,region_sinosphere,0.17049180327868854,5,61
68,region_sinosphere,-0.11864406779661017,6,59
76,region_sinosphere,-0.16363636363636364,7,55
81,region_sinosphere,0.16666666666666669,6,57
82,region_sinosphere,-0.037037037037037035,6,54
83,region_sinosphere,-0.17857142857142858,5,56
92,region_sinosphere,-0.14693877551020407,5,49
104,region_sinosphere,-0.26,6,50
120,region_sinosphere,-0.1088888888888889,9,50
123,region_sinosphere,-0.08123249299719887,7,51
127,region_sinosphere,-0.2,5,55
136,region_sinosphere,-0.09788359788359788,7,54
143,region_sinosphere,-0.14619883040935672,9,57
148,region_sinosphere,-0.2894736842105263,4,38
153,region_sinosphere,-0.07692307692307693,6,52
158,region_sinosphere,-0.10714285714285715,7,52
159,region_sinosphere,0.008510638297872353,5,47
162,region_sinosphere,0.18,6,50
174,region_sinosphere,0.06666666666666665,6,50
175,region_sinosphere,0.7533333333333334,6,50
191,region_sinosphere,0.14285714285714285,4,56
212,region_sinosphere,-0.11290322580645161,6,62
214,region_sinosphere,-0.011904761904761918,6,56
219,region_sinosphere,-0.034482758620689655,4,58
226,region_sinosphere,-0.10344827586206896,6,58
228,region_sinosphere,-0.11475409836065574,6,61
232,region_sinosphere,-0.14545454545454545,5,55
245,region_sinosphere,0.027586206896551724,5,58
250,region_sinosphere,-0.18867924528301888,6,53
263,region_sinosphere,0.0,6,54
265,region_sinosphere,0.16969696969696968,6,55
272,region_sinosphere,0.5343137254901961,4,51
275,region_sinosphere,0.0163265306122449,5,49
280,region_sinosphere,0.06666666666666665,6,50
281,region_sinosphere,0.23214285714285715,6,56
283,region_sinosphere,-0.21428571428571427,5,56
294,region_sinosphere,-0.2542372881355932,6,59
307,region_sinosphere,-0.12280701754385964,6,57
314,region_sinosphere,-0.2459016393442623,6,61
320,region_sinosphere,-0.20454545454545456,6,44
324,region_sinosphere,-0.14545454545454545,6,55
326,region_sinosphere,-0.17307692307692307,7,52
327,region_sinosphere,-0.48148148148148145,7,54
330,region_sinosphere,-0.24074074074074073,6,54
334,region_sinosphere,-0.2962962962962963,6,54
341,region_sinosphere,0.03459119496855345,6,53
347,region_sinosphere,-0.02941176470588236,6,51
361,region_sinosphere,0.07328605200945626,9,47
367,region_sinosphere,0.12093023255813956,10,43
375,region_sinosphere,-0.24444444444444444,10,45
387,region_sinosphere,0.05833333333333334,10,48
395,region_sinosphere,-0.30357142857142855,6,56
419,region_sinosphere,0.029649595687331526,7,53
425,region_sinosphere,-0.14634146341463414,7,41
427,region_sinosphere,0.0940766550522648,7,41
430,region_sinosphere,0.17701863354037267,7,46
435,region_sinosphere,-0.2,7,40
436,region_sinosphere,0.07954545454545454,8,44
445,region_sinosphere,-0.019933554817275767,7,43
447,region_sinosphere,0.2785714285714286,7,40
449,region_sinosphere,0.1266233766233766,7,44
456,region_sinosphere,0.15527950310559005,7,46
459,region_sinosphere,0.21944444444444444,8,45
465,region_sinosphere,-0.15384615384615385,7,52
477,region_sinosphere,0.06349206349206349,7,54
479,region_sinosphere,0.1607142857142857,7,56
497,region_sinosphere,0.07012987012987013,7,55
501,region_sinosphere,0.15608465608465608,7,54
505,region_sinosphere,0.08403361344537814,7,51
514,region_sinosphere,-0.17195767195767198,7,54
520,region_sinosphere,0.009803921568627444,6,51
532,region_sinosphere,0.2037037037037037,6,54
537,region_sinosphere,-0.05555555555555555,6,54
540,region_sinosphere,-0.11538461538461539,5,52
542,region_sinosphere,0.06442577030812324,7,51
544,region_sinosphere,-0.057692307692307696,6,52
557,region_sinosphere,-0.0392156862745098,5,51
560,region_sinosphere,0.04670329670329669,7,52
567,region_sinosphere,0.1422222222222222,9,50
571,region_sinosphere,0.34615384615384615,6,39
573,region_sinosphere,0.018087855297157618,9,43
576,region_sinosphere,-0.0377777777777778,9,50
583,region_sinosphere,-0.0069444444444444475,9,48
585,region_sinosphere,-0.1391304347826087,10,46
587,region_sinosphere,-0.06535947712418302,9,51
588,region_sinosphere,-0.24085365853658536,8,41
609,region_sinosphere,-0.005167958656330754,9,43
622,region_sinosphere,0.1241830065359477,9,51
633,region_sinosphere,0.09456264775413711,9,47
634,region_sinosphere,-0.19017094017094016,9,52
639,region_sinosphere,-0.17647058823529413,6,51
644,region_sinosphere,0.14583333333333334,8,48
655,region_sinosphere,-0.031055900621118016,7,46
658,region_sinosphere,-0.4,7,50
663,region_sinosphere,-0.04,8,50
667,region_sinosphere,0.027472527472527458,7,52
678,region_sinosphere,-0.02717391304347827,8,46
681,region_sinosphere,0.2518518518518519,5,27
695,region_sinosphere,-0.27450980392156865,10,51
701,region_sinosphere,-0.0784313725490196,8,51
703,region_sinosphere,-0.1388888888888889,9,52
708,region_sinosphere,-0.10992907801418442,6,47
719,region_sinosphere,-0.19298245614035087,6,57
725,region_sinosphere,0.04166666666666666,6,48
727,region_sinosphere,0.02121212121212121,6,55
731,region_sinosphere,-0.008771929824561403,6,57
736,region_sinosphere,-0.07272727272727272,6,55
745,region_sinosphere,-0.09259259259259259,12,54
771,region_sinosphere,0.0,12,60
785,region_sinosphere,-0.17112299465240643,11,51
788,region_sinosphere,0.003401360544217691,12,49
789,region_sinosphere,-0.0927643784786642,11,49
791,region_sinosphere,0.09280303030303033,11,48
793,region_sinosphere,0.019656019656019652,11,37
795,region_sinosphere,0.0,12,48
804,region_sinosphere,-0.006993006993007034,11,52
816,region_sinosphere,0.0787878787878788,6,55
821,region_sinosphere,0.10119047619047616,6,56
830,region_sinosphere,-0.0062893081761006275,6,53
832,region_sinosphere,-0.23214285714285715,6,56
833,region_sinosphere,0.08176100628930816,6,53
836,region_sinosphere,0.09090909090909094,5,55
837,region_sinosphere,-0.08128078817733991,7,58
843,region_sinosphere,0.10691823899371067,6,53
847,region_sinosphere,-0.06,7,50
851,region_sinosphere,0.0784313725490196,6,51
853,region_sinosphere,0.053459119496855334,6,53
855,region_sinosphere,-0.1,6,50
858,region_sinosphere,-0.0784313725490196,7,51
859,region_sinosphere,-0.21568627450980393,5,51
860,region_sinosphere,-0.0392156862745098,7,51
869,region_sinosphere,0.10697674418604652,5,43
875,region_sinosphere,0.0979591836734694,5,49
884,region_sinosphere,-0.203125,7,64
892,region_sinosphere,0.009523809523809518,7,60
894,region_sinosphere,-0.078125,6,64
895,region_sinosphere,-0.11538461538461539,7,52
922,region_sinosphere,-0.16,7,50
927,region_sinosphere,-0.21130952380952384,7,48
932,region_sinosphere,-0.0654761904761905,7,48
944,region_sinosphere,0.09006211180124221,7,46
947,region_sinosphere,-0.09627329192546585,7,46
950,region_sinosphere,-0.15555555555555556,9,45
961,region_sinosphere,-0.11363636363636363,8,44
967,region_sinosphere,0.0748792270531401,9,46
980,region_sinosphere,-0.15425531914893614,8,47
981,region_sinosphere,-0.052777777777777785,8,45
983,region_sinosphere,-0.1794871794871795,9,39
984,region_sinosphere,-0.20833333333333331,8,42
986,region_sinosphere,0.0357142857142857,7,52
989,region_sinosphere,-0.39622641509433965,4,53
991,region_sinosphere,-0.12820512820512825,6,52
1000,region_sinosphere,-0.3584905660377358,8,53
1002,region_sinosphere,-0.2641509433962264,7,53
1009,region_sinosphere,-0.02594339622641509,8,53
1022,region_sinosphere,-0.13114754098360656,5,61
1023,region_sinosphere,-0.11290322580645161,5,62
1034,region_sinosphere,-0.1,5,60
1038,region_sinosphere,0.07719298245614037,5,57
1039,region_sinosphere,-0.1,5,60
1040,region_sinosphere,-0.06315789473684208,5,57
1044,region_sinosphere,-0.18333333333333332,5,60
1045,region_sinosphere,-0.07118644067796609,5,59
1050,region_sinosphere,-0.2545454545454545,4,55
1077,region_sinosphere,-0.05263157894736842,6,38
1078,region_sinosphere,-0.02,7,50
1111,region_sinosphere,-0.17391304347826086,5,46
1115,region_sinosphere,-0.033333333333333354,6,50
1117,region_sinosphere,-0.1222222222222222,6,45
1122,region_sinosphere,-0.175,5,40
1124,region_sinosphere,-0.024822695035461,6,47
1128,region_sinosphere,-0.03623188405797101,6,46
1129,region_sinosphere,0.1333333333333333,6,45
1132,region_sinosphere,-0.26666666666666666,6,45
1144,region_sinosphere,0.26190476190476186,7,42
1149,region_sinosphere,-0.024822695035461,6,47
1150,region_sinosphere,-0.06976744186046512,6,43
1191,region_sinosphere,-0.16666666666666666,4,18
1202,region_sinosphere,0.08333333333333334,4,18
1233,region_sinosphere,-0.21052631578947367,4,19
1236,region_sinosphere,0.02777777777777779,4,18
1433,region_sinosphere,-0.20588235294117646,7,34
1541,region_sinosphere,-0.15,4,20
1551,region_sinosphere,-0.1111111111111111,4,18
1557,region_sinosphere,-0.2,4,20
1693,region_sinosphere,0.0,4,20
1889,region_sinosphere,-0.15000000000000002,4,20
1918,region_sinosphere,-0.11842105263157893,4,19
1924,region_sinosphere,-0.1111111111111111,4,18
1927,region_sinosphere,-0.2222222222222222,4,18
2073,region_sinosphere,0.2,4,20
2079,region_sinosphere,0.15,4,20
2088,region_sinosphere,0.0,4,20
2089,region_sinosphere,0.25,4,20
2157,region_sinosphere,0.1,4,20
2162,region_sinosphere,0.1,4,20
2330,region_sinosphere,0.15,4,20
2347,region_sinosphere,-0.1388888888888889,4,18
2351,region_sinosphere,-0.21052631578947367,4,19
2423,region_sinosphere,-0.3333333333333333,4,18
2669,region_sinosphere,-0.2,4,20
2697,region_sinosphere,0.14473684210526316,4,19
2701,region_sinosphere,0.035714285714285726,4,14
2704,region_sinosphere,0.19736842105263158,4,19
2710,region_sinosphere,-0.05555555555555555,4,18
2712,region_sinosphere,0.5735294117647058,4,17
2854,region_sinosphere,-0.05,4,20
2864,region_sinosphere,0.03947368421052633,4,19
3050,region_sinosphere,0.08333333333333334,4,18
3056,region_sinosphere,-0.25,4,18
3075,region_sinosphere,-0.15,4,20
3083,region_sinosphere,0.1388888888888889,4,18
3085,region_sinosphere,-0.1875,4,16
3259,region_sinosphere,-0.3333333333333333,4,18
3339,region_sinosphere,0.0,4,20
3343,region_sinosphere,-0.3333333333333333,4,18
3349,region_sinosphere,-0.22857142857142856,6,35
3555,region_sinosphere,0.15,4,20
3557,region_sinosphere,-0.2777777777777778,4,18
3568,region_sinosphere,0.3,4,20
3571,region_sinosphere,-0.30000000000000004,4,20
3649,region_sinosphere,-0.050000000000000044,4,20
3655,region_sinosphere,-0.2631578947368421,4,19
3658,region_sinosphere,0.25,4,19
3708,region_sinosphere,0.08750000000000002,5,16
3719,region_sinosphere,0.031578947368421095,5,19
3952,region_sinosphere,0.0,4,16
3953,region_sinosphere,0.17857142857142858,4,14
3963,region_sinosphere,-0.21428571428571427,4,14
3994,region_sinosphere,0.07894736842105265,4,19
4000,region_sinosphere,-0.21052631578947367,4,19
4309,region_sinosphere,-0.2222222222222222,4,18
4310,region_sinosphere,-0.05,4,20
4314,region_sinosphere,-0.2,4,20
3,region_sub_saharan_africa,0.17006802721088435,9,49
10,region_sub_saharan_africa,0.04222222222222222,9,50
11,region_sub_saharan_africa,0.4097222222222222,9,48
16,region_sub_saharan_africa,0.006944444444444434,9,48
19,region_sub_saharan_africa,0.11274509803921567,8,51
30,region_sub_saharan_africa,0.1371158392434988,9,47
49,region_sub_saharan_africa,-0.18333333333333332,7,60
57,region_sub_saharan_africa,-0.04358353510895885,7,59
61,region_sub_saharan_africa,-0.08196721311475409,7,61
63,region_sub_saharan_africa,-0.11666666666666667,7,60
66,region_sub_saharan_africa,0.04842615012106535,7,59
68,region_sub_saharan_africa,0.19950738916256155,7,58
76,region_sub_saharan_africa,0.1846153846153846,10,52
81,region_sub_saharan_africa,-0.058490566037735836,10,53
82,region_sub_saharan_africa,-0.12,10,50
83,region_sub_saharan_africa,-0.19230769230769232,9,52
92,region_sub_saharan_africa,0.20454545454545453,10,44
104,region_sub_saharan_africa,-0.1608695652173913,10,46
120,region_sub_saharan_africa,-0.23076923076923078,7,52
123,region_sub_saharan_africa,-0.08123249299719887,7,51
127,region_sub_saharan_africa,-0.20754716981132076,7,53
136,region_sub_saharan_africa,-0.09788359788359788,7,54
143,region_sub_saharan_africa,-0.0702179176755448,7,59
148,region_sub_saharan_africa,0.08333333333333331,6,36
153,region_sub_saharan_africa,0.10897435897435896,6,52
158,region_sub_saharan_africa,-0.07861635220125787,6,53
159,region_sub_saharan_africa,-0.2127659574468085,5,47
162,region_sub_saharan_africa,-0.15294117647058825,5,51
174,region_sub_saharan_africa,0.06666666666666665,6,50
175,region_sub_saharan_africa,-0.18,6,50
191,region_sub_saharan_africa,-0.03153988868274582,11,49
212,region_sub_saharan_africa,-0.023809523809523808,12,56
214,region_sub_saharan_africa,-0.09230769230769231,10,52
219,region_sub_saharan_africa,-0.03636363636363636,7,55
226,region_sub_saharan_africa,0.05513784461152882,7,57
228,region_sub_saharan_africa,0.042857142857142844,7,60
232,region_sub_saharan_africa,-0.14814814814814814,6,54
245,region_sub_saharan_africa,-0.035714285714285726,7,56
250,region_sub_saharan_africa,0.13186813186813184,7,52
263,region_sub_saharan_africa,-0.04807692307692307,8,52
265,region_sub_saharan_africa,0.08018867924528303,8,53
272,region_sub_saharan_africa,-0.15159574468085107,8,47
275,region_sub_saharan_africa,0.07608695652173914,8,46
280,region_sub_saharan_africa,0.02083333333333333,8,48
281,region_sub_saharan_africa,0.24074074074074076,8,54
283,region_sub_saharan_africa,0.4929245283018868,8,53
294,region_sub_saharan_africa,0.0505050505050505,11,54
307,region_sub_saharan_africa,-0.02447552447552448,11,52
314,region_sub_saharan_africa,0.16720779220779222,11,56
320,region_sub_saharan_africa,0.18699186991869918,9,41
324,region_sub_saharan_africa,0.0823529411764706,10,51
326,region_sub_saharan_africa,0.0822222222222222,9,50
327,region_sub_saharan_africa,0.15170940170940173,9,52
330,region_sub_saharan_africa,0.37999999999999995,10,50
334,region_sub_saharan_africa,0.16000000000000003,10,50
341,region_sub_saharan_africa,0.07755102040816328,10,49
347,region_sub_saharan_africa,0.008510638297872353,10,47
361,region_sub_saharan_africa,-0.18,6,50
367,region_sub_saharan_africa,-0.15248226950354613,6,47
375,region_sub_saharan_africa,0.22000000000000003,5,50
387,region_sub_saharan_africa,-0.057692307692307696,6,52
395,region_sub_saharan_africa,0.0423861852433281,13,49
419,region_sub_saharan_africa,0.2708333333333333,12,48
425,region_sub_saharan_africa,0.02090592334494773,7,41
427,region_sub_saharan_africa,-0.07317073170731707,7,41
430,region_sub_saharan_africa,-0.15217391304347827,7,46
435,region_sub_saharan_africa,-0.004065040650406526,6,41
436,region_sub_saharan_africa,-0.06521739130434782,6,46
445,region_sub_saharan_africa,-0.019933554817275767,7,43
447,region_sub_saharan_africa,-0.05714285714285716,7,40
449,region_sub_saharan_africa,0.1266233766233766,7,44
456,region_sub_saharan_africa,-0.17391304347826086,7,46
459,region_sub_saharan_africa,0.11180124223602483,7,46
465,region_sub_saharan_africa,0.07037037037037039,5,54
477,region_sub_saharan_africa,-0.25,5,56
479,region_sub_saharan_africa,-0.15517241379310345,5,58
497,region_sub_saharan_africa,-0.08928571428571429,6,56
501,region_sub_saharan_africa,-0.16071428571428573,5,56
505,region_sub_saharan_africa,-0.07692307692307693,6,52
514,region_sub_saharan_africa,0.2272727272727273,6,55
520,region_sub_saharan_africa,-0.17647058823529413,6,51
532,region_sub_saharan_africa,-0.16666666666666666,6,54
537,region_sub_saharan_africa,0.12962962962962962,6,54
540,region_sub_saharan_africa,0.06862745098039215,6,51
542,region_sub_saharan_africa,-0.09615384615384616,6,52
544,region_sub_saharan_africa,-0.05660377358490566,5,53
557,region_sub_saharan_africa,0.14666666666666667,6,50
560,region_sub_saharan_africa,-0.1111111111111111,5,54
567,region_sub_saharan_africa,-0.11764705882352941,8,51
571,region_sub_saharan_africa,-0.225,5,40
573,region_sub_saharan_africa,-0.10869565217391304,6,46
576,region_sub_saharan_africa,0.13970588235294118,8,51
583,region_sub_saharan_africa,0.22857142857142854,7,50
585,region_sub_saharan_africa,0.1875,8,48
587,region_sub_saharan_africa,-0.18867924528301888,7,53
588,region_sub_saharan_africa,0.05792682926829268,8,41
609,region_sub_saharan_africa,-0.13043478260869565,6,46
622,region_sub_saharan_africa,-0.1320754716981132,7,53
633,region_sub_saharan_africa,0.0,7,49
634,region_sub_saharan_africa,0.283068783068783,7,54
639,region_sub_saharan_africa,0.14571428571428569,7,50
644,region_sub_saharan_africa,0.28,6,50
655,region_sub_saharan_africa,0.2981366459627329,7,46
658,region_sub_saharan_africa,0.08857142857142852,7,50
663,region_sub_saharan_africa,0.12324929971988795,7,51
667,region_sub_saharan_africa,0.18956043956043955,7,52
678,region_sub_saharan_africa,0.11956521739130435,8,46
681,region_sub_saharan_africa,0.3846153846153846,6,26
695,region_sub_saharan_africa,0.25213675213675213,9,52
701,region_sub_saharan_africa,0.05111111111111111,9,50
703,region_sub_saharan_africa,-0.1388888888888889,9,52
708,region_sub_saharan_africa,-0.2916666666666667,5,48
719,region_sub_saharan_africa,0.7280701754385965,6,57
727,region_sub_saharan_africa,0.05714285714285716,5,56
731,region_sub_saharan_africa,0.17543859649122806,6,57
736,region_sub_saharan_africa,-0.07272727272727272,6,55
745,region_sub_saharan_africa,0.18571428571428575,10,56
771,region_sub_saharan_africa,-0.0715350223546945,11,61
785,region_sub_saharan_africa,0.38095238095238093,6,56
788,region_sub_saharan_africa,-0.18181818181818182,6,55
789,region_sub_saharan_africa,-0.18181818181818182,5,55
791,region_sub_saharan_africa,-0.3148148148148148,5,54
793,region_sub_saharan_africa,-0.18181818181818182,4,44
795,region_sub_saharan_africa,-0.09259259259259259,6,54
804,region_sub_saharan_africa,0.22807017543859648,6,57
816,region_sub_saharan_africa,0.0787878787878788,6,55
821,region_sub_saharan_africa,0.10119047619047616,6,56
830,region_sub_saharan_africa,0.28518518518518515,5,54
832,region_sub_saharan_africa,-0.22807017543859648,5,57
833,region_sub_saharan_africa,-0.10377358490566035,6,53
836,region_sub_saharan_africa,0.01851851851851849,6,54
837,region_sub_saharan_africa,-0.016666666666666663,5,60
843,region_sub_saharan_africa,0.10691823899371067,6,53
847,region_sub_saharan_africa,-0.058823529411764705,6,51
851,region_sub_saharan_africa,0.2647058823529412,6,51
853,region_sub_saharan_africa,0.053459119496855334,6,53
855,region_sub_saharan_africa,-0.1,6,50
858,region_sub_saharan_africa,-0.07692307692307693,6,52
859,region_sub_saharan_africa,-0.22,6,50
860,region_sub_saharan_africa,-0.038461538461538464,6,52
869,region_sub_saharan_africa,-0.11904761904761904,6,42
875,region_sub_saharan_africa,0.062499999999999986,6,48
884,region_sub_saharan_africa,-0.017948717948717968,6,65
892,region_sub_saharan_africa,0.07096774193548389,5,62
894,region_sub_saharan_africa,0.13846153846153847,5,65
895,region_sub_saharan_africa,-0.1111111111111111,5,54
922,region_sub_saharan_africa,0.02941176470588233,6,51
927,region_sub_saharan_africa,0.52,5,50
932,region_sub_saharan_africa,0.1496598639455782,6,49
944,region_sub_saharan_africa,0.14184397163120566,6,47
947,region_sub_saharan_africa,0.4125,5,48
950,region_sub_saharan_africa,0.4164133738601824,7,47
961,region_sub_saharan_africa,-0.1111111111111111,7,45
967,region_sub_saharan_africa,-0.11011904761904762,7,48
980,region_sub_saharan_africa,0.05357142857142855,7,48
981,region_sub_saharan_africa,0.18439716312056736,6,47
983,region_sub_saharan_africa,0.06046511627906978,5,43
984,region_sub_saharan_africa,0.2272727272727273,6,44
986,region_sub_saharan_africa,-0.09748427672955975,6,53
989,region_sub_saharan_africa,0.14705882352941174,6,51
991,region_sub_saharan_africa,0.05769230769230771,6,52
1000,region_sub_saharan_africa,-0.34545454545454546,6,55
1002,region_sub_saharan_africa,-0.07407407407407407,6,54
1009,region_sub_saharan_africa,-0.16363636363636364,6,55
1022,region_sub_saharan_africa,0.04999999999999999,6,60
1023,region_sub_saharan_africa,-0.11290322580645161,5,62
1031,region_sub_saharan_africa,0.02631578947368421,6,57
1034,region_sub_saharan_africa,0.08192090395480225,6,59
1038,region_sub_saharan_africa,0.22619047619047616,6,56
1039,region_sub_saharan_africa,-0.1016949152542373,6,59
1040,region_sub_saharan_africa,0.26785714285714285,6,56
1044,region_sub_saharan_africa,-0.0028248587570621486,6,59
1045,region_sub_saharan_africa,0.1457627118644068,5,59
1050,region_sub_saharan_africa,-0.2641509433962264,6,53
1077,region_sub_saharan_africa,0.11583011583011582,7,37
1078,region_sub_saharan_africa,-0.02,7,50
1111,region_sub_saharan_africa,0.0111111111111111,6,45
1115,region_sub_saharan_africa,-0.21568627450980393,5,51
1117,region_sub_saharan_africa,0.06666666666666665,6,45
1122,region_sub_saharan_africa,0.275,5,40
1124,region_sub_saharan_africa,-0.024822695035461,6,47
1128,region_sub_saharan_africa,-0.22463768115942032,6,46
1129,region_sub_saharan_africa,0.1333333333333333,6,45
1132,region_sub_saharan_africa,0.18260869565217394,5,46
1144,region_sub_saharan_africa,-0.0426356589147287,6,43
1149,region_sub_saharan_africa,0.5390070921985816,6,47
1150,region_sub_saharan_africa,0.31007751937984496,6,43
1342,region_sub_saharan_africa,-0.15,4,20
1433,region_sub_saharan_africa,0.38571428571428573,6,35
2053,region_sub_saharan_africa,-0.04999999999999999,4,20
2056,region_sub_saharan_africa,-0.14285714285714285,4,21
2061,region_sub_saharan_africa,0.2,4,20
2514,region_sub_saharan_africa,0.1,4,20
2517,region_sub_saharan_africa,0.6944444444444444,4,18
2522,region_sub_saharan_africa,-0.1,4,20
2531,region_sub_saharan_africa,0.059523809523809534,4,21
3349,region_sub_saharan_africa,-0.22857142857142856,6,35
3,region_oceania,-0.05322128851540617,7,51
10,region_oceania,-0.022012578616352224,6,53
11,region_oceania,-0.23076923076923078,5,52
16,region_oceania,-0.11538461538461539,5,52
19,region_oceania,-0.17307692307692307,7,52
30,region_oceania,-0.11764705882352941,5,51
49,region_oceania,-0.03974358974358974,15,52
57,region_oceania,-0.23076923076923078,14,52
61,region_oceania,-0.09433962264150944,15,53
63,region_oceania,-0.0417789757412399,14,53
66,region_oceania,-0.217032967032967,14,52
68,region_oceania,-0.13725490196078433,14,51
76,region_oceania,0.0445632798573975,11,51
81,region_oceania,0.08333333333333337,12,51
82,region_oceania,0.026143790849673193,9,51
83,region_oceania,0.003401360544217691,12,49
92,region_oceania,-0.05471124620060791,7,47
104,region_oceania,0.020833333333333343,8,48
120,region_oceania,0.04999999999999999,4,55
123,region_oceania,0.10943396226415092,5,53
127,region_oceania,-0.018518518518518517,6,54
136,region_oceania,-0.03214285714285714,5,56
143,region_oceania,0.08958837772397094,7,59
148,region_oceania,-0.0505050505050505,9,33
153,region_oceania,0.04988662131519274,9,49
158,region_oceania,0.11333333333333331,9,50
159,region_oceania,-0.07954545454545456,8,44
162,region_oceania,-0.10416666666666669,8,48
174,region_oceania,-0.1276595744680851,9,47
175,region_oceania,-0.1875,8,48
191,region_oceania,-0.03153988868274582,11,49
212,region_oceania,0.00941619585687381,9,59
214,region_oceania,-0.09230769230769231,10,52
219,region_oceania,0.06333333333333332,12,50
226,region_oceania,-0.01282051282051283,12,52
228,region_oceania,-0.025757575757575757,12,55
232,region_oceania,-0.02614379084967322,9,51
245,region_oceania,-0.08867924528301888,10,53
250,region_oceania,-0.18181818181818182,4,55
263,region_oceania,-0.18518518518518517,6,54
265,region_oceania,-0.2,6,55
272,region_oceania,-0.28,5,50
275,region_oceania,-0.20833333333333334,6,48
280,region_oceania,-0.11764705882352941,5,51
281,region_oceania,-0.32142857142857145,6,56
283,region_oceania,-0.06084656084656084,7,54
294,region_oceania,0.061576354679802936,7,58
307,region_oceania,-0.125,7,56
314,region_oceania,-0.11228813559322035,8,59
320,region_oceania,0.07608695652173914,4,46
324,region_oceania,-0.14814814814814814,7,54
326,region_oceania,-0.16981132075471697,6,53
327,region_oceania,-0.3201058201058201,7,54
330,region_oceania,-0.24074074074074073,6,54
334,region_oceania,0.021563342318059286,7,53
341,region_oceania,0.07037037037037039,5,54
347,region_oceania,-0.02941176470588236,6,51
361,region_oceania,0.2627450980392157,5,51
367,region_oceania,-0.056122448979591844,4,49
375,region_oceania,-0.22,5,50
387,region_oceania,-0.05660377358490566,5,53
395,region_oceania,0.0691823899371069,9,53
419,region_oceania,-0.14,10,50
425,region_oceania,0.23809523809523808,6,42
427,region_oceania,-0.06818181818181818,4,44
430,region_oceania,0.03900709219858156,6,47
435,region_oceania,-0.19047619047619047,5,42
436,region_oceania,0.12318840579710144,6,46
445,region_oceania,-0.17777777777777778,5,45
447,region_oceania,0.009523809523809545,5,42
449,region_oceania,-0.20454545454545456,7,44
456,region_oceania,-0.009316770186335421,7,46
459,region_oceania,-0.21739130434782608,7,46
465,region_oceania,0.03459119496855345,6,53
477,region_oceania,-0.2545454545454545,6,55
479,region_oceania,-0.16071428571428573,7,56
497,region_oceania,-0.09433962264150944,9,53
501,region_oceania,-0.05686274509803921,10,51
505,region_oceania,-0.08,8,50
514,region_oceania,-0.35294117647058826,10,51
520,region_oceania,-0.18,7,50
532,region_oceania,0.038961038961038974,11,49
537,region_oceania,0.05009276437847867,11,49
540,region_oceania,0.09486166007905139,11,46
542,region_oceania,-0.10416666666666667,10,48
544,region_oceania,-0.06382978723404255,11,47
557,region_oceania,0.0782608695652174,10,46
560,region_oceania,0.11836734693877553,10,49
567,region_oceania,-0.11764705882352941,8,51
571,region_oceania,-0.225,5,40
573,region_oceania,0.07971014492753623,6,46
576,region_oceania,-0.004901960784313708,8,51
583,region_oceania,-0.06862745098039216,6,51
585,region_oceania,-0.01568627450980392,5,51
587,region_oceania,-0.026954177897574122,7,53
588,region_oceania,0.007751937984496082,6,43
609,region_oceania,-0.1276595744680851,5,47
622,region_oceania,-0.12727272727272726,5,55
633,region_oceania,-0.1568627450980392,5,51
634,region_oceania,-0.30303030303030304,6,55
639,region_oceania,-0.19148936170212766,10,47
644,region_oceania,-0.2978723404255319,9,47
655,region_oceania,-0.2,8,45
658,region_oceania,-0.425531914893617,10,47
663,region_oceania,0.09070294784580499,9,49
667,region_oceania,-0.14285714285714285,10,49
678,region_oceania,-0.17391304347826086,8,46
681,region_oceania,-0.2222222222222222,5,27
695,region_oceania,-0.27450980392156865,10,51
701,region_oceania,-0.08163265306122448,10,49
703,region_oceania,-0.1549019607843137,10,51
708,region_oceania,-0.016666666666666663,8,45
719,region_oceania,0.00874125874125875,11,52
725,region_oceania,-0.15217391304347827,8,46
727,region_oceania,-0.17647058823529413,10,51
731,region_oceania,-0.1013986013986014,11,52
736,region_oceania,-0.07692307692307693,9,52
745,region_oceania,-0.11138014527845036,7,59
771,region_oceania,0.0,9,63
785,region_oceania,-0.07758620689655171,4,58
788,region_oceania,0.2571428571428572,5,56
789,region_oceania,-0.026954177897574122,7,53
791,region_oceania,0.34074074074074073,5,54
793,region_oceania,-0.18181818181818182,4,44
795,region_oceania,-0.09259259259259259,6,54
804,region_oceania,0.12499999999999994,7,56
816,region_oceania,-0.0981818181818182,11,50
821,region_oceania,-0.1966666666666667,12,50
830,region_oceania,-0.19318181818181818,11,48
832,region_oceania,0.026687598116169553,13,49
833,region_oceania,-0.11702127659574468,12,47
836,region_oceania,0.0575139146567718,11,49
837,region_oceania,0.11538461538461539,13,52
843,region_oceania,0.04356060606060605,11,48
847,region_oceania,-0.05660377358490566,4,53
851,region_oceania,-0.107843137254902,6,51
853,region_oceania,-0.1346153846153846,7,52
855,region_oceania,-0.09803921568627451,5,51
858,region_oceania,-0.07692307692307693,6,52
859,region_oceania,-0.21568627450980393,5,51
860,region_oceania,-0.03773584905660377,5,53
869,region_oceania,-0.11363636363636363,4,44
875,region_oceania,-0.12244897959183673,5,49
884,region_oceania,0.0805084745762712,12,59
892,region_oceania,-0.05194805194805194,11,56
894,region_oceania,-0.08620689655172414,12,58
895,region_oceania,-0.12244897959183673,10,49
922,region_oceania,0.12755102040816327,8,49
927,region_oceania,-0.047619047619047616,7,48
932,region_oceania,-0.0654761904761905,7,48
944,region_oceania,-0.2391304347826087,7,46
947,region_oceania,0.02777777777777779,8,45
950,region_oceania,0.053061224489795944,5,49
961,region_oceania,0.11489361702127661,5,47
967,region_oceania,-0.2,5,50
980,region_oceania,-0.2414965986394558,6,49
981,region_oceania,-0.19148936170212766,6,47
984,region_oceania,-0.3333333333333333,5,45
986,region_oceania,-0.08901515151515149,11,48
989,region_oceania,0.12062937062937068,13,44
991,region_oceania,-0.03985507246376807,12,46
1000,region_oceania,0.06363636363636366,11,50
1002,region_oceania,-0.08333333333333334,12,48
1009,region_oceania,-0.1875,13,48
1022,region_oceania,0.09285714285714287,10,56
1023,region_oceania,0.13601532567049807,9,58
1031,region_oceania,-0.05094339622641508,10,53
1034,region_oceania,0.03728070175438597,8,57
1038,region_oceania,-0.0346153846153846,10,52
1039,region_oceania,-0.10909090909090909,10,55
1040,region_oceania,-0.1719077568134172,9,53
1044,region_oceania,0.036363636363636376,10,55
1045,region_oceania,-0.30357142857142855,8,56
1050,region_oceania,0.01470588235294118,8,51
1077,region_oceania,-0.05,4,40
1078,region_oceania,-0.0196078431372549,6,51
1111,region_oceania,-0.17391304347826086,5,46
1115,region_oceania,0.2235294117647059,5,51
1117,region_oceania,-0.08260869565217388,5,46
1122,region_oceania,0.05000000000000002,5,40
1124,region_oceania,0.012500000000000011,5,48
1128,region_oceania,0.23809523809523808,7,45
1129,region_oceania,-0.25,7,44
1132,region_oceania,-0.10714285714285715,7,44
1144,region_oceania,0.14728682170542634,6,43
1149,region_oceania,-0.05279503105590064,7,46
1150,region_oceania,-0.06666666666666667,4,45
1433,region_oceania,-0.1891891891891892,4,37
3,gender_man,-0.021428571428571436,28,30
10,gender_man,0.014976958525345613,31,28
11,gender_man,0.11851851851851852,30,27
16,gender_man,0.0665024630541872,29,28
19,gender_man,0.039080459770114956,29,30
30,gender_man,-0.09548387096774194,31,25
49,gender_man,-0.05585585585585587,30,37
57,gender_man,-0.11965811965811968,27,39
61,gender_man,-0.0680813439434129,29,39
63,gender_man,-0.07437275985663083,31,36
66,gender_man,-0.13602941176470587,34,32
68,gender_man,-0.10246679316888045,34,31
76,gender_man,-0.08409090909090908,22,40
81,gender_man,-0.16666666666666669,21,42
82,gender_man,-0.07500000000000001,20,40
83,gender_man,-0.0641891891891892,24,37
92,gender_man,-0.10827067669172935,19,35
104,gender_man,-0.08288770053475936,22,34
120,gender_man,0.12873563218390804,30,29
123,gender_man,0.20913461538461536,32,26
127,gender_man,-0.008928571428571425,28,32
136,gender_man,0.17456896551724138,32,29
143,gender_man,0.03030303030303033,33,33
148,gender_man,-0.07272727272727272,22,20
153,gender_man,-0.05090909090909091,25,33
158,gender_man,-0.1275862068965517,29,30
159,gender_man,0.029761904761904767,24,28
162,gender_man,-0.1545338441890166,27,29
174,gender_man,0.08717948717948719,26,30
175,gender_man,0.08333333333333334,24,32
191,gender_man,-0.033333333333333326,30,30
212,gender_man,0.08225108225108224,35,33
214,gender_man,-0.05043859649122809,38,24
219,gender_man,0.0,31,31
226,gender_man,0.0,32,32
228,gender_man,-0.0267379679144385,33,34
232,gender_man,-0.07520564042303174,23,37
245,gender_man,-0.06795131845841784,29,34
250,gender_man,-0.1532258064516129,31,28
263,gender_man,-0.04524886877828055,34,26
265,gender_man,0.11318681318681317,35,26
272,gender_man,0.09999999999999998,30,25
275,gender_man,-0.03909774436090224,35,19
280,gender_man,0.18181818181818182,33,23
281,gender_man,0.1509872241579559,41,21
283,gender_man,0.11206896551724138,32,29
294,gender_man,0.08522727272727271,33,32
307,gender_man,0.04242424242424242,30,33
314,gender_man,-0.18928571428571428,32,35
320,gender_man,-0.1346153846153846,26,24
324,gender_man,-0.004301075268817206,31,30
326,gender_man,-0.0763888888888889,27,32
327,gender_man,-0.3706896551724138,32,29
330,gender_man,-0.23333333333333334,30,30
334,gender_man,-0.2154882154882155,27,33
341,gender_man,-0.013824884792626724,31,28
347,gender_man,-0.05875,25,32
361,gender_man,0.05897435897435899,26,30
367,gender_man,-0.10565476190476192,21,32
375,gender_man,-0.044836956521739135,23,32
387,gender_man,-0.01715686274509804,24,34
395,gender_man,-0.03915343915343916,35,27
419,gender_man,-0.14285714285714288,35,25
425,gender_man,0.042857142857142844,28,20
427,gender_man,-0.07078039927404718,29,19
430,gender_man,-0.02878787878787878,33,20
435,gender_man,-0.009803921568627472,30,17
436,gender_man,0.00797448165869219,33,19
445,gender_man,0.04220779220779222,28,22
447,gender_man,0.04022988505747127,29,18
449,gender_man,0.029605263157894746,32,19
456,gender_man,0.1235632183908046,29,24
459,gender_man,-0.035919540229885055,29,24
465,gender_man,-0.004597701149425287,30,29
477,gender_man,-0.11982570806100215,34,27
479,gender_man,0.018181818181818188,33,30
497,gender_man,-0.027083333333333334,30,32
501,gender_man,0.0010893246187363703,27,34
505,gender_man,-0.055288461538461536,26,32
514,gender_man,0.02197802197802201,26,35
520,gender_man,-0.05681818181818182,24,33
532,gender_man,0.023359288097886538,31,29
537,gender_man,-0.043771043771043766,33,27
540,gender_man,0.03787878787878789,33,24
542,gender_man,0.034482758620689655,29,29
544,gender_man,-0.1111111111111111,31,27
557,gender_man,0.06666666666666667,30,26
560,gender_man,0.09324009324009325,26,33
567,gender_man,0.06436781609195402,30,29
571,gender_man,0.03557312252964426,23,22
573,gender_man,0.023809523809523808,28,24
576,gender_man,-0.025287356321839066,29,30
583,gender_man,-0.12125,25,32
585,gender_man,-0.17435897435897438,30,26
587,gender_man,-0.04524886877828055,34,26
588,gender_man,-0.1766666666666667,25,24
609,gender_man,-0.00888888888888889,27,25
622,gender_man,0.13142857142857142,35,25
633,gender_man,0.17708333333333334,32,24
634,gender_man,0.03879310344827591,32,29
639,gender_man,-0.007444168734491302,26,31
644,gender_man,0.0,28,28
655,gender_man,-0.19515669515669515,27,26
658,gender_man,0.10227272727272724,33,24
663,gender_man,-0.08333333333333333,34,24
667,gender_man,0.14335664335664336,33,26
678,gender_man,0.010989010989011005,26,28
681,gender_man,0.125,16,16
695,gender_man,0.05806451612903224,31,30
701,gender_man,0.01157407407407407,27,32
703,gender_man,-0.01307189542483661,27,34
708,gender_man,0.030000000000000027,25,28
719,gender_man,-0.06795131845841784,29,34
725,gender_man,0.1208791208791209,26,28
727,gender_man,0.027956989247311825,31,30
731,gender_man,-0.026209677419354843,31,32
736,gender_man,0.006465517241379309,29,32
745,gender_man,-0.029493087557603687,35,31
771,gender_man,-0.18575851393188852,34,38
785,gender_man,-0.10658307210031348,33,29
788,gender_man,0.02832244008714599,34,27
789,gender_man,0.011428571428571427,35,25
791,gender_man,-0.05529411764705883,34,25
793,gender_man,0.0,30,18
795,gender_man,0.06696428571428573,32,28
804,gender_man,-0.26666666666666666,33,30
816,gender_man,0.005446623093681935,34,27
821,gender_man,-0.09677419354838712,31,31
830,gender_man,0.07870370370370372,32,27
832,gender_man,0.01874999999999999,32,30
833,gender_man,-0.24539170506912444,28,31
836,gender_man,-0.18798665183537264,31,29
837,gender_man,-0.15714285714285714,35,30
843,gender_man,-0.16435185185185186,27,32
847,gender_man,-0.0332512315270936,28,29
851,gender_man,0.007407407407407418,30,27
853,gender_man,-0.10574712643678162,30,29
855,gender_man,-0.18518518518518517,29,27
858,gender_man,-0.019393939393939394,33,25
859,gender_man,-0.04980842911877392,29,27
860,gender_man,0.004778972520908004,27,31
869,gender_man,-0.03304347826086956,23,25
875,gender_man,-0.042613636363636354,32,22
884,gender_man,0.05639730639730642,44,27
892,gender_man,0.10092592592592592,40,27
894,gender_man,0.016447368421052627,38,32
895,gender_man,0.11921296296296297,32,27
922,gender_man,-0.16891891891891891,37,20
927,gender_man,-0.03532608695652173,32,23
932,gender_man,-0.07857142857142857,35,20
944,gender_man,-0.06818181818181818,33,20
947,gender_man,-0.07777777777777778,35,18
950,gender_man,-0.19166666666666665,30,24
961,gender_man,-0.038461538461538464,26,26
967,gender_man,-0.040000000000000036,25,30
980,gender_man,-0.15119363395225466,29,26
981,gender_man,-0.18233618233618232,26,27
983,gender_man,-0.04166666666666666,24,24
984,gender_man,-0.12,25,25
986,gender_man,-0.026806526806526787,33,26
989,gender_man,-0.038363171355498715,34,23
991,gender_man,0.06896551724137934,29,29
1000,gender_man,-0.047619047619047616,28,33
1002,gender_man,-0.03125,32,28
1009,gender_man,-0.01831896551724138,29,32
1022,gender_man,0.014746543778801843,31,35
1023,gender_man,0.0267379679144385,34,33
1031,gender_man,-0.027217741935483875,31,32
1034,gender_man,0.0028409090909090884,32,33
1038,gender_man,-0.12903225806451613,31,31
1039,gender_man,-0.16216216216216217,28,37
1040,gender_man,-0.07983193277310927,28,34
1044,gender_man,-0.11877394636015325,29,36
1045,gender_man,-0.06470588235294117,34,30
1050,gender_man,-0.16435185185185186,27,32
1077,gender_man,0.09090909090909091,22,22
1078,gender_man,0.034482758620689655,29,28
1111,gender_man,0.006153846153846149,25,26
1115,gender_man,-0.12566844919786094,34,22
1117,gender_man,-0.12499999999999997,24,27
1122,gender_man,0.023809523809523808,24,21
1124,gender_man,0.0071225071225071435,26,27
1128,gender_man,-0.05376344086021506,21,31
1129,gender_man,-0.02580645161290321,20,31
1132,gender_man,0.08571428571428569,21,30
1144,gender_man,0.09,24,25
1149,gender_man,0.1581196581196581,26,27
1150,gender_man,-0.028619528619528614,22,27
1161,gender_man,-0.14393939393939398,11,12
1162,gender_man,0.05594405594405594,11,13
1163,gender_man,0.11666666666666668,10,12
1178,gender_man,-0.6923076923076923,11,13
1191,gender_man,-0.06666666666666665,10,12
1202,gender_man,-0.15,10,12
1233,gender_man,0.1893939393939394,11,12
1236,gender_man,0.3166666666666667,10,12
1252,gender_man,0.08333333333333333,12,8
1259,gender_man,0.04166666666666666,12,8
1261,gender_man,-0.07936507936507936,14,9
1262,gender_man,0.11965811965811968,13,9
1277,gender_man,0.2727272727272727,11,9
1281,gender_man,0.18181818181818182,11,11
1287,gender_man,0.0,11,11
1290,gender_man,0.0888888888888889,10,9
1312,gender_man,-0.1048951048951049,13,11
1320,gender_man,-0.2377622377622377,13,11
1342,gender_man,-0.06293706293706294,11,13
1353,gender_man,0.07936507936507936,9,7
1415,gender_man,-0.1111111111111111,12,9
1433,gender_man,0.04047619047619047,21,20
1437,gender_man,0.2888888888888889,10,9
1453,gender_man,-0.0984848484848485,12,11
1462,gender_man,0.13636363636363635,10,11
1475,gender_man,-0.02797202797202797,13,11
1476,gender_man,0.07692307692307693,13,11
1478,gender_man,0.0,12,11
1479,gender_man,-0.1048951048951049,13,11
1481,gender_man,-0.09090909090909091,12,11
1490,gender_man,0.1746031746031746,14,9
1505,gender_man,0.38461538461538464,13,9
1532,gender_man,0.04166666666666666,12,8
1541,gender_man,-0.375,16,8
1551,gender_man,-0.25,14,8
1557,gender_man,-0.125,16,8
1569,gender_man,-0.06666666666666665,10,12
1595,gender_man,-0.4,10,5
1610,gender_man,0.04999999999999999,10,12
1660,gender_man,-0.2954545454545454,12,11
1661,gender_man,-0.013986013986013984,13,11
1663,gender_man,0.13986013986013987,13,11
1693,gender_man,-0.0888888888888889,9,15
1712,gender_man,-0.01785714285714285,16,7
1716,gender_man,0.3125,16,6
1717,gender_man,-0.3,15,6
1747,gender_man,0.09090909090909088,11,11
1750,gender_man,-0.1090909090909091,11,10
1755,gender_man,0.2727272727272727,11,11
1758,gender_man,0.04999999999999999,12,10
1761,gender_man,0.0,9,9
1792,gender_man,-0.2727272727272727,11,11
1796,gender_man,0.16363636363636364,11,10
1829,gender_man,0.2,10,10
1831,gender_man,-0.19191919191919193,11,9
1847,gender_man,0.0,12,12
1850,gender_man,-0.25,11,12
1853,gender_man,-0.13636363636363635,11,12
1856,gender_man,0.1590909090909091,12,11
1861,gender_man,0.2,10,13
1876,gender_man,0.11904761904761904,7,12
1889,gender_man,0.07563025210084029,7,17
1892,gender_man,-0.06862745098039216,6,17
1910,gender_man,-0.038961038961038974,7,11
1918,gender_man,-0.43846153846153846,10,13
1924,gender_man,-0.16666666666666666,10,12
1927,gender_man,-0.3076923076923077,9,13
1951,gender_man,0.1111111111111111,9,13
1956,gender_man,0.06837606837606836,9,13
1971,gender_man,0.06993006993007,13,11
2012,gender_man,0.13186813186813184,7,13
2018,gender_man,0.25,8,13
2021,gender_man,0.18333333333333335,8,15
2022,gender_man,0.23214285714285715,8,14
2042,gender_man,0.0,8,9
2053,gender_man,-0.18571428571428575,14,10
2056,gender_man,0.05194805194805194,14,11
2061,gender_man,-0.02857142857142858,14,10
2073,gender_man,-0.02857142857142858,14,10
2079,gender_man,0.21428571428571427,14,10
2088,gender_man,0.0,14,10
2089,gender_man,0.07142857142857142,14,10
2091,gender_man,0.06837606837606836,9,13
2094,gender_man,-0.375,8,14
2096,gender_man,0.04444444444444444,9,15
2097,gender_man,-0.008333333333333331,8,15
2125,gender_man,-0.05681818181818182,8,11
2126,gender_man,-0.13333333333333333,9,15
2130,gender_man,-0.06666666666666667,9,15
2135,gender_man,0.0,9,15
2137,gender_man,-0.06666666666666667,8,15
2157,gender_man,-0.08888888888888888,15,9
2162,gender_man,-0.08888888888888888,15,9
2173,gender_man,0.2727272727272727,11,12
2221,gender_man,0.1590909090909091,12,11
2226,gender_man,0.09090909090909091,11,11
2240,gender_man,-0.0076923076923077205,10,13
2250,gender_man,0.14615384615384613,10,13
2277,gender_man,0.21367521367521364,9,13
2279,gender_man,0.031746031746031744,14,9
2288,gender_man,0.041666666666666685,12,8
2292,gender_man,-0.2222222222222222,12,9
2293,gender_man,0.07692307692307693,13,9
2298,gender_man,0.3186813186813187,13,7
2316,gender_man,-0.15584415584415584,11,7
2317,gender_man,0.07792207792207795,11,7
2325,gender_man,-0.009090909090909094,11,10
2330,gender_man,-0.08333333333333333,12,12
2347,gender_man,0.0,11,11
2351,gender_man,-0.015151515151515166,12,11
2423,gender_man,-0.0854700854700855,9,13
2457,gender_man,-0.038461538461538436,13,10
2463,gender_man,0.0839160839160839,13,11
2471,gender_man,0.034965034965035,13,11
2514,gender_man,0.19580419580419578,11,13
2517,gender_man,0.033333333333333354,10,12
2522,gender_man,0.0,12,12
2531,gender_man,0.09615384615384615,12,13
2582,gender_man,0.034965034965035,13,11
2602,gender_man,0.0,6,13
2609,gender_man,-0.0357142857142857,8,14
2613,gender_man,-0.30303030303030304,12,11
2631,gender_man,-0.36363636363636365,12,11
2636,gender_man,-0.46464646464646464,11,9
2639,gender_man,-0.0222222222222222,15,9
2657,gender_man,-0.21367521367521364,13,9
2669,gender_man,-0.22857142857142856,14,10
2673,gender_man,0.031746031746031744,14,9
2686,gender_man,0.1746031746031746,14,9
2696,gender_man,0.0,10,12
2697,gender_man,0.3,10,13
2701,gender_man,0.0,9,9
2704,gender_man,0.2,10,13
2710,gender_man,0.1111111111111111,9,13
2712,gender_man,0.027272727272727282,10,11
2726,gender_man,0.2727272727272727,11,12
2730,gender_man,0.0505050505050505,11,9
2731,gender_man,0.18181818181818182,11,11
2734,gender_man,0.0,11,12
2735,gender_man,0.09090909090909091,11,10
2758,gender_man,0.013986013986013984,11,13
2769,gender_man,-0.20833333333333334,6,16
2784,gender_man,-0.041666666666666685,6,16
2786,gender_man,-0.2,6,15
2813,gender_man,-0.28030303030303033,12,11
2815,gender_man,-0.09090909090909091,12,11
2825,gender_man,0.06060606060606061,12,11
2854,gender_man,-0.1,14,10
2864,gender_man,-0.007936507936507936,14,9
2874,gender_man,0.035714285714285726,8,14
2880,gender_man,0.10714285714285715,8,14
2884,gender_man,0.35714285714285715,8,14
2892,gender_man,-0.0357142857142857,8,14
2904,gender_man,0.3931623931623932,13,9
2922,gender_man,0.0,15,10
2937,gender_man,0.2333333333333333,15,10
2949,gender_man,-0.15,10,8
2953,gender_man,0.1,10,10
2957,gender_man,0.1090909090909091,10,11
2978,gender_man,-0.1076923076923077,10,13
2983,gender_man,-0.06293706293706294,11,13
3024,gender_man,-0.013888888888888895,9,8
3033,gender_man,0.20833333333333331,9,8
3035,gender_man,0.0,9,8
3036,gender_man,-0.041666666666666685,9,8
3050,gender_man,-0.05714285714285716,7,15
3056,gender_man,-0.24761904761904763,7,15
3075,gender_man,-0.1285714285714286,14,10
3083,gender_man,0.01785714285714285,14,8
3085,gender_man,-0.6190476190476191,14,6
3091,gender_man,-0.04273504273504275,9,13
3107,gender_man,-0.19841269841269848,9,14
3112,gender_man,0.1367521367521367,9,13
3120,gender_man,-0.25,8,8
3122,gender_man,-0.15384615384615385,9,13
3135,gender_man,-0.18181818181818182,10,11
3144,gender_man,-0.1590909090909091,11,12
3161,gender_man,0.4696969696969697,11,12
3184,gender_man,0.0727272727272727,11,10
3191,gender_man,0.24545454545454543,11,10
3210,gender_man,-0.2727272727272727,12,11
3212,gender_man,-0.3055555555555556,12,9
3215,gender_man,-0.125,12,8
3235,gender_man,-0.26153846153846155,10,13
3236,gender_man,-0.2222222222222222,9,12
3259,gender_man,-0.47863247863247865,13,9
3262,gender_man,-0.22307692307692306,13,10
3277,gender_man,0.375,8,14
3286,gender_man,-0.16666666666666669,8,12
3294,gender_man,0.0,11,11
3339,gender_man,0.16666666666666666,12,12
3343,gender_man,0.31666666666666665,12,10
3345,gender_man,0.16666666666666666,12,8
3349,gender_man,-0.16911764705882354,24,17
3350,gender_man,0.20833333333333331,12,8
3358,gender_man,0.16666666666666669,12,8
3374,gender_man,-0.23333333333333336,12,10
3378,gender_man,-0.009090909090909094,11,10
3386,gender_man,-0.015384615384615385,13,10
3389,gender_man,0.3076923076923077,13,10
3415,gender_man,0.22857142857142854,7,15
3417,gender_man,0.2232142857142857,7,16
3419,gender_man,-0.0625,7,16
3423,gender_man,-0.33333333333333326,10,15
3434,gender_man,-0.033333333333333326,10,15
3445,gender_man,-0.014285714285714263,10,14
3446,gender_man,0.09090909090909094,11,11
3476,gender_man,0.1875,16,9
3489,gender_man,0.23076923076923078,13,8
3490,gender_man,0.4666666666666667,15,8
3502,gender_man,0.015151515151515166,11,12
3506,gender_man,0.018181818181818188,10,11
3522,gender_man,-0.26573426573426573,11,13
3523,gender_man,0.11904761904761904,7,12
3539,gender_man,0.125,8,13
3555,gender_man,0.21428571428571427,14,10
3557,gender_man,0.2333333333333333,12,10
3567,gender_man,-0.2777777777777778,12,9
3568,gender_man,0.2571428571428571,14,10
3571,gender_man,-0.17142857142857143,14,10
3595,gender_man,0.13076923076923078,13,10
3604,gender_man,-0.2857142857142857,14,10
3619,gender_man,0.008547008547008572,13,9
3634,gender_man,0.04444444444444445,15,9
3636,gender_man,-0.04999999999999999,15,8
3640,gender_man,-0.08888888888888888,15,9
3649,gender_man,-0.08333333333333337,12,12
3655,gender_man,0.06818181818181818,12,11
3658,gender_man,0.08333333333333333,12,11
3677,gender_man,-0.2857142857142857,9,14
3679,gender_man,-0.16666666666666669,9,12
3682,gender_man,0.11904761904761904,9,14
3708,gender_man,0.0,12,9
3719,gender_man,0.12857142857142856,14,10
3723,gender_man,-0.6666666666666667,18,6
3728,gender_man,0.125,16,6
3729,gender_man,0.1111111111111111,18,6
3740,gender_man,-0.31372549019607837,17,6
3747,gender_man,-0.13333333333333336,15,5
3750,gender_man,0.0,7,10
3767,gender_man,0.041666666666666685,8,12
3769,gender_man,-0.09090909090909094,11,11
3788,gender_man,0.03030303030303033,11,12
3791,gender_man,0.007575757575757583,11,12
3806,gender_man,-0.04273504273504275,9,13
3839,gender_man,0.08333333333333333,12,10
3851,gender_man,0.21666666666666667,10,12
3861,gender_man,0.0,11,11
3866,gender_man,0.015151515151515166,11,12
3900,gender_man,-0.03968253968253968,14,9
3920,gender_man,0.14285714285714285,7,15
3936,gender_man,-0.04464285714285715,7,16
3952,gender_man,0.09999999999999998,10,10
3953,gender_man,-0.024999999999999994,10,8
3963,gender_man,0.1111111111111111,9,9
3968,gender_man,0.03030303030303033,11,9
3970,gender_man,-0.1388888888888889,12,9
3984,gender_man,0.13888888888888895,12,9
3988,gender_man,0.038961038961038974,11,7
3994,gender_man,-0.4153846153846154,10,13
4000,gender_man,-0.13076923076923078,10,13
4026,gender_man,-0.053571428571428575,14,8
4029,gender_man,-0.25,16,8
4033,gender_man,-0.175,15,8
4044,gender_man,-0.15454545454545454,10,11
4059,gender_man,0.05194805194805194,7,11
4061,gender_man,0.027777777777777735,9,12
4077,gender_man,-0.19047619047619047,14,9
4078,gender_man,0.16239316239316243,13,9
4081,gender_man,0.16239316239316243,13,9
4112,gender_man,0.05714285714285716,10,14
4114,gender_man,0.0,10,15
4130,gender_man,0.1607142857142857,14,8
4131,gender_man,0.30357142857142855,14,8
4140,gender_man,0.0,13,8
4147,gender_man,-0.35714285714285715,7,6
4154,gender_man,0.11818181818181817,10,11
4155,gender_man,0.1111111111111111,9,10
4160,gender_man,-0.009090909090909094,11,10
4167,gender_man,-0.06818181818181823,12,11
4183,gender_man,0.07575757575757575,12,11
4188,gender_man,0.18181818181818182,11,11
4191,gender_man,0.09090909090909091,11,11
4216,gender_man,0.17857142857142855,7,8
4226,gender_man,0.022222222222222227,15,9
4239,gender_man,0.12820512820512825,13,9
4248,gender_man,0.26666666666666666,15,9
4261,gender_man,-0.08333333333333333,9,12
4263,gender_man,0.0,9,12
4280,gender_man,0.36363636363636365,11,11
4285,gender_man,0.0,11,11
4309,gender_man,-0.1818181818181818,11,11
4310,gender_man,-0.07692307692307693,11,13
4314,gender_man,0.02797202797202797,11,13
4335,gender_man,0.0,8,13
4338,gender_man,-0.1826923076923077,8,13
4340,gender_man,-0.2727272727272727,8,11
4343,gender_man,-0.10576923076923078,8,13
4365,gender_man,-0.1258741258741259,11,13
4378,gender_man,-0.07936507936507936,14,9
4388,gender_man,-0.07936507936507936,14,9
4390,gender_man,-0.08333333333333334,12,8
4394,gender_man,-0.035714285714285726,14,8
4443,gender_man,0.11666666666666668,10,12
4450,gender_man,0.018181818181818188,10,11
4471,gender_man,-0.22857142857142854,10,14
4488,gender_man,0.125,8,13
4506,gender_man,-0.4464285714285714,8,14
4515,gender_man,0.038461538461538436,8,13
4516,gender_man,0.04166666666666667,8,12
4526,gender_man,-0.028846153846153855,8,13
4531,gender_man,-0.08653846153846156,8,13
3,gender_woman,0.047619047619047616,28,30
10,gender_woman,-0.002314814814814825,27,32
11,gender_woman,-0.09,25,32
16,gender_woman,-0.05925925925925926,27,30
19,gender_woman,-0.018433179723502308,28,31
30,gender_woman,0.10416666666666666,24,32
49,gender_woman,0.07500000000000001,35,32
57,gender_woman,0.1397949673811743,37,29
61,gender_woman,0.07585004359197908,37,31
63,gender_woman,0.08035714285714285,35,32
66,gender_woman,0.15115207373271888,31,35
68,gender_woman,0.10952380952380952,30,35
76,gender_woman,0.09253065774804906,39,23
81,gender_woman,0.18736141906873613,41,22
82,gender_woman,0.08791208791208793,39,21
83,gender_woman,0.0641891891891892,37,24
92,gender_woman,0.13235294117647056,34,20
104,gender_woman,0.08288770053475936,34,22
120,gender_woman,-0.1152073732718894,28,31
123,gender_woman,-0.17575757575757578,25,33
127,gender_woman,0.0211345939933259,31,29
136,gender_woman,-0.1601731601731602,28,33
143,gender_woman,0.011981566820276512,31,35
148,gender_woman,0.07272727272727272,20,22
153,gender_woman,0.055288461538461536,32,26
158,gender_woman,0.1275862068965517,30,29
159,gender_woman,-0.029761904761904767,28,24
162,gender_woman,0.1545338441890166,29,27
174,gender_woman,-0.08717948717948719,30,26
175,gender_woman,-0.07096774193548389,31,25
191,gender_woman,0.033333333333333326,30,30
212,gender_woman,-0.08225108225108224,33,35
214,gender_woman,0.05043859649122809,24,38
219,gender_woman,0.0,31,31
226,gender_woman,0.0,32,32
228,gender_woman,0.03297682709447415,33,34
232,gender_woman,0.07520564042303174,37,23
245,gender_woman,0.06795131845841784,34,29
250,gender_woman,0.16550925925925924,27,32
263,gender_woman,0.05714285714285716,25,35
265,gender_woman,-0.10222222222222221,25,36
272,gender_woman,-0.08198924731182797,24,31
275,gender_woman,0.05555555555555555,18,36
280,gender_woman,-0.17647058823529413,22,34
281,gender_woman,-0.1333333333333333,20,42
283,gender_woman,-0.08714596949891068,27,34
294,gender_woman,-0.08522727272727271,32,33
307,gender_woman,-0.04242424242424242,33,30
314,gender_woman,0.18928571428571428,35,32
320,gender_woman,0.1346153846153846,24,26
324,gender_woman,0.004301075268817206,30,31
326,gender_woman,0.0763888888888889,32,27
327,gender_woman,0.3706896551724138,29,32
330,gender_woman,0.23333333333333334,30,30
334,gender_woman,0.2154882154882155,33,27
341,gender_woman,0.013824884792626724,28,31
347,gender_woman,0.05875,32,25
361,gender_woman,-0.035714285714285726,28,28
367,gender_woman,0.1275659824046921,31,22
375,gender_woman,0.05913978494623656,31,24
387,gender_woman,0.01715686274509804,34,24
395,gender_woman,0.03915343915343916,27,35
419,gender_woman,0.14285714285714288,25,35
425,gender_woman,-0.042857142857142844,20,28
427,gender_woman,0.07078039927404718,19,29
430,gender_woman,0.02878787878787878,20,33
435,gender_woman,0.009803921568627472,17,30
436,gender_woman,-0.00797448165869219,19,33
445,gender_woman,-0.04220779220779222,22,28
447,gender_woman,-0.04022988505747127,18,29
449,gender_woman,-0.015151515151515166,18,33
456,gender_woman,-0.1235632183908046,24,29
459,gender_woman,0.050724637681159424,23,30
465,gender_woman,0.004597701149425287,29,30
477,gender_woman,0.11982570806100215,27,34
479,gender_woman,-0.018181818181818188,30,33
497,gender_woman,0.027083333333333334,32,30
501,gender_woman,-0.0010893246187363703,34,27
505,gender_woman,0.055288461538461536,32,26
514,gender_woman,-0.02197802197802201,35,26
520,gender_woman,0.05681818181818182,33,24
532,gender_woman,-0.023359288097886538,29,31
537,gender_woman,0.043771043771043766,27,33
540,gender_woman,-0.03787878787878789,24,33
542,gender_woman,-0.09761904761904762,28,30
544,gender_woman,0.1111111111111111,27,31
557,gender_woman,-0.06666666666666667,26,30
560,gender_woman,-0.09324009324009325,33,26
567,gender_woman,-0.0576036866359447,28,31
571,gender_woman,-0.03557312252964426,22,23
573,gender_woman,-0.023809523809523808,24,28
576,gender_woman,0.025287356321839066,30,29
583,gender_woman,0.12125,32,25
585,gender_woman,0.17435897435897438,26,30
587,gender_woman,0.04524886877828055,26,34
588,gender_woman,0.20401337792642138,23,26
609,gender_woman,0.00888888888888889,25,27
622,gender_woman,-0.13142857142857142,25,35
633,gender_woman,-0.17708333333333334,24,32
634,gender_woman,-0.06493506493506496,28,33
639,gender_woman,0.007444168734491302,31,26
644,gender_woman,-0.05363984674329503,27,29
655,gender_woman,0.19515669515669515,26,27
658,gender_woman,-0.10227272727272724,24,33
663,gender_woman,0.08333333333333333,24,34
667,gender_woman,-0.14335664335664336,26,33
678,gender_woman,-0.06318681318681318,26,28
681,gender_woman,-0.10196078431372549,15,17
695,gender_woman,-0.04310344827586207,29,32
701,gender_woman,-0.006912442396313362,31,28
703,gender_woman,-0.03787878787878787,33,28
708,gender_woman,-0.009971509971509973,27,26
719,gender_woman,0.06795131845841784,34,29
725,gender_woman,-0.1208791208791209,28,26
727,gender_woman,-0.027956989247311825,30,31
731,gender_woman,0.03729838709677419,31,32
736,gender_woman,-0.006465517241379309,32,29
745,gender_woman,0.029493087557603687,31,35
771,gender_woman,0.18575851393188852,38,34
785,gender_woman,0.10658307210031348,29,33
788,gender_woman,-0.07444444444444445,25,36
789,gender_woman,-0.011428571428571427,25,35
791,gender_woman,0.0761904761904762,24,35
793,gender_woman,0.015180265654648972,17,31
795,gender_woman,-0.06696428571428573,28,32
804,gender_woman,0.2971602434077079,29,34
816,gender_woman,-0.005446623093681935,27,34
821,gender_woman,0.09677419354838712,31,31
830,gender_woman,-0.05594405594405594,26,33
832,gender_woman,-0.01874999999999999,30,32
833,gender_woman,0.24539170506912444,31,28
836,gender_woman,0.18798665183537264,29,31
837,gender_woman,0.15714285714285714,30,35
843,gender_woman,0.16435185185185186,32,27
847,gender_woman,0.04074074074074074,27,30
851,gender_woman,-0.007407407407407418,27,30
853,gender_woman,0.11405529953917051,28,31
855,gender_woman,0.18518518518518517,27,29
858,gender_woman,0.019393939393939394,25,33
859,gender_woman,0.04980842911877392,27,29
860,gender_woman,-0.0023809523809523794,30,28
869,gender_woman,0.03304347826086956,25,23
875,gender_woman,0.06176470588235293,20,34
884,gender_woman,-0.05639730639730642,27,44
892,gender_woman,-0.10092592592592592,27,40
894,gender_woman,-0.016447368421052627,32,38
895,gender_woman,-0.11921296296296297,27,32
922,gender_woman,0.16891891891891891,20,37
927,gender_woman,0.03532608695652173,23,32
932,gender_woman,0.07857142857142857,20,35
944,gender_woman,0.08668730650154796,19,34
947,gender_woman,0.07777777777777778,18,35
950,gender_woman,0.19166666666666665,24,30
961,gender_woman,0.038461538461538464,26,26
967,gender_woman,0.040000000000000036,30,25
980,gender_woman,0.15119363395225466,26,29
981,gender_woman,0.19515669515669515,26,27
983,gender_woman,0.04166666666666666,24,24
984,gender_woman,0.12,25,25
986,gender_woman,0.044705882352941206,25,34
989,gender_woman,0.038363171355498715,23,34
991,gender_woman,-0.07646356033452811,27,31
1000,gender_woman,0.08817204301075271,31,30
1002,gender_woman,0.06334841628959276,26,34
1009,gender_woman,0.03763440860215053,30,31
1022,gender_woman,-0.00735294117647059,34,32
1023,gender_woman,-0.020535714285714282,32,35
1031,gender_woman,0.03629032258064516,31,32
1034,gender_woman,-0.058712121212121215,32,33
1038,gender_woman,0.1375,30,32
1039,gender_woman,0.16666666666666666,36,29
1040,gender_woman,0.11249999999999999,32,30
1044,gender_woman,0.06666666666666668,35,30
1045,gender_woman,0.0357142857142857,28,36
1050,gender_woman,0.11175115207373273,31,28
1077,gender_woman,-0.09090909090909091,22,22
1078,gender_woman,-0.03333333333333333,27,30
1111,gender_woman,-0.006153846153846149,26,25
1115,gender_woman,0.12566844919786094,22,34
1117,gender_woman,0.12499999999999997,27,24
1122,gender_woman,-0.010000000000000009,20,25
1124,gender_woman,-0.0071225071225071435,27,26
1128,gender_woman,0.0030303030303029943,30,22
1129,gender_woman,-0.03809523809523807,30,21
1132,gender_woman,-0.1457680250783699,29,22
1144,gender_woman,-0.07333333333333333,24,25
1149,gender_woman,-0.21937321937321935,26,27
1150,gender_woman,0.03344481605351171,26,23
1161,gender_woman,0.14393939393939398,12,11
1162,gender_woman,-0.16666666666666669,12,12
1163,gender_woman,-0.09090909090909091,11,11
1178,gender_woman,0.5833333333333333,12,12
1191,gender_woman,0.06666666666666665,12,10
1202,gender_woman,0.15,12,10
1233,gender_woman,-0.1893939393939394,12,11
1236,gender_woman,-0.3166666666666667,12,10
1252,gender_woman,-0.08333333333333333,8,12
1259,gender_woman,-0.04166666666666666,8,12
1261,gender_woman,0.07936507936507936,9,14
1262,gender_woman,-0.11965811965811968,9,13
1277,gender_woman,-0.25,8,12
1281,gender_woman,-0.1333333333333333,10,12
1287,gender_woman,0.016666666666666677,10,12
1290,gender_woman,-0.05681818181818182,8,11
1312,gender_woman,0.1285714285714286,10,14
1320,gender_woman,0.3142857142857143,10,14
1342,gender_woman,0.06293706293706294,13,11
1353,gender_woman,-0.07936507936507936,7,9
1415,gender_woman,0.125,8,13
1433,gender_woman,-0.02392344497607657,19,22
1437,gender_woman,-0.23863636363636365,8,11
1453,gender_woman,0.12307692307692308,10,13
1462,gender_woman,-0.13636363636363635,11,10
1475,gender_woman,0.02797202797202797,11,13
1476,gender_woman,-0.07692307692307693,11,13
1478,gender_woman,0.0,11,12
1479,gender_woman,0.1048951048951049,11,13
1481,gender_woman,0.09090909090909091,11,12
1490,gender_woman,-0.1746031746031746,9,14
1505,gender_woman,-0.38461538461538464,9,13
1532,gender_woman,-0.04166666666666666,8,12
1541,gender_woman,0.375,8,16
1551,gender_woman,0.25,8,14
1557,gender_woman,0.125,8,16
1569,gender_woman,0.06666666666666665,12,10
1595,gender_woman,0.4,5,10
1610,gender_woman,-0.04999999999999999,12,10
1660,gender_woman,0.2954545454545454,11,12
1661,gender_woman,0.013986013986013984,11,13
1663,gender_woman,-0.13986013986013987,11,13
1693,gender_woman,0.0888888888888889,15,9
1712,gender_woman,0.04901960784313725,6,17
1716,gender_woman,-0.29411764705882354,5,17
1717,gender_woman,0.3,6,15
1747,gender_woman,-0.09090909090909088,11,11
1750,gender_woman,0.1090909090909091,10,11
1755,gender_woman,-0.2727272727272727,11,11
1758,gender_woman,-0.008547008547008572,9,13
1761,gender_woman,0.0,9,9
1792,gender_woman,0.2727272727272727,11,11
1796,gender_woman,-0.16363636363636364,10,11
1829,gender_woman,-0.14141414141414144,9,11
1831,gender_woman,0.2916666666666667,8,12
1847,gender_woman,0.05594405594405594,11,13
1850,gender_woman,0.2727272727272727,11,12
1853,gender_woman,0.2121212121212121,11,12
1856,gender_woman,-0.13076923076923078,10,13
1861,gender_woman,-0.2,13,10
1876,gender_woman,-0.11904761904761904,12,7
1889,gender_woman,-0.07563025210084029,17,7
1892,gender_woman,0.06862745098039216,17,6
1910,gender_woman,-0.15,10,8
1918,gender_woman,0.49242424242424243,12,11
1924,gender_woman,0.18181818181818182,11,11
1927,gender_woman,0.3333333333333333,12,10
1951,gender_woman,-0.1,12,10
1956,gender_woman,-0.033333333333333354,12,10
1971,gender_woman,-0.06993006993007,11,13
2012,gender_woman,-0.13186813186813184,13,7
2018,gender_woman,-0.25,13,8
2021,gender_woman,-0.18333333333333335,15,8
2022,gender_woman,-0.23214285714285715,14,8
2042,gender_woman,0.0,9,8
2053,gender_woman,0.18571428571428575,10,14
2056,gender_woman,-0.05194805194805194,11,14
2061,gender_woman,0.02857142857142858,10,14
2073,gender_woman,0.02857142857142858,10,14
2079,gender_woman,-0.21428571428571427,10,14
2088,gender_woman,0.0,10,14
2089,gender_woman,-0.07142857142857142,10,14
2091,gender_woman,-0.06837606837606836,13,9
2094,gender_woman,0.375,14,8
2096,gender_woman,-0.04444444444444444,15,9
2097,gender_woman,0.008333333333333331,15,8
2125,gender_woman,0.05681818181818182,11,8
2126,gender_woman,0.13333333333333333,15,9
2130,gender_woman,0.06666666666666667,15,9
2135,gender_woman,0.0,15,9
2137,gender_woman,0.06666666666666667,15,8
2157,gender_woman,0.08888888888888888,9,15
2162,gender_woman,0.08888888888888888,9,15
2173,gender_woman,-0.2727272727272727,12,11
2221,gender_woman,-0.1590909090909091,11,12
2226,gender_woman,-0.09090909090909091,11,11
2240,gender_woman,0.0076923076923077205,13,10
2250,gender_woman,-0.14615384615384613,13,10
2277,gender_woman,-0.15000000000000002,12,10
2279,gender_woman,-0.031746031746031744,9,14
2288,gender_woman,-0.041666666666666685,8,12
2292,gender_woman,0.2222222222222222,9,12
2293,gender_woman,-0.07692307692307693,9,13
2298,gender_woman,-0.3186813186813187,7,13
2316,gender_woman,0.25,6,12
2317,gender_woman,0.0,6,12
2325,gender_woman,0.027777777777777776,9,12
2330,gender_woman,0.08333333333333333,12,12
2347,gender_woman,0.0,11,11
2351,gender_woman,0.015151515151515166,11,12
2423,gender_woman,0.0854700854700855,13,9
2457,gender_woman,0.038461538461538436,10,13
2463,gender_woman,-0.0839160839160839,11,13
2471,gender_woman,-0.034965034965035,11,13
2514,gender_woman,-0.19580419580419578,13,11
2517,gender_woman,-0.033333333333333354,12,10
2522,gender_woman,0.0,12,12
2531,gender_woman,-0.09615384615384615,13,12
2582,gender_woman,-0.034965034965035,11,13
2602,gender_woman,0.0,13,6
2609,gender_woman,0.0357142857142857,14,8
2613,gender_woman,0.30303030303030304,11,12
2631,gender_woman,0.36363636363636365,11,12
2636,gender_woman,0.46464646464646464,9,11
2639,gender_woman,0.0222222222222222,9,15
2657,gender_woman,0.21367521367521364,9,13
2669,gender_woman,0.22857142857142856,10,14
2673,gender_woman,-0.031746031746031744,9,14
2686,gender_woman,-0.1746031746031746,9,14
2696,gender_woman,0.0,11,11
2697,gender_woman,-0.2727272727272727,12,11
2701,gender_woman,-0.175,8,10
2704,gender_woman,-0.18181818181818182,12,11
2710,gender_woman,-0.1,12,10
2712,gender_woman,-0.16363636363636364,10,11
2726,gender_woman,-0.2727272727272727,12,11
2730,gender_woman,-0.0505050505050505,9,11
2731,gender_woman,-0.18181818181818182,11,11
2734,gender_woman,0.0,12,11
2735,gender_woman,-0.09090909090909091,10,11
2758,gender_woman,0.0,12,12
2769,gender_woman,0.20833333333333334,16,6
2784,gender_woman,0.041666666666666685,16,6
2786,gender_woman,0.2,15,6
2813,gender_woman,0.28030303030303033,11,12
2815,gender_woman,0.09090909090909091,11,12
2825,gender_woman,-0.06060606060606061,11,12
2854,gender_woman,0.1,10,14
2864,gender_woman,0.007936507936507936,9,14
2874,gender_woman,-0.035714285714285726,14,8
2880,gender_woman,-0.10714285714285715,14,8
2884,gender_woman,-0.35714285714285715,14,8
2892,gender_woman,0.0357142857142857,14,8
2904,gender_woman,-0.3931623931623932,9,13
2922,gender_woman,0.0,10,15
2937,gender_woman,-0.2333333333333333,10,15
2949,gender_woman,0.15,8,10
2953,gender_woman,-0.1,10,10
2957,gender_woman,-0.1090909090909091,11,10
2978,gender_woman,0.1076923076923077,13,10
2983,gender_woman,0.06293706293706294,13,11
3024,gender_woman,0.013888888888888895,8,9
3033,gender_woman,-0.20833333333333331,8,9
3035,gender_woman,0.0,8,9
3036,gender_woman,0.041666666666666685,8,9
3050,gender_woman,0.05714285714285716,15,7
3056,gender_woman,0.24761904761904763,15,7
3075,gender_woman,0.1285714285714286,10,14
3083,gender_woman,-0.01785714285714285,8,14
3085,gender_woman,0.6190476190476191,6,14
3091,gender_woman,0.06666666666666665,12,10
3107,gender_woman,0.29230769230769227,13,10
3112,gender_woman,-0.1367521367521367,13,9
3120,gender_woman,0.25,8,8
3122,gender_woman,0.15384615384615385,13,9
3135,gender_woman,0.18181818181818182,11,10
3144,gender_woman,0.1590909090909091,12,11
3161,gender_woman,-0.4696969696969697,12,11
3184,gender_woman,-0.0727272727272727,10,11
3191,gender_woman,-0.24545454545454543,10,11
3210,gender_woman,0.2727272727272727,11,12
3212,gender_woman,0.3055555555555556,9,12
3215,gender_woman,0.125,8,12
3235,gender_woman,0.26153846153846155,13,10
3236,gender_woman,0.2222222222222222,12,9
3259,gender_woman,0.47863247863247865,9,13
3262,gender_woman,0.22307692307692306,10,13
3277,gender_woman,-0.375,14,8
3286,gender_woman,0.16666666666666669,12,8
3294,gender_woman,0.0,11,11
3339,gender_woman,-0.1258741258741259,11,13
3343,gender_woman,-0.27350427350427353,9,13
3345,gender_woman,-0.16666666666666666,8,12
3349,gender_woman,0.16911764705882354,17,24
3350,gender_woman,-0.20833333333333331,8,12
3358,gender_woman,-0.16666666666666669,8,12
3374,gender_woman,0.23333333333333336,10,12
3378,gender_woman,0.009090909090909094,10,11
3386,gender_woman,0.015384615384615385,10,13
3389,gender_woman,-0.3076923076923077,10,13
3415,gender_woman,-0.16071428571428573,14,8
3417,gender_woman,-0.18333333333333335,15,8
3419,gender_woman,0.06666666666666667,15,8
3423,gender_woman,0.33333333333333326,15,10
3434,gender_woman,0.033333333333333326,15,10
3445,gender_woman,0.014285714285714263,14,10
3446,gender_woman,-0.09090909090909094,11,11
3476,gender_woman,-0.16666666666666666,7,18
3489,gender_woman,-0.2,6,15
3490,gender_woman,-0.4117647058823529,6,17
3502,gender_woman,-0.1590909090909091,11,12
3506,gender_woman,0.018181818181818188,10,11
3522,gender_woman,0.16666666666666669,12,12
3523,gender_woman,-0.11904761904761904,12,7
3539,gender_woman,-0.125,13,8
3555,gender_woman,-0.21428571428571427,10,14
3557,gender_woman,-0.2333333333333333,10,12
3567,gender_woman,0.2777777777777778,9,12
3568,gender_woman,-0.2571428571428571,10,14
3571,gender_woman,0.17142857142857143,10,14
3595,gender_woman,-0.13076923076923078,10,13
3604,gender_woman,0.2857142857142857,10,14
3619,gender_woman,-0.008547008547008572,9,13
3634,gender_woman,-0.04444444444444445,9,15
3636,gender_woman,0.04999999999999999,8,15
3640,gender_woman,0.08888888888888888,9,15
3649,gender_woman,0.08333333333333337,12,12
3655,gender_woman,-0.06818181818181818,11,12
3658,gender_woman,-0.08333333333333333,11,12
3677,gender_woman,0.2857142857142857,14,9
3679,gender_woman,0.16666666666666669,12,9
3682,gender_woman,-0.11904761904761904,14,9
3708,gender_woman,0.0,9,12
3719,gender_woman,-0.12857142857142856,10,14
3723,gender_woman,0.6666666666666667,6,18
3728,gender_woman,-0.125,6,16
3729,gender_woman,-0.1111111111111111,6,18
3740,gender_woman,0.31372549019607837,6,17
3747,gender_woman,0.13333333333333336,5,15
3750,gender_woman,0.0,9,8
3767,gender_woman,0.03030303030303033,11,9
3769,gender_woman,0.09090909090909094,11,11
3788,gender_woman,-0.03030303030303033,12,11
3791,gender_woman,-0.007575757575757583,12,11
3806,gender_woman,0.04273504273504275,13,9
3839,gender_woman,-0.08333333333333333,10,12
3851,gender_woman,-0.21666666666666667,12,10
3861,gender_woman,0.0,11,11
3866,gender_woman,-0.015151515151515166,12,11
3900,gender_woman,0.03968253968253968,9,14
3920,gender_woman,-0.125,14,8
3936,gender_woman,0.07500000000000001,15,8
3952,gender_woman,-0.09999999999999998,10,10
3953,gender_woman,0.024999999999999994,8,10
3963,gender_woman,-0.1111111111111111,9,9
3968,gender_woman,-0.03030303030303033,9,11
3970,gender_woman,0.1388888888888889,9,12
3984,gender_woman,-0.13888888888888895,9,12
3988,gender_woman,-0.038961038961038974,7,11
3994,gender_woman,0.2121212121212121,11,12
4000,gender_woman,-0.1590909090909091,11,12
4026,gender_woman,0.053571428571428575,8,14
4029,gender_woman,0.25,8,16
4033,gender_woman,0.175,8,15
4044,gender_woman,0.036363636363636376,10,11
4059,gender_woman,-0.024999999999999994,10,8
4061,gender_woman,0.05454545454545451,11,10
4077,gender_woman,0.19047619047619047,9,14
4078,gender_woman,-0.16239316239316243,9,13
4081,gender_woman,-0.16239316239316243,9,13
4112,gender_woman,-0.02797202797202797,13,11
4114,gender_woman,0.0,14,11
4130,gender_woman,-0.1607142857142857,8,14
4131,gender_woman,-0.30357142857142855,8,14
4140,gender_woman,0.0,8,13
4147,gender_woman,0.35714285714285715,6,7
4154,gender_woman,-0.11818181818181817,11,10
4155,gender_woman,-0.1111111111111111,10,9
4160,gender_woman,0.009090909090909094,10,11
4167,gender_woman,0.06818181818181823,11,12
4183,gender_woman,-0.05384615384615385,10,13
4188,gender_woman,-0.16666666666666666,10,12
4191,gender_woman,-0.06666666666666665,10,12
4216,gender_woman,-0.17857142857142855,8,7
4226,gender_woman,-0.022222222222222227,9,15
4239,gender_woman,-0.12820512820512825,9,13
4248,gender_woman,-0.26666666666666666,9,15
4261,gender_woman,0.08333333333333333,12,9
4263,gender_woman,0.0,12,9
4280,gender_woman,-0.36363636363636365,11,11
4285,gender_woman,0.0,11,11
4309,gender_woman,0.1818181818181818,11,11
4310,gender_woman,0.07692307692307693,13,11
4314,gender_woman,-0.02797202797202797,13,11
4335,gender_woman,0.0,13,8
4338,gender_woman,0.1826923076923077,13,8
4340,gender_woman,0.2727272727272727,11,8
4343,gender_woman,0.10576923076923078,13,8
4365,gender_woman,0.1258741258741259,13,11
4378,gender_woman,0.07936507936507936,9,14
4388,gender_woman,0.07936507936507936,9,14
4390,gender_woman,0.08333333333333334,8,12
4394,gender_woman,0.035714285714285726,8,14
4443,gender_woman,-0.11666666666666668,12,10
4450,gender_woman,-0.018181818181818188,11,10
4471,gender_woman,0.22857142857142854,14,10
4488,gender_woman,-0.125,13,8
4506,gender_woman,0.4464285714285714,14,8
4515,gender_woman,-0.038461538461538436,13,8
4516,gender_woman,-0.04166666666666667,12,8
4526,gender_woman,0.028846153846153855,13,8
4531,gender_woman,0.08653846153846156,13,8
3,identity_arab,0.0385487528344671,9,49
10,identity_arab,-0.0888888888888889,9,50
11,identity_arab,-0.25,9,48
16,identity_arab,-0.125,9,48
19,identity_arab,0.11274509803921567,8,51
30,identity_arab,-0.125,8,48
49,identity_arab,0.1357142857142857,7,60
57,identity_arab,0.27602905569007263,7,59
61,identity_arab,0.07728337236533957,7,61
63,identity_arab,0.06830601092896174,6,61
66,identity_arab,0.04842615012106535,7,59
68,identity_arab,0.039408866995073885,7,58
76,identity_arab,0.12037037037037038,8,54
81,identity_arab,0.17272727272727273,8,55
82,identity_arab,0.20192307692307693,8,52
83,identity_arab,0.2429245283018868,8,53
92,identity_arab,0.10942249240121577,7,47
104,identity_arab,0.16666666666666666,8,48
120,identity_arab,0.19852941176470587,8,51
123,identity_arab,0.1972789115646258,9,49
127,identity_arab,0.04575163398692808,9,51
136,identity_arab,0.12179487179487178,9,52
143,identity_arab,0.5321428571428573,10,56
148,identity_arab,-0.07027027027027027,5,37
153,identity_arab,-0.0784313725490196,7,51
158,identity_arab,0.054945054945054916,7,52
159,identity_arab,0.273015873015873,7,45
162,identity_arab,0.26530612244897955,7,49
174,identity_arab,0.040816326530612235,7,49
175,identity_arab,-0.020408163265306117,7,49
191,identity_arab,0.029649595687331526,7,53
212,identity_arab,0.16666666666666669,8,60
214,identity_arab,0.12207792207792206,7,55
219,identity_arab,-0.03571428571428571,6,56
226,identity_arab,0.21553884711779447,7,57
228,identity_arab,-0.11666666666666667,7,60
232,identity_arab,-0.14545454545454545,5,55
245,identity_arab,0.17543859649122806,6,57
250,identity_arab,-0.19230769230769232,7,52
263,identity_arab,0.2964959568733153,7,53
265,identity_arab,-0.015151515151515166,6,55
272,identity_arab,0.0357142857142857,7,48
275,identity_arab,-0.20408163265306123,5,49
280,identity_arab,0.040816326530612235,7,49
281,identity_arab,-0.0051948051948051965,7,55
283,identity_arab,0.10052910052910052,7,54
294,identity_arab,0.11904761904761904,9,56
307,identity_arab,0.015909090909090914,8,55
314,identity_arab,0.2547892720306513,9,58
320,identity_arab,-0.015151515151515166,6,44
324,identity_arab,0.013227513227513227,7,54
326,identity_arab,0.2012578616352201,6,53
327,identity_arab,-0.15873015873015872,7,54
330,identity_arab,-0.2722371967654987,7,53
334,identity_arab,-0.2962962962962963,6,54
341,identity_arab,-0.15384615384615385,7,52
347,identity_arab,-0.21568627450980393,6,51
361,identity_arab,-0.04166666666666666,8,48
367,identity_arab,-0.15248226950354613,6,47
375,identity_arab,-0.0654761904761905,7,48
387,identity_arab,-0.058823529411764705,7,51
395,identity_arab,0.17402597402597403,7,55
419,identity_arab,-0.1320754716981132,7,53
425,identity_arab,-0.13636363636363635,4,44
427,identity_arab,0.11904761904761904,6,42
430,identity_arab,0.03900709219858156,6,47
435,identity_arab,-0.19047619047619047,5,42
436,identity_arab,0.12318840579710144,6,46
445,identity_arab,0.007575757575757569,6,44
447,identity_arab,-0.21428571428571427,5,42
449,identity_arab,-0.011111111111111127,6,45
456,identity_arab,0.20567375886524822,6,47
459,identity_arab,-0.2127659574468085,6,47
465,identity_arab,0.12272727272727274,4,55
477,identity_arab,0.11515151515151514,6,55
479,identity_arab,0.06206896551724139,5,58
497,identity_arab,-0.09259259259259259,8,54
501,identity_arab,0.1179245283018868,8,53
505,identity_arab,-0.08,8,50
514,identity_arab,0.31216931216931215,7,54
520,identity_arab,-0.1836734693877551,8,49
532,identity_arab,-0.028846153846153855,8,52
537,identity_arab,0.08653846153846154,8,52
540,identity_arab,0.20571428571428568,7,50
542,identity_arab,0.045,8,50
544,identity_arab,0.08499999999999999,8,50
557,identity_arab,-0.04081632653061224,7,49
560,identity_arab,-0.11764705882352941,8,51
567,identity_arab,-0.11320754716981132,6,53
571,identity_arab,-0.23076923076923078,6,39
573,identity_arab,-0.10869565217391304,6,46
576,identity_arab,0.08805031446540879,6,53
583,identity_arab,0.11764705882352938,6,51
585,identity_arab,-0.053333333333333344,6,50
587,identity_arab,-0.18518518518518517,6,54
588,identity_arab,0.5272727272727273,5,44
622,identity_arab,-0.12962962962962962,6,54
633,identity_arab,0.2823529411764706,5,51
634,identity_arab,0.06666666666666665,6,55
639,identity_arab,0.14571428571428569,7,50
644,identity_arab,0.09333333333333332,6,50
655,identity_arab,-0.1956521739130435,7,46
658,identity_arab,0.31887755102040816,8,49
663,identity_arab,-0.04,8,50
667,identity_arab,0.00735294117647059,8,51
678,identity_arab,-0.006079027355623101,7,47
681,identity_arab,-0.21428571428571427,4,28
695,identity_arab,0.3862433862433862,7,54
701,identity_arab,0.08516483516483515,7,52
703,identity_arab,0.3862433862433862,7,54
708,identity_arab,-0.10992907801418442,6,47
719,identity_arab,-0.19298245614035087,6,57
725,identity_arab,-0.14285714285714285,5,49
727,identity_arab,0.02121212121212121,6,55
731,identity_arab,-0.008771929824561403,6,57
736,identity_arab,-0.07272727272727272,6,55
771,identity_arab,-0.35294117647058826,4,68
785,identity_arab,0.4415584415584416,7,55
788,identity_arab,-0.18518518518518517,7,54
789,identity_arab,0.2964959568733153,7,53
791,identity_arab,-0.32075471698113206,6,53
793,identity_arab,-0.18604651162790697,5,43
795,identity_arab,0.04043126684636117,7,53
804,identity_arab,-0.035714285714285754,7,56
816,identity_arab,-0.3076923076923077,9,52
821,identity_arab,0.009259259259259273,8,54
830,identity_arab,0.18627450980392157,8,51
832,identity_arab,-0.11530398322851154,9,53
833,identity_arab,0.13736263736263743,7,52
836,identity_arab,-0.1111111111111111,9,51
837,identity_arab,-0.12103174603174605,9,56
843,identity_arab,-0.1488888888888889,9,50
847,identity_arab,-0.057692307692307696,5,52
851,identity_arab,0.25471698113207547,4,53
853,identity_arab,0.0888888888888889,5,54
855,identity_arab,0.1215686274509804,5,51
858,identity_arab,-0.07547169811320754,5,53
859,identity_arab,-0.21568627450980393,5,51
860,identity_arab,-0.03773584905660377,5,53
869,identity_arab,-0.11363636363636363,4,44
875,identity_arab,-0.12244897959183673,5,49
884,identity_arab,0.27232142857142855,7,64
892,identity_arab,0.009523809523809518,7,60
894,identity_arab,0.10416666666666666,6,64
895,identity_arab,0.07232704402515722,6,53
922,identity_arab,-0.01785714285714285,8,49
927,identity_arab,0.05585106382978722,8,47
932,identity_arab,-0.08776595744680851,8,47
944,identity_arab,-0.07453416149068323,7,46
947,identity_arab,-0.26666666666666666,8,45
950,identity_arab,-0.07598784194528879,7,47
961,identity_arab,-0.1111111111111111,7,45
967,identity_arab,-0.11011904761904762,7,48
980,identity_arab,0.05357142857142855,7,48
981,identity_arab,-0.031055900621118016,7,46
983,identity_arab,-0.17073170731707318,7,41
984,identity_arab,-0.15151515151515152,6,44
986,identity_arab,0.19780219780219777,7,52
989,identity_arab,-0.4117647058823529,6,51
991,identity_arab,-0.12820512820512825,6,52
1000,identity_arab,0.45502645502645506,7,54
1002,identity_arab,0.22102425876010778,7,53
1009,identity_arab,-0.16666666666666666,7,54
1022,identity_arab,0.1840193704600484,7,59
1023,identity_arab,-0.11666666666666667,7,60
1031,identity_arab,-0.15789473684210525,6,57
1034,identity_arab,-0.10344827586206896,7,58
1038,identity_arab,-0.14545454545454545,7,55
1039,identity_arab,-0.10344827586206896,7,58
1040,identity_arab,-0.2807017543859649,5,57
1044,identity_arab,-0.029556650246305438,7,58
1045,identity_arab,-0.13784461152882205,7,57
1050,identity_arab,-0.2641509433962264,6,53
1077,identity_arab,-0.05405405405405406,7,37
1078,identity_arab,-0.02,7,50
1111,identity_arab,-0.05555555555555555,9,42
1115,identity_arab,-0.10165484633569741,9,47
1117,identity_arab,0.06666666666666665,6,45
1122,identity_arab,0.012820512820512803,6,39
1124,identity_arab,-0.09343434343434345,9,44
1128,identity_arab,0.23809523809523808,7,45
1129,identity_arab,-0.05555555555555555,6,45
1132,identity_arab,0.05844155844155843,7,44
1144,identity_arab,-0.0426356589147287,6,43
1149,identity_arab,-0.05279503105590064,7,46
1150,identity_arab,-0.07142857142857142,7,42
1277,identity_arab,0.125,4,16
1281,identity_arab,0.2777777777777778,4,18
1287,identity_arab,0.5,4,18
1290,identity_arab,0.11666666666666667,4,15
1312,identity_arab,-0.15,4,20
1320,identity_arab,0.09999999999999998,4,20
1433,identity_arab,0.033333333333333354,5,36
3349,identity_arab,-0.2222222222222222,5,36
3,identity_european,0.07,8,50
10,identity_european,-0.21153846153846154,7,52
11,identity_european,-0.24489795918367346,8,49
16,identity_european,-0.12244897959183673,8,49
19,identity_european,-0.031862745098039214,8,51
30,identity_european,-0.12244897959183673,7,49
49,identity_european,0.09745762711864406,8,59
57,identity_european,0.07758620689655171,8,58
61,identity_european,-0.08333333333333333,8,60
63,identity_european,0.13601532567049807,9,58
66,identity_european,-0.27586206896551724,8,58
68,identity_european,-0.1206896551724138,7,58
76,identity_european,-0.16071428571428573,6,56
81,identity_european,-0.20175438596491227,6,57
82,identity_european,-0.037037037037037035,6,54
83,identity_european,-0.18181818181818182,6,55
92,identity_european,-0.36,4,50
104,identity_european,-0.2549019607843137,5,51
120,identity_european,-0.1088888888888889,9,50
123,identity_european,0.12083333333333329,10,48
127,identity_european,0.13999999999999999,10,50
136,identity_european,-0.008547008547008572,9,52
143,identity_european,-0.2928571428571428,10,56
148,identity_european,0.15675675675675677,5,37
153,identity_european,-0.07692307692307693,6,52
158,identity_european,-0.07861635220125787,6,53
159,identity_european,-0.21739130434782608,6,46
162,identity_european,-0.00666666666666671,6,50
174,identity_european,-0.11764705882352941,5,51
175,identity_european,-0.18,6,50
191,identity_european,-0.12962962962962962,6,54
212,identity_european,-0.11475409836065574,7,61
214,identity_european,0.24210526315789477,5,57
219,identity_european,0.08076923076923077,10,52
226,identity_european,-0.10909090909090909,9,55
228,identity_european,-0.005263157894736831,10,57
232,identity_european,0.19999999999999998,10,50
245,identity_european,-0.08867924528301888,10,53
250,identity_european,-0.18867924528301888,6,53
263,identity_european,-0.18518518518518517,6,54
265,identity_european,0.11904761904761904,7,54
272,identity_european,-0.09863945578231295,6,49
275,identity_european,-0.20408163265306123,5,49
280,identity_european,-0.11764705882352941,5,51
281,identity_european,-0.1369047619047619,6,56
283,identity_european,-0.21818181818181817,6,55
294,identity_european,-0.1388888888888889,9,56
307,identity_european,0.12962962962962962,9,54
314,identity_european,0.1264367816091954,9,58
320,identity_european,0.022222222222222227,5,45
324,identity_european,0.2806603773584906,8,53
326,identity_european,-0.031862745098039214,8,51
327,identity_european,0.22877358490566035,8,53
330,identity_european,0.27884615384615385,8,52
334,identity_european,0.41346153846153844,8,52
341,identity_european,-0.012254901960784326,8,51
347,identity_european,-0.05714285714285716,7,50
361,identity_european,0.006666666666666654,6,50
367,identity_european,0.41134751773049644,6,47
375,identity_european,0.22000000000000003,5,50
387,identity_european,0.10364145658263305,7,51
395,identity_european,0.012987012987012991,7,55
419,identity_european,0.05555555555555555,6,54
425,identity_european,0.08372093023255815,5,43
427,identity_european,-0.06976744186046512,5,43
430,identity_european,0.0124223602484472,7,46
435,identity_european,0.3780487804878049,6,41
436,identity_european,-0.06521739130434782,6,46
445,identity_european,-0.18181818181818182,6,44
447,identity_european,-0.21428571428571427,5,42
449,identity_european,0.026086956521739146,5,46
456,identity_european,-0.1702127659574468,6,47
459,identity_european,-0.024822695035461,6,47
465,identity_european,0.03900709219858156,12,47
477,identity_european,0.16363636363636364,11,50
479,identity_european,-0.17647058823529413,12,51
497,identity_european,0.1423076923076923,10,52
501,identity_european,-0.05686274509803921,10,51
505,identity_european,-0.08333333333333333,10,48
514,identity_european,0.12549019607843137,10,51
520,identity_european,0.20833333333333331,9,48
532,identity_european,-0.00808625336927224,7,53
537,identity_european,-0.05660377358490566,7,53
540,identity_european,-0.12244897959183673,8,49
542,identity_european,0.06442577030812324,7,51
544,identity_european,-0.058823529411764705,7,51
557,identity_european,-0.04081632653061224,7,49
560,identity_european,0.20879120879120877,7,52
567,identity_european,0.02696078431372549,8,51
571,identity_european,0.15384615384615383,6,39
573,identity_european,0.21904761904761905,7,45
576,identity_european,0.0357142857142857,7,52
583,identity_european,0.17091836734693877,8,49
585,identity_european,0.24489795918367344,7,49
587,identity_european,0.3846153846153846,8,52
588,identity_european,0.3045454545454545,5,44
609,identity_european,0.43478260869565216,6,46
622,identity_european,0.009615384615384609,8,52
633,identity_european,0.026666666666666644,6,50
634,identity_european,-0.039682539682539764,7,54
639,identity_european,0.10714285714285715,8,49
644,identity_european,0.0,8,48
655,identity_european,-0.2,8,45
658,identity_european,0.31887755102040816,8,49
663,identity_european,-0.04081632653061224,9,49
667,identity_european,-0.14,9,50
678,identity_european,-0.1702127659574468,7,47
681,identity_european,-0.2222222222222222,5,27
695,identity_european,-0.2692307692307692,9,52
701,identity_european,-0.0784313725490196,8,51
703,identity_european,0.023584905660377353,8,53
708,identity_european,0.18944099378881984,7,46
719,identity_european,-0.08867924528301888,10,53
725,identity_european,-0.15217391304347827,8,46
727,identity_european,-0.05686274509803921,10,51
731,identity_european,-0.08867924528301888,10,53
736,identity_european,-0.0784313725490196,10,51
745,identity_european,0.27419354838709675,4,62
771,identity_european,0.5014925373134329,5,67
785,identity_european,-0.22685185185185186,8,54
788,identity_european,-0.023809523809523808,7,54
789,identity_european,-0.026954177897574122,7,53
791,identity_european,-0.18872549019607843,8,51
793,identity_european,-0.18604651162790697,5,43
795,identity_european,-0.09259259259259259,6,54
804,identity_european,0.04545454545454547,8,55
816,identity_european,-0.10606060606060605,6,55
821,identity_european,-0.11168831168831167,7,55
830,identity_european,-0.22252747252747251,7,52
832,identity_european,-0.23636363636363636,7,55
833,identity_european,0.13736263736263743,7,52
836,identity_european,-0.03504043126684636,7,53
837,identity_european,-0.08128078817733991,7,58
843,identity_european,-0.07861635220125787,6,53
847,identity_european,-0.058823529411764705,6,51
851,identity_european,-0.107843137254902,6,51
853,identity_european,0.053459119496855334,6,53
855,identity_european,-0.1,6,50
858,identity_european,-0.07692307692307693,6,52
859,identity_european,0.15333333333333332,6,50
860,identity_european,-0.038461538461538464,6,52
869,identity_european,-0.11627906976744186,5,43
875,identity_european,0.062499999999999986,6,48
884,identity_european,-0.08243727598566308,9,62
892,identity_european,-0.026819923371647514,9,58
894,identity_european,-0.08333333333333333,10,60
895,identity_european,-0.11764705882352941,8,51
922,identity_european,0.12755102040816327,8,49
927,identity_european,-0.2367021276595745,8,47
932,identity_european,-0.23404255319148937,8,47
944,identity_european,0.19722222222222222,8,45
947,identity_european,0.02777777777777779,8,45
950,identity_european,-0.02083333333333337,6,48
961,identity_european,0.2681159420289855,6,46
967,identity_european,0.13265306122448978,6,49
980,identity_european,-0.054421768707483,6,49
981,identity_european,-0.003546099290780147,6,47
983,identity_european,0.023809523809523808,6,42
984,identity_european,0.037878787878787845,6,44
986,identity_european,-0.0377777777777778,9,50
989,identity_european,0.15306122448979592,8,49
991,identity_european,-0.13605442176870752,9,49
1000,identity_european,0.025641025641025605,9,52
1002,identity_european,-0.1437908496732026,9,51
1009,identity_european,-0.04273504273504275,9,52
1022,identity_european,-0.13114754098360656,5,61
1023,identity_european,0.06830601092896174,6,61
1031,identity_european,0.21052631578947367,6,57
1034,identity_european,-0.1016949152542373,6,59
1038,identity_european,-0.14035087719298245,5,57
1039,identity_european,-0.1016949152542373,6,59
1040,identity_european,-0.06315789473684208,5,57
1044,identity_european,0.18079096045197737,6,59
1045,identity_european,0.07471264367816088,6,58
1050,identity_european,-0.07861635220125787,6,53
1077,identity_european,-0.05263157894736842,6,38
1078,identity_european,0.16666666666666666,6,51
1111,identity_european,0.3149350649350649,7,44
1115,identity_european,-0.06122448979591838,7,49
1117,identity_european,-0.15259740259740262,7,44
1122,identity_european,0.012820512820512803,6,39
1124,identity_european,0.11180124223602483,7,46
1128,identity_european,0.23809523809523808,7,45
1129,identity_european,0.08116883116883114,7,44
1132,identity_european,0.05844155844155843,7,44
1144,identity_european,-0.23255813953488372,6,43
1149,identity_european,-0.07500000000000001,8,45
1150,identity_european,-0.07142857142857142,7,42
1433,identity_european,-0.1891891891891892,4,37
2922,identity_european,0.6547619047619048,4,21
2937,identity_european,-0.2857142857142857,4,21
3349,identity_european,0.16190476190476188,6,35
