item_id,text,category,sub_category,n_raters,entropy,variance,p_offensive,split,baseline_prob_Llama-3-1-8B-Instruct,baseline_prob_Qwen2-5-7B-Instruct
3,Especially given that they deleted your most excellent comment yesterday for no good reason.,random,random,58,1.4392081904304663,1.4616527942925086,0.1896551724137931,B,0.2593395378842913,0.9596240877986492
10,"Wow, Ultra Sensitive.....! And seems to be many assumptions. I take it you attended the party to know all these things you are saying?",random,random,59,1.5300409759163938,1.0089054869290432,0.1864406779661017,A,0.674166971089977,0.6688506890064257
11,It's well documented that you don't like Trump. The fact that you don't like Pence either is zero surprise to everyone.,random,random,57,1.626181735047456,1.2114496768236376,0.2105263157894736,A,0.8288059712430652,0.3353176859739351
16,Its somewhat sad that many here confuse slant with fake. People should look up what people are talking about when the say 'fake news' before commenting.,random,random,57,1.1069908794494567,0.6580486303477994,0.1052631578947368,B,0.0288709604233899,0.2531153234549838
19,"perhaps, dave. but then they move on to things other than directly into politics. or marry people smarter than them ...oh, wait.",random,random,59,1.5785380861105784,0.7607009480034472,0.1525423728813559,B,0.961071197298327,0.8187696262351674
30,"It should be remembered that ?Nations have no permanent friends or allies, they only have permanent interests.?",random,random,56,1.0083722468920295,0.8058035714285714,0.1071428571428571,B,0.1267718704504495,0.0469045444557352
49,At last someone trotting out facts instead of armchair prejudices.,random,random,67,1.3223211913461752,0.8754733793717978,0.1641791044776119,B,0.0360755182281215,0.949922932458903
57,So you become more transparent by removing transparency acts. Got it.,random,random,66,1.5502077974777633,1.045224977043159,0.1818181818181818,A,0.0705157037219644,0.8984356191261303
61,"I've learned to look at it as more of a game where I am ""beating"" the traditional job market. I'm (op) only 28 and most of my friends have very little in retirement savings, few assets. They are just now getting out of student loan and auto loan debt. It feels great to know I'm living so comfortably compared to most.",random,random,68,1.171308049712539,0.6511678200692042,0.0735294117647058,A,0.5328790450631534,0.1645405836426122
63,You probably really get off on the going's on in Congress. Serious stuff there.,random,random,67,1.322437971137207,0.5778569837380263,0.1044776119402985,B,0.3759905895975735,0.0945221774679887
66,"Mr Paladin, the framers were, no doubt, well versed in the English language which you, evidently, are not. Try not to read things into a passage which exist neither in fact nor intent.",random,random,66,1.8690165300771573,1.3296602387511474,0.2424242424242424,A,0.6330691719171954,0.557679696378248
68,The whole article ignores the fact the $3.1 billion figure is from the period covering 2001-2009. Who was in power from 01-06? Plenty of blame to go around.,random,random,65,1.1722178461197956,0.6707692307692309,0.1076923076923077,A,0.1172108811366285,0.0787834630393216
76,It's the Pharmaceutical companies you should be watching over - duh!,random,random,62,1.417042231302564,1.1467221644120709,0.1451612903225806,B,0.1281698555795606,0.9637787456392622
81,Don't worry. You ARE wrong.,random,random,63,1.8637157001682407,1.8372385991433615,0.3492063492063492,B,0.6095237086089307,0.0269941926380974
82,"I don't agree with this (IMHO and all that, it ought to be done at the high school level) and, sorry, my comments do not exhibit 'the ugliness that ignorance produces'. I'll leave the irony of your comment to the reader to contemplate.",random,random,60,1.816740134075845,1.309722222222222,0.2,A,0.5828685755289423,0.124847235340418
83,"Love your grown-up, partisan-based emotional outburst! It has really helped move this comment board's mature, fact-based discussion forward. Take care.",random,random,61,1.3384235968918254,0.9379199140016122,0.1639344262295081,B,0.6932929090791883,0.8892890830790331
92,who does the clown mulcair speak for then?,random,random,54,2.0725739122687656,2.0480109739369,0.3333333333333333,A,0.917023559559557,0.0301065744433044
104,"Trudeau: 'go ahead, watch me'Harper: 'Its too dark in here'",random,random,56,1.771142131771044,1.479591836734694,0.2321428571428571,B,0.3434178483301771,0.6847146627499916
120,"A little levity at Xmas with animals getting into heaven , my father did not think that Protestants could get into heaven must be a strange place , wonder what time cocktails are served????",random,random,59,1.828008297445866,1.181844297615628,0.2033898305084746,A,0.6656653010095028,0.2535692022032521
123,"; as expected you cannot read, understand and reason, or refuse to.",random,random,58,2.2708207652733594,1.9551129607609987,0.5,A,0.9727893990105136,0.6196043567864488
127,Gramps Maybe stay in your room with the lights out and you will feel safer.,random,random,60,1.4336659503151592,1.14,0.1833333333333333,B,0.4634001411323075,0.5614289744261389
136,How about holding West and Saudis accountable.,random,random,61,1.7250905244198091,1.3937113679118516,0.2295081967213114,B,0.1541234460496264,0.1092331161444954
143,There's always room for a second center-left party. Just no room for extreme right-wingers.,random,random,66,2.059343525558204,1.7245179063360885,0.3484848484848485,A,0.6246343684508184,0.2026080009857074
148,"Mor0nic post, Robert 320.",random,random,42,1.898103798749048,1.331065759637188,0.2619047619047619,B,0.8088487350953456,0.8390973767028016
153,What science degree does Simpson have? Doesn't stop him from pontificating on global warming.,random,random,58,1.2472698656300507,0.5231866825208087,0.0689655172413793,A,0.9701716491706652,0.0238104668408447
158,Well you're presumably Canadian - so arguably it's not about you at all.,random,random,59,1.7791563318053296,1.2255099109451306,0.2372881355932203,A,0.3060087302799868,0.1572217519478291
159,"actually, it is you who is not objective Canadians voted the CPC a majorty based on this policy",random,random,52,1.4961085439696544,0.9674556213017752,0.1923076923076923,A,0.2406658282902881,0.9782109432288372
162,LOL....when was India's history so illustrious?,random,random,56,2.0655732083529834,1.5395408163265305,0.3392857142857143,B,0.8322574232908229,0.908259667931814
174,NDP thinks big with national daycare plan.... Didn't Jack Layton and the NDP vote along side with stephen harper against this national daycare program when proposed by Paul Martin and the Liberals ???,random,random,56,1.120021995076883,0.667091836734694,0.1071428571428571,B,0.4938557856774265,0.8937191819040509
175,I don't think the journalists really care one way or another. A more accurate description is most Canadians are left wing and thus a PM who was popular here would probably liked by the New York Times not Wall Street Journal.,random,random,56,1.3112447258070523,0.7142857142857143,0.1607142857142857,B,0.3606548328292137,0.7664848749712695
191,Gawwwwwwd seeeees alllllllll,random,random,60,1.242085981658538,1.016388888888889,0.1166666666666666,B,0.0542339388911536,0.9778188851926988
212,Popular? What is this.. 8th grade?,random,random,68,1.385964907113621,0.8079584775086505,0.1029411764705882,B,0.826089826761719,0.9576916409493128
214,"Not to mention being able to spell a little better, too: 'dilema'??",random,random,62,1.5478167280159856,1.0998959417273673,0.1774193548387097,A,0.0229230954782153,0.0246949559956177
219,Gee no hacks here...,random,random,62,0.7407887531892497,0.4651404786680541,0.032258064516129,A,0.0927290101409788,0.0790235558240404
226,andrea... what is your point ??,random,random,64,1.1672268596329824,0.644287109375,0.09375,A,0.3740017432889441,0.1838275934691446
228,"Get the right team behind you, the answer is, Yeah, you can. ""teamwork"": it'll be nice to have a country governed by that again.",random,random,67,1.1193331019806994,0.5622633103141012,0.1044776119402985,A,0.1253695804999268,0.1954146886548695
232,Orange wave is doable. People don't buy the alarmist fear mongering about the NDP anymore,random,random,60,1.2366407419411674,0.782222222222222,0.1333333333333333,B,0.3952052955234712,0.8781606596962672
245,Who suggested that prospective immigrants do NOT have the right to opinions about Canada?,random,random,63,1.6445374800580794,1.3005794910556814,0.1746031746031746,B,0.1693149205486604,0.8465826644000659
250,Certainly explains his one and only policy idea of legalizing or de-criminalizing pot... I'm sure he has others but probably can't remember them.,random,random,59,1.5541860152709628,1.0089054869290432,0.1694915254237288,A,0.8962394897787024,0.1095475262399244
263,"Oh, I see now. The people passionately arguing FOR allowing the wearing of the niqab in Canadian society are in fact passionately trying to protect the constitution. I see that their intent is pure, and there is no other vested interests lurking.",random,random,60,1.5134542664636008,1.2608333333333333,0.1666666666666666,B,0.4309703944099978,0.369815014842514
265,The Liberals were hypocritical in their decision making. You think their supporters would be outraged!,random,random,61,1.6605158358114358,1.1034668099973128,0.180327868852459,B,0.5632465866526271,0.8743985036620946
272,"Brown, a pitiful case in point.",random,random,55,1.794805792192554,1.2879338842975203,0.2545454545454545,A,0.3362497406694243,0.9719039693054085
275,Question: does this pointless wandering originate from Poloz or from the G&M editorial board ?,random,random,54,1.655182354288392,1.1635802469135803,0.1851851851851851,B,0.7706961011895326,0.0378437818498866
280,"Excellent, this is whats needed for all FN persons. The same right I enjoy on my land.",random,random,56,1.2139224352920437,0.7806122448979592,0.1071428571428571,B,0.9154344801194636,0.9308924090246844
281,"As a lifetime New Democrat, the day my party crawls into bed with the Liberals, is the day I'll tear up my membership card.",random,random,62,1.9823300567418047,1.7648283038501562,0.2903225806451613,B,0.4253968153691615,0.9772127442646904
283,The idea that solar farms will deprive us of farmland is stupidity.,random,random,61,1.6474734106571165,1.1846277882289706,0.1967213114754098,A,0.9684091365621832,0.02256584051547
294,A blue wall ?How about Trump finally has to face some educated voters ?,random,random,65,1.6939725238074064,1.3074556213017756,0.2307692307692307,B,0.9612826557038135,0.961727481579795
307,"scr when you have time, explain this GGreaat business. no idea where you are coming from.",random,random,63,1.2480414371188198,0.7246157722348198,0.1111111111111111,A,0.1552670034547255,0.7814322797274595
314,brilliant broadcaster? I think not.,random,random,67,1.694996953038663,1.0773000668300288,0.2238805970149253,B,0.0376025608966115,0.8638341865235228
320,It's whatever the G&M says - LOL.,random,random,50,1.561076880026372,1.1444,0.18,B,0.0305045909424339,0.4023760598992514
324,"If anything this piece suggest the immigrants are bringing the country up, not down,'Bingo!",random,random,61,1.1876170337048642,0.8696586938994897,0.1311475409836065,B,0.1491127181508209,0.0501700581237299
326,Interesting. That is exactly the same tactic used by the USA. Yo yo yo y'all!,random,random,59,1.5089068460746051,1.017523700086182,0.1525423728813559,A,0.6575998426971631,0.8608523849549772
327,Obviously you can't read.,random,random,61,2.1951776940956798,1.6543939801128729,0.4262295081967213,A,0.6173770250716651,0.0224811835805691
330,"Sorry, but who the heck is Frances Wooley and why is her opinion worth attention?",random,random,60,2.1553673464126497,2.1808333333333336,0.3833333333333333,B,0.8358617559466825,0.0255365304408532
334,"@tempsperdue If I were you, I'd put down the thesaurus and pick up a dictionary. It would make understanding language so much easier.",random,random,60,1.7027778396685949,1.1266666666666667,0.2666666666666666,B,0.3876980270010758,0.0291898835073221
341,Well I call him Mr. Senategate this week not the Emperor. Harper is fishing for consumer votes with the EU. Prices will stay the same as no one will pass on the savings to consumers.,random,random,59,1.5088677368690004,0.9836253950014364,0.135593220338983,A,0.7137407438820353,0.1714323122100974
347,Please don't tell me you think any Quebec government has ever 'taken on the unions' . That statement is laughably incorrect.,random,random,57,1.7521468506880975,0.9867651585103108,0.1929824561403508,A,0.3050338147101421,0.1782948989904601
361,Brian is part of the corporate elite and we must listen to them!,random,random,56,1.3444210882034642,1.2448979591836735,0.1607142857142857,A,0.6178189261886433,0.8924860453541091
367,"portia, Trump took quite an interest in young things.",random,random,53,1.9133201654796488,1.541473834104664,0.3018867924528302,A,0.9422715515322404,0.3559952540116606
375,"If there was a free-for-all in the content consumption world, what role would the CRTC continue to have? I think that may be why the CRTC is flogging its dead horse -- to appear to be industrious and relevant.",random,random,55,1.765530616722781,1.464462809917355,0.2,B,0.8730415713351865,0.9682942162086792
387,where is the Office of Religious Freedom on this? thought not,random,random,58,1.0588614354578465,0.6837098692033292,0.0517241379310344,A,0.5714718910184805,0.4548627884830488
395,I'll put my hours up against yours any day. Bet you $100 that I work harder and longer than you.,random,random,62,1.773417376920652,1.273673257023933,0.2741935483870967,A,0.4984359792222526,0.1886554074999778
419,"Got some bad news for your conspiracy theory. Obama has to exit the White House, anyway.",random,random,60,1.2295045232891468,0.8475,0.1166666666666666,B,0.3349432683288442,0.8380542884163319
425,"We might as well just appoint him Prime Minister now. After all, he's leading in the polls. That would be the democratic thing to do.",random,random,48,1.2436716140875386,0.9578993055555556,0.125,A,0.152785213910418,0.562139882393654
427,"All Europe, not only Sweden!!!!!",random,random,48,0.8664882450975873,0.4891493055555556,0.0625,B,0.0821976651838272,0.9609973436110872
430,"Read the post and think a little harder, RW.",random,random,53,1.2488296722147516,0.7760768956924172,0.1320754716981132,A,0.0356888551934012,0.0463092509333812
435,BS. What is your reference for this statement?,random,random,47,1.275130424709326,1.100045269352648,0.1702127659574468,B,0.1740856158861058,0.0618530713659572
436,"Well, Pierre Trudeau inherited a country that had the 2nd highest GNP per capita in the world (tied with Sweden) and ran it down to 14th or so. So there's competition.",random,random,52,0.8766097285926856,0.3798076923076923,0.0576923076923076,A,0.1947695376858177,0.8492366183700957
445,"Wow, only 6, actually 7 more years until we can start to get reliable information again. Thank God nothing important is happening in the meantime.",random,random,50,1.3562169386064518,1.0864,0.16,A,0.8999580245348487,0.0666911293938538
447,"Let bch speak if he./she wants to., logically presented arguments are rare here.",random,random,47,1.665222078485633,1.0511543684925304,0.1914893617021276,A,0.8572259844722463,0.5310972766735662
449,You noticed that that page is empty? Very fitting.,random,random,51,1.5700864998367188,1.084967320261438,0.1764705882352941,B,0.0309509781250817,0.0736504505205671
456,"I am not sure about this decision , I am afraid of 'mission creep' but once our forces are engaged every Canadian will back them and hope and pray there will be no body bags coming home.",random,random,53,1.560739250072677,0.9469562121751516,0.1509433962264151,B,0.8037189844446732,0.1625952137832948
459,"I agree that the status of women in China has improved a lot, especially compared to India, but1. it is still not enough2. it started before the Communism took over.",random,random,53,1.3549143312249914,1.069419722321111,0.1886792452830188,A,0.3525195232633785,0.5195175130685429
465,Conservatives would win election on less votes than Liberals: July 2013 seat projectiondemocraticvotingcanada.blogspot.ca/2013/07/fpp-mockery-of-democracy-update-july.html,random,random,59,1.1880520509450034,0.6871588623958632,0.135593220338983,B,0.0232722541923049,0.6835457481043853
477,"if CSIS will only arrest you if you are telling the truth, you have no worries",random,random,61,1.7706616262045594,1.1534533727492609,0.2295081967213114,B,0.5157971240611743,0.8333516154653331
479,"Really, only one question. Given the fact that basically the only 'promise' this government has fulfilled is that we won't recognize Canada when Harper's through, why would anyone believe anything outlined in this budget?",random,random,63,1.4354065939862029,1.0385487528344672,0.1428571428571428,A,0.9468644654778366,0.9684224379464555
497,"Hysterical: deriving from or affected by uncontrolled extreme emotion or relating to, associated with, or suffering from hysteria",random,random,62,0.6843628951284924,0.4651404786680541,0.0806451612903225,B,0.3288071928020105,0.0284080126451069
501,You are wrong. It has definitely made an impact elsewhere. Get some new talking points.,random,random,61,1.561531617912779,0.8207471109916689,0.1475409836065573,A,0.4304166667688512,0.7492635522991782
505,"So we'll ignore the non-Christian historians like Josephus, who wrote 2000 years ago, and who talk about Jesus and his crucifixion. Even if you don't want to believe in him as God, there is a lot of historical backing that he was a real person.",random,random,58,0.9255008230823548,0.6397146254458976,0.0689655172413793,A,0.0310880533659008,0.449244445958163
514,"*Someone* wants a Senate post! Seriously though, this is a clickbait garbage article.",random,random,61,1.901487415375666,1.0819672131147542,0.2950819672131147,B,0.6685650455276994,0.313727267703749
520,As will mine. The nonsensical editorial endorsement of the Conservative Party was pretty much the last straw. This just confirms it.,random,random,57,1.4571900308178654,1.1843644198214835,0.1578947368421052,A,0.5638029869225758,0.0969722031077651
532,"Rob Ford is far from perfect alright. He's drifting into the incompetent, way-over-his-head territory. But, on the bright side, his association with the prime minister has cost the Conservatives some support.",random,random,60,1.3292549085403191,0.7833333333333333,0.15,B,0.3237357754970308,0.59130477653114
537,"Yes, I know. You have posted the same thing now for at least 2 months.",random,random,60,0.8882108895810986,0.3541666666666667,0.05,A,0.0509484739508448,0.0800299402767031
540,Like I said folks ... crickets from the establishment disinformation crowd.,random,random,57,1.3148731396614006,0.6001846722068328,0.1052631578947368,A,0.3908445133688484,0.2886247007975556
542,There's something tawdry about a commentator urging a political party to do what is in its narrow self interest. Is Mr Flanagan looking for a job as a Liberal strategist?,random,random,58,1.1910985434379977,0.5873959571938169,0.0862068965517241,A,0.4063902632046146,0.8087301572761073
544,Agreed Stephen Harper has been giving Conservatives a bad name ever since he quit the Liberal Party.,random,random,58,1.1428002584099468,0.4078478002378121,0.0517241379310344,A,0.920790371460548,0.4229198106577582
557,This may surprise you but Harper lies.,random,random,56,0.9246000618984132,0.4540816326530612,0.0357142857142857,B,0.5305638245712868,0.020589314890095
560,"Who's definition of 'better' shall we use? The nanny liberal socialist one, the wikipedia version or the persons involved's opinion?",random,random,59,1.1581631132089278,0.5768457339844872,0.1016949152542373,B,0.8997615711569039,0.0435246458328847
567,We are talking about the UN. They would be able to provide as many reasons as needed to explain why Canada did not get the seat. Bureaucracies can explain any decision they make in a way that can sound reasonable.,random,random,59,1.073569584395302,0.5682275208273483,0.1016949152542373,B,0.2291259724926278,0.1940573827839614
571,Because she is a Dalton McGuinty Liberal.,random,random,45,1.39112124492739,0.7328395061728395,0.2,A,0.4900754613990152,0.0230396680211124
573,"The Work Farce does weird really, really well.",random,random,52,1.2980178843123042,0.8653846153846154,0.0961538461538461,A,0.1294143354164535,0.8719449784493006
576,"Alan, can you not go and find a tree to hug somewhere!?",random,random,59,1.7885943201815926,1.426601551278368,0.2542372881355932,B,0.3064313694127651,0.7548168689377718
583,"Who are 'these folks'? Please, illuminate us with your knowledge of the Canadian Muslim community. And kindly stick to the facts.",random,random,57,1.4926827954898692,1.5001538935056942,0.2280701754385964,B,0.0688713940447178,0.031124038690525
585,"a weaker democracy, a polarized electorate' remind me of Harper's government",random,random,56,1.6685256807930084,1.213966836734694,0.2142857142857142,A,0.1409727772111295,0.3659438006236876
587,we are... but the system doesn't allow for recall of politicians/crooks...we have to wait til next election,random,random,60,1.6305009776593795,0.9766666666666668,0.1666666666666666,B,0.94032534278427,0.7489229858646499
588,"I think you mean David Frum. Although he is a bit of glum and grim from which you perhaps get, Grum.",random,random,49,2.0122132958085763,1.836734693877551,0.3265306122448979,B,0.2870260194546412,0.9417345882046604
609,".Yes he did, and than the governments (US, UK, Russia and Canada) that make the decisions on the what, where, when and how sat on 'it', doing NOTHING) The UN does NOT make unilateral decisions, the nations that form the security council DO..",random,random,52,1.3508173575814777,0.5576923076923077,0.1153846153846153,B,0.5091513903289308,0.8418771970365116
622,"Where is your evidence of corruption? That is a very serious charge. Please supply names, and details. Thank you.",random,random,60,1.021544222914432,0.8697222222222223,0.1166666666666666,A,0.0319772574293165,0.7545640402332466
633,"Trust me, Sanottava, master plumbers will not be digging that trench. But you will be billed as though they were. :>)",random,random,56,1.4655621196784083,0.7806122448979592,0.1428571428571428,A,0.5065356346673259,0.9220055435219872
634,"Monkey, If you think private money does not redistribute income and encourage inequality you are far more naive than I thought.",random,random,61,2.274360095103168,1.944101048105348,0.6065573770491803,B,0.905217287984609,0.8859051348047231
639,This is looking like the anti technology column written on computers.,random,random,57,1.2486171562133854,0.9516774392120652,0.1578947368421052,A,0.3523519311362819,0.1055057393744409
644,"The Globe is making a big deal of this 'Putin confrontation'.. I would think a Globe reporter would have attempted to verify it, afterall it was reported by the PMO staff so crediblity is lacking... anybody out there who wants the truth?",random,random,56,1.7072120313783097,1.0612244897959184,0.25,B,0.5603146811754566,0.9677394957645844
655,I smoke pot but not the very potent stuff. Too potent makes me paranoid. So BC should develop a reputation for potency; that brings recognition. But we should also offer Bud Light for those who like a calm stone.,random,random,53,1.4419554265473908,1.1826272694909223,0.1698113207547169,B,0.3686844506013184,0.8741454481089974
658,Ah Lars. I've missed your rants and pipeline support. Visit a reserve and walk in those moccasins before you speak.,random,random,57,2.1048491591719296,1.4650661742074482,0.3508771929824561,A,0.9536894012481464,0.3585434168359603
663,What if they're attacked? Wouldn't you want them to be combat troops?,random,random,58,1.025860458516034,0.2892390011890606,0.0344827586206896,B,0.0949171527222958,0.5808137132275405
667,Clearly you weren't around while western Canada burned up this summer.,random,random,59,1.256034935426171,1.0295891985061765,0.1186440677966101,B,0.4031569448155588,0.5037154467477195
678,"Google 'New Brunswick General Election 1987'. Even though Richard Hatfield was the Conservative leader at the time, what happened to him and his party is the same thing as what's about to happen to Krusty the Klown and the BC Liberals.",random,random,54,1.4783087938067383,0.7599451303155006,0.1481481481481481,B,0.8938627641045074,0.8935970115705126
681,Actually there is something the haters could do. Sign up as 'supporters' and vote for Garneau. marcgarneau.ca,random,random,32,1.6544171866886996,1.0146484375,0.1875,B,0.0539447891955905,0.1679980900483825
695,"Sorry, I must have missed the TV program is named after you.",random,random,61,1.7491069615244317,1.2072023649556576,0.2295081967213114,B,0.0242890219403594,0.060931511710939
701,and with any luck he will soon be the same inside Canada too!,random,random,59,0.9252774223926516,0.4010341855788566,0.0677966101694915,A,0.1017026550320588,0.0731417021418647
703,"Wow, two things that I can tell about you from your post: 1. You're young and obviously didn't live through it, & 2. You have or are working toward an Arts degree.",random,random,61,1.603799240379577,1.0276807309862936,0.2295081967213114,B,0.9091754065927006,0.0596211655903901
708,Somebody refusing to sell me a cake vs killing me. I will pick door #1.,random,random,53,1.7497844064342718,1.4111783552865789,0.2641509433962264,A,0.919196698877786,0.1353081601435973
719,"Yes, they certainly will increase our population quickly and easily. What do you know about population biology and ecology? Not much at all, obviously.",random,random,63,1.6817019176464814,1.110103300579491,0.1746031746031746,B,0.5038303579590191,0.9412458099979704
725,"cjlawrie, you must be part of the Globe editorial board, because you are WRONG! http://www.theglobeandmail.com/globe-debate/editorials/ontario-election-part-4-for-a-conservative-minority/article19047636/",random,random,54,1.3483954554257451,0.9533607681755828,0.1296296296296296,B,0.9016674690239466,0.4819233558745499
727,Who subsidizes your fire and police? Want a hint?,random,random,61,1.2830292405206856,0.6756248320343994,0.1475409836065573,B,0.3788324484625208,0.884315669510354
731,"It was a very good article until the last sentence, which I thought stupid.",random,random,63,1.5268720048639497,1.194759385235576,0.1746031746031746,B,0.1824408859200226,0.0255324963743315
736,And anyone who resists cutting our carbon output has no care for the future or the kind of life their kids/grandkids will live. Get informed.,random,random,61,0.9903699187143654,0.4047299113141629,0.0655737704918032,A,0.6885256924133231,0.7467014579071907
745,Logical thinking is not a strong point with many in the G&M Commentariat,random,random,66,1.8690165300771573,1.2518365472910928,0.2424242424242424,B,0.3373642624713234,0.6217409920875099
771,skipping your English as a second language class again ???,random,random,72,1.8153689877030528,1.6666666666666667,0.3333333333333333,B,0.7660199240595802,0.93199633832693
785,JH....many of your posts are actually ramblings.,random,random,62,2.0320990256246265,1.7804370447450577,0.3225806451612903,A,0.2180693804799337,0.7780303334789214
788,"Tell me 'just tom' and 'you cant handle the truth' What bothered you more, my words or the fact that there is censorship/monitoring of Replies?",random,random,61,1.684287649544566,1.3383499059392638,0.1639344262295081,B,0.2623941759700202,0.2776374387111968
789,"By supporting this bad bill, Trudeau managed to make the story about the Liberals too.",random,random,60,1.586556948263425,1.088888888888889,0.1666666666666666,B,0.8052244794882928,0.8512815544597979
791,anything that is opposite of what the ontario libs are doing has to be better!,random,random,59,1.8080545925469969,0.9296179258833668,0.288135593220339,A,0.2888526757928769,0.4864878184184077
793,"Search the internet for Kal-Tec or Tavor TAR-21 or KRISS or Noringo 97.All currently available in Canada without a restricted license, all semi's, all 223 why all the fuss over the AR?",random,random,48,1.4680949908370562,0.951388888888889,0.1666666666666666,A,0.4403235403230849,0.0494565086664184
795,"...more learned liberal advisors...'Not only learned, but even 'more learned'? Where have they been hiding all these years?",random,random,60,1.6872914276437707,1.2697222222222224,0.25,A,0.2918611373930238,0.4763455670765968
804,This was a productive discussion before you joined in. Go back to sleep.,random,random,63,2.2050916909683624,1.7732426303854874,0.4603174603174603,B,0.7431982239591189,0.7404281169777424
816,"If the comments here are the true yardstick how people will vote , the Liberal will win a landslide election next time, and Harper conservatives will be wiped out from the map.",random,random,61,1.7619964973226143,1.273313625369524,0.2622950819672131,B,0.831604836543672,0.1596499042686147
821,Smoking marijuana relieves asthama symptoms. I'm surprised Stephen doesn't know that. Or maybe he does...,random,random,62,1.7817915779226403,1.5195109261186268,0.2419354838709677,B,0.5900642791341759,0.5064736563279311
830,"Your clarification has as much relevance to people outside the absurd subculture from which the words arose as do the terms ""bogey"" and ""birdie"" to anyone other than golf enthusiasts.",random,random,59,2.0358486550747865,1.6771042803792016,0.3389830508474576,A,0.3487092432444048,0.0386683211950939
832,How's that real estate speculation gig workin' for ya?,random,random,62,1.6554186968531903,1.1344953173777317,0.2096774193548387,A,0.7992808020848605,0.0530831632049315
833,David too bad you never got out of grade 3.,random,random,59,2.308629538327235,1.995403619649526,0.5932203389830508,A,0.9481105420345098,0.5239351296836509
836,"Moon, Do you *really* need it spelled out to you?",random,random,60,1.998312586842208,1.376388888888889,0.3166666666666666,B,0.2369725545192808,0.0373708449886286
837,"You know, right, that the first criteria to win a Nobel Prize of any sort is that the winner has to be alive?",random,random,65,1.7157011391321908,1.3074556213017754,0.2153846153846154,A,0.0259145199819619,0.0657790321549084
843,"You got is backwards, it is Harper's opposition who has initiated this fiasco to show how the conservatives are against the freedoms of the immigrants....",random,random,59,1.7365669557537964,1.462798046538351,0.2372881355932203,A,0.6384580520532522,0.9691889295269174
847,"I am not criticizing you because what you said is fact. However, such a fact is man-made arrangement and can be changed. Time to change.",random,random,57,0.5907239186406503,0.8254847645429363,0.0526315789473684,B,0.0792462230758161,0.029045431040133
851,"So people can never change to become more reflective, more responsible and more giving? Rubbish!!",random,random,57,1.7958067434529257,1.6589719913819634,0.2631578947368421,A,0.1129143750991692,0.0869898173900826
853,I used to think the WHO was a responsible organization. I used to think the Cancer Society actually wanted to cure cancer. I used to think there was no such thing as corruption. I used to think the Globe and Mail was a reputable newspaper.,random,random,59,1.0998448882158631,0.8514794599253089,0.1186440677966101,B,0.9185951333310888,0.1309842237179387
855,Much ado about nothing. In the grand scheme of things this hardly rates. All governments are corrupt. Only the degree of corruption is open to debate.,random,random,56,1.1687559172031003,0.667091836734694,0.0892857142857142,A,0.4809395693009325,0.9251494281296028
858,... and here I thought doctors went in it to help people first ... wow am I naive.,random,random,58,1.350872400295524,0.6281212841854934,0.0689655172413793,B,0.0462755675988379,0.0342960948749032
859,"John, are you taking a break from your determined search for those WMDs in Iraq?",random,random,56,1.6713640052690124,1.053252551020408,0.1964285714285714,B,0.727076333736048,0.4351925226277395
860,"Nobody has a 'social licence' to commit violence, keith, and certainly not in the dubious cause of degrading our economy.",random,random,58,0.7251778142126899,0.4054696789536265,0.0344827586206896,B,0.090654321989736,0.7552469086365807
869,The appearance of Con support can be chalked up to cheating.,random,random,48,1.470283119994087,0.6037326388888888,0.1041666666666666,A,0.6423987399316573,0.9793880570319676
875,Good thing this did not happen at a Quebec university or the writers comments wouldHave been far more negative Robert tGatineau quebec,random,random,54,1.4144151052917746,0.9135802469135802,0.1111111111111111,B,0.6749340737038302,0.9014306280246112
884,"A weird bit of illogic. Every citizen gets one vote, not many - obviously. You vote where you are obligated to register, which is where you live, or as an expat, last lived. Is that hard for you to understand?",random,random,71,1.6436094600475537,0.9406863717516364,0.1830985915492957,B,0.0406098661974851,0.0564799957625503
892,Im willing to bet that they're over ecological footprint is smaller than the average person.,random,random,67,1.3573734917941978,0.965025618177768,0.1343283582089552,A,0.07425890091529,0.0463992997618617
894,"I suspect at least 40% of Canadians agree with you Bud. When a sober decision is made at the ballot box on Oct 19, 2015 there is only one serious option. Its the PM.",random,random,70,1.1928393608731451,0.7020408163265306,0.0714285714285714,B,0.5485525780206914,0.4702376720430301
895,More like Trudeau's Fanzine.,random,random,59,1.2378828024797204,1.163458776213732,0.1016949152542373,B,0.7211671122245967,0.5519265848246282
922,"Union membership is NOT a requirement of employment. You've never heard of the term ""Rand formula"" employee? Look it up.",random,random,57,1.5376641457107016,1.0046168051708215,0.1403508771929824,B,0.0510261838537214,0.2153114257328272
927,"For decades, the big frightening threat was fundamentalist Christians...",random,random,55,1.9927752873345823,1.9424793388429755,0.3272727272727272,B,0.7306593835964162,0.2824064144879983
932,"Most Americans did not hear, nor would not care what a visiting PM from Canada had to say... you over inflate how DC deals with these things...",random,random,55,1.4167643783050667,0.9309090909090908,0.2,A,0.8334220633009016,0.3021070945585257
944," however, I think the guy needs professional medical help'Detox?",random,random,53,1.7543958192996034,1.2474190103239589,0.2075471698113207,A,0.4010393386268823,0.2751282022700079
947,This rather predictable and innocuous article has drawn out an intriguingly large coterie of rightists to bray denials.,random,random,53,1.7363641654734503,1.107867568529726,0.2264150943396226,A,0.8425225695510349,0.892193964641064
950,"you don't have to be one of the ""useful idiots"" to believe that this monument is a bad idea.",random,random,54,2.1284053126413967,1.771262002743484,0.3518518518518518,B,0.9648445449313524,0.047245592226575
961,"That's nice, sweetie, you keep thinking that",random,random,52,1.1449479097220316,0.5828402366863905,0.0961538461538461,A,0.1101291838973637,0.6658834534159405
967,"Anything a reader posts extemporaneously that shows disrespect for a PM, other than Harper, is abusive and must be removed.",random,random,55,2.0224044960912857,1.373223140495868,0.3818181818181818,B,0.9318271446785462,0.9648596160801493
980,"Why, of course. How could I have been so stupid! They simply take 2.5% away from all the teachers and then give it back. Thanks for clearing that up, Friggate! Now, back to summer vacation, you!",random,random,55,1.9927752873345823,1.8942148760330584,0.3818181818181818,B,0.2466020864403023,0.9144743852298496
981,"That long list of Harpers transgressions is pretty sickening. But consider just how much the Conservative party is now hated by a growing number of voters, and there's your answer.",random,random,53,1.5954761147772771,1.0480598077607692,0.1698113207547169,A,0.283031465656522,0.972522467454782
983,"So why, in 2005 did mayors of both cities invite and literally court Enbridge, so their individual towns could be the terminus of the project? Enbridge and their shareholders are owed an apology for this debacle.",random,random,48,1.3334073671114526,0.7083333333333334,0.1458333333333333,A,0.7722587225774024,0.9292425124277376
984,"A lifetime of improvement, yet you are still living down east. My My.(PS I know you think it is central Canada, but the dividing line is on the east side of Manitoba)",random,random,50,1.838387495714332,1.6384,0.3,A,0.8918620108710691,0.2891332865152964
986,Your assertions are unsupportable and misleading.,random,random,59,1.6438046001591238,1.2318299339270322,0.2542372881355932,A,0.0210321522813402,0.5700405885819033
989,Can the Globe & Mail please hire staff who can write proper english and doesn't do their due diligence from conservative election ads? Harper has delivered 9 deficits in a row and 2015 will be a deficit year as well contrary to conservative claims.,random,random,57,2.1029334343823503,1.8781163434903043,0.3684210526315789,B,0.7712019930061288,0.1767332012533649
991,You never made it out of grade 3.,random,random,58,2.2460789666509995,2.097502972651605,0.4482758620689655,A,0.7143136482480664,0.5731418653904528
1000,Agreed. Small money is for small minds. Prioritize accordingly.,random,random,61,2.012304198057162,1.72050524052674,0.3114754098360656,A,0.9243321403839496,0.4254644188885531
1002,If the boomers had paid their way we wouldn't have so much provincial and federal debt.,random,random,60,1.881242415200156,1.3988888888888886,0.2333333333333333,B,0.9696548082757864,0.2252268450434058
1009,It's also the fault of those that voted for liberal governments too.,random,random,61,1.3509261167514444,0.8400967481859716,0.1475409836065573,A,0.6302307686363803,0.5743723887236786
1022,"The barriers to mobility are caused by policies that cater to the 1%, including lowering their taxes while raising them for everyone else.",random,random,66,1.2503790454677035,0.8236914600550964,0.1212121212121212,A,0.8585417008984964,0.9614841832758976
1023,"To the author: Of course a friendly mutual hello would be nice, but we would rather have police who break the law actually face the same justice system we do.",random,random,67,1.1320906090295553,1.054577856983738,0.1044776119402985,B,0.5477816018315448,0.9663444304156796
1031,Who appointed the Commissioner and the Commissioner before him? The RCMP were politically controlled by the Harper government (TM).,random,random,63,1.3185992605576655,0.599143361048123,0.1428571428571428,A,0.6639217921035503,0.959654081152658
1034,"Like Mr. Harper, you failed to address any of the issues of concern.",random,random,65,1.1895686154957503,0.6400000000000001,0.0923076923076923,B,0.0618036166733913,0.4041123835684224
1038,And was promptly voted in again by the Canadian electorate as PM. Swing and a miss there Bobby!,random,random,62,1.378553282828361,0.8283038501560874,0.1290322580645161,B,0.5853761637632265,0.844886536615787
1039,"How does Raitt's appearance come into this? I judge people by how they behave, and seeing Raitt rescue May made left me with quite a different opinion of her that I previously held.",random,random,65,1.0557641622607086,0.7559763313609467,0.0923076923076923,B,0.028068179548655,0.2631679195334684
1040,Baird needs to call Netanyahu to find out what he should do/say next. What an embarrassment!,random,random,62,1.8590153326285608,1.09261186264308,0.2580645161290322,A,0.4766400768572399,0.9641240548342332
1044,Bitter much?,random,random,65,1.5697332667075892,0.9315976331360948,0.1692307692307692,A,0.0503379264115228,0.0890886335831419
1045,Sure play the race car. It is not a racist policy because it applies to members of every race who are not citizens nor permanent residents of Canada. what is so racist about it?,random,random,64,1.894234057687943,1.4375,0.265625,A,0.6373381308064178,0.9285299015237382
1050,"Some people do not have the courage that freedom requires. They will never feel safe, not matter what security measures are taken. Have you considered a closet?",random,random,59,1.8904584591160487,1.1692042516518244,0.2372881355932203,A,0.8740339822684984,0.9435017057797528
1077,Perhaps you will convince MLA's from the PC party to walk across the floor and join the Wildrose.,random,random,44,0.8872409357400916,0.4808884297520662,0.0454545454545454,B,0.8795609813534874,0.9359654396418338
1078,"I suggest you read a few news sources outside of Canada, most of Europe is in the process of moving to the right not just in the USA.",random,random,57,0.792484208419194,0.2012927054478301,0.0175438596491228,A,0.5072874630386545,0.2869826954666574
1111,And yet some Canadians seriously think that we should be sending the CAF to Mali... Do you think that maybe we'll need them here at home?,random,random,51,1.5537244046183531,1.091118800461361,0.1568627450980392,B,0.0464015784347194,0.1057468281853915
1115,Yeah right......it was so balanced that it should get a journalistic award,random,random,56,1.5440658766656854,0.9438775510204084,0.1964285714285714,A,0.0554224791593177,0.0800843030827271
1117,"And what good have you done, that would make you a judge.",random,random,51,1.872916410971386,1.4279123414071508,0.2745098039215686,A,0.1445417938503003,0.1814588859608636
1122,Jailed more like it.,random,random,45,1.3825075657517338,0.6488888888888888,0.1555555555555555,A,0.4014545007478246,0.912158412725232
1124,Really?! This endorsement doesn't make any sense at all. Canadians have had enough of Steven Harper AND the Conservatives.,random,random,53,1.6087051656669604,1.010323958704165,0.1886792452830188,A,0.5713135388466991,0.6869938056201536
1128,Please learn to read,random,random,52,2.0404644153641924,1.5014792899408285,0.3653846153846153,B,0.0429605110120465,0.5718282465968223
1129,This is a funny editorial. I guess the Globe lacks the ability to identify poor governance.,random,random,51,1.5752621296163978,0.9211841599384852,0.2156862745098039,A,0.1163729431488647,0.4614044845704459
1132,"What ARE they saying then? Enlighten us, Mr. Comprehension.",random,random,51,1.767096244629999,0.9557862360630528,0.2352941176470588,A,0.1819296407866714,0.2322550446311276
1144,So in your world only leftists follow the law of the land? My Ten Cents cited the Constitution.,random,random,49,1.3836892164326198,0.6455643481882548,0.2040816326530612,A,0.8819421802084589,0.6798383162199549
1149,"I agree with you regarding the new commenting set up. It makes healthy debate very difficult. As to the article, there is much to agree with, but those who buy it 100% are somewhat lacking inn the critical reasoning skills; lol.",random,random,53,1.5004912506950812,0.7632609469562122,0.1886792452830188,A,0.1296648929701286,0.0517684496349503
1150,So everything is not hunky-dory in the big European family. Is this the group Scotland is so eager to join and young Londoners are so despondent about leaving?,random,random,49,1.2635523365997887,0.576426488962932,0.0612244897959183,A,0.7044874384414453,0.2015491211596464
1161,"Ali Ceste, please compare the status of Israeli women with that of women in the Muslim world and report back to us.",social-group,muslim,23,1.4945403523436764,2.0,0.3478260869565217,B,0.7532816633017395,0.9736108547390666
1162,"It might be a revelation, although many folks are already aware of it.  I don't think it would necessarily change the Church's thinking because (at least theoretically) all those gay priests, brothers, and sisters are living celibate lives.",social-group,LGB,24,1.6528633822909644,1.5399305555555556,0.3333333333333333,A,0.9494206322702072,0.5439209872479854
1163,I can't believe MPs can actually stomach voting for this. One would think elections would be sacred ground.,moral,purity,22,1.243300368538958,0.702479338842975,0.1363636363636363,B,0.1240408946817372,0.9740456325590564
1178,Religious ideology as absurd as it sounds.,random,random,24,2.1352130207431887,1.706597222222222,0.375,B,0.4639925709370011,0.1066593309542288
1191,That's OK. The United States will protect us again. Of course down the road they will want something in return...,moral,care,22,1.4769092849936096,0.9586776859504134,0.1363636363636363,B,0.8620928973774603,0.0964667995650622
1202,Yup. We be as quiet as a church mouse and we'll be safe. Yup.,moral,care,22,1.4886022351695134,1.652892561983471,0.1818181818181818,A,0.0203557318075869,0.1531252453387244
1233,Churchill never mentioned even once the Holocaust of the Jews in his books on WW2 published after the war. Neithet did US generals Eisehhower & others. Why?  Were they all anti-semite?,social-group,jewish,23,1.1731858679717249,1.206049149338374,0.1739130434782608,B,0.869897526822413,0.8288928251110121
1236,and someone wearing a cross around their neck also blocks your view of their face?,random,random,22,1.661089672758333,0.8119834710743802,0.2272727272727272,A,0.0929801230307626,0.0323732379807872
1252,Love the tin hat crowd,moral,loyalty,20,1.0762976257251988,0.3275,0.05,A,0.4875871419370341,0.9315652055590916
1259,SCOTUS just folded on the transgender bathroom issue.,social-group,transgender,20,1.4166422780956525,1.4099999999999997,0.15,B,0.8654185801982652,0.7290893840866516
1261,He just said it because of the pressure that is being put on his administration to denounce the the violence and hatred that is being directed to Jews.,social-group,jewish,23,1.3284807255676316,1.20226843100189,0.1739130434782608,B,0.3228365485362319,0.0469347382390086
1262,"The article didn't talk about Viagra or the cigarettes they used to pass out, only the transgender.",social-group,transgender,22,1.7080986635018058,1.175619834710744,0.1818181818181818,B,0.9627317367879082,0.9460911183807554
1277,Nope...not true. Beck retired before Osama was taken out.    And did not 'trans' until after leaving the military.,social-group,transgender,20,1.490468570732828,0.74,0.15,B,0.3951943541970272,0.8970675424306372
1281,I have to wonder if your comments have more to do with Trump than any concern over transgender men or women.  You don't know that   'transgendered' is an inappropriate term that should be not be used.,social-group,transgender,22,1.8333208226910545,2.0433884297520657,0.2727272727272727,A,0.5100222513252359,0.9538669909455983
1287,I am not anti-gay. i am for gay rights as long as they are not superior to rights of others. Neither of these two facts are evidence of support for the assertion of choice.,social-group,LGB,22,0.993897263936423,1.3409090909090908,0.0909090909090909,B,0.8472199707246194,0.5389377222596777
1290,"According to NEWSWEEK, 'Border Wall Tied to Trump Transgender Ban'. http://www.msn.com/en-us/news/politics/border-wall-tied-to-trump-transgender-ban-report/ar-AAoSxVS?li=BBnb7Kz",social-group,transgender,19,1.5288018145253184,1.7119113573407203,0.1578947368421052,B,0.0760685090848025,0.0692197029475618
1312,Well - in Ontariowe they did what the politicians said ! How is that working for us ....,moral,authority,24,0.6583514224564077,0.623263888888889,0.125,B,0.949879545081988,0.9413869945048488
1320,He is excited about being gay i guess,social-group,LGB,24,1.9450355658756877,2.2482638888888893,0.4166666666666667,A,0.9505699359609296,0.2679929625804578
1342,"Because, in this instance at least, the Vatican is making a big deal over nothing.",social-group,christian,24,1.176065103715944,0.831597222222222,0.125,B,0.0815394661141576,0.0345736088937962
1353,"And one can assume you lived at home - always a dividend, Orderkaos. Mrs. P has nailed it, with serious input from the real world by Mike. Margaret's experiences are of another age.",random,random,16,1.501614471810182,1.21484375,0.1875,B,0.3747857806480547,0.331068204152485
1415,"Compassion if necessary, but not necessarily compassion'",moral,care,21,0.5489544344250401,0.2176870748299319,0.0476190476190476,A,0.5644605142478992,0.6504603255499152
1433,"Ah, so it is only symbolic then ? ... how about the whole religion and all (man-made) religions are symbolic (i.e. created by man to suit his spiritual needs).",moral,purity,41,1.6499113102682097,1.2207019631171925,0.1707317073170731,B,0.3243444838334592,0.8967988262742829
1437,"First of all. Modernism is passe. We are living in a post-modern world. SOme even say post post-modern.   Second, I stand by what I said.  Utter nonsense--specifically, the One, Holy, Catholic part. As far as 'outside of which' that is simply not provable.",social-group,christian,19,1.5737888130660205,1.894736842105263,0.2631578947368421,B,0.7697529593515914,0.8998329389792332
1453,"Actually I do, but maybe it is you that does not? Do you work for the government? Seems so",moral,authority,23,1.383866329597683,0.8544423440453687,0.1304347826086956,A,0.731831889693281,0.6955020694720523
1462,How many vegans are transgendered?,social-group,transgender,21,2.0892446619882707,1.950113378684807,0.4285714285714285,B,0.8576470578833277,0.9598516790187908
1475,Thanks for voting Liberal. Nice to see things working out so well....,random,random,24,1.138686552578318,1.3315972222222223,0.1666666666666666,B,0.7182506086037264,0.1075826060680355
1476,"Oh, Lord! Please stop citing Christianity to the exclusion of all other spiritual systems. There is so much in common with so mnay religions that it strikes me as exceptionally narrow-minded to attribute virtue exclusively to any one of them.",moral,purity,24,0.785235442391543,0.7065972222222223,0.0416666666666666,B,0.6918618105679588,0.9751588142103668
1478,"Vote4Me: Sure, sure. No need to get too excited.",random,random,23,0.4262286569981448,0.0793950850661625,0.0,A,0.1381244846372022,0.3806537199159703
1479,Rejecting homosexuality on religious and making a business transaction are not related.,social-group,LGB,24,1.2730096548354992,0.9166666666666666,0.125,A,0.4805462860678294,0.8453279596739496
1481,"Bob, I know that you're not interested in facts but here's another report about the German 'green' jobs collapse. Don't worry, you'll hear more about this! http://greenzone.co/2014/02/26/german-government-report-urges-scrap-green-energy-subsidies/",random,random,23,0.8076702057269437,0.4536862003780718,0.0434782608695652,B,0.8598447464391419,0.0292893375549677
1490,"I wasn't actually sure of the intent of the letter writer, but some people seem to be interpreting it as trans = non human.",social-group,transgender,23,1.5794160077843602,1.0623818525519848,0.217391304347826,B,0.9418159582121164,0.8095810767635178
1505,@Sher .. >> I know that a lot of people have .... Can you tell me what the weaknesses in western culture are? .. Why is it that people flock to live in Western countries - including immigrants from Muslim countries.  How many non-Muslims choose to immigrate to Muslim countries?,social-group,muslim,22,1.292727214755173,0.6962809917355375,0.2272727272727272,A,0.7824128783319629,0.8181875694194991
1532,Liberal party has already been charged with illegal robocalls. Try to pay attention.,random,random,20,1.57838982472352,0.71,0.15,B,0.7570679185987382,0.0277968596239427
1541,"Can we please get away from gender,  transgender, race and other issues and  simply evaluate performances on merit alone?",social-group,transgender,24,0.6583514224564077,1.326388888888889,0.125,B,0.718048695136276,0.7308965445491957
1551,Couldn't agree more. My sympathies to Mr. Mason for having to write a puff piece.,moral,care,22,1.2406705316766884,0.4297520661157024,0.0909090909090909,B,0.8117899920541559,0.109932509531063
1557,"There are scholarly/credible/etc. sources who say the gay priests, seminarians, bishops, et al. do NOT live celibate lives.  Why does it matter?",social-group,LGB,24,2.13027044308602,1.4010416666666667,0.4166666666666667,A,0.3252818932635179,0.781770237740274
1569,$ 40.00 Oil has already stopped Oil Sands expansion... what a weird article... so emotional,random,random,22,1.1191194231256716,0.6962809917355371,0.1363636363636363,A,0.0247291114590523,0.177020892036723
1595,"quite the hypothesis... and now can you back that up with specifics? Naw, I didn't think so.BTW, I will take the wooden Harper to the pixie doll JT any day.",random,random,15,1.5329145639793975,0.7555555555555556,0.1333333333333333,A,0.9708425830947108,0.4683973631870757
1610,"Where? Did I miss it? Damn. Besides, are you aware that Jared Kushner, Trump's son-in-law, and one of the most important and effective people on his transition team is Jewish?",social-group,jewish,22,1.8333208226910545,2.0433884297520657,0.2727272727272727,A,0.3916572203141813,0.8318106715664592
1660,"Good find but it leaves one question unanswered.  Was that person transgendered, of was it simply a disguise to  commit a crime?",social-group,transgender,23,2.1642288036009085,1.890359168241966,0.391304347826087,A,0.808341879824485,0.949017207227184
1661,The Middle East conflict is not about freedom but personal security. These countries have never been free in the sense of democratic.,moral,fairness,24,1.1887218755408673,0.4097222222222222,0.0833333333333333,B,0.3175696838497305,0.9313186842674968
1663,"Accepting and promoting are different things, whether you talk about legal homosexuality and a right to marriage or legal abortion.",social-group,LGB,24,1.3868421881310118,0.748263888888889,0.1666666666666666,A,0.4501455136148447,0.0972695776538868
1693,Pope Francis talks about walls being bad and then defends Muslims.  Hmmm...,social-group,muslim,24,1.9899343783255763,1.1649305555555554,0.5,A,0.3011235607059997,0.2189869461715467
1712,"What about Viagra? A 2016 study by the Rand Corporation found the maximum annual medical costs for transgender services would be around $8.4 million. By comparison, the military spent $84 million on erectile dysfunction medications Viagra and Cialis in 2014, the Military Times reported.",social-group,transgender,23,0.9274479232123116,1.3799621928166352,0.1304347826086956,A,0.0709039807412752,0.9677267502788964
1716,"If by ""social engineer"" you mean to correct misunderstanding, ignorance and eliminate bigotry, then engineer away.",random,random,22,1.6930405350919486,1.2665289256198349,0.2272727272727272,B,0.0512000978501527,0.2807049414485354
1717,Yes - anyone who puts his career and life on the line to stop North America from becoming East Germany is a hero and patriot in my book.,moral,loyalty,21,1.3778903318832147,1.156462585034014,0.2857142857142857,A,0.658762308718947,0.39429387939875
1747,Does it say loser on it?,random,random,22,1.3685225277282065,1.4896694214876034,0.2272727272727272,B,0.0903477110665243,0.9714707065269168
1750,Anything that has the potential of taking seats away from the Harper gang can only be good for Canada.,random,random,21,1.4534909080039502,1.3469387755102042,0.1428571428571428,B,0.8412166854013404,0.2134761164461358
1755,As are homosexual tendencies.,social-group,LGB,22,1.5229153034496714,1.87603305785124,0.2272727272727272,A,0.6046319398567689,0.9384601793348764
1758,"Trinity Western is not attacking. The ruling is a breath of fresh air to those who really do believe in freedom of rights. I think if you would read your letter objectively, it is you who is attacking.",moral,fairness,22,1.4568017817750278,0.8677685950413223,0.2272727272727272,B,0.2317184529302924,0.3893215852960173
1761,Answers needed from the G & MFor twice endorsing these turkeys.,random,random,18,1.569445262154883,1.6944444444444444,0.2222222222222222,A,0.8902716828156166,0.5660185351961015
1792,"If Duffy can bring down the Harper regime, then in spite of his faults and errors, he would deserve a statue in Ottawa. It could go in the place of the ugly monument the Harper gang has planned.",random,random,22,1.7491746683900102,0.9359504132231404,0.2272727272727272,A,0.9710686561682204,0.6706874831755772
1796,That's funny.  Elsewhere the poster to whom you were responding claimed that 'quell' was a word used by anti muslim trolls.,social-group,muslim,21,1.876654497859216,1.705215419501133,0.2857142857142857,B,0.4461756117284999,0.7592648014565723
1829,Good point - but not so easy to do if you are an Anglophone in Quebec.....,random,random,20,1.6166422780956524,2.0475,0.3,A,0.0540551829846333,0.1963249497015994
1831,Bathroom Bills' Pit Transgender Texans Against GOP  https://www.texastribune.org/2015/04/04/bathroom-bills-pit-transgender-community-against-g/  Get Ready for the Conservative Assault on Where Transgender Americans Pee  http://www.motherjones.com/politics/2015/03/transgender-bathroom-discrimination-bills   The growing trend of transgender ‘bathroom bully’ bills  http://america.aljazeera.com/articles/2015/4/1/transgender-bathroom-bills-are-a-statewide-trend.html,social-group,transgender,20,2.2527241956246544,1.9275,0.45,B,0.1712662983394895,0.944446670340817
1847,Transgender soldiers can kill just as efficiently as straight soldiers.,social-group,transgender,24,1.9028633822909644,2.222222222222222,0.3333333333333333,A,0.0541531856395615,0.293787402547786
1850,You ignored skyofblue's point: that the groundwork for the now-accepted notion that every person has intrinsic worth and dignity was set by religious folks. The fact that Church hierarchy worked hand in hand with kings is another matter completely.,moral,purity,23,1.0144044449514422,1.1153119092627597,0.1304347826086956,A,0.0538948750216475,0.3801583082854587
1853,Meanwhile back at the Ranch Wynne and Justin are stressing more diversity and the tricky subject of public washrooms (transgender issue).  Stay tuned!!!!!!!,social-group,transgender,23,2.089902458185835,2.3327032136105856,0.4347826086956521,B,0.7053824646206646,0.6147617675188348
1856,You have absolutely no evidence that mortgage fraud is THRIVING in Canada. You have anecdotal evidence and even that is flimsy. It just a nice story that brings some drama to the business page. Not very responsible reporting if you ask me.,random,random,23,1.2799376545731966,0.5973534971644614,0.1739130434782608,A,0.7772483502210311,0.9521005580316432
1861,"What a nice guy, how thoughtful of him! Lets go bigger, lets give him the Nobel Peace Prize.",moral,care,23,0.8404914014731814,0.3667296786389413,0.0869565217391304,B,0.1014984372831273,0.8533522440107284
1876,"Ascalepius, I doubt it. Hahahhahahahahhaaaaaaaaaaaaaa.",random,random,19,1.7187828921272557,1.5013850415512466,0.2105263157894736,B,0.4191287046865439,0.1074137013301589
1889,"Joanne... since you are a believer, what on earth are you doing using a computer? Turn it off and save the planet!",random,random,24,1.8727298369794545,1.7482638888888893,0.375,B,0.2224136818175778,0.4485272281457087
1892,"It was not a Sig Sauer Platform, it was a Sig Sauer MCX rifle. If people are going to discuss something, having the correct facts are a necessity... BTW...aren't pedantic people annoying ;-)",random,random,23,1.8688380418847683,1.2173913043478262,0.217391304347826,A,0.2804981826842314,0.4001041414493916
1910,Dear Western Society: Hosea 8:7,random,random,18,1.0975378398419535,1.1388888888888888,0.1666666666666666,A,0.5004343985418271,0.7594463901293999
1918,It's cute when you try and do man things.,random,random,23,1.9295015960810529,1.6446124763705108,0.3478260869565217,A,0.721995567676602,0.9381013134991284
1924,I totally disagree with this editorial....looking after one's interest is not provincialism-whatever that means- it is realism,random,random,22,0.7907669479360189,1.049586776859504,0.0909090909090909,B,0.0458004400796119,0.274792067124064
1927,"Heck ya man! We gotta organize man, we do!! Lets get on board the CRUSH CRUSH CRUSH Truck! Honk ! Honk! Join our non-partisan facebook page Canadians Rallying to Unseat Stephen Harper. Toot! Toot!",moral,loyalty,22,1.7676461209612233,1.1177685950413223,0.1818181818181818,A,0.1934209917722865,0.9501004670741984
1951,"Especially if that joy includes living your parent's basement. But then on the bright side, maybe their parents will have someone there to help them in their old age, although I wouldn't bet on it.",moral,care,22,1.090652803252992,0.5144628099173554,0.0454545454545454,A,0.9043241144174088,0.9475231074444008
1956,"What would happen if the U.S.A. simply backed out and let the Palestinians, other Muslims and Israel sort out their problems?   Why does the U.S. government think it has to support Israel?  Why does the U.S. government think it's so important  to support Israel?",social-group,muslim,22,1.3685225277282065,1.6714876033057846,0.1818181818181818,B,0.0522360503951899,0.0592187511294274
1971,When the commander-in-chief says:  'After consultation with my Generals and military experts please be advised that the United States Government will not accept or allow Transgender individuals to serve in any capacity in the U.S. Military' - I believe that technically makes the President himself the credible source.,social-group,transgender,24,2.2008257945180887,2.3888888888888893,0.5833333333333334,B,0.8567378687460965,0.7750552708728145
2012,Reagan wasn't arguing for an absence of government - but the belief by the left that the government should control every aspect of your life.,moral,authority,20,1.478897902987479,1.0275,0.2,B,0.9001135002723092,0.3568562928901427
2018,"I'm 'avoiding facing the truth'. Someday, people like me will be assembled in stadia to face the truth in great climate change rallies. There, Truth will be presented on a very large screen while we hail those who have saved the planet.",moral,fairness,21,1.363008311342516,0.6303854875283446,0.0952380952380952,B,0.4068421835626447,0.9654453579619676
2021,John are you suggesting that this government treats the opposition with such respect? Or ever would?,moral,authority,23,1.295659529821394,1.1190926275992437,0.1304347826086956,B,0.7619832918992007,0.0203642153780427
2022,"Trid, Many Muslims state that those who state that they are killing in the name of religion are using religion as a shield, not acting in the name of Islam.",social-group,muslim,22,1.8743968275792584,1.316115702479339,0.2272727272727272,A,0.0205414068793937,0.9375093620614828
2042,"gtm, you're completely missing the nuance here... or not.",random,random,17,0.787126586201269,0.1799307958477508,0.0,A,0.0339548502552274,0.0538575408710859
2053,Right back atcha!  Alinsky tactic...demonize the opposition and accuse that side of exactly what your side is doing.  Obama was great at it...just that most people saw thru it.  Great!  I'm glad you support Christian observances in our schools.  There's hope for us all.,social-group,christian,24,1.71577067413792,1.326388888888889,0.2916666666666667,A,0.0949979646495286,0.9417525866475768
2056,"Of course they do! Catholics like any other religious group have a constitutional right to raise their children in accordance with their respective faith. If you do not think sex as taught in public schools is not based in a particularly ideology, you are not paying attention.",social-group,christian,25,1.32151018873626,1.0496,0.12,A,0.4335448517159801,0.452431969054666
2061,"Joe, your rhetoric is about 30 years behind the times.",random,random,24,1.391835777853864,0.5763888888888888,0.0833333333333333,A,0.1668847971249161,0.4401562112479767
2073,"uh... ""thoughtful""? when she didn't even bother to read the book?",random,random,24,1.0408520829727552,0.3888888888888889,0.0833333333333333,B,0.5686984088451355,0.9683655190467768
2079,"Could Pius XII have done more? Perhaps. He did take action to the Jews of Rome, though he made no public statement.",social-group,jewish,24,1.351227480952956,0.6666666666666666,0.125,A,0.045841635767846,0.030801389295955
2088,Passer - if they have commitment they will become citizens. Simple. You show commitment by becoming a citizen.,moral,loyalty,24,0.2498822928331854,0.0399305555555555,0.0,A,0.6307524456987762,0.9321873311266814
2089,"David-G2-regardless, it's the government that set the rules. There's no way the IESO would want anything to do with pain in the neck solar and wind if it was up to them.",moral,authority,24,0.9737837298712216,0.2899305555555555,0.0416666666666666,A,0.6360189261401598,0.1238776798562105
2091,"In some circles, Christianity for example, a death in a dysfunctional society diminishes me as much as a death in a peaceful, prosperous society.",social-group,christian,22,1.4568017817750278,0.7871900826446282,0.1818181818181818,B,0.11083792407071,0.2981368331836768
2094,"If Scaramucci is indeed a good Catholic (Christian), then I must be on the road to sainthood.",social-group,christian,22,1.7702834614222898,0.8615702479338844,0.3636363636363636,B,0.712874437667584,0.2406142451975625
2096,"All forms of hate needs to be eliminated. All forms of racism, Islamophobia, Homophobia, anti-semitism and laws discriminating against Transgenders. We need to get behind Justin, Obama, Hillary and Premier Wynne and fight all forms of hate!",social-group,transgender,24,0.9000224216483543,0.984375,0.0833333333333333,B,0.550200508945766,0.6024517756119833
2097,What is Harper afraid of ? Let the prisoner speak. He was a kid when he killed the American man in military uniform in the heat of battle. They were both enemy combatants.,random,random,23,1.0862293462325945,0.6729678638941401,0.1304347826086956,A,0.7853523121363701,0.9738016918765012
2125,Oh and its nice to see that my earlier post calling Yakabuski out for serving up lightweight drivel got censored.,random,random,19,1.2155332323824732,0.5650969529085872,0.1578947368421052,A,0.9502299792650424,0.97760391473709
2126,"Wow, taking the 10 seconds to reply is quite the heroic feat. ",random,random,24,0.9405662399881732,0.3732638888888888,0.0833333333333333,B,0.2611568097815406,0.2066781795464308
2130,"No, just Diversity. It's all he thinks about: Diversity, Diversity, Diversity, the answer to everything.",moral,fairness,24,0.8886865525783177,0.2708333333333333,0.0416666666666666,A,0.9246973895799346,0.937028264618778
2135,"Mel, this is an adult discussion. Get somebody to press play on your Dora the Explorer DVD for you.",random,random,24,2.023131523414321,1.8315972222222223,0.3333333333333333,B,0.920453341898808,0.9663743792231516
2137,Except he hasn't put any fiscal brakes on. Go look at the numbers yourself instead of listening to the spin.,random,random,23,0.8076702057269437,0.2570888468809073,0.0434782608695652,A,0.0598645936442827,0.402465501709031
2157,"I am sure they are just like other government workers, doing their jobs at the pleasure of the government with no obvious political stance in their work, but I guess being non-partisan is not really in your vocabulary.",moral,authority,24,1.644001133304861,0.8315972222222223,0.1666666666666666,A,0.9435589207502316,0.8443077398400224
2162,The world just laughs at Vancouver,random,random,24,1.5943609377704335,0.7065972222222223,0.1666666666666666,A,0.6729490831594123,0.0555721464120065
2173,"Canadians tend to keep up with what is happening ... all over the world, but especially in the US, much, much more so than Americans do about the rest of the world or Canada. P.s. It ain't 1975 anymore, either.",random,random,23,1.306170651709187,0.6843100189035917,0.1304347826086956,B,0.2153175485680181,0.8575734565250943
2221,"Personally, I don't agree with Kenney's politics or social values, but it would be interesting to see Alberta with its first gay Premier.  Definitely something to talk about.",social-group,LGB,23,1.44726249944121,1.357277882797732,0.1739130434782608,A,0.0310882831761887,0.2251343312869919
2226,Sir SAMUEL de CHAMPLAIN The (real) 'Father of Canada' (aka New-France) First Canadian Scientific (Premier Scientifique Québécois)/  Explorer/  Navigator/  Cartographer (he made the first accurate map of the coast)/  Geographer/  Ethnologist/  Diplomat/ Draughtsman/ Soldier/  Chronicler/openly Gay in Huronia Nation (Ontario)/  founded New France and Québec City in 1608  CHEERS to de CHAMPLAIN !,social-group,LGB,22,0.266764987803026,0.1735537190082645,0.0454545454545454,A,0.2836360377880964,0.5215749203441252
2240,"If my memory serves me well, it wasn't even legal back then when this happened for homosexuals to marry.",social-group,LGB,23,1.9295015960810529,1.606805293005671,0.3043478260869565,B,0.6347790399468424,0.9168361461266176
2250,"Meanwhile, on the military transgender front...",social-group,transgender,23,1.6668127273868607,0.7788279773156901,0.217391304347826,B,0.0430391569832861,0.5957948343716131
2277,"Ya that 60% efficacy rate (at best, most years, slightly higher this year) will do wonders to keep everyone safe. I'm in favor of the flu shot for most, but nowhere near stupid enough to believe that it keeps me, and everyone around me, safe",moral,care,22,1.856653212780932,0.9008264462809918,0.3181818181818182,A,0.4296130428547574,0.5260536519776579
2279,Diversity! In everything but thought...,moral,fairness,23,1.4708228513368136,1.1077504725897922,0.1304347826086956,A,0.9521079511975068,0.7713816614206687
2288,Are you a muslim Alceste?,social-group,muslim,20,2.133206219346495,1.4274999999999998,0.4,B,0.0685203261115348,0.0532450384816489
2292,Patrick D'Aloisio aww! Are they making fun of your Imaginary Friend?,random,random,21,1.4373770511116049,0.6167800453514739,0.0952380952380952,A,0.7074204923101843,0.7193897863908583
2293,"Very na?ve, I'm afraid.",random,random,22,1.143320102127766,0.3326446280991735,0.0454545454545454,A,0.0607999172486489,0.942796358102682
2298,@MMackinnon Yes in the Chretien and Martin years there was a more peaceful world... Terrorists would not have blown up WTC in 2001 just a few miles south of the Canadian border.,moral,care,20,1.7427376486136672,1.1475,0.35,A,0.6139239452986929,0.9761837691220012
2316,"Catholic social doctrine is not owned by the 'left'. The Church was established by Christ as a hierarchical institution, not an egalitarian one; and was empowered to determine right from wrong based on revealed truths, not epistemic relativism.",social-group,christian,18,1.8380267541624735,1.6666666666666667,0.3333333333333333,A,0.5601816955766082,0.0507377831627521
2317,hes way too smart. (the bar is low),random,random,18,1.6758220575766962,0.9876543209876544,0.3333333333333333,B,0.0276308541501992,0.6230915806361138
2325,"The truth hurts, don't it, Barry?",random,random,21,1.1182751607709762,0.9115646258503404,0.0952380952380952,B,0.4794032369965806,0.0366401178667753
2330,Canada was established on Biblical principles.,moral,purity,24,1.0553532192449844,1.3333333333333333,0.125,A,0.3121516817539106,0.7480921518937542
2347,"Such clubs fan the spirit of victimhood and nurse self-focus.  Never a good thing to do.  I can't see St Maximilian Kolbe (feast day today) starting a club in Auschwitz for 'condemning the bigots' who gassed the Jews and himself.  Instead, he used all of his time very well...serving others.   Argument emptied.",social-group,jewish,22,1.9290908511188092,2.25,0.3636363636363636,A,0.5443756551453176,0.9790672109324324
2351,Most of us have grown up and no longer refer to gays as icky.  Time to move into the 21st Century.,social-group,LGB,23,1.44726249944121,1.603024574669187,0.1739130434782608,A,0.4585130190233539,0.2545408156132108
2423,He'd feel as safe as he did in the broom closet.,moral,care,22,1.6244143985316335,1.239669421487603,0.2727272727272727,B,0.2092818173435282,0.665463213392565
2457,It's not hard to find out that Saudi Arabia would not exist without US support.,moral,loyalty,23,2.214022152632502,1.6030245746691871,0.4782608695652174,B,0.0765936395878699,0.063571777106435
2463,I think you'd get better luck with dogs! At lease they have loyalty.,moral,loyalty,24,2.219508336839199,1.789930555555556,0.5,B,0.5933488203956325,0.0608943068520504
2471,...And how are the French doing on integration of their Muslim minority...?,social-group,muslim,24,1.9364823836654392,1.3333333333333333,0.2916666666666667,A,0.3297495191839281,0.1855012517830917
2514,The Church is now in a full-blown civil war over doctrine.'  A headline from a Catholic paper not pron to hyperbole or click-baiting.  http://www.catholicherald.co.uk/commentandblogs/2017/02/15/the-church-is-now-in-a-full-blown-civil-war-over-doctrine/,social-group,christian,24,1.6784124677945966,1.1041666666666667,0.1666666666666666,B,0.0782626137360154,0.259684439408587
2517,"I loved that line from Powells email pointing out ho her Hubris touched everything she did, and messed everything she touched. And he was a supporter!",moral,loyalty,22,1.4568017817750278,0.7871900826446282,0.1818181818181818,B,0.9412121526987652,0.6458121625844537
2522,they are counting on more hugs from the sheep,moral,care,24,1.2720552088742003,0.5815972222222222,0.0833333333333333,B,0.226912761991147,0.7278953676622838
2531,Many trans-gendered agree with you.,social-group,transgender,25,1.40151018873626,1.5776,0.2,B,0.8764791743886784,0.4776388654595211
2582,"Trump is under the opinion that transgender 'bathroom rights'  is an issue to be regulated at the state, not federal, level which I believe to be correct. The Feds have many issues to confront, where a child goes to tinkle at school shouldn't be one of them.",social-group,transgender,24,1.8305576533947312,1.4097222222222223,0.2916666666666667,B,0.8545013668719671,0.8758958825327711
2602,"SDPW - problem is, they were elected to serve the people of Canada, not to serve themselves.",moral,authority,19,0.6292492238560347,0.1329639889196675,0.0,B,0.0849072298158513,0.5904010337072435
2609,"I was brought up catholic, and the church was quite clear, masturbation was a sin.  It wasted life.  I guess the priests in your parish were a little more uhhm open than in mine.",social-group,christian,22,1.8949645376549995,1.40702479338843,0.2727272727272727,A,0.7748676651155434,0.4197594411112627
2613,Dude was an atheist who hated Christians.,social-group,christian,23,2.174035868347981,2.412098298676749,0.4782608695652174,B,0.6667239910477331,0.9132093323715488
2631,"Will he defend the transgender bathroom guidance that Obama issued for  public educational institutions?  He said during the campaign anybody should be able to use whatever bathroom they wanted, so one would think he would defend this in court.",social-group,transgender,23,1.4210295023052195,1.020793950850662,0.1739130434782608,B,0.0852699764393698,0.0720922985132388
2636,The financial sink hole of the UN makes the Wynne Government look positively Thatcherite in its austerity.,random,random,20,1.814979820516481,1.0475,0.3,B,0.9517913401053648,0.9739524069607534
2639,Re: 'People who claim to care about spreading hate in the name of religion are remarkably silent when hate is spread in the name of Allah.'  No more nor less so than they are remarkably silent when hate is spread in the name of the Christian God.,social-group,christian,24,1.600983694881109,1.0208333333333333,0.2083333333333333,A,0.7699020037093964,0.9666773714054702
2657,"AlwaysThere:  Great Point, where is DHS anyway???  I believe DHS is looking the other way.   As you stated earlier,  the TRANS whatever folks are at the top of the PROTECTION LIST...................",social-group,transgender,22,1.9475623036900225,1.1735537190082646,0.3181818181818182,B,0.8615395745925067,0.7767612182126442
2669,"You should try using punctuation. It makes you appear a bit smarter, even when you make a claim that no one can substantiate.",random,random,24,1.6125474873813832,0.6875,0.1666666666666666,B,0.4370222878117011,0.6960487228802511
2673,"The mainstream Jewish organizations in the 1940s were brown-nosing the British. The Irgun drove them out. But as I said, the 1940s are not analogous to today; there are no similarities to today.",social-group,jewish,23,1.4447470033120826,0.6805293005671078,0.1304347826086956,B,0.9735311536823628,0.3574781462025813
2686,Obviously it must have been Martians who gave him a majority government.,moral,authority,23,1.6309826076665428,0.8015122873345936,0.217391304347826,A,0.5940141217712855,0.2509801902997022
2696,"And when justice is done, we must accept it. Whether we like it or not, even you Zoe101",moral,fairness,22,-0.0,0.0,0.0,B,0.1672298247844529,0.0283495827686949
2697,Inspiring!! First transgendered woman in the pagent!,social-group,transgender,23,0.6784070909375673,1.5538752362948969,0.1304347826086956,A,0.1068883554684969,0.3335846204337633
2701,I wonder if Ms. Kinworthy would find it 'educated and reasonable' for the ASAA to adopt the NCAA's policy regarding transgender athletes participation?,social-group,transgender,18,1.7107770844150676,0.8055555555555556,0.2222222222222222,A,0.1908076478274451,0.234284469241711
2704,"Was the Jewish community invited to send representatives to this conference?  If not, they should have been.",social-group,jewish,23,1.1545676820893709,0.5860113421550096,0.0869565217391304,A,0.0982311105765243,0.7659361578058088
2710,"For all the issues that divide Americans and Canadians, there is one thing that both these countries can agree upon, and it is this. Tory times are indeed sorry times.",random,random,22,0.8315435491770657,0.2665289256198346,0.0454545454545454,B,0.6369267068612162,0.4703422058269361
2712,"I remember in Canada it was not a civilized discussion, but rather rearguard action. The anti-marriage side didn't want civil unions either, until it looked like gay marriage was coming in, and then proposed civil unions as a 'compromise'.",social-group,LGB,21,1.746435384238893,1.2290249433106577,0.2857142857142857,B,0.3217691939267865,0.2523581340321521
2726,What your weird hypothetical has to do with this election is a mystery.,random,random,23,1.3249692858267144,0.5103969754253308,0.1304347826086956,A,0.1939476291464055,0.1085239737970712
2730,I fail to understand how calling God 'hir' insults trans people.,social-group,transgender,20,1.4567796494470395,1.86,0.25,A,0.1675807436307496,0.2939263228671745
2731,"It shouldn't be a surprise, it doesn't take crooks long to figure out loopholes if their commission depends on it.",random,random,22,1.1867043459100246,0.8842975206611569,0.0909090909090909,B,0.2187658514158701,0.5609404897311522
2734,Quebec independence is coming. God knows they deserve their freedom. After 250 years. The dream will never die.,moral,fairness,23,0.4262286569981448,0.0793950850661625,0.0,A,0.0388394154991174,0.3660017779349001
2735,"The best thing the Ontario Liberals have going for them is Tim Hudak, the master at campaigning for opposition leader.",moral,authority,21,1.0488412604661608,0.3174603174603174,0.0476190476190476,A,0.6796128477776588,0.942297172911896
2758,Oh no -- are they doing that stupid Pokemon thing too?,random,random,24,1.2059413017339653,0.576388888888889,0.0833333333333333,B,0.2917125434458972,0.938343753426015
2769,"If Jesus intended to establish NO priesthood and did not--then there is no problem and no argument.  If Jesus established no priesthood and had nothing good to say about it, the problem isn't that the Church won't ordain women, but that the Church is ordaining men.",social-group,christian,22,1.85560377703983,2.0826446280991737,0.3181818181818182,B,0.1016439465025117,0.0443523000386605
2784,Homosexuality is a biological issue and not one of ideology.,social-group,LGB,22,1.6858157091530304,2.7768595041322315,0.3636363636363636,A,0.1690548640509151,0.4560988854487425
2786,"If you have a better (or even a correct) answer why didn't you put it forward? But yeah, my assuming that 'Jamish Mafia' references 'Jewish Mafia' is just an assumption. Since 'racoon' didn't produce an answer what other options were available to me?",social-group,jewish,21,2.1465431628392286,1.6734693877551017,0.4761904761904761,B,0.6425297394540639,0.6575246827216896
2813,It would be easier to understand transgenderism if advocates could provide a definition of what it now means to be a man or a woman. What criteria would someone use to self-determine whether they are male or female gender?,social-group,transgender,23,1.4800836951874476,1.6710775047258977,0.217391304347826,B,0.1955148707515944,0.8331793682156909
2815,Furthermore this has NOTHING to do with hiding taxable income from the U.S. This is absurd. Where are you getting your information?,random,random,23,0.8076702057269437,0.7334593572778824,0.0434782608695652,B,0.4768042291135435,0.2083097531665972
2825,"Jason Kenney has declined to comment on his own sexual orientation, as is his prerogative.  I hope he will accord young gay people that same right.",social-group,LGB,23,1.7384377642757116,2.0,0.3043478260869565,B,0.1246968499316525,0.023104369536076
2854,"Actually, the DNA testing shows that Palestinian Arabs and Jews (at least Sephardic Jews) are ethnically  identical. This makes sense if you consider that most indigenous Palestinians are the descendants of 'Arabized'  indigenous Jews",social-group,jewish,24,1.1431558784658322,0.3263888888888888,0.0416666666666666,A,0.790681566797308,0.9353561998543456
2864,He wasn’t asked about Transgender troops.   He made a statement in general that cannot be argued with but that is completely unrelated to the discussion at hand.,social-group,transgender,23,1.3603059777020794,1.0207939508506618,0.217391304347826,A,0.0804465964095665,0.6098500551033447
2874,One can see a thread of Islam-worship in this article's description of women.,moral,purity,22,1.5133978044039615,1.9359504132231409,0.2272727272727272,A,0.947858014156883,0.9646817950779828
2880,Because I wanted to and it fits the argument maybe? Read it. I was responding to the guy who brought up the anti-gay baker who refused service to a gay couple.,social-group,LGB,22,1.654188127261342,1.198347107438016,0.1818181818181818,B,0.5015468548061799,0.7528272964237653
2884,No faith is required to not believe in fairies. No faith is required to not believe in unicorns. No faith is required to not believe in Apollo or Zeus. And no faith is required to not believe in your god either.,moral,purity,22,1.8333208226910545,2.043388429752065,0.2727272727272727,B,0.8949093492185402,0.7926448732326381
2892,"But under the law. a gay baker could not refuse service to someone on the basis of religion, national origin, race, color, or sex. The law should treat EVERYONE equally.",social-group,LGB,22,1.582023940964277,2.4979338842975203,0.2727272727272727,A,0.0263473761499277,0.0674882100081612
2904,Yup. Why did the Church stop talking about sodomy (homo- and heterosexual) as sinful?,social-group,LGB,22,2.186704345910025,2.2479338842975207,0.4545454545454545,B,0.3602753708032561,0.1621482453302408
2922,"It's not a function of cultural relativism - gender equality, secularism, and personal freedoms are better than cultures that subjugate women, have draconian religious-based laws, and restrict personal freedoms.",moral,fairness,25,1.24151018873626,0.8096,0.2,A,0.1678238064091127,0.3413251640373045
2937,Donald Trumps states people should “use the bathroom they feel is appropriate.” (April 2016)  Donald Trump revoked landmark guidance to public schools letting transgender students use the bathrooms of their choice. (Feb 2017)  So which news is fake Donald?,social-group,transgender,25,1.493660689688186,1.0175999999999998,0.24,B,0.9151278863210888,0.9780636169501769
2949,If I understand your comment correctly you are right.  'Strident professed militant Catholic' is their self proclaimed mission.  The group think is on their part and it's powerful in keeping them in the fold and donating money.,social-group,christian,18,1.5002723456084084,0.79320987654321,0.1666666666666666,A,0.6965311264397701,0.9662317840285278
2953,"Tony, how u feel about the ontario liberals. Interested in your point of view. Do u think they are more corrupt than Harper?",random,random,20,0.8841837197791889,0.2875,0.05,A,0.9196528201705968,0.035128292694532
2957,An order of the commander-in-chief on a ban on transgender is just that -  an order from the Commander-In-Chief.   This is the military we are talking about where orders from the top do not contain even a single information on how to accomplish the task.,social-group,transgender,21,1.6052067078749124,1.1564625850340138,0.1428571428571428,B,0.5705869875056143,0.9617607449467918
2978,What about Catholic  prelates telling us we can now disregard those 10 commandments?,social-group,christian,23,1.8546890001763976,1.9546313799621933,0.2608695652173913,A,0.9461173779359646,0.9273609809620876
2983,Before Trump got elected I would have agreed with youBut its impossible to imagine Trump doing anywhere near as good as Obama did on foreign policy,moral,authority,24,1.351227480952956,0.9149305555555556,0.125,B,0.5679731170717113,0.5484940070811827
3024,"There is no comparing a Canadiam prime minister with a US President. A president is head of state, commander in chief",moral,authority,17,0.9519940819087832,0.698961937716263,0.1176470588235294,B,0.1687964638597345,0.586286925567908
3033,"Long long before the Jesus fantasy, ancient man marked the shortest day of the year and the return of the sun with festivities. Christianity took that even more ancient belief and mixed it with their belief system. No harm no foul.",moral,purity,17,1.4516607643577666,0.934256055363322,0.2352941176470588,A,0.7816667415102707,0.48053009816711
3035,Reality has a Liberal bias...,random,random,17,0.5225593745369408,0.1038062283737024,0.0,A,0.7515171070157268,0.8459101200492779
3036,"I missed that part of his speech where he used the three words he blasted President Obama for not using, please point me to the time in the speech where he directly used the term 'Radical Islamic Terrorists'.  Thanks :)",social-group,muslim,17,1.9986525468781668,2.3252595155709344,0.3529411764705882,B,0.924703897146026,0.9575600653068208
3050,"A walk-in clinic is not a family doctor, no matter what they advertise. Trust me, I've done both. There's no comparison.",random,random,22,1.243300368538958,0.7954545454545454,0.1818181818181818,B,0.2047273247527106,0.6226883514275618
3056,Even now evangelicals and conservative Christians are among Trump's staunchest defenders.  Jesus wept.,social-group,christian,22,2.1506140041158783,2.4297520661157024,0.4545454545454545,B,0.9302367678092353,0.8257763991484479
3075,"I'm pretty sure Jack Phillips said he would, and has, served gay couples.  Serving is different than making a specific kind of cake.",social-group,LGB,24,1.0553532192449844,0.6510416666666666,0.125,A,0.0213790613000125,0.1898802450802522
3083,It was a poll done recently by a liberal jewish group and it was all over the news. Among the jewish youth: it was about 80%. The same jewish group support the UN resolution,social-group,jewish,22,1.1191194231256716,0.884297520661157,0.1363636363636363,A,0.8503645322178296,0.0291486175272163
3085,"Well, I think we can rule out the Christians!",social-group,christian,20,2.0577174691301483,2.1274999999999995,0.4,A,0.5331662731623636,0.2464529289886532
3091,You must not have 'been there' in the 50s or 60s when tenure was needed to protect people who were working to advance civil rights. It's needed now to protect people from Harper's anti-science agenda.,moral,fairness,22,1.3410971216314895,0.8842975206611573,0.1363636363636363,A,0.686380314379724,0.9748493259423472
3107,I though gay marriage was going to control population growth.  I guess I was wrong.,social-group,LGB,23,2.2122028491557013,2.5217391304347827,0.5652173913043478,A,0.5319716418120296,0.9611369381770224
3112,I would like to see a program that tried to integrate armed forces personal into the fire department. 6 months working with the fire department would seem like a vacation for Canada's true heroes.,moral,loyalty,22,2.0626563480372724,1.902892561983471,0.3636363636363636,B,0.8601162181710552,0.9708048731734232
3120,Konrad isn't going to get an invitation to the inauguration of anyone even if it's held in Wilno or Barry's Bay!,random,random,16,1.7028195311147831,2.49609375,0.5,B,0.8407325405101986,0.1039223854631301
3122,I guess you think that baseball enjoyment is more important than social justice.,moral,fairness,22,1.379558855444687,0.6115702479338843,0.0909090909090909,A,0.67993794402421,0.3948032708171243
3135,why then funding them partly is ok?? is that make it only half wrong or half right? it is either right or wrong. make your mind up.,random,random,21,1.220728902106009,0.6258503401360546,0.0952380952380952,B,0.5622103019695758,0.7202691290103536
3144,"I disagree with you about the nature of transgender people, but ...  Welcome aboard!",social-group,transgender,23,1.2087030080822634,1.032136105860113,0.1739130434782608,A,0.927816292150654,0.9794098389192336
3161,"A Catholic Women's Strike is one of my dreams.  I would envision all the women, nationwide, refusing to do any work of any kind for the church, including attend Mass, starting on a Thursday and ending on a Monday morning.  Pick a date, I'm in.",social-group,christian,23,1.9836369220739456,2.680529300567108,0.391304347826087,B,0.6294659224598355,0.1937041326535226
3184,"When wrong is committed in the world, it is right to sanction it. As a Christian, I say it is high time that Christians stop defining themselves by what happens in the bed. It is time to define ourselves by our generosity to all of our fellow man.",moral,purity,21,1.4112050925821993,1.5374149659863945,0.238095238095238,A,0.445428234034933,0.9222466033295712
3191,The Muslim youth unemployment situation has more  influence  on radicalization than devotion to Islam.,social-group,muslim,21,1.97355611232775,1.4875283446712018,0.4285714285714285,A,0.0404162817693817,0.4112318574707816
3210,The military will refuse to follow Trump without the authorization of Congress. They've already refused to listen to him on the Transgender ban...,social-group,transgender,23,1.4447470033120826,0.9338374291115314,0.1304347826086956,A,0.2837170422538842,0.70769439216736
3212,If you work with 4 Catholic priests you should be able to readily get a precise definition of the term 'Invincible Ignorance'.,social-group,christian,21,1.9560669723630384,1.9637188208616776,0.3809523809523809,A,0.4073458324865704,0.5579647951940429
3215,And before Vatican II all the Latin American countries were 90%+ Catholic. Maybe the bishops should focus on why they are losing so many Catholic who are seeking to get their spiritual needs met elsewhere over material concerns?,social-group,christian,20,1.0762976257251988,0.5400000000000001,0.05,A,0.5036954206869885,0.3286144317921834
3235,Israel's military does not appear to have suffered by including transgender soldiers.,social-group,transgender,23,2.0170949781550758,1.5349716446124766,0.3478260869565217,B,0.0205916612297217,0.2147994887735927
3236,I'm starting to like this guy. Refreshing. Ford in 2014 !!!PS Ainslie is a goof.,random,random,21,1.7723388509380995,1.45578231292517,0.238095238095238,B,0.2390386930684757,0.1655504241991892
3259,They certainly weren't invited by the Chinese government. They were invited by House Christians as opposed to state-sanctioned Christianity.,social-group,christian,22,1.8453509366224363,1.043388429752066,0.2727272727272727,A,0.0895973236179704,0.252369649923142
3262,Support for Donald Trump in Canada is strongest in Alberta. Go figure!,moral,loyalty,23,1.4538506980514574,0.9338374291115312,0.1739130434782608,A,0.0953785896206851,0.9250278238313951
3277,Maybe better than lying and cheating,random,random,22,0.7907669479360189,1.1508264462809914,0.1363636363636363,A,0.1269537777067086,0.1220997763816741
3286,The islamic kingdom asked for more cupholders and a backup cam next year,social-group,muslim,20,1.923219672335508,1.7900000000000005,0.35,B,0.0289385787740988,0.3680977468866306
3294,Next year he can book passage on the Sliverseas cruise ship as it does a Northwest Passage cruise and save taxpayers money.,random,random,22,1.1770225546116342,0.7954545454545454,0.0909090909090909,A,0.2543150441410329,0.8764515012476392
3339,Nonsense. You have any evidence for this claim or is it a religious belief on your part?,random,random,24,1.8153689877030528,1.359375,0.25,A,0.4612584971335199,0.0237491863268839
3343,"Thank you for the nugget from Breitbart. This is not an accurate rendering of the British Medical Association's guideline, which merely acknowledges that most people who get pregnant are obviously women but through language choice 'we can' include other people who may get pregnant (intersex or transgendered people).",social-group,transgender,22,1.749636557720882,2.225206611570248,0.2727272727272727,A,0.5503034094379574,0.9734064727131632
3345,"The article states 'trans gender Individuals,' which implies inclusivity for anyone who identifies as trans gender.",social-group,transgender,20,0.5689955935892812,0.91,0.1,B,0.2888867637147799,0.0526295084171342
3349,But I bet you're equally against increased immigration.,moral,fairness,41,1.4697102346896078,1.4158239143367044,0.1951219512195122,B,0.2545096918324012,0.0482329081404976
3350,These are simply forms of progressive Catholicism of a non-white culture.   Who are we to judge?,social-group,christian,20,1.7814963295286754,1.6475000000000004,0.25,B,0.1213215299334062,0.2771985103415014
3358,Not really. Perhaps you might ask Jesus or Buddha or Krishna or Mohammad.,moral,purity,20,1.395461844238322,3.2275,0.35,A,0.4359662431513429,0.7762720025211826
3374,"Married man here, not a priest.  Simple question though: who do you think Jesus would say has fuller participation in His Church?  The power hungry cleric or the ignorant farmer receiving Communion?",social-group,christian,22,1.8333208226910545,2.043388429752066,0.2727272727272727,B,0.5146442479867636,0.3024256864635828
3378,I can't wait to read the Globe's torturous reasoning when they come to endorse Harper et al. at the next election.,random,random,21,0.9881808370046762,0.6031746031746031,0.0952380952380952,B,0.9185127990915816,0.9546954567798832
3386,I believe that the man was mentally incapacitated when he wrote his 1986 letter to the catholic bishops on the pastoral care [sic] of homosexual persons.,social-group,LGB,23,2.136872695640444,1.879017013232514,0.391304347826087,A,0.6257204568079529,0.8174532588776277
3389,"jesus, you are taking this very hard",random,random,23,1.4210295023052195,1.822306238185256,0.1739130434782608,A,0.1952204342498645,0.0521840450674357
3415,Then that would be a question of evidence as to which was the real reason for the refusal.   Are you suggesting there have been cases of bakeries that refused to make gay wedding cakes because they reasonably feared the couple wouldn't pay the bill?,social-group,LGB,22,1.7474594241169754,1.3161157024793393,0.2727272727272727,B,0.0325492386423414,0.5784681780672407
3417,All the seniors with the 'good jobs' refuse to retire and so there is limited opportunity for those younger than them.,random,random,23,1.0889252905968954,0.4990548204158789,0.1304347826086956,A,0.2997749832730254,0.8223329680114646
3419,We obviously need to keep having the debate until people recognize the truth and the side that denies it.,random,random,23,0.5131851787372753,0.2003780718336485,0.0434782608695652,A,0.3228478068672665,0.0664699393988065
3423,"Lol, sea monkey. If that website can't handle photoshop better than that, they deserve to have supporters like you.",moral,loyalty,25,2.2841074513870865,1.7056,0.6,B,0.9563483704684174,0.642173931989917
3434,Indeed. The Tories are playing fast and loose with the Charter these days. We especially need to protect the freedom of expression of those people whose views are considered offensive by many.,moral,fairness,25,1.32151018873626,1.0496,0.12,B,0.0288622983861146,0.5721214951838542
3445,"How so? None of us believe Tulsi's shift on gay marriage was genuine, so don't even go there. What else?",social-group,LGB,24,1.4764892117991657,1.0555555555555556,0.2083333333333333,A,0.9398471757302288,0.7438729115061098
3446,What a hypocritical editorial!,random,random,22,2.023803940206665,1.7541322314049588,0.3181818181818182,A,0.0423375815310895,0.8373479037266435
3476,"Hypothetical... your daughter is a boxer, she's the champ... and the undefeated top contender is a Trans Female... you cool with it?",social-group,transgender,25,1.5943029514736249,0.9824000000000004,0.12,B,0.9780882796573558,0.2094084145829532
3489,The purity of the blood eh? Where oh where have I heard that before?,moral,purity,21,1.3778903318832147,1.0068027210884356,0.1428571428571428,A,0.6866766773178588,0.601571615939281
3490,"This is Liberal policy. Would Justin force all of his MPs to vote in favour? Would they have to be Pro-Euthanasia to even run for the Liberals? Would he accept any limitations at all, or would it be 'on demand' ?",random,random,23,1.870538042637279,1.4328922495274103,0.3043478260869565,A,0.5691507483120325,0.9733544321953964
3502,There is no such thing as secular values. Maybe that's why?,moral,purity,23,1.4210295023052195,1.0964083175803403,0.1739130434782608,A,0.5907538430842325,0.0823885244178642
3506,stoner' - a word with such positive connotations!,random,random,21,1.4112050925821995,1.2834467120181408,0.1904761904761904,A,0.7532738647096805,0.1940720002761824
3522,The headline makes it sound like it's the School Board promoting hate. Not cool. It should read 'Ontario School Board's support prompts anti-Muslim backlash.' The school board is not fueling this hate. The hate is coming from bigotry and racism.,social-group,muslim,24,2.036080697230572,2.326388888888889,0.4166666666666667,A,0.1128652848115502,0.9480133361055026
3523,Islam permits true believers to dissemble in order to protect their beliefs and faith.,moral,purity,19,1.6282202760321465,1.3518005540166207,0.2105263157894736,A,0.051260729082879,0.5989446257341162
3539,What's your point - that this is normal and our climate is not changing? Wake up! The trend is clear based upon evidence. We are in a time of serious climate disruption with devastating consequences if we refuse to act to stop fossil emissions.,random,random,21,0.2761954276479391,0.1814058956916099,0.0476190476190476,A,0.4044559870395453,0.953223360588252
3555,"Good start, but don't forget about indigenous, visible minority and trans-gender. I'm not making fun.  These and other categories follow closely on attempts to correct imbalances politically.",social-group,transgender,24,1.0553532192449844,0.9097222222222224,0.125,B,0.568630571411949,0.8056088916815964
3557,Protestants? Jews?,social-group,jewish,22,1.602131444182858,2.1818181818181817,0.2272727272727272,B,0.3580246346371331,0.0789669380148107
3567,I've already popped the pop corn. How will Francis deal with this magna cappa pirate. (There is gay humor lurking in this analogy somewhere!),social-group,LGB,21,1.7814164026211203,1.3333333333333333,0.2857142857142857,A,0.5196817691050599,0.9796766868750876
3568,"Here are Kristin Beck's (a transgender ex Navy SEAL) own words to Trump:  ''Let's meet face to face and you tell me I'm not worthy,' Kristin Beck, a 20-year veteran of the Navy SEALs, told Business Insider on Wednesday. 'Transgender doesn't matter. Do your service.'  http://www.businessinsider.com/kristin-beck-trump-transgender-ban-2017-7",social-group,transgender,24,1.5016291673878228,1.2899305555555554,0.25,A,0.0326523423799132,0.9416685143441184
3571,Except there is no God.,moral,purity,24,1.919372148594611,3.081597222222222,0.5,B,0.5885178198259222,0.1372774612459989
3595,"I have to call bs here. I'm a churchgoing Christian, and there is nothing in our teachings that says it's okay to prey on young girls. These people are lunatics. It's not okay to generalize. There are lunatics in every faith (or non-faith).",social-group,christian,23,1.2087030080822634,0.7712665406427222,0.1739130434782608,B,0.5802633219916012,0.965598379397162
3604,Transgender people allowed in militaries of 18 countries' So what? The USA isn't one of them.,social-group,transgender,24,1.9795739585136225,2.055555555555556,0.3333333333333333,A,0.6985415674815151,0.6330541076464132
3619,"Let's hope that the Liberals , by getting hit on the head by the 4 by 4 of reality, make some wise decisions... the ship of state was manouvered successfully through the global economic maelstrom by the previous government and now comes another.",random,random,22,1.7273536033721064,1.4214876033057848,0.2272727272727272,B,0.5530975114783037,0.8342761280602744
3634,The BBC has reported that this is a terrorist attack by a Pakistani Muslim.,social-group,muslim,24,1.6625056054120884,1.706597222222222,0.25,A,0.9776222402431858,0.5822062071268436
3636,How kind of the noble to speak english....,random,random,23,1.474041717473638,0.6465028355387523,0.217391304347826,A,0.6540700480799844,0.9337670856715676
3640,PIGL - Academics go where they can a job. If you teach political science or philosophy............,random,random,24,1.5760875253642983,1.1388888888888888,0.1666666666666666,B,0.6020702713080958,0.0604845023102925
3649,Hasn't even been a decade since 2011... or is your numeracy as poor as your literacy?,random,random,24,2.2772925846689,1.831597222222222,0.5416666666666666,A,0.9500064300116278,0.7057073929775174
3655,Same for me and he stands in a long line of good Catholic writers over the centuries who have used humor to point out the follies of the 'whitened sepulchers' who are destroying the church by their blinded eyes and hardened hearts.,social-group,christian,23,1.5949425457834805,1.6483931947069947,0.217391304347826,A,0.3034789528247366,0.7914731213688981
3658,I doubt the accuracy of your statement. Please give your reference. There is a lot of misinformation which is not helpful. Money would not be wasted if solid partnerships were formed. As Wab Kinew says it is not that saviours are needed it is allies.,moral,loyalty,23,0.8076702057269437,0.2570888468809073,0.0434782608695652,B,0.0358878222014502,0.0295652039259532
3677,"Mulroney was personally responsible for destroying the PC's, such was the level of hatred towards him by all Canadians. Even Stephen Harper was able to leave the Conservative Party intact, with a good showing at the last election.",random,random,23,1.1731858679717249,1.3761814744801513,0.1739130434782608,B,0.9119543273884376,0.9630524548728384
3679,‘Do Sunni and Shia Muslims pray together in the Muslim prayer rooms in our Ontario public schools?’ I often wondered that myself. Doesn’t one sect call the other heretics?,social-group,muslim,21,1.7763318528003074,1.582766439909297,0.4285714285714285,B,0.6504785389667711,0.3210495089645478
3682,What a flimsy editorial built around a one-line quip that exactly characterized PM Stephen Harper's behavior and the idea that Canada has to do airstrikes because so many others are.,random,random,23,1.627763741529718,1.8525519848771268,0.2608695652173913,B,0.230118270458264,0.4779862711347385
3708,"we have already charged that all, both Jews and Greeks, are under the power of sin, 10as it is written: ‘There is no one who is righteous, not even one'' -- Romans 3:9-10",social-group,jewish,21,1.6846696209693472,2.0,0.3333333333333333,B,0.0802221168092274,0.5770848443846152
3719,"People of Canada and the world need to get behind Justin, Obama, Hillary and Premier Wynne in our fight against fascism, Islamophobia, homophobia, anti-semitism and discrimination against Transgenders!",social-group,transgender,24,1.519644525083787,1.326388888888889,0.375,B,0.882802538548798,0.5467159363714106
3723,"Hmm.  Gayness is great, right?",social-group,LGB,24,1.9795739585136227,1.859375,0.3333333333333333,B,0.1935704128248248,0.9512530739455431
3728,"Because he was getting out of the way of his cousin, the Christ. He deliberately spoke out against the sinfulness of the King.  He was not stupid, he knew the consequences.",social-group,christian,22,1.1770225546116342,1.3326446280991735,0.0909090909090909,A,0.7236200838861947,0.9791576307276189
3729,"Actually, they aren't making the law, they are following it. Unlike our Prime Minister who swore to uphold the law.",moral,authority,24,0.8166890883150209,0.7222222222222222,0.0833333333333333,B,0.8220507821163049,0.920257186562338
3740,Yes that's why I used a balanced example of a white transgender female political figure and a half-black male political figure.    The pinata was brought to class by a student so I don't fault the teacher at all.,social-group,transgender,23,2.136872695640444,2.506616257088847,0.4347826086956521,A,0.6903299818907799,0.0249090569663608
3747,"NP, I think you misread Klastri's comment.  It said, 'fundamentally evil when it comes to LGBT folks and women's rights,' meaning as he relates to those issues, not on the whole as your interpretation.",social-group,LGB,20,1.6814963295286751,1.6475000000000002,0.3,B,0.6612003053193032,0.9516912085602052
3750,Harper-crites unite!,random,random,17,0.8739810481273579,0.2076124567474048,0.0,A,0.7313674725750047,0.8672792070155079
3767,I wonder when will the children of Palestine go Gaza to give respect to their loved ones!,moral,care,20,1.923219672335508,1.5475,0.35,A,0.8063021230674476,0.3820095010893942
3769,"Les, Yes and public places...Gay night clubs, Schools, Company parties, Shopping malls. The list is endless. We are not safe. We need huge government expansion.",social-group,LGB,22,1.989490871926508,2.1983471074380168,0.3181818181818182,B,0.974004035213184,0.918993741803497
3788,"CGL can build pipelines in hell, rather than turn Earth into an inferno",random,random,23,2.020800094781482,2.1928166351606806,0.3478260869565217,B,0.1010578194589554,0.4800359109151478
3791,"I believe that within 15 or 20 years, people like you will be pretending they were people like us and wondering why people weren't shouting louder.",random,random,23,1.2361862832554125,0.5935727788279771,0.0869565217391304,A,0.9648367805366376,0.954879726509376
3806,In Toronto anti-Islamophobia protesters outnumbered anti-Muslim protesters by a ratio of 30-1.  Just remember that Islamophobic bloggers. You will never win. Canadian society is tolerant and inclusive and Muslims will be welcome here.,social-group,muslim,22,1.1191194231256716,1.4297520661157028,0.1363636363636363,B,0.3802405599329103,0.5285134562724436
3839,Nice if you would mention the women too.,random,random,22,1.0226297788901697,0.3078512396694214,0.0454545454545454,A,0.0285188813306775,0.5755977980284568
3851,Who cares what the Downtown Toronto Cocktail Party Circuit thinks.? The PM is right. The people stand with him.,moral,loyalty,22,1.4886022351695134,1.231404958677686,0.1818181818181818,A,0.5148057555844119,0.065415444523145
3861,your name is redundant.,random,random,22,1.8122120296587747,1.1342975206611572,0.2727272727272727,B,0.0230532814566862,0.0668750240754018
3866,"Doctors should practice medicine, not morality. They are professionals; they should keep to their profession in their work.",moral,purity,23,1.67071450648479,1.1493383742911154,0.1739130434782608,A,0.0439677108985989,0.0739680779896959
3900,"Mr Harper has been around just about ten years, it's time to go, then we need to lobby for term limits and a PR voting system so we can return to real democracy.",moral,fairness,23,1.3012517848198513,1.028355387523629,0.0869565217391304,B,0.4165671628869612,0.2504312749348881
3920,"How many times do I have to tell you? He didn't say he was open and transparent, he said that he was open to trans parents.",social-group,transgender,22,0.9373012413074896,0.4896694214876032,0.0454545454545454,A,0.6670900698266248,0.4240644332936497
3936,"The anti-discrimination protection law talks about male and female.  Please do not take this as the wrong way, but which one would a transgender fall under?  Self identified or by chromosomes?    For one or the other will cover them in the male female legal classification.",social-group,transgender,23,1.3603059777020794,0.9413988657844992,0.1739130434782608,B,0.8639613436546905,0.642019203247967
3952,How is a gay couple a federally protected class? Federal protected classes include:  •Race. •Color. •Religion or creed. •National origin or ancestry. •Sex. •Age. •Physical or mental disability. •Veteran status. •Genetic information. •Citizenship.,social-group,LGB,20,1.4567796494470395,1.86,0.25,A,0.0229713332263397,0.793155396825358
3953,"Twenty-four hours before Russia invaded Crimea, the Russian ambassador to Canada stated that Russia would not invade Ukraine. These are all KGB/FSB people.",random,random,18,1.0975378398419535,1.25,0.1111111111111111,A,0.97639692566791,0.9335144361415324
3963,"[... it appears officials were unaware of the incidents uncovered by The Globe]As Upton Sinclair said, 'It is difficult to get a man to understand something when his salary depends on his not understanding it.'",random,random,18,1.404678473063571,1.015432098765432,0.1666666666666666,A,0.2559741272619673,0.9165135950289102
3968,"Sarah,  Very articulate article; well written, incisive, well supported, thoughtful.   Without the usual tabloid pseudo-english and irrelevant anecdotes. Whether you agree with trans-people being in the military or not; it is just another example of Trump's M.O.: find a minority, pick on them.",social-group,transgender,20,2.0659573209491744,1.56,0.35,B,0.2648531012179342,0.2539885605002324
3970,Read it again Trans. Or have it translated into a language you can understand.,social-group,transgender,21,2.14853573331382,2.058956916099773,0.4761904761904761,A,0.0802777253642029,0.0699821445599461
3984,Canadians have a reputation for being poor tippers.,random,random,21,1.9814035902506328,1.9637188208616785,0.5238095238095238,B,0.3103860617204618,0.7656652281242515
3988,Throughout Latin America there is little or nothing for Catholics to apostatize FROM.,social-group,christian,18,1.4591479170272446,1.1388888888888888,0.1666666666666666,B,0.7549947322597373,0.3190161273474811
3994,Seems a bit early for a gay pride parade?,social-group,LGB,23,2.019918089732061,1.6710775047258977,0.4347826086956521,A,0.4074770710374095,0.113121063998507
4000,How about you get your facts straight. Vancouver does not pump raw sewage into the environment.,random,random,23,1.44726249944121,1.1947069943289228,0.1739130434782608,B,0.0407289316643606,0.1722099095526568
4026,"Coren's position has been the official position of the Church since Vatican II (which incidentally John TOry copied in his ill fated electoral campaign), so its no surprise.",moral,purity,22,1.0957952550009338,0.4132231404958676,0.0909090909090909,B,0.8888976959180377,0.911761783636432
4029,I'm not really sure there was a transgender policy 50 years ago. That would be 1967?,social-group,transgender,24,1.176065103715944,1.484375,0.2083333333333333,A,0.0329931730690315,0.6744116075679303
4033,"well gee, I guess I'm just all confused, and here I thought the UN gave Israel to the Jews.",social-group,jewish,23,1.823313419716396,1.780718336483932,0.2608695652173913,B,0.9761516873606354,0.9424428144649808
4044,Muslims are obligated to implement Allah's orders to fulfil an Islamic State. The Quran states that it is not permissible to choose.,social-group,muslim,21,2.048542139499064,1.6099773242630389,0.3809523809523809,A,0.1728274523666369,0.8628889361394707
4059,Hagiography ....HA !!Too funny.,random,random,18,1.0975378398419535,0.6820987654320988,0.1111111111111111,B,0.0546872133932399,0.9592751667532854
4061,No. Just anti-Russian. Not anti- Jews.,social-group,jewish,21,2.1066031370644747,2.249433106575964,0.4285714285714285,B,0.6479822739353455,0.2950112952221659
4077,I just about choked when i saw this headline! Walk through any campus and you see rich diversity on display everywhere. Then my second thought was how do you compile stats on gender at a time when so many identify as transgendered?,social-group,transgender,23,1.7209480533797532,1.0699432892249523,0.217391304347826,A,0.5994709419940281,0.3996038667236884
4078,"This is the best comment I've read on a fairly obnoxious article re-hashing equally obnoxious, condescending media drivel about men and all their flaws (imagine if you can an article in the Globe focused on women and all their inadequacies).  Never been a better time to be gay.",social-group,LGB,22,1.708098663501806,1.40702479338843,0.3181818181818182,B,0.9098208160539734,0.901982749308157
4081,"But there is evidence that Judge supported same-sex acts by self-identifying as 'gay,' as opposed to one who has same-sex attraction, which does not imply any opinion on same-sex acts.'  And your evidence to support this conclusion is what?",social-group,LGB,22,1.1770225546116342,1.1983471074380163,0.3181818181818182,B,0.2857599222806318,0.9470009507807868
4112,"Probably not the first time.' Speculation is not proof. I see nobody claiming that being Jewish confers any sort of free pass. On the contrary, there is a consensus that he said a stupid thing. There is not consensus, though, on whether this was a firing offence or not.",social-group,jewish,24,1.5636254885377854,1.3888888888888886,0.1666666666666666,A,0.0305287428408766,0.0546232551220244
4114,Not true at all they would actually be guaranteed a strong permanent voice since they always get a good 30% of support,moral,loyalty,25,0.2422921890824148,0.0384,0.0,B,0.0862792586919802,0.2724273732287281
4130,"from the Business Insider:  A 2016 study by the Rand Corporation found the maximum annual medical costs for transgender services would be around $8.4 million. By comparison, the military spent $84 million on erectile dysfunction medications such as Viagra and Cialis in 2014, the Military Times reported.    http://www.businessinsider.com/pentagon-transgender-medical-comparison-2017-7",social-group,transgender,22,1.4568017817750278,0.8677685950413224,0.2272727272727272,B,0.0227122421488831,0.4903814739245668
4131,"Seems to me that the violence in Turkey has rapidly escalated since the anti secular, pro fundamentalist  Erdogen took office.  Could there be a link between violence and fundamentalist Islam?",social-group,muslim,22,1.968130013765764,2.148760330578513,0.3181818181818182,B,0.8567797683182624,0.4951202034647861
4140,"So, what does all that have to do with transgender?",social-group,transgender,21,0.4537163391869449,0.0861678004535147,0.0,A,0.088411000724867,0.0257903501704432
4147,Breitbart? I bypass to snopes.  https://www.snopes.com/miguel-martinez-transgender-bathroom-controversy/,social-group,transgender,13,1.4885252948977483,1.6094674556213018,0.3076923076923077,A,0.2230420530547703,0.5550287419143582
4154,There is no Muslim cemetery in Quebec.,social-group,muslim,21,1.836917980900328,1.6643990929705217,0.238095238095238,B,0.0296593647146286,0.0206757246937987
4155,You are a re-take on the movie 'I'm All Right Jack.',random,random,19,1.167436723286701,0.3490304709141274,0.0526315789473684,A,0.1596941787899319,0.0827824593936294
4160,The Globe buries every article that is critical of the Liberals. It moves from the front page to hidden corners before noon.,random,random,21,1.3566695198333107,0.4126984126984127,0.0952380952380952,B,0.9064794447551427,0.9761488010435354
4167,"I lost interest when i read the word, 'Muslim'.",social-group,muslim,23,1.9666647687885892,1.6786389413988658,0.782608695652174,A,0.6888184941287951,0.9624920259250286
4183,"No, we don't have a problem. We have the First Amendment. I didn't mention your religion. You are free to celebrate gay marriage.",social-group,LGB,23,1.306170651709187,1.2816635160680532,0.1304347826086956,A,0.0505496998480734,0.587988389012658
4188,"I agree with y2, and there are more extremists on this board than there are in the average city.",random,random,22,1.3315796225857792,0.8842975206611573,0.0909090909090909,B,0.882138447680437,0.910443741476221
4191,"Oh, and if you think talk of tax cuts isn't pandering to the Toronto Sun and to the Libertarians of Lanark, you haven't been watching.",random,random,22,1.4769092849936094,0.8677685950413224,0.1363636363636363,B,0.9411708741111818,0.88154640592928
4216,The Catechism is wrong.,social-group,christian,15,1.746465798504072,0.9955555555555554,0.3333333333333333,A,0.0964776061171756,0.0229004220712195
4226,VanMorty - that's because all your friends are on these G&M web- boards. Try talking to people and you'll see there's a lot of support for Enbridge and our energy producers generally than you'd ever guess reading this columnist.,moral,loyalty,24,1.176065103715944,1.3315972222222223,0.125,A,0.4378925114522572,0.9683682651049668
4239,"Once a lower court legally recognizes a transgender petitioning for a legal name and sex change, there's nothing anyone can do about it (i.e. Chasity Bono and Bruce Jenner).  Try and stop either of these people from using a public access shower or bathroom.",social-group,transgender,22,1.940071529309089,2.5041322314049586,0.4090909090909091,A,0.958930270799894,0.9575782769699928
4248,"Agreed. I think Colorado is open-minded enough to elect a gay politician, but I'm not sure. Might depend on whether the GOP nominates a moderate. Knowing them, they might nominate someone who was against same sex marriage.",social-group,LGB,24,1.3868421881310116,1.7708333333333333,0.1666666666666666,A,0.2326137075680347,0.1015602038996962
4261,"If the media had done its job of fairly criticizing both candidates, Trump's shorthand exaggerations would not have been necessary to get his points across.",random,random,21,0.963745994207332,0.2993197278911565,0.0476190476190476,A,0.125214895251007,0.049524339864289
4263,"They also predominantly marry relatives in Egypt, often first cousins. This has negative results for the population.",random,random,21,0.5916727785823274,0.1224489795918367,0.0,B,0.3498472005039159,0.7895672740658901
4280,"I agree that he probably didn't mean it as it sounded, but it definitely sounded as though he meant that guns would solve the problem.",random,random,22,1.8371323244686169,1.8533057851239665,0.4545454545454545,B,0.2317299980270681,0.0328114030315376
4285,The solicitors general should have to tell the police that they are supposed to enforce the law. They should know it already.,moral,authority,22,1.2406705316766884,0.4297520661157022,0.0909090909090909,A,0.028505673262374,0.0665445413988817
4309,Sample needs a remedial course in catholic moral theology.  SAD!,social-group,christian,22,1.5632790363522515,0.944214876033058,0.1818181818181818,B,0.5264507133752747,0.9447215296650584
4310,"Aspirin came from plants until it was isolated and put into medicinal form. What's your point? Digitalis is also deadly, hence the benefits from isolating it and controlling it purity, dosage, and usage.",moral,purity,24,0.2498822928331854,0.6388888888888891,0.0416666666666666,B,0.0202287037747475,0.0958056759549191
4314,Ultra-Orthodox Jews do not kill other Jews or Arabs and are not dangerous to anyone.,social-group,jewish,24,1.501629167387823,1.5399305555555554,0.1666666666666666,B,0.5404212957272267,0.9512796006017442
4335,Transgender folks have always existed. It's just that most people are ignorant about it.,social-group,transgender,21,0.4537163391869449,0.0861678004535147,0.0,A,0.3340537454240322,0.8573328664617323
4338,"When Obama was in office, only 30% of white evangelicals would forgive a president's immoral behavior.   Now it's 72%.   https://t.co/c6FlHbziMi",social-group,christian,21,1.6846696209693477,1.895691609977324,0.238095238095238,A,0.0603582462562587,0.3560879635680352
4340,"Leadership, PMZ, Ohhhh hahahahah..",random,random,19,1.4574248814091713,1.5623268698060944,0.1578947368421052,A,0.2128145846608518,0.5701668037098392
4343,Canada ranks as one of the worse countries when it comes to vacation time. Leave the banked sick days alone.,random,random,21,1.4607210985246075,0.6031746031746033,0.1904761904761904,A,0.6517246775784675,0.8708098482522466
4365,Americans don't ban Muslim women from wearing facial coverings. As far as I know it's not even on their radar. So why are Canadians so hyped up about it?,social-group,muslim,24,1.749218483597409,1.3888888888888886,0.25,B,0.9423801874440252,0.0623109730970531
4378,Wente's mistake. It was NOT the Israeli flag. It was a Star of David ( a Jewish not Israeli symbol ) on the Pride flag.,social-group,jewish,23,1.2087030080822634,1.0321361058601133,0.1739130434782608,B,0.16452511457667,0.8635040535809212
4388,This sounds like a high school essay. Lots of platitudes and no substance.,random,random,23,1.4210295023052195,0.7674858223062381,0.1739130434782608,A,0.0246388352002362,0.945623832233204
4390,"BROohthor  As Christians, are we are not called to stand opposed to ALL (euthanasia) of what is going on with this.  kevin your brother In Christ",social-group,christian,20,1.4411535278793055,1.1275,0.2,A,0.5965130271165043,0.3521460819860568
4394,To imagine that the action of Baird and Harper had on recent events in Iran is quite delusional..,random,random,22,1.8400837592991008,1.1735537190082643,0.2272727272727272,B,0.1038375151343147,0.9587627338874128
4443,"with respect, far too many of those 'intelligent, articulate' members of the conservative party do themselves a disservice by demonstrating neither quality.",moral,authority,22,1.4769092849936096,0.6962809917355374,0.1363636363636363,B,0.8836337252139125,0.7344864448112456
4450,Surprisingly there is mention of any dialogue about US access to Canada's transgender washrooms.,social-group,transgender,21,1.779423832146529,1.4195011337868482,0.1904761904761904,A,0.0553749691297552,0.6361165028771835
4471,Is the Pope Catholic?  Of course gun reforms will help curb gun violance.  Look at Australia.  Stupid to just continue to ignore this problem so that big business can make a few bucks.,social-group,christian,24,2.010360419811954,2.414930555555556,0.3333333333333333,B,0.9098133041542048,0.9357843547724914
4488,"Oh, I see, Alexvega... so, In other words, guilty until proven innocent, hmm? Yup... quite simple. Except that our justice system works on the reverse premise. Next...",moral,fairness,21,0.7228578977329688,0.7755102040816324,0.0476190476190476,B,0.6168177263235438,0.9451622216701748
4506,...or more accurately 'some animals never got to be equal.. yet'. Our First Nations need a little more time and consideration to be considered equal in a lot of Canadians' eyes.,moral,fairness,22,2.190515847687587,1.7954545454545454,0.4090909090909091,A,0.5867411606936517,0.9064624654554896
4515,Not that long ago that Catholics had to cover their heads at mass (remember the ridiculous hanky thing?)! Most of the Muslim women I know do not cover their hair- let us not get crazy about this.,social-group,muslim,21,2.1892382558030263,2.2448979591836733,0.4761904761904761,B,0.954220394507428,0.942474052298212
4516,"I include you Elaine in my nightly prayers, I pray that everyone of your Grandchildren is healthy, happy and gay.",social-group,LGB,20,1.3361602543738118,0.65,0.1,A,0.9736806459909868,0.2532336120797509
4526,"A nation must have common values that bind people together. Canadians will need to have this discussion, but I can't see any existing party brave enough to suggest this.",moral,loyalty,21,1.1542221846835223,0.9160997732426304,0.1428571428571428,B,0.1254536808170795,0.0351668434130054
4531,"Homophobia isn't fear of homosexual people, it's fear of homosexual feelings/attractions the person has inside their own mind. Thor has a semantic point.",social-group,LGB,21,1.8776205033895348,2.086167800453515,0.4285714285714285,B,0.5927895365872667,0.93676010013384
