item_id,condition,layer,pct_demographic,pct_instruction,pct_item_text,pct_other_scaffolding
3972,baseline,0,,0.23170411586761475,0.19943493604660034,0.5688609480857849
3972,baseline,1,,0.09242276847362518,0.057487379759550095,0.8500898517668247
3972,baseline,2,,0.04526670649647713,0.027698345482349396,0.9270349480211735
3972,baseline,3,,0.07186602801084518,0.036558330059051514,0.8915756419301033
3972,baseline,4,,0.10306405276060104,0.05805182456970215,0.8388841226696968
3972,baseline,5,,0.1376565396785736,0.04550622031092644,0.8168372400105
3972,baseline,6,,0.14330479502677917,0.053666386753320694,0.8030288182199001
3972,baseline,7,,0.23580414056777954,0.04703754186630249,0.717158317565918
3972,baseline,8,,0.2075096219778061,0.04433273896574974,0.7481576390564442
3972,baseline,9,,0.27716320753097534,0.03013436123728752,0.6927024312317371
3972,baseline,10,,0.2743493318557739,0.01600993610918522,0.7096407320350409
3972,baseline,11,,0.2815172076225281,0.01981191895902157,0.6986708734184504
3972,baseline,12,,0.34055858850479126,0.024486033245921135,0.6349553782492876
3972,baseline,13,,0.4176478385925293,0.01978727988898754,0.5625648815184832
3972,baseline,14,,0.45638102293014526,0.01744178682565689,0.5261771902441978
3972,baseline,15,,0.31520259380340576,0.011095207184553146,0.6737021990120411
3972,baseline,16,,0.23627108335494995,0.013013917952775955,0.7507149986922741
3972,baseline,17,,0.2697468400001526,0.012521946802735329,0.7177312131971121
3972,baseline,18,,0.20265576243400574,0.01633305475115776,0.7810111828148365
3972,baseline,19,,0.1729947030544281,0.011292332783341408,0.8157129641622305
3972,baseline,20,,0.1993299126625061,0.012540794909000397,0.7881292924284935
3972,baseline,21,,0.1133817732334137,0.010182982310652733,0.8764352444559336
3972,baseline,22,,0.2058604657649994,0.008148642256855965,0.7859908919781446
3972,baseline,23,,0.09902174770832062,0.007167165167629719,0.8938110871240497
3972,baseline,24,,0.08294636011123657,0.00560013810172677,0.9114535017870367
3972,baseline,25,,0.040892601013183594,0.0047902073711156845,0.9543171916157007
3972,baseline,26,,0.05483967065811157,0.008365217596292496,0.9367951117455959
3972,baseline,27,,0.08091320097446442,0.011943978257477283,0.9071428207680583
3972,baseline,28,,0.05666453391313553,0.010253666900098324,0.9330817991867661
3972,baseline,29,,0.04604372754693031,0.016043152660131454,0.9379131197929382
3972,baseline,30,,0.10835020244121552,0.024964235723018646,0.8666855618357658
3972,baseline,31,,0.0486924946308136,0.030381977558135986,0.9209255278110504
3972,gender_man,0,0.02257329784333706,0.2277681529521942,0.1958208680152893,0.5538376811891794
3972,gender_man,1,0.011431612074375153,0.09038197249174118,0.05369023606181145,0.8444961793720722
3972,gender_man,2,0.020908085629343987,0.04435101896524429,0.026040028780698776,0.9087008666247129
3972,gender_man,3,0.010038284584879875,0.07053247839212418,0.03485608100891113,0.8845731560140848
3972,gender_man,4,0.015323039144277573,0.09714055806398392,0.05193573608994484,0.8356006667017937
3972,gender_man,5,0.035214100033044815,0.1306992769241333,0.040277015417814255,0.7938096076250076
3972,gender_man,6,0.024871662259101868,0.1296786069869995,0.046025507152080536,0.7994242236018181
3972,gender_man,7,0.030466299504041672,0.21791580319404602,0.046495500952005386,0.7051223963499069
3972,gender_man,8,0.03629469871520996,0.20798249542713165,0.04361752048134804,0.7121052853763103
3972,gender_man,9,0.017779571935534477,0.2690977454185486,0.033386968076229095,0.6797357145696878
3972,gender_man,10,0.023168206214904785,0.2727624773979187,0.016556033864617348,0.6875132825225592
3972,gender_man,11,0.017425060272216797,0.2744472026824951,0.02340036630630493,0.6847273707389832
3972,gender_man,12,0.013761088252067566,0.3162362575531006,0.031123585999011993,0.6388790681958199
3972,gender_man,13,0.017210494726896286,0.3914256691932678,0.03380145505070686,0.557562381029129
3972,gender_man,14,0.012021084316074848,0.4468112587928772,0.026575952768325806,0.5145917041227221
3972,gender_man,15,0.008113380521535873,0.3024551570415497,0.013286083936691284,0.6761453785002232
3972,gender_man,16,0.009204428642988205,0.23568347096443176,0.015338652767241001,0.739773447625339
3972,gender_man,17,0.008034873753786087,0.27204591035842896,0.015024488791823387,0.7048947270959616
3972,gender_man,18,0.008529648184776306,0.19633421301841736,0.01859460584819317,0.7765415329486132
3972,gender_man,19,0.004043065011501312,0.1636849045753479,0.011580857448279858,0.8206911729648709
3972,gender_man,20,0.005790877155959606,0.20692221820354462,0.01193927600979805,0.7753476286306977
3972,gender_man,21,0.004674217198044062,0.10503140836954117,0.00955458078533411,0.8807397936470807
3972,gender_man,22,0.00345761701464653,0.20001544058322906,0.008405240252614021,0.7881217021495104
3972,gender_man,23,0.0030088648200035095,0.09781230241060257,0.007446191273629665,0.8917326414957643
3972,gender_man,24,0.0014354459708556533,0.08676493167877197,0.005886009894311428,0.905913612456061
3972,gender_man,25,0.0015533023979514837,0.045703109353780746,0.004736318252980709,0.9480072699952871
3972,gender_man,26,0.0021797597873955965,0.062393669039011,0.00891402643173933,0.9265125447418541
3972,gender_man,27,0.002484890166670084,0.084518201649189,0.01319654006510973,0.8998003681190312
3972,gender_man,28,0.0020845425315201283,0.06545928120613098,0.011709589511156082,0.9207465867511928
3972,gender_man,29,0.0027935123071074486,0.05258120223879814,0.01674598827958107,0.9278792971745133
3972,gender_man,30,0.004999119788408279,0.11528386920690536,0.026870012283325195,0.8528469987213612
3972,gender_man,31,0.0033744073007255793,0.05155649036169052,0.034047920256853104,0.9110211820807308
3972,gender_woman,0,0.02280867099761963,0.227720707654953,0.19574770331382751,0.5537229180335999
3972,gender_woman,1,0.01149272546172142,0.09061560034751892,0.053895991295576096,0.8439956828951836
3972,gender_woman,2,0.02148604765534401,0.04454491659998894,0.02594004012644291,0.9080289956182241
3972,gender_woman,3,0.009871579706668854,0.07031264901161194,0.034131571650505066,0.8856841996312141
3972,gender_woman,4,0.01644708961248398,0.09670857340097427,0.05048949271440506,0.8363548442721367
3972,gender_woman,5,0.03648277744650841,0.12960228323936462,0.03983309864997864,0.7940818406641483
3972,gender_woman,6,0.025765642523765564,0.1278546303510666,0.0456274151802063,0.8007523119449615
3972,gender_woman,7,0.03061949834227562,0.2155311554670334,0.0464911051094532,0.7073582410812378
3972,gender_woman,8,0.04019644856452942,0.20711617171764374,0.04366729408502579,0.7090200856328011
3972,gender_woman,9,0.01965457759797573,0.27153515815734863,0.03274758160114288,0.6760626826435328
3972,gender_woman,10,0.023896828293800354,0.26693665981292725,0.015987373888492584,0.6931791380047798
3972,gender_woman,11,0.02115766704082489,0.26793593168258667,0.023096144199371338,0.6878102570772171
3972,gender_woman,12,0.016542701050639153,0.3225646913051605,0.032360754907131195,0.6285318527370691
3972,gender_woman,13,0.022824862971901894,0.3863976001739502,0.03472302481532097,0.5560545120388269
3972,gender_woman,14,0.013727238401770592,0.44526511430740356,0.02615286223590374,0.5148547850549221
3972,gender_woman,15,0.009458890184760094,0.31312593817710876,0.01358372438699007,0.6638314472511411
3972,gender_woman,16,0.01199023611843586,0.23655812442302704,0.01568206585943699,0.7357695735991001
3972,gender_woman,17,0.009486313909292221,0.27772682905197144,0.015009800903499126,0.6977770561352372
3972,gender_woman,18,0.008948422968387604,0.19728529453277588,0.018537452444434166,0.7752288300544024
3972,gender_woman,19,0.004398590885102749,0.1625877320766449,0.011766872368752956,0.8212468046694994
3972,gender_woman,20,0.005548807792365551,0.2063937783241272,0.011963700875639915,0.7760937130078673
3972,gender_woman,21,0.004569254349917173,0.1047137975692749,0.009681646712124348,0.8810353013686836
3972,gender_woman,22,0.003372184932231903,0.2047935128211975,0.008490759879350662,0.7833435423672199
3972,gender_woman,23,0.0032271333038806915,0.09739001095294952,0.007447927258908749,0.891934928484261
3972,gender_woman,24,0.0015286452835425735,0.08528053760528564,0.005894503556191921,0.9072963135549799
3972,gender_woman,25,0.0016107792034745216,0.045331455767154694,0.004889782518148422,0.9481679825112224
3972,gender_woman,26,0.00246405485086143,0.06234491616487503,0.00909755565226078,0.9260934733320028
3972,gender_woman,27,0.0026215037796646357,0.08492879569530487,0.013598366640508175,0.8988513338845223
3972,gender_woman,28,0.00215501943603158,0.06753720343112946,0.012069773860275745,0.9182380032725632
3972,gender_woman,29,0.0027551609091460705,0.05386815965175629,0.01666046492755413,0.9267162145115435
3972,gender_woman,30,0.005422007292509079,0.1175510436296463,0.028118524700403214,0.8489084243774414
3972,gender_woman,31,0.003372242208570242,0.051151275634765625,0.034114591777324677,0.9113618903793395
3972,region_western_europe,0,0.027842756360769272,0.22770510613918304,0.19516578316688538,0.5492863543331623
3972,region_western_europe,1,0.011962121352553368,0.08984022587537766,0.05230388790369034,0.8458937648683786
3972,region_western_europe,2,0.02271205186843872,0.044503118842840195,0.02466052770614624,0.9081243015825748
3972,region_western_europe,3,0.012232208624482155,0.06935282796621323,0.031804680824279785,0.8866102825850248
3972,region_western_europe,4,0.017553094774484634,0.09451084583997726,0.04972828924655914,0.838207770138979
3972,region_western_europe,5,0.034120772033929825,0.12718595564365387,0.04081760719418526,0.797875665128231
3972,region_western_europe,6,0.02762797474861145,0.12488790601491928,0.049697961658239365,0.7977861575782299
3972,region_western_europe,7,0.03643861040472984,0.2159356325864792,0.0495755560696125,0.6980502009391785
3972,region_western_europe,8,0.046186938881874084,0.20044571161270142,0.04710732772946358,0.7062600217759609
3972,region_western_europe,9,0.025455527007579803,0.26977312564849854,0.03517043590545654,0.6696009114384651
3972,region_western_europe,10,0.030911002308130264,0.26436591148376465,0.018018219619989395,0.6867048665881157
3972,region_western_europe,11,0.02781989425420761,0.25980404019355774,0.025512540712952614,0.686863524839282
3972,region_western_europe,12,0.020137716084718704,0.3063335418701172,0.037517763674259186,0.6360109783709049
3972,region_western_europe,13,0.01970340684056282,0.3864254951477051,0.040893666446208954,0.5529774315655231
3972,region_western_europe,14,0.016074564307928085,0.44934946298599243,0.028246251866221428,0.506329720839858
3972,region_western_europe,15,0.009531181305646896,0.3173103332519531,0.014033881947398186,0.6591246034950018
3972,region_western_europe,16,0.009851334616541862,0.2415410280227661,0.016011403873562813,0.7325962334871292
3972,region_western_europe,17,0.00806485116481781,0.26975497603416443,0.015335273928940296,0.7068448988720775
3972,region_western_europe,18,0.008848801255226135,0.20474041998386383,0.020409613847732544,0.7660011649131775
3972,region_western_europe,19,0.004264891147613525,0.16649912297725677,0.01252833567559719,0.8167076501995325
3972,region_western_europe,20,0.005362417548894882,0.2136608511209488,0.012461885809898376,0.768514845520258
3972,region_western_europe,21,0.004847518168389797,0.11093686521053314,0.010059947147965431,0.8741556694731116
3972,region_western_europe,22,0.004052857868373394,0.20110094547271729,0.008646558038890362,0.786199638620019
3972,region_western_europe,23,0.003506891429424286,0.09349624067544937,0.007750438526272774,0.8952464293688536
3972,region_western_europe,24,0.002464822493493557,0.08705458790063858,0.006456202827394009,0.9040243867784739
3972,region_western_europe,25,0.00185553845949471,0.04510052502155304,0.0049752481281757355,0.9480686883907765
3972,region_western_europe,26,0.003340019378811121,0.06532750278711319,0.008852416649460793,0.9224800611846149
3972,region_western_europe,27,0.003301281249150634,0.08730766177177429,0.013661245815455914,0.8957298111636192
3972,region_western_europe,28,0.002960053738206625,0.06982524693012238,0.012003732845187187,0.9152109664864838
3972,region_western_europe,29,0.003219909267500043,0.05331305414438248,0.0158672034740448,0.9275998331140727
3972,region_western_europe,30,0.006377171725034714,0.11734031140804291,0.027089614421129227,0.8491929024457932
3972,region_western_europe,31,0.004770972765982151,0.04939647018909454,0.03387541323900223,0.9119571438059211
3972,region_arab_culture,0,0.03414781764149666,0.22583146393299103,0.19386646151542664,0.5461542569100857
3972,region_arab_culture,1,0.014536401256918907,0.08876457810401917,0.05141139775514603,0.8452876228839159
3972,region_arab_culture,2,0.023637380450963974,0.04418111965060234,0.02384798973798752,0.9083335101604462
3972,region_arab_culture,3,0.014216039329767227,0.0694589838385582,0.03147582709789276,0.8848491497337818
3972,region_arab_culture,4,0.01998135820031166,0.09583040326833725,0.0489831417798996,0.8352050967514515
3972,region_arab_culture,5,0.03931782394647598,0.12433815747499466,0.03964730352163315,0.7966967150568962
3972,region_arab_culture,6,0.032745908945798874,0.12306103110313416,0.04687564820051193,0.797317411750555
3972,region_arab_culture,7,0.03985901176929474,0.21576006710529327,0.04703465849161148,0.6973462626338005
3972,region_arab_culture,8,0.05612142011523247,0.19707897305488586,0.04391004145145416,0.7028895653784275
3972,region_arab_culture,9,0.03226589411497116,0.2690282464027405,0.032871730625629425,0.6658341288566589
3972,region_arab_culture,10,0.03888671100139618,0.2565610408782959,0.018442753702402115,0.6861094944179058
3972,region_arab_culture,11,0.040431369096040726,0.2476007044315338,0.024239739403128624,0.6877281870692968
3972,region_arab_culture,12,0.02763187699019909,0.30321410298347473,0.03835204243659973,0.6308019775897264
3972,region_arab_culture,13,0.04842955619096756,0.36606210470199585,0.04205002635717392,0.5434583127498627
3972,region_arab_culture,14,0.028917374089360237,0.4204447865486145,0.030094828456640244,0.520543010905385
3972,region_arab_culture,15,0.017646383494138718,0.28483277559280396,0.015485403127968311,0.682035437785089
3972,region_arab_culture,16,0.033512864261865616,0.2273423671722412,0.021265825256705284,0.7178789433091879
3972,region_arab_culture,17,0.02611537091434002,0.26357367634773254,0.022205466404557228,0.6881054863333702
3972,region_arab_culture,18,0.026038341224193573,0.18785913288593292,0.02901483327150345,0.7570876926183701
3972,region_arab_culture,19,0.010041163302958012,0.14493250846862793,0.017903883010149002,0.8271224452182651
3972,region_arab_culture,20,0.010096409358084202,0.22364336252212524,0.01812812313437462,0.7481321049854159
3972,region_arab_culture,21,0.00862259604036808,0.0940474420785904,0.011759407818317413,0.8855705540627241
3972,region_arab_culture,22,0.006092115771025419,0.16158297657966614,0.010678493417799473,0.821646414231509
3972,region_arab_culture,23,0.005334235727787018,0.06922055035829544,0.009088634513318539,0.916356579400599
3972,region_arab_culture,24,0.007505233399569988,0.07658050954341888,0.008560722693800926,0.9073535343632102
3972,region_arab_culture,25,0.002694697119295597,0.03587561100721359,0.006871428340673447,0.9545582635328174
3972,region_arab_culture,26,0.007155558094382286,0.07322299480438232,0.015302627347409725,0.9043188197538257
3972,region_arab_culture,27,0.0075221736915409565,0.09084722399711609,0.022502107545733452,0.8791284947656095
3972,region_arab_culture,28,0.006503419019281864,0.0859745591878891,0.023933399468660355,0.8835886223241687
3972,region_arab_culture,29,0.011427531018853188,0.0748329907655716,0.034227002412080765,0.8795124758034945
3972,region_arab_culture,30,0.021940089762210846,0.1296510398387909,0.05831727385520935,0.7900915965437889
3972,region_arab_culture,31,0.0075469897128641605,0.051814209669828415,0.04988826811313629,0.8907505325041711
3972,religion_christian,0,0.01875113509595394,0.22879551351070404,0.19635841250419617,0.5560949388891459
3972,religion_christian,1,0.010142140090465546,0.09074405580759048,0.05453401058912277,0.8445797935128212
3972,religion_christian,2,0.019666817039251328,0.043364375829696655,0.02593579888343811,0.9110330082476139
3972,religion_christian,3,0.009628476575016975,0.06964272260665894,0.034758009016513824,0.8859707918018103
3972,religion_christian,4,0.019950896501541138,0.09765055030584335,0.050595249980688095,0.8318033032119274
3972,religion_christian,5,0.03569536656141281,0.12837161123752594,0.04093853011727333,0.7949944920837879
3972,religion_christian,6,0.03162352740764618,0.1273297667503357,0.046881429851055145,0.794165275990963
3972,religion_christian,7,0.03360094130039215,0.2089589387178421,0.04640424624085426,0.7110358737409115
3972,religion_christian,8,0.04063904285430908,0.19967469573020935,0.0447906069457531,0.7148956544697285
3972,religion_christian,9,0.01844322681427002,0.2676547169685364,0.035018786787986755,0.6788832694292068
3972,religion_christian,10,0.02149999886751175,0.27141427993774414,0.01779951900243759,0.6892862021923065
3972,religion_christian,11,0.014960527420043945,0.2688629627227783,0.02357608452439308,0.6926004253327847
3972,religion_christian,12,0.013570655137300491,0.31590765714645386,0.03224644809961319,0.6382752396166325
3972,religion_christian,13,0.013330526649951935,0.3894073963165283,0.0378519631922245,0.5594101138412952
3972,religion_christian,14,0.009619614109396935,0.45183461904525757,0.027176063507795334,0.5113697033375502
3972,religion_christian,15,0.007658743299543858,0.31309986114501953,0.013171523809432983,0.6660698717460036
3972,religion_christian,16,0.009324727579951286,0.23482252657413483,0.01492527686059475,0.7409274689853191
3972,religion_christian,17,0.007424749433994293,0.2649930715560913,0.014100457541644573,0.7134817214682698
3972,religion_christian,18,0.0056617651134729385,0.19086147844791412,0.0171329528093338,0.7863438036292791
3972,religion_christian,19,0.004188377410173416,0.16201771795749664,0.011336231604218483,0.8224576730281115
3972,religion_christian,20,0.005744457244873047,0.20352691411972046,0.012379101477563381,0.7783495271578431
3972,religion_christian,21,0.0034022026229649782,0.1064266562461853,0.009346121922135353,0.8808250192087144
3972,religion_christian,22,0.00293881818652153,0.1960010826587677,0.008045756258070469,0.7930143428966403
3972,religion_christian,23,0.0024098046123981476,0.09336672723293304,0.006730155553668737,0.8974933126010001
3972,religion_christian,24,0.00125758140347898,0.08139316737651825,0.005284116603434086,0.9120651346165687
3972,religion_christian,25,0.0011593771632760763,0.0437580868601799,0.004468833561986685,0.9506137024145573
3972,religion_christian,26,0.0025641387328505516,0.06187034398317337,0.007979015819728374,0.9275865014642477
3972,religion_christian,27,0.002998142968863249,0.08117836713790894,0.01218303944915533,0.9036404504440725
3972,religion_christian,28,0.0025822543539106846,0.06586160510778427,0.010966643691062927,0.9205894968472421
3972,religion_christian,29,0.004327894188463688,0.05400221422314644,0.016499904915690422,0.9251699866726995
3972,religion_christian,30,0.0072239115834236145,0.11168523132801056,0.02717447653412819,0.8539163805544376
3972,religion_christian,31,0.004733978770673275,0.05184882506728172,0.0341581255197525,0.9092590706422925
3972,religion_muslim,0,0.020578160881996155,0.22835151851177216,0.195582777261734,0.5554875433444977
3972,religion_muslim,1,0.00979728251695633,0.09071401506662369,0.05486088618636131,0.8446278162300587
3972,religion_muslim,2,0.02036527544260025,0.04352195933461189,0.026406180113554,0.9097065851092339
3972,religion_muslim,3,0.011373788118362427,0.06894669681787491,0.03446153551340103,0.8852179795503616
3972,religion_muslim,4,0.01675841584801674,0.09802445024251938,0.05022010952234268,0.8349970243871212
3972,religion_muslim,5,0.031806789338588715,0.1268262267112732,0.04011135175824165,0.8012556321918964
3972,religion_muslim,6,0.028279170393943787,0.12770643830299377,0.045378152281045914,0.7986362390220165
3972,religion_muslim,7,0.033291421830654144,0.20796793699264526,0.042662132531404495,0.7160785086452961
3972,religion_muslim,8,0.0457950234413147,0.1935996264219284,0.043994855135679245,0.7166104950010777
3972,religion_muslim,9,0.024643048644065857,0.25853705406188965,0.03327131271362305,0.6835485845804214
3972,religion_muslim,10,0.03582516312599182,0.25559884309768677,0.01776447333395481,0.6908115204423666
3972,religion_muslim,11,0.028409764170646667,0.26526662707328796,0.022784121334552765,0.6835394874215126
3972,religion_muslim,12,0.020084131509065628,0.31427767872810364,0.03310517221689224,0.6325330175459385
3972,religion_muslim,13,0.036616839468479156,0.37962961196899414,0.03510467708110809,0.5486488714814186
3972,religion_muslim,14,0.017236344516277313,0.4295167922973633,0.024447595700621605,0.5287992674857378
3972,religion_muslim,15,0.008965123444795609,0.29936397075653076,0.012315180152654648,0.679355725646019
3972,religion_muslim,16,0.017472635954618454,0.23023362457752228,0.015108412131667137,0.7371853273361921
3972,religion_muslim,17,0.0107741579413414,0.2735593020915985,0.016022389754652977,0.6996441502124071
3972,religion_muslim,18,0.009055845439434052,0.19183754920959473,0.019533265382051468,0.7795733399689198
3972,religion_muslim,19,0.005847632884979248,0.1522887796163559,0.013345904648303986,0.8285176828503609
3972,religion_muslim,20,0.006007827818393707,0.20445558428764343,0.013610990718007088,0.7759255971759558
3972,religion_muslim,21,0.004412353970110416,0.0936007872223854,0.009203450754284859,0.8927834080532193
3972,religion_muslim,22,0.00342356413602829,0.18811318278312683,0.008535799570381641,0.7999274535104632
3972,religion_muslim,23,0.0026794932782649994,0.08654861152172089,0.006918980274349451,0.9038529149256647
3972,religion_muslim,24,0.0026352473068982363,0.07984890043735504,0.006030856166034937,0.9114849960897118
3972,religion_muslim,25,0.001791733899153769,0.04186737537384033,0.005179820582270622,0.9511610701447353
3972,religion_muslim,26,0.0028385138139128685,0.060172442346811295,0.009976964443922043,0.9270120793953538
3972,religion_muslim,27,0.0038397153839468956,0.07605636119842529,0.015262245200574398,0.9048416782170534
3972,religion_muslim,28,0.0029886052943766117,0.06946008652448654,0.01625106856226921,0.9113002396188676
3972,religion_muslim,29,0.004980070050805807,0.056276194751262665,0.02219499833881855,0.916548736859113
3972,religion_muslim,30,0.007000938057899475,0.10713271796703339,0.035678133368492126,0.850188210606575
3972,religion_muslim,31,0.005211074836552143,0.04964795708656311,0.03939112275838852,0.9057498453184962
4488,baseline,0,,0.2229529619216919,0.25630682706832886,0.5207402110099792
4488,baseline,1,,0.08580024540424347,0.057498276233673096,0.8567014783620834
4488,baseline,2,,0.04264025017619133,0.029197171330451965,0.9281625784933567
4488,baseline,3,,0.06885366141796112,0.04105774685740471,0.8900885917246342
4488,baseline,4,,0.10820937156677246,0.0711325854063034,0.8206580430269241
4488,baseline,5,,0.1325685977935791,0.057044871151447296,0.8103865310549736
4488,baseline,6,,0.1332918107509613,0.0622464120388031,0.8044617772102356
4488,baseline,7,,0.23140376806259155,0.05490370839834213,0.7136925235390663
4488,baseline,8,,0.20537544786930084,0.045568548142910004,0.7490560039877892
4488,baseline,9,,0.25773149728775024,0.026628877967596054,0.7156396247446537
4488,baseline,10,,0.29807353019714355,0.016736214980483055,0.6851902548223734
4488,baseline,11,,0.2710627317428589,0.027687758207321167,0.70124951004982
4488,baseline,12,,0.31288039684295654,0.0348229818046093,0.6522966213524342
4488,baseline,13,,0.40866619348526,0.04275108128786087,0.5485827252268791
4488,baseline,14,,0.42331430315971375,0.052195753902196884,0.5244899429380894
4488,baseline,15,,0.3165384531021118,0.01857948675751686,0.6648820601403713
4488,baseline,16,,0.22927910089492798,0.020893607288599014,0.749827291816473
4488,baseline,17,,0.27299827337265015,0.01668802835047245,0.7103136982768774
4488,baseline,18,,0.19286395609378815,0.016142375767230988,0.7909936681389809
4488,baseline,19,,0.16685065627098083,0.014032547362148762,0.8191167963668704
4488,baseline,20,,0.1956598162651062,0.014854269102215767,0.789485914632678
4488,baseline,21,,0.1061769351363182,0.016150200739502907,0.8776728641241789
4488,baseline,22,,0.1946394145488739,0.00874310452491045,0.7966174809262156
4488,baseline,23,,0.0998496264219284,0.007865430787205696,0.8922849427908659
4488,baseline,24,,0.09055265784263611,0.00561136519536376,0.9038359769620001
4488,baseline,25,,0.04911811277270317,0.005380733869969845,0.945501153357327
4488,baseline,26,,0.05222802609205246,0.010781689547002316,0.9369902843609452
4488,baseline,27,,0.077130526304245,0.015083991922438145,0.9077854817733169
4488,baseline,28,,0.05746221914887428,0.015731098130345345,0.9268066827207804
4488,baseline,29,,0.04507197067141533,0.01544342003762722,0.9394846092909575
4488,baseline,30,,0.10687337815761566,0.03481912612915039,0.858307495713234
4488,baseline,31,,0.047780465334653854,0.036257147789001465,0.9159623868763447
4488,gender_man,0,0.021904122084379196,0.2185756266117096,0.25304722785949707,0.5064730234444141
4488,gender_man,1,0.010748825967311859,0.08384616672992706,0.054087456315755844,0.8513175509870052
4488,gender_man,2,0.020035337656736374,0.044325102120637894,0.029587697237730026,0.9060518629848957
4488,gender_man,3,0.009305642917752266,0.06788230687379837,0.040303975343704224,0.8825080748647451
4488,gender_man,4,0.013190129771828651,0.10161307454109192,0.06474928557872772,0.8204475101083517
4488,gender_man,5,0.02360721118748188,0.12627804279327393,0.05472898855805397,0.7953857574611902
4488,gender_man,6,0.02125561237335205,0.12147471308708191,0.057854294776916504,0.7994153797626495
4488,gender_man,7,0.024777300655841827,0.20924073457717896,0.054335061460733414,0.7116469033062458
4488,gender_man,8,0.036961257457733154,0.20899486541748047,0.04510880634188652,0.7089350707828999
4488,gender_man,9,0.018911149352788925,0.25214922428131104,0.03065798431634903,0.698281642049551
4488,gender_man,10,0.02101317048072815,0.3017094135284424,0.018394414335489273,0.6588830016553402
4488,gender_man,11,0.016574949026107788,0.259823739528656,0.028268514201045036,0.6953327972441912
4488,gender_man,12,0.012971445918083191,0.3012867569923401,0.03650366887450218,0.6492381282150745
4488,gender_man,13,0.016857922077178955,0.3853418827056885,0.04980874061584473,0.5479914546012878
4488,gender_man,14,0.01062682643532753,0.4242274761199951,0.05730587616562843,0.5078398212790489
4488,gender_man,15,0.007529072463512421,0.31123900413513184,0.018324371427297592,0.6629075519740582
4488,gender_man,16,0.007847828790545464,0.23243269324302673,0.021791886538267136,0.7379275914281607
4488,gender_man,17,0.006333939731121063,0.2673763036727905,0.018094941973686218,0.7081948146224022
4488,gender_man,18,0.007025863975286484,0.18847021460533142,0.016520719975233078,0.787983201444149
4488,gender_man,19,0.003814712166786194,0.16258715093135834,0.013650190085172653,0.8199479468166828
4488,gender_man,20,0.005400056019425392,0.19245091080665588,0.015142003074288368,0.7870070300996304
4488,gender_man,21,0.0039021577686071396,0.09433358907699585,0.015482213348150253,0.8862820398062468
4488,gender_man,22,0.0031614024192094803,0.18917027115821838,0.00904302578419447,0.7986253006383777
4488,gender_man,23,0.0025865286588668823,0.09594734758138657,0.007949612103402615,0.8935165116563439
4488,gender_man,24,0.0014177002012729645,0.09214320778846741,0.005958134774118662,0.900480957236141
4488,gender_man,25,0.001524367486126721,0.04998885840177536,0.005572211928665638,0.9429145621834323
4488,gender_man,26,0.002010348252952099,0.056646835058927536,0.011283998377621174,0.9300588183104992
4488,gender_man,27,0.002435942180454731,0.07874946296215057,0.016250642016530037,0.9025639528408647
4488,gender_man,28,0.002081724349409342,0.06255394965410233,0.01675918512046337,0.918605140876025
4488,gender_man,29,0.0029848050326108932,0.048497214913368225,0.015840545296669006,0.9326774347573519
4488,gender_man,30,0.0046878233551979065,0.11040247231721878,0.0357111394405365,0.8491985648870468
4488,gender_man,31,0.0035203362349420786,0.049426283687353134,0.0367111898958683,0.9103421901818365
4488,gender_woman,0,0.02210633084177971,0.2185736894607544,0.25298282504081726,0.5063371546566486
4488,gender_woman,1,0.010716057382524014,0.08364855498075485,0.054365575313568115,0.851269812323153
4488,gender_woman,2,0.02006647177040577,0.04384204000234604,0.029298370704054832,0.9067931175231934
4488,gender_woman,3,0.009042954072356224,0.06724195927381516,0.03956742584705353,0.8841476608067751
4488,gender_woman,4,0.014545843005180359,0.10206817835569382,0.06430922448635101,0.8190767541527748
4488,gender_woman,5,0.02489735372364521,0.12629863619804382,0.05428702384233475,0.7945169862359762
4488,gender_woman,6,0.022235170006752014,0.12143959850072861,0.05753665417432785,0.7987885773181915
4488,gender_woman,7,0.024746445938944817,0.21179889142513275,0.05630609765648842,0.707148564979434
4488,gender_woman,8,0.0401250422000885,0.20696133375167847,0.04638827219605446,0.7065253518521786
4488,gender_woman,9,0.02051420882344246,0.25581368803977966,0.032019518315792084,0.6916525848209858
4488,gender_woman,10,0.021179810166358948,0.2938883900642395,0.01917414553463459,0.665757654234767
4488,gender_woman,11,0.01966223120689392,0.25711295008659363,0.030393322929739952,0.6928314957767725
4488,gender_woman,12,0.014933474361896515,0.305484414100647,0.03980548307299614,0.6397766284644604
4488,gender_woman,13,0.02256166562438011,0.38726502656936646,0.05301759019494057,0.5371557176113129
4488,gender_woman,14,0.01228155754506588,0.4177490174770355,0.05957231670618057,0.510397108271718
4488,gender_woman,15,0.008825207129120827,0.31642013788223267,0.020450562238693237,0.6543040927499533
4488,gender_woman,16,0.010893499478697777,0.2312157154083252,0.022706400603055954,0.7351843845099211
4488,gender_woman,17,0.007842592895030975,0.2641522288322449,0.018353529274463654,0.7096516489982605
4488,gender_woman,18,0.007266923785209656,0.18935170769691467,0.017377257347106934,0.7860041111707687
4488,gender_woman,19,0.004184644669294357,0.1631418913602829,0.014163109473884106,0.8185103544965386
4488,gender_woman,20,0.005101855844259262,0.19460363686084747,0.014979385770857334,0.7853151215240359
4488,gender_woman,21,0.0036724680103361607,0.09516900777816772,0.015761423856019974,0.8853971003554761
4488,gender_woman,22,0.0029264334589242935,0.19415909051895142,0.00904875248670578,0.7938657235354185
4488,gender_woman,23,0.0026986580342054367,0.09796936810016632,0.007904088124632835,0.8914278857409954
4488,gender_woman,24,0.0014789793640375137,0.09333360195159912,0.005888390354812145,0.8992990283295512
4488,gender_woman,25,0.0015025149332359433,0.049713123589754105,0.0053261262364685535,0.9434582352405414
4488,gender_woman,26,0.0021297577768564224,0.05687987804412842,0.011092599481344223,0.9298977646976709
4488,gender_woman,27,0.0025421171449124813,0.0823962464928627,0.015981964766979218,0.8990796715952456
4488,gender_woman,28,0.0021235833410173655,0.06552755832672119,0.016959864646196365,0.9153889936860651
4488,gender_woman,29,0.003049298422411084,0.05029679834842682,0.016056377440690994,0.9305975257884711
4488,gender_woman,30,0.00521811842918396,0.1160721555352211,0.03744935244321823,0.8412603735923767
4488,gender_woman,31,0.003632649313658476,0.04963584616780281,0.03816952556371689,0.9085619789548218
4488,region_western_europe,0,0.026189379394054413,0.21850913763046265,0.25275465846061707,0.5025468245148659
4488,region_western_europe,1,0.011121177114546299,0.08442605286836624,0.0538625568151474,0.8505902132019401
4488,region_western_europe,2,0.021664263680577278,0.04362534359097481,0.02791079506278038,0.9067995976656675
4488,region_western_europe,3,0.011938274838030338,0.06659474223852158,0.036628320813179016,0.8848386621102691
4488,region_western_europe,4,0.0166688933968544,0.10297156870365143,0.06293250620365143,0.8174270316958427
4488,region_western_europe,5,0.023846443742513657,0.12536396086215973,0.05548577010631561,0.795303825289011
4488,region_western_europe,6,0.023863524198532104,0.11968137323856354,0.06289513409137726,0.7935599684715271
4488,region_western_europe,7,0.02917155809700489,0.20750878751277924,0.06354819238185883,0.699771462008357
4488,region_western_europe,8,0.04757009446620941,0.201420396566391,0.05446095019578934,0.6965485587716103
4488,region_western_europe,9,0.026093535125255585,0.25390610098838806,0.03758168965578079,0.6824186742305756
4488,region_western_europe,10,0.02736649103462696,0.292161226272583,0.023611731827259064,0.656860550865531
4488,region_western_europe,11,0.025022417306900024,0.2480597198009491,0.036353033035993576,0.6905648298561573
4488,region_western_europe,12,0.017938703298568726,0.29179322719573975,0.04432472586631775,0.6459433436393738
4488,region_western_europe,13,0.01669963449239731,0.38690418004989624,0.05434229597449303,0.5420538894832134
4488,region_western_europe,14,0.011704182252287865,0.4253386855125427,0.053911130875349045,0.5090460013598204
4488,region_western_europe,15,0.008555070497095585,0.3286406993865967,0.020126953721046448,0.6426772763952613
4488,region_western_europe,16,0.007908875122666359,0.2317664623260498,0.0215320885181427,0.7387925740331411
4488,region_western_europe,17,0.006936423480510712,0.2565624713897705,0.019002458080649376,0.7174986470490694
4488,region_western_europe,18,0.0069693587720394135,0.19638535380363464,0.017758067697286606,0.7788872197270393
4488,region_western_europe,19,0.004220877308398485,0.1619919240474701,0.015470921993255615,0.8183162766508758
4488,region_western_europe,20,0.005294586531817913,0.19686105847358704,0.016440097242593765,0.7814042577520013
4488,region_western_europe,21,0.004263369366526604,0.10115252435207367,0.017682787030935287,0.8769013192504644
4488,region_western_europe,22,0.0039856284856796265,0.18965978920459747,0.009314275346696377,0.7970403069630265
4488,region_western_europe,23,0.0031503785867244005,0.09247240424156189,0.008365892805159092,0.8960113243665546
4488,region_western_europe,24,0.0024068616330623627,0.08659279346466064,0.0064054373651742935,0.9045949075371027
4488,region_western_europe,25,0.0016589765436947346,0.04410022124648094,0.005573882721364498,0.9486669194884598
4488,region_western_europe,26,0.0032371580600738525,0.05730611830949783,0.011617176234722137,0.9278395473957062
4488,region_western_europe,27,0.0033049285411834717,0.08004635572433472,0.016738398000597954,0.8999103177338839
4488,region_western_europe,28,0.0029464515391737223,0.06445054709911346,0.017036354169249535,0.9155666471924633
4488,region_western_europe,29,0.0036361482925713062,0.04840303212404251,0.01576683670282364,0.9321939828805625
4488,region_western_europe,30,0.00620415061712265,0.11095641553401947,0.039422981441020966,0.8434164524078369
4488,region_western_europe,31,0.004929573740810156,0.04862736165523529,0.03639082610607147,0.9100522384978831
4488,region_arab_culture,0,0.031110044568777084,0.21738557517528534,0.2521088421344757,0.49939553812146187
4488,region_arab_culture,1,0.013653779402375221,0.08224578201770782,0.052922092378139496,0.8511783462017775
4488,region_arab_culture,2,0.02290685661137104,0.043576840311288834,0.027338996529579163,0.906177306547761
4488,region_arab_culture,3,0.013865355402231216,0.066094309091568,0.03573352470993996,0.8843068107962608
4488,region_arab_culture,4,0.01878420263528824,0.10200533270835876,0.060933202505111694,0.8182772621512413
4488,region_arab_culture,5,0.02916323021054268,0.12076210975646973,0.054307568818330765,0.7957670912146568
4488,region_arab_culture,6,0.028345316648483276,0.11604075133800507,0.06133388727903366,0.794280044734478
4488,region_arab_culture,7,0.03265079855918884,0.20614637434482574,0.062093935906887054,0.6991088911890984
4488,region_arab_culture,8,0.05608641728758812,0.19475840032100677,0.053779274225234985,0.6953759081661701
4488,region_arab_culture,9,0.02999263070523739,0.2563410699367523,0.03866815194487572,0.6749981474131346
4488,region_arab_culture,10,0.031767599284648895,0.2791370749473572,0.024180438369512558,0.6649148873984814
4488,region_arab_culture,11,0.03302522003650665,0.24273967742919922,0.035626206547021866,0.6886088959872723
4488,region_arab_culture,12,0.02363707683980465,0.2895021140575409,0.04731856659054756,0.6395422425121069
4488,region_arab_culture,13,0.034532591700553894,0.3695735037326813,0.05657007545232773,0.5393238291144371
4488,region_arab_culture,14,0.017136696726083755,0.4045122265815735,0.06032934784889221,0.5180217288434505
4488,region_arab_culture,15,0.011307954788208008,0.31713923811912537,0.02047085016965866,0.651081956923008
4488,region_arab_culture,16,0.014666066505014896,0.23238837718963623,0.023758500814437866,0.729187055490911
4488,region_arab_culture,17,0.011756392195820808,0.24751493334770203,0.021282661706209183,0.719446012750268
4488,region_arab_culture,18,0.012690059840679169,0.19417105615139008,0.02179732359945774,0.771341560408473
4488,region_arab_culture,19,0.006522353272885084,0.16567429900169373,0.019010361284017563,0.8087929864414036
4488,region_arab_culture,20,0.007429138757288456,0.20454469323158264,0.018548080697655678,0.7694780873134732
4488,region_arab_culture,21,0.005730380769819021,0.09828408807516098,0.019366823136806488,0.8766187080182135
4488,region_arab_culture,22,0.005022232886403799,0.18767474591732025,0.010154800489544868,0.7971482207067311
4488,region_arab_culture,23,0.004136515315622091,0.09224840998649597,0.009426940232515335,0.8941881344653666
4488,region_arab_culture,24,0.003258913289755583,0.09168963134288788,0.007348969578742981,0.8977024857886136
4488,region_arab_culture,25,0.002385190688073635,0.045958034694194794,0.006561242043972015,0.9450955325737596
4488,region_arab_culture,26,0.004467162303626537,0.0654723271727562,0.01350095123052597,0.9165595592930913
4488,region_arab_culture,27,0.005102608352899551,0.08780791610479355,0.019433120265603065,0.8876563552767038
4488,region_arab_culture,28,0.003984658978879452,0.07516327500343323,0.019597511738538742,0.9012545542791486
4488,region_arab_culture,29,0.006510290317237377,0.05942848324775696,0.020621906965970993,0.9134393194690347
4488,region_arab_culture,30,0.010778147727251053,0.12218211591243744,0.04881063103675842,0.8182291053235531
4488,region_arab_culture,31,0.006428181659430265,0.05530000478029251,0.046097464859485626,0.8921743487007916
4488,religion_christian,0,0.018109912052750587,0.21916577219963074,0.2529835104942322,0.5097408052533865
4488,religion_christian,1,0.009110944345593452,0.08428838849067688,0.054582271724939346,0.8520183954387903
4488,religion_christian,2,0.01847781240940094,0.04275128245353699,0.02863778918981552,0.9101331159472466
4488,religion_christian,3,0.008694305084645748,0.06533139199018478,0.0389566645026207,0.8870176384225488
4488,religion_christian,4,0.017785072326660156,0.10431604832410812,0.06400242447853088,0.8138964548707008
4488,religion_christian,5,0.024834927171468735,0.12772294878959656,0.05465861037373543,0.7927835136651993
4488,religion_christian,6,0.02674734592437744,0.11834590882062912,0.05666978657245636,0.7982369586825371
4488,religion_christian,7,0.027031071484088898,0.20375989377498627,0.05648453161120415,0.7127245031297207
4488,religion_christian,8,0.03943634033203125,0.1980540156364441,0.05003751069307327,0.7124721333384514
4488,religion_christian,9,0.018112096935510635,0.24961191415786743,0.036152184009552,0.6961238048970699
4488,religion_christian,10,0.018463626503944397,0.306286096572876,0.0222408939152956,0.653009383007884
4488,religion_christian,11,0.013792961835861206,0.2619723379611969,0.030887296423316002,0.6933474037796259
4488,religion_christian,12,0.011733636260032654,0.30219268798828125,0.03985835611820221,0.6462153196334839
4488,religion_christian,13,0.01224440522491932,0.38219064474105835,0.05755660682916641,0.5480083432048559
4488,religion_christian,14,0.007396248169243336,0.43058156967163086,0.06269674748182297,0.49932543467730284
4488,religion_christian,15,0.006956232711672783,0.3210112750530243,0.01946413144469261,0.6525683607906103
4488,religion_christian,16,0.00710524246096611,0.23090322315692902,0.021637093275785446,0.7403544411063194
4488,religion_christian,17,0.005343127995729446,0.26195085048675537,0.0172062236815691,0.7154997978359461
4488,religion_christian,18,0.004313332960009575,0.18473300337791443,0.016577616333961487,0.7943760473281145
4488,religion_christian,19,0.003671504557132721,0.15936772525310516,0.013526909053325653,0.8234338611364365
4488,religion_christian,20,0.004649495705962181,0.2008988857269287,0.014916048385202885,0.7795355701819062
4488,religion_christian,21,0.002681740326806903,0.09591585397720337,0.015327711589634418,0.8860746941063553
4488,religion_christian,22,0.0024199001491069794,0.19426631927490234,0.008768899366259575,0.7945448812097311
4488,religion_christian,23,0.002041975036263466,0.09609057754278183,0.007520886138081551,0.8943465612828732
4488,religion_christian,24,0.0014213919639587402,0.09257243573665619,0.005820950958877802,0.9001852213405073
4488,religion_christian,25,0.0012374292127788067,0.05314145237207413,0.005493289325386286,0.9401278290897608
4488,religion_christian,26,0.002181495539844036,0.05624421685934067,0.01072227954864502,0.9308520080521703
4488,religion_christian,27,0.0028800582513213158,0.07943816483020782,0.015877272933721542,0.9018045039847493
4488,religion_christian,28,0.002358723431825638,0.0660381093621254,0.017191903665661812,0.9144112635403872
4488,religion_christian,29,0.004243096336722374,0.04996239021420479,0.01617385633289814,0.9296206571161747
4488,religion_christian,30,0.0067559704184532166,0.11237549781799316,0.03743657469749451,0.8434319570660591
4488,religion_christian,31,0.005170207470655441,0.052678197622299194,0.03752797842025757,0.9046236164867878
4488,religion_muslim,0,0.019848749041557312,0.21875208616256714,0.2522886097431183,0.5091105550527573
4488,religion_muslim,1,0.008711430244147778,0.08427807688713074,0.05520663782954216,0.8518038550391793
4488,religion_muslim,2,0.018641002476215363,0.042910583317279816,0.029184900224208832,0.909263513982296
4488,religion_muslim,3,0.01076839305460453,0.0655566155910492,0.039399608969688416,0.8842753823846579
4488,religion_muslim,4,0.01483033038675785,0.10299628973007202,0.06281276047229767,0.8193606194108725
4488,religion_muslim,5,0.022130370140075684,0.12513864040374756,0.05405168607831001,0.7986793033778667
4488,religion_muslim,6,0.023641303181648254,0.11919872462749481,0.05722539499402046,0.7999345771968365
4488,religion_muslim,7,0.02761358767747879,0.2047441154718399,0.0524190291762352,0.7152232676744461
4488,religion_muslim,8,0.043009161949157715,0.19619683921337128,0.05144978314638138,0.7093442156910896
4488,religion_muslim,9,0.023073159158229828,0.24698834121227264,0.03630104660987854,0.693637453019619
4488,religion_muslim,10,0.030217409133911133,0.27733635902404785,0.023978255689144135,0.6684679761528969
4488,religion_muslim,11,0.022383272647857666,0.2573748826980591,0.03418479859828949,0.6860570460557938
4488,religion_muslim,12,0.017217084765434265,0.2939218282699585,0.045286618173122406,0.6435744687914848
4488,religion_muslim,13,0.03331694006919861,0.37153202295303345,0.05859473720192909,0.5365562997758389
4488,religion_muslim,14,0.015468446537852287,0.4114606976509094,0.05208936333656311,0.5209814924746752
4488,religion_muslim,15,0.007923956960439682,0.31580695509910583,0.019481517374515533,0.656787570565939
4488,religion_muslim,16,0.01520315557718277,0.22087369859218597,0.02029397338628769,0.7436291724443436
4488,religion_muslim,17,0.009667091071605682,0.2503499984741211,0.017997806891798973,0.7219851035624743
4488,religion_muslim,18,0.007210962474346161,0.1815996766090393,0.020986687391996384,0.7902026735246181
4488,religion_muslim,19,0.004554148763418198,0.15328744053840637,0.015607322566211224,0.8265510881319642
4488,religion_muslim,20,0.005197400227189064,0.1973046213388443,0.01587771810591221,0.7816202603280544
4488,religion_muslim,21,0.0034546619281172752,0.08771854639053345,0.014702212996780872,0.8941245786845684
4488,religion_muslim,22,0.0027981549501419067,0.1861732304096222,0.00865665078163147,0.8023719638586044
4488,religion_muslim,23,0.0023186448961496353,0.09143117070198059,0.007839133962988853,0.8984110504388809
4488,religion_muslim,24,0.0024351729080080986,0.08670732378959656,0.00612170435488224,0.9047357989475131
4488,religion_muslim,25,0.001670545432716608,0.047529712319374084,0.00560426153242588,0.9451954807154834
4488,religion_muslim,26,0.002317381091415882,0.05398125946521759,0.010982148349285126,0.9327192110940814
4488,religion_muslim,27,0.003532538190484047,0.07399098575115204,0.016530103981494904,0.905946372076869
4488,religion_muslim,28,0.002604382811114192,0.06777676939964294,0.01887068897485733,0.9107481588143855
4488,religion_muslim,29,0.005132071673870087,0.049681730568408966,0.01884431205689907,0.9263418857008219
4488,religion_muslim,30,0.006332993507385254,0.1036732941865921,0.04210420325398445,0.8478895090520382
4488,religion_muslim,31,0.005642080679535866,0.04873558133840561,0.043321192264556885,0.9023011457175016
1249,baseline,0,,0.2394874542951584,0.14897583425045013,0.6115367114543915
1249,baseline,1,,0.099117711186409,0.040454018861055374,0.8604282699525356
1249,baseline,2,,0.04511456564068794,0.01753007434308529,0.9373553600162268
1249,baseline,3,,0.07311880588531494,0.026527831330895424,0.9003533627837896
1249,baseline,4,,0.11452990025281906,0.04835886508226395,0.837111234664917
1249,baseline,5,,0.1483704298734665,0.03282275050878525,0.8188068196177483
1249,baseline,6,,0.15366825461387634,0.03866952285170555,0.8076622225344181
1249,baseline,7,,0.2509244382381439,0.040410496294498444,0.7086650654673576
1249,baseline,8,,0.20699241757392883,0.039356134831905365,0.7536514475941658
1249,baseline,9,,0.263700932264328,0.027433155104517937,0.7088659126311541
1249,baseline,10,,0.25723811984062195,0.015250797383487225,0.7275110827758908
1249,baseline,11,,0.27927157282829285,0.02589859813451767,0.6948298290371895
1249,baseline,12,,0.33896681666374207,0.03192023187875748,0.6291129514575005
1249,baseline,13,,0.4206041693687439,0.03381838649511337,0.5455774441361427
1249,baseline,14,,0.4294204115867615,0.04528961330652237,0.5252899751067162
1249,baseline,15,,0.29492539167404175,0.014138845726847649,0.6909357625991106
1249,baseline,16,,0.23138102889060974,0.018894854933023453,0.7497241161763668
1249,baseline,17,,0.2622925639152527,0.017275797203183174,0.7204316388815641
1249,baseline,18,,0.22033964097499847,0.011572559364140034,0.7680877996608615
1249,baseline,19,,0.1644679754972458,0.008860123343765736,0.8266719011589885
1249,baseline,20,,0.25298070907592773,0.007357786409556866,0.7396615045145154
1249,baseline,21,,0.10495207458734512,0.011202496476471424,0.8838454289361835
1249,baseline,22,,0.18018481135368347,0.0038512402679771185,0.8159639483783394
1249,baseline,23,,0.0964173674583435,0.0040057264268398285,0.8995769061148167
1249,baseline,24,,0.09582722932100296,0.0040421257726848125,0.9001306449063122
1249,baseline,25,,0.061573684215545654,0.0031051128171384335,0.9353212029673159
1249,baseline,26,,0.06495703011751175,0.0053200628608465195,0.9297229070216417
1249,baseline,27,,0.07474017888307571,0.006826909724622965,0.9184329113923013
1249,baseline,28,,0.07424964010715485,0.005609036888927221,0.9201413230039179
1249,baseline,29,,0.06907300651073456,0.009078076109290123,0.9218489173799753
1249,baseline,30,,0.12177561968564987,0.01311317179352045,0.8651112085208297
1249,baseline,31,,0.05217951536178589,0.022028716281056404,0.9257917683571577
1249,gender_man,0,0.02803337201476097,0.2346140742301941,0.14559218287467957,0.5917603708803654
1249,gender_man,1,0.013207802549004555,0.09771634638309479,0.039320964366197586,0.8497548867017031
1249,gender_man,2,0.023722687736153603,0.046895842999219894,0.017256468534469604,0.9121250007301569
1249,gender_man,3,0.012029031291604042,0.07095084339380264,0.02491396851837635,0.892106156796217
1249,gender_man,4,0.01890813745558262,0.10785213857889175,0.04187760874629021,0.8313621152192354
1249,gender_man,5,0.040049586445093155,0.13728384673595428,0.02888413518667221,0.7937824316322803
1249,gender_man,6,0.03291073441505432,0.13327446579933167,0.03368981182575226,0.8001249879598618
1249,gender_man,7,0.034086622297763824,0.22964611649513245,0.043775524944067,0.6924917362630367
1249,gender_man,8,0.037133991718292236,0.2147645503282547,0.03988338261842728,0.7082180753350258
1249,gender_man,9,0.02277277410030365,0.2529166042804718,0.02822069078683853,0.696089930832386
1249,gender_man,10,0.027820885181427002,0.26396864652633667,0.017241299152374268,0.6909691691398621
1249,gender_man,11,0.019846081733703613,0.2616497874259949,0.032564759254455566,0.685939371585846
1249,gender_man,12,0.016972307115793228,0.3146069049835205,0.0408666618168354,0.6275541260838509
1249,gender_man,13,0.022930609062314034,0.37312957644462585,0.0518990233540535,0.5520407911390066
1249,gender_man,14,0.012025535106658936,0.4353243112564087,0.060053884983062744,0.49259626865386963
1249,gender_man,15,0.008510161191225052,0.3000728487968445,0.017155025154352188,0.6742619648575783
1249,gender_man,16,0.012130293995141983,0.2434125691652298,0.02719114162027836,0.7172659952193499
1249,gender_man,17,0.011180326342582703,0.2750591039657593,0.02476896531879902,0.688991604372859
1249,gender_man,18,0.00851844996213913,0.2181864082813263,0.013766597025096416,0.7595285447314382
1249,gender_man,19,0.00370977446436882,0.15669068694114685,0.010194794274866581,0.8294047443196177
1249,gender_man,20,0.006584502756595612,0.2598206698894501,0.008181408047676086,0.7254134193062782
1249,gender_man,21,0.004752383567392826,0.098981112241745,0.013248849660158157,0.883017654530704
1249,gender_man,22,0.004344917833805084,0.18008862435817719,0.004961973987519741,0.810604483820498
1249,gender_man,23,0.004305130802094936,0.09389655292034149,0.005199192091822624,0.896599124185741
1249,gender_man,24,0.002465188503265381,0.09671401232481003,0.005158873740583658,0.8956619254313409
1249,gender_man,25,0.002274918369948864,0.06194201484322548,0.003814233932644129,0.9319688328541815
1249,gender_man,26,0.002588624134659767,0.06961618363857269,0.0071680787950754166,0.9206271134316921
1249,gender_man,27,0.0032408898696303368,0.0719694048166275,0.00886375829577446,0.9159259470179677
1249,gender_man,28,0.002332335105165839,0.07891298085451126,0.007427855394780636,0.9113268286455423
1249,gender_man,29,0.005060553550720215,0.07644791156053543,0.0112238060683012,0.9072677288204432
1249,gender_man,30,0.006045997142791748,0.12943756580352783,0.016174595803022385,0.848341841250658
1249,gender_man,31,0.004294858314096928,0.0530279316008091,0.024534232914447784,0.9181429771706462
1249,gender_woman,0,0.028418298810720444,0.2344682812690735,0.14554664492607117,0.5915667749941349
1249,gender_woman,1,0.013298964127898216,0.09730106592178345,0.03931210935115814,0.8500878605991602
1249,gender_woman,2,0.02406015619635582,0.0462007112801075,0.017008451744914055,0.9127306807786226
1249,gender_woman,3,0.011885924264788628,0.07121633738279343,0.02469245344400406,0.8922052849084139
1249,gender_woman,4,0.020105795934796333,0.1066480278968811,0.040592826902866364,0.8326533492654562
1249,gender_woman,5,0.04124340042471886,0.1369883120059967,0.029444504529237747,0.7923237830400467
1249,gender_woman,6,0.03454658389091492,0.1342219114303589,0.034382425248622894,0.7968490794301033
1249,gender_woman,7,0.03418080508708954,0.22790926694869995,0.04348325729370117,0.6944266706705093
1249,gender_woman,8,0.04100501537322998,0.2133861631155014,0.039887815713882446,0.7057210057973862
1249,gender_woman,9,0.024912066757678986,0.2593376636505127,0.028645217418670654,0.6871050521731377
1249,gender_woman,10,0.027908146381378174,0.26288118958473206,0.016830284148454666,0.6923803798854351
1249,gender_woman,11,0.022521987557411194,0.2621185779571533,0.03177843987941742,0.6835809946060181
1249,gender_woman,12,0.019047338515520096,0.32473939657211304,0.04032089188694954,0.6158923730254173
1249,gender_woman,13,0.02707833983004093,0.37015479803085327,0.05146975815296173,0.5512971039861441
1249,gender_woman,14,0.013109086081385612,0.43726080656051636,0.06060587614774704,0.489024231210351
1249,gender_woman,15,0.009622376412153244,0.3067031502723694,0.01845042034983635,0.665224052965641
1249,gender_woman,16,0.01472330093383789,0.2392319142818451,0.028052009642124176,0.7179927751421928
1249,gender_woman,17,0.012592539191246033,0.26698237657546997,0.024905841797590256,0.6955192424356937
1249,gender_woman,18,0.009211152791976929,0.2113867700099945,0.013761831447482109,0.7656402457505465
1249,gender_woman,19,0.004099257290363312,0.15144214034080505,0.010876676067709923,0.8335819263011217
1249,gender_woman,20,0.006255418062210083,0.25858354568481445,0.008114118129014969,0.7270469181239605
1249,gender_woman,21,0.004526643082499504,0.09669099748134613,0.013295862823724747,0.8854864966124296
1249,gender_woman,22,0.004256516695022583,0.18673408031463623,0.005104651674628258,0.8039047513157129
1249,gender_woman,23,0.004538636654615402,0.09445326030254364,0.005174805875867605,0.8958332971669734
1249,gender_woman,24,0.0026078522205352783,0.09681309014558792,0.005313027650117874,0.8952660299837589
1249,gender_woman,25,0.002216047840192914,0.06318496912717819,0.004030418582260609,0.9305685644503683
1249,gender_woman,26,0.0030852044001221657,0.07066462188959122,0.007659564260393381,0.9185906094498932
1249,gender_woman,27,0.003502294421195984,0.07599907368421555,0.009613307192921638,0.9108853247016668
1249,gender_woman,28,0.0025739918928593397,0.08169396221637726,0.008199993520975113,0.9075320523697883
1249,gender_woman,29,0.005117136053740978,0.07950326055288315,0.012291021645069122,0.9030885817483068
1249,gender_woman,30,0.0069863200187683105,0.13861781358718872,0.018472498282790184,0.8359233681112528
1249,gender_woman,31,0.004312682896852493,0.0548858605325222,0.02651560865342617,0.9142858479171991
1249,region_western_europe,0,0.03329744562506676,0.2343388944864273,0.1450318545103073,0.5873318053781986
1249,region_western_europe,1,0.013683116063475609,0.09602192044258118,0.0374935008585453,0.8528014626353979
1249,region_western_europe,2,0.02592918649315834,0.04524516686797142,0.01577772945165634,0.9130479171872139
1249,region_western_europe,3,0.014638482592999935,0.06968799978494644,0.02278381772339344,0.8928896998986602
1249,region_western_europe,4,0.02179570309817791,0.1053374707698822,0.040463320910930634,0.8324035052210093
1249,region_western_europe,5,0.03865595906972885,0.13484585285186768,0.02990800142288208,0.7965901866555214
1249,region_western_europe,6,0.03480134904384613,0.1326763927936554,0.037927865982055664,0.7945943921804428
1249,region_western_europe,7,0.03869836777448654,0.2301013022661209,0.0460704043507576,0.685129925608635
1249,region_western_europe,8,0.04834931343793869,0.21156392991542816,0.039502426981925964,0.7005843296647072
1249,region_western_europe,9,0.03201804310083389,0.25442397594451904,0.02841476909816265,0.6851432118564844
1249,region_western_europe,10,0.037850040942430496,0.25568312406539917,0.017371267080307007,0.6890955679118633
1249,region_western_europe,11,0.030266907066106796,0.2531488537788391,0.03227419778704643,0.6843100413680077
1249,region_western_europe,12,0.023046862334012985,0.3039473295211792,0.0420377179980278,0.63096809014678
1249,region_western_europe,13,0.02442345768213272,0.3771577775478363,0.051626577973365784,0.5467921867966652
1249,region_western_europe,14,0.01692018285393715,0.44112613797187805,0.0617227703332901,0.4802309088408947
1249,region_western_europe,15,0.010041680186986923,0.3168274760246277,0.017133314162492752,0.6559975296258926
1249,region_western_europe,16,0.0120973140001297,0.24417786300182343,0.025509871542453766,0.7182149514555931
1249,region_western_europe,17,0.011613667011260986,0.2614225149154663,0.0219600610435009,0.7050037570297718
1249,region_western_europe,18,0.009528499096632004,0.22664806246757507,0.013710475526750088,0.7501129629090428
1249,region_western_europe,19,0.0037736385129392147,0.1558695137500763,0.010507684201002121,0.8298491635359824
1249,region_western_europe,20,0.005753613077104092,0.26807931065559387,0.00804357323795557,0.7181235030293465
1249,region_western_europe,21,0.004733806475996971,0.102149099111557,0.012112811207771301,0.8810042832046747
1249,region_western_europe,22,0.005043880082666874,0.17559421062469482,0.005077014211565256,0.814284895081073
1249,region_western_europe,23,0.004597971215844154,0.09586655348539352,0.0055393557995557785,0.8939961194992065
1249,region_western_europe,24,0.004179441835731268,0.10268945246934891,0.0054024080745875835,0.8877286976203322
1249,region_western_europe,25,0.002385216299444437,0.06446239352226257,0.0037982831709086895,0.9293541070073843
1249,region_western_europe,26,0.0037869252264499664,0.07021696865558624,0.006648312788456678,0.9193477933295071
1249,region_western_europe,27,0.004054288845509291,0.07595793902873993,0.00910940021276474,0.910878371912986
1249,region_western_europe,28,0.003559391014277935,0.08775296807289124,0.008150193840265274,0.9005374470725656
1249,region_western_europe,29,0.00619377288967371,0.07867095619440079,0.01263995561748743,0.9024953152984381
1249,region_western_europe,30,0.007594898343086243,0.13729709386825562,0.016429923474788666,0.8386780843138695
1249,region_western_europe,31,0.006441556848585606,0.055090002715587616,0.029607484117150307,0.9088609563186765
1249,region_arab_culture,0,0.03965117037296295,0.23274460434913635,0.1446673721075058,0.5829368531703949
1249,region_arab_culture,1,0.016332097351551056,0.09411643445491791,0.037094004452228546,0.8524574637413025
1249,region_arab_culture,2,0.027231432497501373,0.04470052570104599,0.015610781498253345,0.9124572603031993
1249,region_arab_culture,3,0.01685008779168129,0.0678480714559555,0.022553427144885063,0.8927484136074781
1249,region_arab_culture,4,0.02415754273533821,0.10497178137302399,0.0389174185693264,0.8319532573223114
1249,region_arab_culture,5,0.0442754365503788,0.1303791105747223,0.028262242674827576,0.7970832102000713
1249,region_arab_culture,6,0.041543856263160706,0.1303635537624359,0.03670692443847656,0.7913856655359268
1249,region_arab_culture,7,0.04247119277715683,0.223451167345047,0.0458059087395668,0.6882717311382294
1249,region_arab_culture,8,0.05686492100358009,0.20636972784996033,0.038263849914073944,0.6985015012323856
1249,region_arab_culture,9,0.039040397852659225,0.25684353709220886,0.028333211317658424,0.6757828537374735
1249,region_arab_culture,10,0.04516182094812393,0.24755878746509552,0.018679942935705185,0.6885994486510754
1249,region_arab_culture,11,0.04372355341911316,0.23638154566287994,0.03165992721915245,0.6882349736988544
1249,region_arab_culture,12,0.031372323632240295,0.294180691242218,0.048783063888549805,0.6256639212369919
1249,region_arab_culture,13,0.04911118745803833,0.3640792965888977,0.05916835367679596,0.527641162276268
1249,region_arab_culture,14,0.024063225835561752,0.40408217906951904,0.06863351166248322,0.503221083432436
1249,region_arab_culture,15,0.018171200528740883,0.2867598533630371,0.01874871924519539,0.6763202268630266
1249,region_arab_culture,16,0.0339750200510025,0.2252407968044281,0.02910938858985901,0.7116747945547104
1249,region_arab_culture,17,0.02918652631342411,0.24539928138256073,0.030772948637604713,0.6946412436664104
1249,region_arab_culture,18,0.0255135465413332,0.19799603521823883,0.02057661861181259,0.7559137996286154
1249,region_arab_culture,19,0.009169656783342361,0.13158255815505981,0.015507564879953861,0.843740220181644
1249,region_arab_culture,20,0.010174350813031197,0.24992315471172333,0.011127582751214504,0.728774911724031
1249,region_arab_culture,21,0.009056451730430126,0.0896093100309372,0.012100281193852425,0.8892339570447803
1249,region_arab_culture,22,0.008708667010068893,0.15711870789527893,0.007087670266628265,0.8270849548280239
1249,region_arab_culture,23,0.006493323016911745,0.07536084949970245,0.006563449744135141,0.9115823777392507
1249,region_arab_culture,24,0.010304948315024376,0.08459369093179703,0.006862219888716936,0.8982391408644617
1249,region_arab_culture,25,0.003120016772300005,0.047510258853435516,0.003900798037648201,0.9454689263366163
1249,region_arab_culture,26,0.008866295218467712,0.07654277980327606,0.012410994619131088,0.9021799303591251
1249,region_arab_culture,27,0.009409995749592781,0.08552302420139313,0.015530029311776161,0.8895369507372379
1249,region_arab_culture,28,0.008963348343968391,0.0992043986916542,0.016272731125354767,0.8755595218390226
1249,region_arab_culture,29,0.01969129964709282,0.09196129441261292,0.023021772503852844,0.8653256334364414
1249,region_arab_culture,30,0.03209172934293747,0.14584654569625854,0.031156424432992935,0.790905300527811
1249,region_arab_culture,31,0.009266262874007225,0.05295991525053978,0.036777980625629425,0.9009958412498236
1249,religion_christian,0,0.02402486652135849,0.23601160943508148,0.14632193744182587,0.5936415866017342
1249,religion_christian,1,0.011786718852818012,0.0975598618388176,0.03946736454963684,0.8511860547587276
1249,religion_christian,2,0.02141506038606167,0.04458765313029289,0.01659229025244713,0.9174049962311983
1249,religion_christian,3,0.011348255909979343,0.0686638206243515,0.025006111711263657,0.8949818117544055
1249,religion_christian,4,0.023510141298174858,0.10870151221752167,0.04048764333128929,0.8273007031530142
1249,religion_christian,5,0.041551943868398666,0.1362607628107071,0.029173260554671288,0.793014032766223
1249,religion_christian,6,0.03899937868118286,0.1314518004655838,0.033895447850227356,0.795653373003006
1249,religion_christian,7,0.036567822098731995,0.21729323267936707,0.04328470677137375,0.7028542384505272
1249,religion_christian,8,0.04386928677558899,0.20885086059570312,0.041385527700185776,0.7058943249285221
1249,religion_christian,9,0.023758798837661743,0.2503582835197449,0.03207974135875702,0.6938031762838364
1249,religion_christian,10,0.028011292219161987,0.2677218019962311,0.02106522023677826,0.6832016855478287
1249,religion_christian,11,0.01812182366847992,0.2607613801956177,0.03255434334278107,0.6885624527931213
1249,religion_christian,12,0.014900613576173782,0.3202260136604309,0.038887981325387955,0.6259853914380074
1249,religion_christian,13,0.01605817675590515,0.38165417313575745,0.05097772926092148,0.5513099208474159
1249,religion_christian,14,0.008929487317800522,0.44679248332977295,0.054505087435245514,0.489772941917181
1249,religion_christian,15,0.008361270651221275,0.3089737892150879,0.015609310939908028,0.6670556291937828
1249,religion_christian,16,0.010271571576595306,0.2389174848794937,0.023646382614970207,0.7271645609289408
1249,religion_christian,17,0.009133368730545044,0.25574764609336853,0.02243679203093052,0.7126821931451559
1249,religion_christian,18,0.005738668143749237,0.2131117582321167,0.012724138796329498,0.7684254348278046
1249,religion_christian,19,0.0035024285316467285,0.15549086034297943,0.009741298854351044,0.8312654122710228
1249,religion_christian,20,0.006014978513121605,0.2542281150817871,0.007462199777364731,0.7322947066277266
1249,religion_christian,21,0.003531078342348337,0.09572930634021759,0.01244825404137373,0.8882913612760603
1249,religion_christian,22,0.0033575929701328278,0.1762048304080963,0.004182231146842241,0.8162553454749286
1249,religion_christian,23,0.0030616149306297302,0.09469407796859741,0.004214319866150618,0.8980299872346222
1249,religion_christian,24,0.0019637905061244965,0.09479248523712158,0.004306728020310402,0.8989369962364435
1249,religion_christian,25,0.0016633052146062255,0.06406346708536148,0.0032932963222265244,0.9309799313778058
1249,religion_christian,26,0.0025553517043590546,0.06642771512269974,0.00585169205442071,0.9251652411185205
1249,religion_christian,27,0.0035459622740745544,0.07208175957202911,0.007975567132234573,0.9163967110216618
1249,religion_christian,28,0.002666786313056946,0.0783199742436409,0.006713437847793102,0.912299801595509
1249,religion_christian,29,0.006593702360987663,0.07356971502304077,0.010663550347089767,0.9091730322688818
1249,religion_christian,30,0.007276162505149841,0.12384379655122757,0.014206543564796448,0.8546734973788261
1249,religion_christian,31,0.005963142961263657,0.05447959899902344,0.023208267986774445,0.9163489900529385
1249,religion_muslim,0,0.026204023510217667,0.23543496429920197,0.14571450650691986,0.5926465056836605
1249,religion_muslim,1,0.011299760080873966,0.09730978310108185,0.04033306613564491,0.8510573906823993
1249,religion_muslim,2,0.021936289966106415,0.04472244903445244,0.017104068771004677,0.9162371922284365
1249,religion_muslim,3,0.013083260506391525,0.06891615688800812,0.024855313822627068,0.8931452687829733
1249,religion_muslim,4,0.02004157193005085,0.10826092213392258,0.04033416137099266,0.8313633445650339
1249,religion_muslim,5,0.0368470773100853,0.13358767330646515,0.029319442808628082,0.8002458065748215
1249,religion_muslim,6,0.03615325689315796,0.1318185031414032,0.034534282982349396,0.7974939569830894
1249,religion_muslim,7,0.03633240610361099,0.21656587719917297,0.041016560047864914,0.7060851566493511
1249,religion_muslim,8,0.04830259084701538,0.19935819506645203,0.04131890833377838,0.7110203057527542
1249,religion_muslim,9,0.02999970316886902,0.2441636323928833,0.03152010217308998,0.6943165622651577
1249,religion_muslim,10,0.042914241552352905,0.24454902112483978,0.019900113344192505,0.6926366239786148
1249,religion_muslim,11,0.03480815887451172,0.2454686462879181,0.03383608162403107,0.6858871132135391
1249,religion_muslim,12,0.02436082623898983,0.30851271748542786,0.0472659096121788,0.6198605466634035
1249,religion_muslim,13,0.0433020144701004,0.365503191947937,0.054866403341293335,0.5363283902406693
1249,religion_muslim,14,0.017272628843784332,0.4195195734500885,0.05214235186576843,0.5110654458403587
1249,religion_muslim,15,0.009462378919124603,0.3079436123371124,0.01488947868347168,0.6677045300602913
1249,religion_muslim,16,0.020581893622875214,0.22533650696277618,0.019599277526140213,0.7344823218882084
1249,religion_muslim,17,0.01583319902420044,0.2369478940963745,0.021691493690013885,0.7255274131894112
1249,religion_muslim,18,0.009832747280597687,0.20157833397388458,0.015888266265392303,0.7727006524801254
1249,religion_muslim,19,0.005137363448739052,0.14038756489753723,0.01146792620420456,0.8430071454495192
1249,religion_muslim,20,0.007139705121517181,0.24870143830776215,0.008098330348730087,0.7360605262219906
1249,religion_muslim,21,0.005371270701289177,0.08457741141319275,0.009637521579861641,0.9004137963056564
1249,religion_muslim,22,0.005105152726173401,0.16852447390556335,0.00576892402023077,0.8206014493480325
1249,religion_muslim,23,0.003915389999747276,0.09971721470355988,0.0056635732762515545,0.8907038220204413
1249,religion_muslim,24,0.004311494529247284,0.09511339664459229,0.005517926998436451,0.895057181827724
1249,religion_muslim,25,0.0025110701099038124,0.06147567182779312,0.0033837712835520506,0.932629486778751
1249,religion_muslim,26,0.0037351101636886597,0.07173313945531845,0.007370016537606716,0.9171617338433862
1249,religion_muslim,27,0.005439456552267075,0.07406795024871826,0.010500156320631504,0.9099924368783832
1249,religion_muslim,28,0.0039801765233278275,0.09296064078807831,0.010539529845118523,0.8925196528434753
1249,religion_muslim,29,0.008204828947782516,0.07494691759347916,0.013992377556860447,0.9028558759018779
1249,religion_muslim,30,0.009267538785934448,0.13059908151626587,0.018254583701491356,0.8418787959963083
1249,religion_muslim,31,0.007888292893767357,0.05872021242976189,0.032136984169483185,0.9012545105069876
3491,baseline,0,,0.2217143028974533,0.25783976912498474,0.520445927977562
3491,baseline,1,,0.09135567396879196,0.0633515864610672,0.8452927395701408
3491,baseline,2,,0.04081229865550995,0.027081701904535294,0.9321059994399548
3491,baseline,3,,0.06614948064088821,0.04446043819189072,0.8893900811672211
3491,baseline,4,,0.10802400857210159,0.07590357959270477,0.8160724118351936
3491,baseline,5,,0.1299126148223877,0.06214047595858574,0.8079469092190266
3491,baseline,6,,0.13753652572631836,0.06802345812320709,0.7944400161504745
3491,baseline,7,,0.2433733493089676,0.06667366623878479,0.6899529844522476
3491,baseline,8,,0.19229838252067566,0.05630107969045639,0.751400537788868
3491,baseline,9,,0.2764822542667389,0.03723166510462761,0.6862860806286335
3491,baseline,10,,0.26121559739112854,0.02415505424141884,0.7146293483674526
3491,baseline,11,,0.288144588470459,0.036115482449531555,0.6757399290800095
3491,baseline,12,,0.33568164706230164,0.03593085706233978,0.6283874958753586
3491,baseline,13,,0.4229109585285187,0.03372824937105179,0.5433607921004295
3491,baseline,14,,0.44305944442749023,0.0463155172765255,0.5106250382959843
3491,baseline,15,,0.2910566031932831,0.015321530401706696,0.6936218664050102
3491,baseline,16,,0.23162692785263062,0.020403197035193443,0.7479698751121759
3491,baseline,17,,0.27048346400260925,0.01827569305896759,0.7112408429384232
3491,baseline,18,,0.21953201293945312,0.019692739471793175,0.7607752475887537
3491,baseline,19,,0.1774289608001709,0.011060464195907116,0.811510575003922
3491,baseline,20,,0.22459876537322998,0.013630877248942852,0.7617703573778272
3491,baseline,21,,0.10942701995372772,0.010424289852380753,0.8801486901938915
3491,baseline,22,,0.20821493864059448,0.008242777548730373,0.7835422838106751
3491,baseline,23,,0.10656596720218658,0.0074461218900978565,0.8859879109077156
3491,baseline,24,,0.09321984648704529,0.006355038844048977,0.9004251146689057
3491,baseline,25,,0.053288474678993225,0.0053359996527433395,0.9413755256682634
3491,baseline,26,,0.06184455752372742,0.009936120361089706,0.9282193221151829
3491,baseline,27,,0.07489414513111115,0.012973283417522907,0.912132571451366
3491,baseline,28,,0.06219661980867386,0.012850901111960411,0.9249524790793657
3491,baseline,29,,0.05052744597196579,0.016099339351058006,0.9333732146769762
3491,baseline,30,,0.12092969566583633,0.025084998458623886,0.8539853058755398
3491,baseline,31,,0.04732897877693176,0.03198153153061867,0.9206894896924496
3491,gender_man,0,0.01848503202199936,0.21923992037773132,0.25370627641677856,0.5085687711834908
3491,gender_man,1,0.0110796969383955,0.08982313424348831,0.059869080781936646,0.8392280880361795
3491,gender_man,2,0.020691126585006714,0.04176543653011322,0.026266789063811302,0.9112766478210688
3491,gender_man,3,0.009401822462677956,0.06479671597480774,0.04293897747993469,0.8828624840825796
3491,gender_man,4,0.012067247182130814,0.0984816700220108,0.06777298450469971,0.8216780982911587
3491,gender_man,5,0.03276622295379639,0.1221056878566742,0.061534710228443146,0.7835933789610863
3491,gender_man,6,0.022984467446804047,0.11933682858943939,0.06501240283250809,0.7926663011312485
3491,gender_man,7,0.026519857347011566,0.22289524972438812,0.06819100677967072,0.6823938861489296
3491,gender_man,8,0.032907187938690186,0.20057077705860138,0.05650933459401131,0.7100127004086971
3491,gender_man,9,0.01456150971353054,0.2683378756046295,0.03791641443967819,0.6791842002421618
3491,gender_man,10,0.020886659622192383,0.2647092640399933,0.024460110813379288,0.689943965524435
3491,gender_man,11,0.016556784510612488,0.2750512659549713,0.04041419178247452,0.6679777577519417
3491,gender_man,12,0.01036805659532547,0.31938430666923523,0.04580271244049072,0.6244449242949486
3491,gender_man,13,0.01515558548271656,0.4112766683101654,0.0462227389216423,0.5273450072854757
3491,gender_man,14,0.008938676677644253,0.4369576573371887,0.05812700837850571,0.4959766576066613
3491,gender_man,15,0.006677333265542984,0.2846910059452057,0.014703737571835518,0.6939279232174158
3491,gender_man,16,0.007308945991098881,0.23273001611232758,0.02322407066822052,0.736736967228353
3491,gender_man,17,0.007028133608400822,0.2651030421257019,0.02086472138762474,0.7070041028782725
3491,gender_man,18,0.007830105721950531,0.2098878026008606,0.021639712154865265,0.7606423795223236
3491,gender_man,19,0.003694474697113037,0.17894183099269867,0.012608427554368973,0.8047552667558193
3491,gender_man,20,0.004824291914701462,0.21168284118175507,0.015323588624596596,0.7681692782789469
3491,gender_man,21,0.003772164462134242,0.11089278757572174,0.011910941451787949,0.8734241065103561
3491,gender_man,22,0.00300704687833786,0.2149987667798996,0.009934869594871998,0.7720593167468905
3491,gender_man,23,0.0025665550492703915,0.10112587362527847,0.008605889976024628,0.8877016813494265
3491,gender_man,24,0.0013294592499732971,0.09026896953582764,0.006794010754674673,0.9016075604595244
3491,gender_man,25,0.0012411170173436403,0.052821606397628784,0.0054401797242462635,0.9404970968607813
3491,gender_man,26,0.0018478501588106155,0.06430543214082718,0.0106778210029006,0.9231688966974616
3491,gender_man,27,0.0021141713950783014,0.07866906374692917,0.014302652329206467,0.9049141125287861
3491,gender_man,28,0.001704983995296061,0.06565957516431808,0.014391507022082806,0.918243933818303
3491,gender_man,29,0.0026777302846312523,0.05343747138977051,0.018359340727329254,0.925525457598269
3491,gender_man,30,0.004194710403680801,0.11783519387245178,0.02926543727517128,0.8487046584486961
3491,gender_man,31,0.0029660628642886877,0.04931776970624924,0.036752257496118546,0.9109639099333435
3491,gender_woman,0,0.018730726093053818,0.21918189525604248,0.25362563133239746,0.5084617473185062
3491,gender_woman,1,0.01117179449647665,0.08971195667982101,0.059825800359249115,0.8392904484644532
3491,gender_woman,2,0.021044952794909477,0.04115717485547066,0.0259222574532032,0.9118756148964167
3491,gender_woman,3,0.009290888905525208,0.06463117897510529,0.04230141639709473,0.8837765157222748
3491,gender_woman,4,0.013159193098545074,0.0984777957201004,0.0669388473033905,0.821424163877964
3491,gender_woman,5,0.0345248207449913,0.1214970201253891,0.059546761214733124,0.7844313979148865
3491,gender_woman,6,0.024150535464286804,0.11907702684402466,0.0636259913444519,0.7931464463472366
3491,gender_woman,7,0.02643488720059395,0.22297313809394836,0.06491230428218842,0.6856796704232693
3491,gender_woman,8,0.03581508994102478,0.2017011046409607,0.055759623646736145,0.7067241817712784
3491,gender_woman,9,0.015884149819612503,0.26994413137435913,0.038541506975889206,0.6756302118301392
3491,gender_woman,10,0.02027299255132675,0.26080143451690674,0.02538619562983513,0.6935393773019314
3491,gender_woman,11,0.018960177898406982,0.2695212960243225,0.0415254682302475,0.669993057847023
3491,gender_woman,12,0.011800844222307205,0.327670156955719,0.047899357974529266,0.6126296408474445
3491,gender_woman,13,0.019752174615859985,0.40827676653862,0.04472220689058304,0.527248851954937
3491,gender_woman,14,0.010878359898924828,0.44659286737442017,0.053344644606113434,0.4891841281205416
3491,gender_woman,15,0.00798669271171093,0.291192889213562,0.015378398820757866,0.6854420192539692
3491,gender_woman,16,0.010648897849023342,0.22882641851902008,0.022903459146618843,0.7376212244853377
3491,gender_woman,17,0.009185787290334702,0.2593648433685303,0.02049199305474758,0.7109573762863874
3491,gender_woman,18,0.008324149996042252,0.21214310824871063,0.02229398302733898,0.7572387587279081
3491,gender_woman,19,0.00393670191988349,0.1765570193529129,0.012754026800394058,0.8067522519268095
3491,gender_woman,20,0.0044155484065413475,0.2201160192489624,0.014961473643779755,0.7605069587007165
3491,gender_woman,21,0.0035105065908282995,0.10772820562124252,0.011832889169454575,0.8769283986184746
3491,gender_woman,22,0.0027409549802541733,0.22013433277606964,0.009931439533829689,0.7671932727098465
3491,gender_woman,23,0.0027814963832497597,0.10543732345104218,0.008482228964567184,0.8832989512011409
3491,gender_woman,24,0.0013502947986125946,0.09328959137201309,0.006961463950574398,0.8983986498787999
3491,gender_woman,25,0.0012388841714709997,0.05475999414920807,0.005616854410618544,0.9383842672687024
3491,gender_woman,26,0.002035503275692463,0.0631374716758728,0.010742533020675182,0.9240844920277596
3491,gender_woman,27,0.0021165357902646065,0.08018327504396439,0.01460806094110012,0.9030921282246709
3491,gender_woman,28,0.0017136065289378166,0.06787135452032089,0.014957370236515999,0.9154576687142253
3491,gender_woman,29,0.002646619686856866,0.053041670471429825,0.01810791902244091,0.9262037908192724
3491,gender_woman,30,0.004493281245231628,0.12321639060974121,0.03105311654508114,0.841237211599946
3491,gender_woman,31,0.0029286392964422703,0.04890863597393036,0.03548489883542061,0.9126778258942068
3491,region_western_europe,0,0.022878173738718033,0.21940955519676208,0.25216108560562134,0.5055511854588985
3491,region_western_europe,1,0.011329391971230507,0.08868919312953949,0.058158084750175476,0.8418233301490545
3491,region_western_europe,2,0.022585587576031685,0.04130333289504051,0.02467988058924675,0.911431198939681
3491,region_western_europe,3,0.012425131164491177,0.0642416775226593,0.039308108389377594,0.8840250829234719
3491,region_western_europe,4,0.013853546231985092,0.09796077013015747,0.06622355431318283,0.8219621293246746
3491,region_western_europe,5,0.03171346336603165,0.12174593657255173,0.06091362610459328,0.7856269739568233
3491,region_western_europe,6,0.025617197155952454,0.11844556778669357,0.06653331965208054,0.7894039154052734
3491,region_western_europe,7,0.030593877658247948,0.22388674318790436,0.0686194896697998,0.6768998894840479
3491,region_western_europe,8,0.041127759963274,0.1954772025346756,0.058233074843883514,0.7051619626581669
3491,region_western_europe,9,0.01968565583229065,0.2695274353027344,0.03917296975851059,0.6716139391064644
3491,region_western_europe,10,0.027171781286597252,0.25646114349365234,0.027338916435837746,0.6890281587839127
3491,region_western_europe,11,0.02485848218202591,0.2670138478279114,0.044768474996089935,0.6633591949939728
3491,region_western_europe,12,0.01373625174164772,0.31097954511642456,0.047517672181129456,0.6277665309607983
3491,region_western_europe,13,0.01567303016781807,0.41046738624572754,0.04652329534292221,0.5273362882435322
3491,region_western_europe,14,0.010509305633604527,0.44731825590133667,0.05045712739229202,0.4917153110727668
3491,region_western_europe,15,0.007243631407618523,0.301395058631897,0.013524777255952358,0.6778365327045321
3491,region_western_europe,16,0.007788218557834625,0.2304365038871765,0.021202340722084045,0.7405729368329048
3491,region_western_europe,17,0.007112756371498108,0.2627900242805481,0.01821250468492508,0.7118847146630287
3491,region_western_europe,18,0.00797535851597786,0.213180810213089,0.020244982093572617,0.7585988491773605
3491,region_western_europe,19,0.003988734446465969,0.17730671167373657,0.012755660340189934,0.8059488935396075
3491,region_western_europe,20,0.004706060513854027,0.20528194308280945,0.014584172517061234,0.7754278238862753
3491,region_western_europe,21,0.004065395798534155,0.11883984506130219,0.011868870817124844,0.8652258883230388
3491,region_western_europe,22,0.003966296091675758,0.20784609019756317,0.01011112704873085,0.7780764866620302
3491,region_western_europe,23,0.003263898892328143,0.09772316366434097,0.008348535746335983,0.8906644016969949
3491,region_western_europe,24,0.0022993567399680614,0.08503060787916183,0.006657158024609089,0.906012877356261
3491,region_western_europe,25,0.0014567568432539701,0.046530865132808685,0.00502290902659297,0.9469894689973444
3491,region_western_europe,26,0.0030916575342416763,0.06267739832401276,0.010043300688266754,0.9241876434534788
3491,region_western_europe,27,0.002881042193621397,0.08005839586257935,0.014382444322109222,0.90267811762169
3491,region_western_europe,28,0.002541016787290573,0.06711339205503464,0.014743588864803314,0.9156020022928715
3491,region_western_europe,29,0.0031272433698177338,0.05051930248737335,0.01760418340563774,0.9287492707371712
3491,region_western_europe,30,0.005949288606643677,0.11697670817375183,0.031273286789655685,0.8458007164299488
3491,region_western_europe,31,0.004199775867164135,0.04804207384586334,0.037192314863204956,0.9105658354237676
3491,region_arab_culture,0,0.02757282555103302,0.21813905239105225,0.2507238984107971,0.5035642236471176
3491,region_arab_culture,1,0.013463234528899193,0.08825775235891342,0.05700068175792694,0.8412783313542604
3491,region_arab_culture,2,0.023789916187524796,0.04174584150314331,0.024394486099481583,0.9100697562098503
3491,region_arab_culture,3,0.014147642999887466,0.06410933285951614,0.03804638609290123,0.8836966380476952
3491,region_arab_culture,4,0.015739409253001213,0.09779946506023407,0.06375160813331604,0.8227095175534487
3491,region_arab_culture,5,0.036222945898771286,0.11875167489051819,0.05662653595209122,0.7883988432586193
3491,region_arab_culture,6,0.030082598328590393,0.11783204227685928,0.05989227071404457,0.7921930886805058
3491,region_arab_culture,7,0.03399183601140976,0.22594000399112701,0.064623162150383,0.6754449978470802
3491,region_arab_culture,8,0.048479802906513214,0.1905747950077057,0.05606815591454506,0.704877246171236
3491,region_arab_culture,9,0.02346992865204811,0.2705497145652771,0.040481291711330414,0.6654990650713444
3491,region_arab_culture,10,0.03183314949274063,0.25465214252471924,0.028900770470499992,0.6846139375120401
3491,region_arab_culture,11,0.031179040670394897,0.26249340176582336,0.04534479230642319,0.6609827652573586
3491,region_arab_culture,12,0.018223626539111137,0.31117916107177734,0.0498577319085598,0.6207394804805517
3491,region_arab_culture,13,0.030271470546722412,0.4007115066051483,0.050209298729896545,0.5188077241182327
3491,region_arab_culture,14,0.01578819751739502,0.4406333863735199,0.049188464879989624,0.49438995122909546
3491,region_arab_culture,15,0.01148468442261219,0.2935856580734253,0.014467988163232803,0.6804616693407297
3491,region_arab_culture,16,0.017946114763617516,0.23357805609703064,0.022110333666205406,0.7263654954731464
3491,region_arab_culture,17,0.014558002352714539,0.2582716643810272,0.02181675098836422,0.705353582277894
3491,region_arab_culture,18,0.016000691801309586,0.21163566410541534,0.025834940373897552,0.7465287037193775
3491,region_arab_culture,19,0.006607066374272108,0.16916640102863312,0.015047634951770306,0.8091788976453245
3491,region_arab_culture,20,0.007192522287368774,0.2149038016796112,0.017269061878323555,0.7606346141546965
3491,region_arab_culture,21,0.0064042359590530396,0.11078520119190216,0.013082040473818779,0.869728522375226
3491,region_arab_culture,22,0.005813074763864279,0.20803049206733704,0.011549839749932289,0.7746065934188664
3491,region_arab_culture,23,0.00487768929451704,0.08965997397899628,0.009492229670286179,0.8959701070562005
3491,region_arab_culture,24,0.0036206627264618874,0.08441383391618729,0.008210459724068642,0.9037550436332822
3491,region_arab_culture,25,0.0024696446489542723,0.046611689031124115,0.006412060000002384,0.9445066063199192
3491,region_arab_culture,26,0.0049905842170119286,0.07129983603954315,0.01258726604282856,0.9111223137006164
3491,region_arab_culture,27,0.005283312872052193,0.08367899060249329,0.01819862425327301,0.8928390722721815
3491,region_arab_culture,28,0.004385955631732941,0.08348029851913452,0.019473107531666756,0.8926606383174658
3491,region_arab_culture,29,0.007360175251960754,0.061872802674770355,0.02741294726729393,0.903354074805975
3491,region_arab_culture,30,0.012248411774635315,0.1191330999135971,0.0451614186167717,0.8234570696949959
3491,region_arab_culture,31,0.005819092970341444,0.05231860652565956,0.05233319103717804,0.889529109466821
3491,religion_christian,0,0.015478936024010181,0.21959485113620758,0.25443562865257263,0.5104905841872096
3491,religion_christian,1,0.009865800850093365,0.09031567722558975,0.06019831448793411,0.8396202074363828
3491,religion_christian,2,0.019535163417458534,0.04039213806390762,0.025483861565589905,0.9145888369530439
3491,religion_christian,3,0.009466925635933876,0.0634038895368576,0.042140595614910126,0.8849885892122984
3491,religion_christian,4,0.016634231433272362,0.09961855411529541,0.06767018139362335,0.8160770330578089
3491,religion_christian,5,0.03292611986398697,0.12210541218519211,0.05971597135066986,0.7852524966001511
3491,religion_christian,6,0.029165565967559814,0.11753172427415848,0.06242981553077698,0.7908728942275047
3491,religion_christian,7,0.028789550065994263,0.21305330097675323,0.0663570761680603,0.6918000727891922
3491,religion_christian,8,0.0344318151473999,0.19116239249706268,0.06168418750166893,0.7127216048538685
3491,religion_christian,9,0.014560125768184662,0.2659483551979065,0.044045984745025635,0.6754455342888832
3491,religion_christian,10,0.017748728394508362,0.2712775766849518,0.027702918276190758,0.6832707766443491
3491,religion_christian,11,0.01346355676651001,0.268302321434021,0.040251657366752625,0.6779824644327164
3491,religion_christian,12,0.009197287261486053,0.31755417585372925,0.04768902808427811,0.6255595088005066
3491,religion_christian,13,0.010097413323819637,0.4099639058113098,0.04759248346090317,0.5323461974039674
3491,religion_christian,14,0.006124473642557859,0.4474215805530548,0.0561605840921402,0.49029336171224713
3491,religion_christian,15,0.005190852098166943,0.30278706550598145,0.013108940795063972,0.6789131416007876
3491,religion_christian,16,0.005762364715337753,0.22848303616046906,0.019320614635944366,0.7464339844882488
3491,religion_christian,17,0.005489081144332886,0.2578272819519043,0.017504094168543816,0.719179542735219
3491,religion_christian,18,0.0044274600222706795,0.20546668767929077,0.018682248890399933,0.7714236034080386
3491,religion_christian,19,0.00344016682356596,0.17716878652572632,0.011517982929944992,0.8078730637207627
3491,religion_christian,20,0.004060705192387104,0.20827996730804443,0.01345650851726532,0.7742028189823031
3491,religion_christian,21,0.0023192744702100754,0.10926805436611176,0.010407793335616589,0.8780048778280616
3491,religion_christian,22,0.0020888932049274445,0.21566222608089447,0.009174030274152756,0.7730748504400253
3491,religion_christian,23,0.001828978769481182,0.09907875955104828,0.008014309220016003,0.8910779524594545
3491,religion_christian,24,0.001097116619348526,0.08621326088905334,0.0062451791018247604,0.9064444433897734
3491,religion_christian,25,0.0009494780097156763,0.04923577979207039,0.005098278634250164,0.9447164635639638
3491,religion_christian,26,0.0018697991035878658,0.06162670627236366,0.009609708562493324,0.9268937860615551
3491,religion_christian,27,0.002311230869963765,0.07884436100721359,0.013296931982040405,0.9055474761407822
3491,religion_christian,28,0.0018942095339298248,0.06428156793117523,0.013399109244346619,0.9204251132905483
3491,religion_christian,29,0.0038043386302888393,0.04970332607626915,0.0167163647711277,0.9297759705223143
3491,religion_christian,30,0.005888201296329498,0.11406077444553375,0.028708841651678085,0.8513421826064587
3491,religion_christian,31,0.004052429459989071,0.04818946123123169,0.03429053723812103,0.9134675720706582
3491,religion_muslim,0,0.016720671206712723,0.21929161250591278,0.25393444299697876,0.5100532732903957
3491,religion_muslim,1,0.00945383869111538,0.09031692147254944,0.060553617775440216,0.839675622060895
3491,religion_muslim,2,0.02000439539551735,0.04062914103269577,0.026053771376609802,0.9133126921951771
3491,religion_muslim,3,0.011123660951852798,0.06389006972312927,0.042072594165802,0.8829136751592159
3491,religion_muslim,4,0.013639613054692745,0.0991809293627739,0.06604340672492981,0.8211360508576035
3491,religion_muslim,5,0.02963828295469284,0.11971531808376312,0.05678671598434448,0.7938596829771996
3491,religion_muslim,6,0.025937519967556,0.11880496889352798,0.06034601852297783,0.7949114926159382
3491,religion_muslim,7,0.0302785262465477,0.2139192670583725,0.06349777430295944,0.6923044323921204
3491,religion_muslim,8,0.03953254222869873,0.18645258247852325,0.06038154289126396,0.713633332401514
3491,religion_muslim,9,0.018900997936725616,0.2593693137168884,0.04248548671603203,0.6792442016303539
3491,religion_muslim,10,0.03110373020172119,0.2510499358177185,0.030502472072839737,0.6873438619077206
3491,religion_muslim,11,0.023761391639709473,0.26366621255874634,0.04432050138711929,0.6682518944144249
3491,religion_muslim,12,0.014200538396835327,0.31707626581192017,0.0498623251914978,0.6188608705997467
3491,religion_muslim,13,0.02921639382839203,0.4052846431732178,0.04752310365438461,0.5179758593440056
3491,religion_muslim,14,0.011784927919507027,0.4403223991394043,0.04909750819206238,0.4987951647490263
3491,religion_muslim,15,0.0068564265966415405,0.3012092411518097,0.013879159465432167,0.6780551727861166
3491,religion_muslim,16,0.0123235322535038,0.23020604252815247,0.022732049226760864,0.7347383759915829
3491,religion_muslim,17,0.009070523083209991,0.25971660017967224,0.02049114555120468,0.7107217311859131
3491,religion_muslim,18,0.007052473723888397,0.21819907426834106,0.02356918901205063,0.7511792629957199
3491,religion_muslim,19,0.0038725887425243855,0.16979438066482544,0.012752209790050983,0.8135808208025992
3491,religion_muslim,20,0.003983362577855587,0.2171858847141266,0.014842549338936806,0.763988203369081
3491,religion_muslim,21,0.002912886906415224,0.09936890006065369,0.01133321039378643,0.8863850026391447
3491,religion_muslim,22,0.002535127103328705,0.20599855482578278,0.010383712127804756,0.7810826059430838
3491,religion_muslim,23,0.002053399570286274,0.09868595004081726,0.008360398933291435,0.890900251455605
3491,religion_muslim,24,0.0021478980779647827,0.09163467586040497,0.007718601264059544,0.8984988247975707
3491,religion_muslim,25,0.0014579124981537461,0.05533759668469429,0.006302098743617535,0.9369023920735344
3491,religion_muslim,26,0.002186516299843788,0.061861034482717514,0.01132572628557682,0.9246267229318619
3491,religion_muslim,27,0.0029308926314115524,0.07231943309307098,0.015650732442736626,0.9090989418327808
3491,religion_muslim,28,0.0021224571391940117,0.0727798342704773,0.01683424971997738,0.9082634588703513
3491,religion_muslim,29,0.004675040952861309,0.054588399827480316,0.02144671231508255,0.9192898469045758
3491,religion_muslim,30,0.0054233744740486145,0.11136391758918762,0.034936390817165375,0.8482763171195984
3491,religion_muslim,31,0.004763198085129261,0.05239260569214821,0.04284857213497162,0.8999956240877509
1572,baseline,0,,0.2415429800748825,0.15557163953781128,0.6028853803873062
1572,baseline,1,,0.09777949005365372,0.042732350528240204,0.8594881594181061
1572,baseline,2,,0.04157198220491409,0.018199047073721886,0.940228970721364
1572,baseline,3,,0.07249388098716736,0.028875088319182396,0.8986310306936502
1572,baseline,4,,0.11297061294317245,0.05101756751537323,0.8360118195414543
1572,baseline,5,,0.14965763688087463,0.03271808102726936,0.817624282091856
1572,baseline,6,,0.15841802954673767,0.03275373578071594,0.8088282346725464
1572,baseline,7,,0.2525348663330078,0.026525910943746567,0.7209392227232456
1572,baseline,8,,0.18811920285224915,0.02257075533270836,0.7893100418150425
1572,baseline,9,,0.28387123346328735,0.014651669189333916,0.7014770973473787
1572,baseline,10,,0.27115920186042786,0.011736529879271984,0.7171042682603002
1572,baseline,11,,0.29969561100006104,0.014852404594421387,0.6854519844055176
1572,baseline,12,,0.33735471963882446,0.014314145781099796,0.6483311345800757
1572,baseline,13,,0.42058825492858887,0.01076633483171463,0.5686454102396965
1572,baseline,14,,0.4434419274330139,0.0115627720952034,0.5449953004717827
1572,baseline,15,,0.2962789237499237,0.0068297963589429855,0.6968912798911333
1572,baseline,16,,0.22939437627792358,0.00887279398739338,0.761732829734683
1572,baseline,17,,0.28369712829589844,0.008469246327877045,0.7078336253762245
1572,baseline,18,,0.20038175582885742,0.008462742902338505,0.7911555012688041
1572,baseline,19,,0.17847532033920288,0.007048336323350668,0.8144763433374465
1572,baseline,20,,0.18428972363471985,0.007591621018946171,0.808118655346334
1572,baseline,21,,0.12455202639102936,0.006098492071032524,0.8693494815379381
1572,baseline,22,,0.1991272270679474,0.004844052717089653,0.796028720214963
1572,baseline,23,,0.09846419095993042,0.0043833451345562935,0.8971524639055133
1572,baseline,24,,0.0776497945189476,0.0029776839073747396,0.9193725215736777
1572,baseline,25,,0.03487120196223259,0.002437915885820985,0.9626908821519464
1572,baseline,26,,0.0519675686955452,0.004588454030454159,0.9434439772740006
1572,baseline,27,,0.07667368650436401,0.006651508156210184,0.9166748053394258
1572,baseline,28,,0.05798612907528877,0.00680838618427515,0.9352054847404361
1572,baseline,29,,0.04997437074780464,0.01033661887049675,0.9396890103816986
1572,baseline,30,,0.10721558332443237,0.01754300482571125,0.8752414118498564
1572,baseline,31,,0.04661537706851959,0.02379104495048523,0.9295935779809952
1572,gender_man,0,0.024627558887004852,0.23580381274223328,0.1522277295589447,0.5873408988118172
1572,gender_man,1,0.01285992469638586,0.09477829933166504,0.04023639112710953,0.8521253848448396
1572,gender_man,2,0.022554630413651466,0.04142436385154724,0.0176578089594841,0.9183631967753172
1572,gender_man,3,0.012360552325844765,0.06968582421541214,0.02691240981221199,0.8910412136465311
1572,gender_man,4,0.01699339970946312,0.10217097401618958,0.04450048506259918,0.8363351412117481
1572,gender_man,5,0.03592139855027199,0.13941404223442078,0.02816830761730671,0.7964962515980005
1572,gender_man,6,0.030421823263168335,0.13267898559570312,0.029561558738350868,0.8073376324027777
1572,gender_man,7,0.02895243465900421,0.23452642560005188,0.028674496337771416,0.7078466434031725
1572,gender_man,8,0.03731590509414673,0.2006000429391861,0.02120208740234375,0.7408819645643234
1572,gender_man,9,0.01875380054116249,0.273628294467926,0.014084423892199993,0.6935334810987115
1572,gender_man,10,0.022976592183113098,0.2756046950817108,0.010803678072988987,0.6906150346621871
1572,gender_man,11,0.019702166318893433,0.2802266478538513,0.014892980456352234,0.685178205370903
1572,gender_man,12,0.013739585876464844,0.3294486701488495,0.014962129294872284,0.6418496146798134
1572,gender_man,13,0.019470669329166412,0.40565940737724304,0.015642758458852768,0.5592271648347378
1572,gender_man,14,0.012399241328239441,0.4552243947982788,0.014275048859417439,0.5181013150140643
1572,gender_man,15,0.007955506443977356,0.2868155241012573,0.007110877428203821,0.6981180920265615
1572,gender_man,16,0.00892004556953907,0.23657909035682678,0.009477769955992699,0.7450230941176414
1572,gender_man,17,0.008094679564237595,0.2909663915634155,0.009114352986216545,0.6918245758861303
1572,gender_man,18,0.008411005139350891,0.1909489780664444,0.00861588679254055,0.7920241300016642
1572,gender_man,19,0.004604244604706764,0.16861435770988464,0.0069835130125284195,0.8197978846728802
1572,gender_man,20,0.007142279297113419,0.1851218044757843,0.007323016878217459,0.8004128993488848
1572,gender_man,21,0.004870029632002115,0.1078370064496994,0.005971238017082214,0.8813217259012163
1572,gender_man,22,0.004607267677783966,0.20019789040088654,0.005083671770989895,0.7901111701503396
1572,gender_man,23,0.0037722596898674965,0.09943485260009766,0.004520091228187084,0.8922727964818478
1572,gender_man,24,0.0016343183815479279,0.0830511525273323,0.0029532641638070345,0.9123612649273127
1572,gender_man,25,0.0011973647633567452,0.03922930359840393,0.0022754839155822992,0.957297847722657
1572,gender_man,26,0.0020861350931227207,0.05916373059153557,0.004874897189438343,0.9338752371259034
1572,gender_man,27,0.0028067079838365316,0.08095203340053558,0.007036313880234957,0.9092049447353929
1572,gender_man,28,0.002328390022739768,0.0676303431391716,0.007294447161257267,0.9227468196768314
1572,gender_man,29,0.0031652047764509916,0.055936459451913834,0.010788409039378166,0.930109926732257
1572,gender_man,30,0.005481153726577759,0.110837422311306,0.018201051279902458,0.8654803726822138
1572,gender_man,31,0.003459327854216099,0.050058912485837936,0.024518093094229698,0.9219636665657163
1572,gender_woman,0,0.025051701813936234,0.23568984866142273,0.1520732343196869,0.5871852152049541
1572,gender_woman,1,0.012922448106110096,0.09468498080968857,0.04028860479593277,0.8521039662882686
1572,gender_woman,2,0.02301974780857563,0.04131536930799484,0.017411427572369576,0.91825345531106
1572,gender_woman,3,0.01198550220578909,0.06889686733484268,0.0262526236474514,0.8928650068119168
1572,gender_woman,4,0.01832721382379532,0.10174208879470825,0.04364072531461716,0.8362899720668793
1572,gender_woman,5,0.0366663821041584,0.13748207688331604,0.02809133380651474,0.7977602072060108
1572,gender_woman,6,0.031757861375808716,0.13343845307826996,0.029044516384601593,0.8057591691613197
1572,gender_woman,7,0.028672128915786743,0.23230524361133575,0.02834704890847206,0.7106755785644054
1572,gender_woman,8,0.04108154773712158,0.20193496346473694,0.021421309560537338,0.7355621792376041
1572,gender_woman,9,0.020584698766469955,0.27623501420021057,0.014491919428110123,0.6886883676052094
1572,gender_woman,10,0.023246929049491882,0.27143383026123047,0.010980598628520966,0.6943386420607567
1572,gender_woman,11,0.022989273071289062,0.2747092843055725,0.01608586311340332,0.6862155795097351
1572,gender_woman,12,0.016108529642224312,0.34065067768096924,0.01648000068962574,0.6267607919871807
1572,gender_woman,13,0.027179980650544167,0.3964935541152954,0.01798795722424984,0.5583385080099106
1572,gender_woman,14,0.01557130552828312,0.4607512950897217,0.01516653597354889,0.5085108634084463
1572,gender_woman,15,0.00951884314417839,0.2951802611351013,0.007441357243806124,0.6878595384769142
1572,gender_woman,16,0.01188019011169672,0.23881766200065613,0.00954522006213665,0.7397569278255105
1572,gender_woman,17,0.00944923609495163,0.2922111749649048,0.009172627702355385,0.6891669612377882
1572,gender_woman,18,0.008478522300720215,0.18977755308151245,0.008922946639358997,0.7928209779784083
1572,gender_woman,19,0.0048500848934054375,0.16514930129051208,0.007164097391068935,0.8228365164250135
1572,gender_woman,20,0.006649215705692768,0.1876922845840454,0.007339810952544212,0.7983186887577176
1572,gender_woman,21,0.00462329713627696,0.10509990155696869,0.005899772047996521,0.8843770292587578
1572,gender_woman,22,0.004055149853229523,0.20252099633216858,0.005089869722723961,0.7883339840918779
1572,gender_woman,23,0.003874900285154581,0.09808684885501862,0.004430050496011972,0.8936082003638148
1572,gender_woman,24,0.0017515798099339008,0.08436901867389679,0.0030548200011253357,0.910824581515044
1572,gender_woman,25,0.0011505199363455176,0.03919553384184837,0.0023139251861721277,0.957340021035634
1572,gender_woman,26,0.002444562502205372,0.06053783372044563,0.005188383627682924,0.9318292201496661
1572,gender_woman,27,0.003108019009232521,0.08145157992839813,0.0074431076645851135,0.9079972933977842
1572,gender_woman,28,0.00235607847571373,0.06961888819932938,0.007767923176288605,0.9202571101486683
1572,gender_woman,29,0.003163333283737302,0.058004990220069885,0.011255020275712013,0.9275766562204808
1572,gender_woman,30,0.005793645977973938,0.10850877314805984,0.019009901210665703,0.8666876796633005
1572,gender_woman,31,0.003458530642092228,0.050374239683151245,0.025548167526721954,0.9206190621480346
1572,region_western_europe,0,0.0317101925611496,0.23587879538536072,0.15196922421455383,0.5804417878389359
1572,region_western_europe,1,0.01365969143807888,0.09395017474889755,0.039605237543582916,0.8527848962694407
1572,region_western_europe,2,0.023964840918779373,0.041052643209695816,0.016348902136087418,0.9186336137354374
1572,region_western_europe,3,0.01519075408577919,0.0675823912024498,0.024320082738995552,0.8929067719727755
1572,region_western_europe,4,0.020048286765813828,0.10270318388938904,0.04294707253575325,0.8343014568090439
1572,region_western_europe,5,0.03494279831647873,0.138103187084198,0.028017114847898483,0.7989368997514248
1572,region_western_europe,6,0.033350870013237,0.13335049152374268,0.03026016801595688,0.8030384704470634
1572,region_western_europe,7,0.03389471396803856,0.2333647608757019,0.029241129755973816,0.7034993954002857
1572,region_western_europe,8,0.050341080874204636,0.19676153361797333,0.021266832947731018,0.731630552560091
1572,region_western_europe,9,0.02820199355483055,0.27431395649909973,0.014847183600068092,0.6826368663460016
1572,region_western_europe,10,0.03316695988178253,0.2627147138118744,0.011675738729536533,0.6924425875768065
1572,region_western_europe,11,0.03213927149772644,0.27236101031303406,0.016570206731557846,0.6789295114576817
1572,region_western_europe,12,0.020784972235560417,0.32709649205207825,0.015467601828277111,0.6366509338840842
1572,region_western_europe,13,0.02332770824432373,0.395490825176239,0.016718102619051933,0.5644633639603853
1572,region_western_europe,14,0.018111862242221832,0.4648982286453247,0.01336071826517582,0.5036291908472776
1572,region_western_europe,15,0.010767498053610325,0.30458173155784607,0.007417356129735708,0.6772334142588079
1572,region_western_europe,16,0.010803261771798134,0.23836246132850647,0.00938007328659296,0.7414542036131024
1572,region_western_europe,17,0.0097014419734478,0.2895827293395996,0.009134648367762566,0.69158118031919
1572,region_western_europe,18,0.009363330900669098,0.19314707815647125,0.009359889663755894,0.7881297012791038
1572,region_western_europe,19,0.0051027582958340645,0.1594417542219162,0.007130210287868977,0.8283252771943808
1572,region_western_europe,20,0.006993377581238747,0.1951136291027069,0.007229992188513279,0.7906630011275411
1572,region_western_europe,21,0.005257945507764816,0.10946251451969147,0.005842993967235088,0.8794365460053086
1572,region_western_europe,22,0.005726680159568787,0.19870330393314362,0.004481724929064512,0.7910882909782231
1572,region_western_europe,23,0.00434490479528904,0.09599447250366211,0.0042395517230033875,0.8954210709780455
1572,region_western_europe,24,0.002965393476188183,0.08123312890529633,0.003023725003004074,0.9127777526155114
1572,region_western_europe,25,0.0016541361110284925,0.03928636759519577,0.002167417900636792,0.956892078393139
1572,region_western_europe,26,0.0038818130269646645,0.0615139938890934,0.004741797223687172,0.9298623958602548
1572,region_western_europe,27,0.00403813598677516,0.08308899402618408,0.007209008559584618,0.9056638614274561
1572,region_western_europe,28,0.0035496866330504417,0.07072028517723083,0.007627580314874649,0.9181024478748441
1572,region_western_europe,29,0.004367871209979057,0.05710197612643242,0.011851242743432522,0.926678909920156
1572,region_western_europe,30,0.007517430931329727,0.10923126339912415,0.018433714285492897,0.8648175913840532
1572,region_western_europe,31,0.005758456885814667,0.04894670471549034,0.024681568145751953,0.920613270252943
1572,region_arab_culture,0,0.03747761622071266,0.23536325991153717,0.15149739384651184,0.5756617300212383
1572,region_arab_culture,1,0.016206128522753716,0.09307597577571869,0.03880105912685394,0.8519168365746737
1572,region_arab_culture,2,0.0253817830234766,0.04065831005573273,0.015625741332769394,0.9183341655880213
1572,region_arab_culture,3,0.017430683597922325,0.06844041496515274,0.023828495293855667,0.8903004061430693
1572,region_arab_culture,4,0.022552944719791412,0.10429494082927704,0.040223464369773865,0.8329286500811577
1572,region_arab_culture,5,0.04048352316021919,0.13305452466011047,0.025922425091266632,0.8005395270884037
1572,region_arab_culture,6,0.039149001240730286,0.12910643219947815,0.027959419414401054,0.8037851471453905
1572,region_arab_culture,7,0.03865060210227966,0.2278701812028885,0.02829645946621895,0.7051827572286129
1572,region_arab_culture,8,0.060212038457393646,0.19228969514369965,0.020308803766965866,0.7271894626319408
1572,region_arab_culture,9,0.03498942032456398,0.27343282103538513,0.013999673537909985,0.6775780851021409
1572,region_arab_culture,10,0.04143696650862694,0.2541021704673767,0.012302320450544357,0.692158542573452
1572,region_arab_culture,11,0.04409579187631607,0.25574758648872375,0.017178691923618317,0.6829779297113419
1572,region_arab_culture,12,0.03150203824043274,0.31497031450271606,0.019246814772486687,0.6342808324843645
1572,region_arab_culture,13,0.06553465127944946,0.35052838921546936,0.02234465628862381,0.5615923032164574
1572,region_arab_culture,14,0.028888998553156853,0.4190279245376587,0.018285416066646576,0.5337976608425379
1572,region_arab_culture,15,0.020385390147566795,0.2646276354789734,0.009815093129873276,0.7051718812435865
1572,region_arab_culture,16,0.046351999044418335,0.20290140807628632,0.015582621097564697,0.7351639717817307
1572,region_arab_culture,17,0.03764132782816887,0.23543305695056915,0.018093612045049667,0.7088320031762123
1572,region_arab_culture,18,0.031146282330155373,0.1699950248003006,0.022177066653966904,0.7766816262155771
1572,region_arab_culture,19,0.015583127737045288,0.10988102853298187,0.014636030420660973,0.8598998133093119
1572,region_arab_culture,20,0.013442426919937134,0.18777185678482056,0.01353639829903841,0.7852493179962039
1572,region_arab_culture,21,0.012430976144969463,0.07280789315700531,0.009458018466830254,0.905303112231195
1572,region_arab_culture,22,0.008218249306082726,0.16481249034404755,0.008234817534685135,0.8187344428151846
1572,region_arab_culture,23,0.00616637384518981,0.06095484271645546,0.005713936872780323,0.9271648465655744
1572,region_arab_culture,24,0.007543702609837055,0.06782365590333939,0.004933199845254421,0.9196994416415691
1572,region_arab_culture,25,0.0025737606920301914,0.030474083498120308,0.0033183260820806026,0.9636338297277689
1572,region_arab_culture,26,0.00987047515809536,0.06133768707513809,0.010272047482430935,0.9185197902843356
1572,region_arab_culture,27,0.010479767806828022,0.07642282545566559,0.015622791834175587,0.8974746149033308
1572,region_arab_culture,28,0.009359773248434067,0.07203236222267151,0.01751755177974701,0.9010903127491474
1572,region_arab_culture,29,0.02215581387281418,0.07386910915374756,0.028403017669916153,0.8755720593035221
1572,region_arab_culture,30,0.03798302263021469,0.1279158592224121,0.044252749532461166,0.789848368614912
1572,region_arab_culture,31,0.011628331616520882,0.050162266939878464,0.0309378020465374,0.9072715993970633
1572,religion_christian,0,0.02027473971247673,0.23650012910366058,0.15252378582954407,0.5907013453543186
1572,religion_christian,1,0.011507196351885796,0.09664934873580933,0.04131631553173065,0.8505271393805742
1572,religion_christian,2,0.0210373904556036,0.040066637098789215,0.017088640481233597,0.9218073319643736
1572,religion_christian,3,0.011368229053914547,0.0669073611497879,0.026133179664611816,0.8955912301316857
1572,religion_christian,4,0.022346414625644684,0.10533729940652847,0.04373464733362198,0.8285816386342049
1572,religion_christian,5,0.037683334201574326,0.13546422123908997,0.028357654809951782,0.7984947897493839
1572,religion_christian,6,0.03590896725654602,0.12913192808628082,0.02977558970451355,0.8051835149526596
1572,religion_christian,7,0.030626146122813225,0.21994617581367493,0.028635013848543167,0.7207926642149687
1572,religion_christian,8,0.0443781316280365,0.19382086396217346,0.022930249571800232,0.7388707548379898
1572,religion_christian,9,0.020087668672204018,0.26676127314567566,0.017763236537575722,0.6953878216445446
1572,religion_christian,10,0.022897206246852875,0.27673035860061646,0.014154704287648201,0.6862177308648825
1572,religion_christian,11,0.018213316798210144,0.2722953259944916,0.01811067946255207,0.6913806777447462
1572,religion_christian,12,0.01457471214234829,0.32784369587898254,0.019381240010261536,0.6382003519684076
1572,religion_christian,13,0.014507997781038284,0.39981210231781006,0.02207973040640354,0.5636001694947481
1572,religion_christian,14,0.009631388820707798,0.4692304730415344,0.017723463475704193,0.5034146746620536
1572,religion_christian,15,0.007600603625178337,0.3014017939567566,0.0072105457074940205,0.683787056710571
1572,religion_christian,16,0.008813567459583282,0.23065760731697083,0.008989881724119186,0.7515389434993267
1572,religion_christian,17,0.006611622869968414,0.2814443111419678,0.008488716557621956,0.7034553494304419
1572,religion_christian,18,0.0055420733988285065,0.1907578706741333,0.008494087494909763,0.7952059684321284
1572,religion_christian,19,0.00453787250444293,0.16568228602409363,0.006479613482952118,0.8233002279885113
1572,religion_christian,20,0.006779782474040985,0.18821647763252258,0.006938439328223467,0.798065300565213
1572,religion_christian,21,0.0031249215826392174,0.10663668811321259,0.0055314465425908566,0.8847069437615573
1572,religion_christian,22,0.0037526898086071014,0.19305872917175293,0.004674513358622789,0.7985140676610172
1572,religion_christian,23,0.002855208469554782,0.09658901393413544,0.004106676205992699,0.8964491013903171
1572,religion_christian,24,0.0015039420686662197,0.08154948055744171,0.0028653298504650593,0.914081247523427
1572,religion_christian,25,0.000986528699286282,0.03746497631072998,0.002070029964670539,0.9594784650253132
1572,religion_christian,26,0.0023514567874372005,0.05742310732603073,0.004325518384575844,0.9358999175019562
1572,religion_christian,27,0.0037757123354822397,0.07882033288478851,0.006234162487089634,0.9111697922926396
1572,religion_christian,28,0.002369107911363244,0.06420712172985077,0.00687507726252079,0.9265486930962652
1572,religion_christian,29,0.004134308081120253,0.053190167993307114,0.0104138795286417,0.9322616443969309
1572,religion_christian,30,0.007930874824523926,0.10205776989459991,0.017551135271787643,0.8724602200090885
1572,religion_christian,31,0.005059122107923031,0.049209170043468475,0.02286093682050705,0.9228707710281014
1572,religion_muslim,0,0.02211942709982395,0.23599277436733246,0.15209537744522095,0.5897924210876226
1572,religion_muslim,1,0.011039173230528831,0.096093088388443,0.041743893176317215,0.851123845204711
1572,religion_muslim,2,0.021574940532445908,0.04068279638886452,0.017510712146759033,0.9202315509319305
1572,religion_muslim,3,0.013559041544795036,0.06704769283533096,0.02602287009358406,0.8933703955262899
1572,religion_muslim,4,0.01870977319777012,0.10456639528274536,0.04302423819899559,0.8336995933204889
1572,religion_muslim,5,0.03321780264377594,0.13364708423614502,0.02849537506699562,0.8046397380530834
1572,religion_muslim,6,0.03301757574081421,0.1290123164653778,0.02965114265680313,0.8083189651370049
1572,religion_muslim,7,0.03145672008395195,0.21621137857437134,0.02683432400226593,0.7254975773394108
1572,religion_muslim,8,0.04934743046760559,0.18554429709911346,0.021672822535037994,0.743435449898243
1572,religion_muslim,9,0.025961507111787796,0.25854694843292236,0.016660667955875397,0.6988308764994144
1572,religion_muslim,10,0.03777517378330231,0.2505173087120056,0.015162970870733261,0.6965445466339588
1572,religion_muslim,11,0.03374123573303223,0.25510385632514954,0.022570643573999405,0.6885842643678188
1572,religion_muslim,12,0.023500360548496246,0.32267189025878906,0.025636538863182068,0.6281912103295326
1572,religion_muslim,13,0.053770363330841064,0.3622845709323883,0.02609161287546158,0.557853452861309
1572,religion_muslim,14,0.01965797133743763,0.423679918050766,0.0217491053044796,0.5349130053073168
1572,religion_muslim,15,0.010574504733085632,0.2801191806793213,0.009478919208049774,0.6998273953795433
1572,religion_muslim,16,0.02499902993440628,0.2175959348678589,0.011595770716667175,0.7458092644810677
1572,religion_muslim,17,0.019317634403705597,0.24859251081943512,0.01222117617726326,0.719868678599596
1572,religion_muslim,18,0.01120416633784771,0.17723289132118225,0.014730819500982761,0.7968321228399873
1572,religion_muslim,19,0.007424921728670597,0.1372806429862976,0.008881866000592709,0.8464125692844391
1572,religion_muslim,20,0.008615724742412567,0.20290422439575195,0.009723572060465813,0.7787564788013697
1572,religion_muslim,21,0.0059586456045508385,0.07442103326320648,0.006636829115450382,0.9129834920167923
1572,religion_muslim,22,0.0053680650889873505,0.1863996684551239,0.006722582504153252,0.8015096839517355
1572,religion_muslim,23,0.0037082505878061056,0.0897686779499054,0.005555185955017805,0.9009678855072707
1572,religion_muslim,24,0.004056374076753855,0.08038808405399323,0.004609042778611183,0.9109464990906417
1572,religion_muslim,25,0.002449287101626396,0.045754361897706985,0.003229984547942877,0.9485663664527237
1572,religion_muslim,26,0.004098232835531235,0.06393463164567947,0.007936193607747555,0.9240309419110417
1572,religion_muslim,27,0.006030292250216007,0.07853257656097412,0.011515557765960693,0.9039215734228492
1572,religion_muslim,28,0.004462456796318293,0.08028389513492584,0.01588931865990162,0.8993643294088542
1572,religion_muslim,29,0.008662824518978596,0.06972489506006241,0.024130981415510178,0.8974812990054488
1572,religion_muslim,30,0.011737484484910965,0.11556640267372131,0.03403080254793167,0.838665310293436
1572,religion_muslim,31,0.007941526360809803,0.051811907440423965,0.030584119260311127,0.9096624469384551
4506,baseline,0,,0.2332196831703186,0.20387053489685059,0.5629097819328308
4506,baseline,1,,0.0903315469622612,0.06218578293919563,0.8474826700985432
4506,baseline,2,,0.04215671494603157,0.033036716282367706,0.9248065687716007
4506,baseline,3,,0.06637157499790192,0.04359939694404602,0.8900290280580521
4506,baseline,4,,0.1072298064827919,0.0689011886715889,0.8238690048456192
4506,baseline,5,,0.13691137731075287,0.05496717616915703,0.8081214465200901
4506,baseline,6,,0.1425827443599701,0.05614807456731796,0.801269181072712
4506,baseline,7,,0.23957741260528564,0.0491916686296463,0.711230918765068
4506,baseline,8,,0.1970917284488678,0.04305384308099747,0.7598544284701347
4506,baseline,9,,0.267575204372406,0.027593214064836502,0.7048315815627575
4506,baseline,10,,0.27346497774124146,0.02157704532146454,0.704957976937294
4506,baseline,11,,0.2917039692401886,0.03460818529129028,0.6736878454685211
4506,baseline,12,,0.34643667936325073,0.04055331274867058,0.6130100078880787
4506,baseline,13,,0.42692625522613525,0.03632889315485954,0.5367448516190052
4506,baseline,14,,0.4423353374004364,0.04725766181945801,0.5104070007801056
4506,baseline,15,,0.2980750799179077,0.016152359545230865,0.6857725605368614
4506,baseline,16,,0.2254420816898346,0.01806141436100006,0.7564965039491653
4506,baseline,17,,0.2679583430290222,0.016903717070817947,0.7151379399001598
4506,baseline,18,,0.2168685495853424,0.017200816422700882,0.7659306339919567
4506,baseline,19,,0.17623454332351685,0.012525338679552078,0.8112401179969311
4506,baseline,20,,0.21374404430389404,0.012201638892292976,0.774054316803813
4506,baseline,21,,0.11258265376091003,0.011706409975886345,0.8757109362632036
4506,baseline,22,,0.20027662813663483,0.006566448137164116,0.7931569237262011
4506,baseline,23,,0.09932154417037964,0.007096570450812578,0.8935818853788078
4506,baseline,24,,0.08710522949695587,0.00540500832721591,0.9074897621758282
4506,baseline,25,,0.04688597470521927,0.004992433823645115,0.9481215914711356
4506,baseline,26,,0.061344970017671585,0.00959839392453432,0.9290566360577941
4506,baseline,27,,0.08205761760473251,0.010371064767241478,0.907571317628026
4506,baseline,28,,0.061323635280132294,0.010039584711194038,0.9286367800086737
4506,baseline,29,,0.05128955468535423,0.011548255570232868,0.9371621897444129
4506,baseline,30,,0.12160380929708481,0.022600403055548668,0.8557957876473665
4506,baseline,31,,0.04824904352426529,0.026267902925610542,0.9254830535501242
4506,gender_man,0,0.02214098908007145,0.22914905846118927,0.19997288286685944,0.5487370695918798
4506,gender_man,1,0.011513378471136093,0.08859384059906006,0.05469341203570366,0.8451993688941002
4506,gender_man,2,0.019779875874519348,0.04320386424660683,0.026358049362897873,0.910658210515976
4506,gender_man,3,0.00969824567437172,0.06720756739377975,0.03644992783665657,0.886644259095192
4506,gender_man,4,0.014845517463982105,0.10182696580886841,0.057640790939331055,0.8256867257878184
4506,gender_man,5,0.03113938868045807,0.1335929036140442,0.04665656015276909,0.7886111475527287
4506,gender_man,6,0.02489835023880005,0.1243152767419815,0.04825396090745926,0.8025324121117592
4506,gender_man,7,0.02848556637763977,0.22583042085170746,0.05573437362909317,0.6899496391415596
4506,gender_man,8,0.034256353974342346,0.20240016281604767,0.047310370951890945,0.716033112257719
4506,gender_man,9,0.016469798982143402,0.2603193521499634,0.03031950257718563,0.6928913462907076
4506,gender_man,10,0.022984683513641357,0.26856520771980286,0.020584886893630028,0.6878652218729258
4506,gender_man,11,0.017011024057865143,0.27611976861953735,0.03756231069564819,0.6693068966269493
4506,gender_man,12,0.012503672391176224,0.3324142396450043,0.04619470238685608,0.6088873855769634
4506,gender_man,13,0.015543178655207157,0.40120601654052734,0.05146723613142967,0.5317835686728358
4506,gender_man,14,0.009566892869770527,0.4438462257385254,0.06131531670689583,0.48527156468480825
4506,gender_man,15,0.007812281139194965,0.2879692316055298,0.017381450161337852,0.6868370370939374
4506,gender_man,16,0.00811478216201067,0.22552333772182465,0.02024823985993862,0.7461136402562261
4506,gender_man,17,0.007019694894552231,0.268485963344574,0.0195976123213768,0.704896729439497
4506,gender_man,18,0.007161663845181465,0.20859068632125854,0.019570697098970413,0.7646769527345896
4506,gender_man,19,0.003475818783044815,0.17075690627098083,0.014277190901339054,0.8114900840446353
4506,gender_man,20,0.004597962833940983,0.2078823745250702,0.014300945214927197,0.7732187174260616
4506,gender_man,21,0.004248284734785557,0.09988827258348465,0.012518974021077156,0.8833444686606526
4506,gender_man,22,0.0030431263148784637,0.20004159212112427,0.008269312791526318,0.788645968772471
4506,gender_man,23,0.0028649596497416496,0.09827728569507599,0.008055506274104118,0.8908022483810782
4506,gender_man,24,0.0014440711820498109,0.08929172158241272,0.005673686042428017,0.9035905211931095
4506,gender_man,25,0.0012931919191032648,0.0447150282561779,0.005255565512925386,0.9487362143117934
4506,gender_man,26,0.0019103486556559801,0.06342758238315582,0.010941253043711185,0.923720815917477
4506,gender_man,27,0.0022761241998523474,0.082797110080719,0.011528017930686474,0.9033987477887422
4506,gender_man,28,0.001985659124329686,0.06468087434768677,0.01173676922917366,0.9215966972988099
4506,gender_man,29,0.0023308666422963142,0.05211665481328964,0.013359442353248596,0.9321930361911654
4506,gender_man,30,0.004411250352859497,0.11653806269168854,0.026443276554346085,0.8526074104011059
4506,gender_man,31,0.002807395998388529,0.0479101799428463,0.02762446366250515,0.92165796039626
4506,gender_woman,0,0.022325143218040466,0.22911207377910614,0.19991092383861542,0.548651859164238
4506,gender_woman,1,0.01152031309902668,0.08887149393558502,0.05513631924986839,0.8444718737155199
4506,gender_woman,2,0.02014128491282463,0.04324090853333473,0.026128707453608513,0.9104890991002321
4506,gender_woman,3,0.009456769563257694,0.06698581576347351,0.036021456122398376,0.8875359585508704
4506,gender_woman,4,0.016172043979167938,0.10126228630542755,0.05688377469778061,0.8256818950176239
4506,gender_woman,5,0.03257545083761215,0.13263848423957825,0.04679287597537041,0.7879931889474392
4506,gender_woman,6,0.02612839639186859,0.12372097373008728,0.04809224233031273,0.8020583875477314
4506,gender_woman,7,0.0282219797372818,0.2224046140909195,0.05480721592903137,0.6945661902427673
4506,gender_woman,8,0.0377088338136673,0.19916553795337677,0.048093296587467194,0.7150323316454887
4506,gender_woman,9,0.018285904079675674,0.2636222243309021,0.03155103325843811,0.6865408383309841
4506,gender_woman,10,0.023443207144737244,0.26872941851615906,0.02109229937195778,0.6867350749671459
4506,gender_woman,11,0.02003483474254608,0.2691524922847748,0.038180746138095856,0.6726319268345833
4506,gender_woman,12,0.014166275039315224,0.3351917564868927,0.046826038509607315,0.6038159299641848
4506,gender_woman,13,0.019640713930130005,0.40140438079833984,0.05286296084523201,0.5260919444262981
4506,gender_woman,14,0.010338405147194862,0.44554540514945984,0.06275641918182373,0.48135977052152157
4506,gender_woman,15,0.008785365149378777,0.2934848666191101,0.01775956153869629,0.6799702066928148
4506,gender_woman,16,0.00987200066447258,0.2257542461156845,0.02071588672697544,0.7436578664928675
4506,gender_woman,17,0.008522266522049904,0.2633421719074249,0.01969124749302864,0.7084443140774965
4506,gender_woman,18,0.007713271304965019,0.20800618827342987,0.020634524524211884,0.7636460158973932
4506,gender_woman,19,0.003691554069519043,0.16782277822494507,0.014425917528569698,0.8140597501769662
4506,gender_woman,20,0.004344277083873749,0.21180401742458344,0.014225045219063759,0.7696266602724791
4506,gender_woman,21,0.0039813038893043995,0.0986265242099762,0.012540863826870918,0.8848513080738485
4506,gender_woman,22,0.0028117988258600235,0.20422320067882538,0.008229079656302929,0.7847359208390117
4506,gender_woman,23,0.002905862405896187,0.09847386181354523,0.007887780666351318,0.8907324951142073
4506,gender_woman,24,0.0015217307955026627,0.08837515115737915,0.005790858529508114,0.9043122595176101
4506,gender_woman,25,0.0013675307855010033,0.04603137820959091,0.005422582849860191,0.9471785081550479
4506,gender_woman,26,0.002091915113851428,0.06071767956018448,0.010844591073691845,0.9263458142522722
4506,gender_woman,27,0.002323378575965762,0.08229164034128189,0.011856231838464737,0.9035287492442876
4506,gender_woman,28,0.0020248359069228172,0.06615281105041504,0.012045193463563919,0.9197771595790982
4506,gender_woman,29,0.002296340884640813,0.051651522517204285,0.013542086817324162,0.9325100497808307
4506,gender_woman,30,0.004770830273628235,0.12003517150878906,0.027464602142572403,0.8477293960750103
4506,gender_woman,31,0.002861178480088711,0.047247909009456635,0.027937382459640503,0.9219535300508142
4506,region_western_europe,0,0.0282247606664896,0.22780805826187134,0.198591947555542,0.5453752335160971
4506,region_western_europe,1,0.012381508946418762,0.08771108835935593,0.054013192653656006,0.8458942100405693
4506,region_western_europe,2,0.021326672285795212,0.04288133606314659,0.02535964921116829,0.9104323424398899
4506,region_western_europe,3,0.012219174765050411,0.06580005586147308,0.03371787816286087,0.8882628912106156
4506,region_western_europe,4,0.01726653054356575,0.1011618971824646,0.055971674621105194,0.8255998976528645
4506,region_western_europe,5,0.03053819015622139,0.1334564983844757,0.04770283028483391,0.788302481174469
4506,region_western_europe,6,0.02847336232662201,0.1218729168176651,0.05308281257748604,0.7965709082782269
4506,region_western_europe,7,0.033807381987571716,0.2241266965866089,0.05661715567111969,0.6854487657546997
4506,region_western_europe,8,0.044867031276226044,0.1994728446006775,0.05017288774251938,0.7054872363805771
4506,region_western_europe,9,0.025059722363948822,0.2596871852874756,0.03312508016824722,0.6821280121803284
4506,region_western_europe,10,0.03172164410352707,0.26131319999694824,0.02146955579519272,0.685495600104332
4506,region_western_europe,11,0.027124598622322083,0.2671676278114319,0.040304847061634064,0.665402926504612
4506,region_western_europe,12,0.017687423154711723,0.3283941149711609,0.04659146070480347,0.6073270011693239
4506,region_western_europe,13,0.015623755753040314,0.4168819189071655,0.04644382372498512,0.521050501614809
4506,region_western_europe,14,0.01197919063270092,0.45339012145996094,0.05711434781551361,0.47751634009182453
4506,region_western_europe,15,0.009664918296039104,0.30880674719810486,0.015816304832696915,0.6657120296731591
4506,region_western_europe,16,0.009395954199135303,0.22911439836025238,0.019099384546279907,0.7423902628943324
4506,region_western_europe,17,0.007577424868941307,0.2726806402206421,0.01760820671916008,0.7021337281912565
4506,region_western_europe,18,0.007390536367893219,0.21381041407585144,0.018934251740574837,0.7598647978156805
4506,region_western_europe,19,0.004117150790989399,0.17164023220539093,0.01413089968264103,0.8101117173209786
4506,region_western_europe,20,0.004865186754614115,0.2087838053703308,0.013231338933110237,0.7731196689419448
4506,region_western_europe,21,0.004684600047767162,0.11003071069717407,0.01218425389379263,0.8731004353612661
4506,region_western_europe,22,0.003960807807743549,0.1972794234752655,0.008056950755417347,0.7907028179615736
4506,region_western_europe,23,0.0034587904810905457,0.09560808539390564,0.007918529212474823,0.893014594912529
4506,region_western_europe,24,0.0024907966144382954,0.08663968741893768,0.005765277426689863,0.9051042385399342
4506,region_western_europe,25,0.001638962421566248,0.04187067598104477,0.005194545723497868,0.9512958158738911
4506,region_western_europe,26,0.003271583467721939,0.0655587762594223,0.010581559501588345,0.9205880807712674
4506,region_western_europe,27,0.003312248969450593,0.08469311892986298,0.011809607036411762,0.9001850250642747
4506,region_western_europe,28,0.0030262134969234467,0.06879201531410217,0.01201919186860323,0.9161625793203712
4506,region_western_europe,29,0.0031610513105988503,0.05303172022104263,0.013461383990943432,0.9303458444774151
4506,region_western_europe,30,0.006427150219678879,0.11932364106178284,0.028853854164481163,0.8453953545540571
4506,region_western_europe,31,0.00473583210259676,0.05036509409546852,0.030960770323872566,0.9139383034780622
4506,region_arab_culture,0,0.0343850776553154,0.22718772292137146,0.1977977454662323,0.5406294539570808
4506,region_arab_culture,1,0.014863000251352787,0.08659778535366058,0.0534449927508831,0.8450942216441035
4506,region_arab_culture,2,0.022733882069587708,0.04311927780508995,0.024852439761161804,0.9092944003641605
4506,region_arab_culture,3,0.014059275388717651,0.06475532054901123,0.0329655185341835,0.8882198855280876
4506,region_arab_culture,4,0.02014877274632454,0.10218736529350281,0.05477462708950043,0.8228892348706722
4506,region_arab_culture,5,0.03566407412290573,0.1307692527770996,0.047666050493717194,0.7859006226062775
4506,region_arab_culture,6,0.03371484950184822,0.1200074627995491,0.051548417657613754,0.7947292700409889
4506,region_arab_culture,7,0.03703758865594864,0.22143514454364777,0.05792909115552902,0.6835981756448746
4506,region_arab_culture,8,0.05298008769750595,0.19824862480163574,0.050581708550453186,0.6981895789504051
4506,region_arab_culture,9,0.031523335725069046,0.2646646797657013,0.03514708951115608,0.6686648949980736
4506,region_arab_culture,10,0.03795045614242554,0.25509947538375854,0.024529842659831047,0.6824202258139849
4506,region_arab_culture,11,0.03483399376273155,0.25571149587631226,0.04179470241069794,0.6676598079502583
4506,region_arab_culture,12,0.023651428520679474,0.3243083655834198,0.052079807966947556,0.5999603979289532
4506,region_arab_culture,13,0.03331605717539787,0.39466536045074463,0.04770056903362274,0.5243180133402348
4506,region_arab_culture,14,0.020154491066932678,0.42677438259124756,0.06213230639696121,0.49093881994485855
4506,region_arab_culture,15,0.016779795289039612,0.27541452646255493,0.019064851105213165,0.6887408271431923
4506,region_arab_culture,16,0.027516793459653854,0.21373988687992096,0.026344474405050278,0.7323988452553749
4506,region_arab_culture,17,0.02411375753581524,0.2507859170436859,0.026034412905573845,0.699065912514925
4506,region_arab_culture,18,0.020087219774723053,0.2016759216785431,0.029399441555142403,0.7488374169915915
4506,region_arab_culture,19,0.008033005520701408,0.1440398097038269,0.021896617487072945,0.8260305672883987
4506,region_arab_culture,20,0.008311023935675621,0.22921520471572876,0.020278599113225937,0.7421951722353697
4506,region_arab_culture,21,0.00887184776365757,0.09523138403892517,0.016169114038348198,0.8797276541590691
4506,region_arab_culture,22,0.00629329914227128,0.17421312630176544,0.011113235726952553,0.8083803388290107
4506,region_arab_culture,23,0.005259478464722633,0.07829372584819794,0.01030682772397995,0.9061399679630995
4506,region_arab_culture,24,0.005831874441355467,0.07943988591432571,0.008184738457202911,0.9065435011871159
4506,region_arab_culture,25,0.0026781323831528425,0.04010912775993347,0.008146443404257298,0.9490662964526564
4506,region_arab_culture,26,0.006926927715539932,0.07174034416675568,0.018768824636936188,0.9025639034807682
4506,region_arab_culture,27,0.007649293169379234,0.09170354157686234,0.023037392646074295,0.8776097726076841
4506,region_arab_culture,28,0.006412314251065254,0.08788582682609558,0.024674292653799057,0.8810275662690401
4506,region_arab_culture,29,0.010267604142427444,0.074590764939785,0.03071022778749466,0.8844314031302929
4506,region_arab_culture,30,0.01965181902050972,0.1310654729604721,0.06010177358984947,0.7891809344291687
4506,region_arab_culture,31,0.007742334622889757,0.056013040244579315,0.04717649146914482,0.8890681336633861
4506,religion_christian,0,0.018224630504846573,0.22990824282169342,0.20061664283275604,0.551250483840704
4506,religion_christian,1,0.010061658918857574,0.08976449072360992,0.05592097342014313,0.8442528769373894
4506,religion_christian,2,0.018721604719758034,0.04205501824617386,0.026283618062734604,0.9129397589713335
4506,religion_christian,3,0.009119962342083454,0.06567281484603882,0.03641261160373688,0.8887946112081409
4506,religion_christian,4,0.019987892359495163,0.10452412068843842,0.05693407356739044,0.818553913384676
4506,religion_christian,5,0.03207392245531082,0.132021963596344,0.048068735748529434,0.7878353781998158
4506,religion_christian,6,0.030972778797149658,0.12175735086202621,0.04898480325937271,0.7982850670814514
4506,religion_christian,7,0.031076502054929733,0.2129453420639038,0.05367768928408623,0.7023004665970802
4506,religion_christian,8,0.03819911181926727,0.19386622309684753,0.0500815212726593,0.7178531438112259
4506,religion_christian,9,0.01736084744334221,0.2610204815864563,0.03390948846936226,0.6877091825008392
4506,religion_christian,10,0.020606040954589844,0.27251291275024414,0.024488385766744614,0.6823926605284214
4506,religion_christian,11,0.015497904270887375,0.26996132731437683,0.04081482067704201,0.6737259477376938
4506,religion_christian,12,0.012158241122961044,0.33565211296081543,0.04703980311751366,0.6051498427987099
4506,religion_christian,13,0.011496689170598984,0.40132269263267517,0.05125371366739273,0.5359269045293331
4506,religion_christian,14,0.006977704353630543,0.45279282331466675,0.05801305174827576,0.48221642058342695
4506,religion_christian,15,0.007193252444267273,0.3030261993408203,0.01625603809952736,0.6735245101153851
4506,religion_christian,16,0.007732205092906952,0.226991668343544,0.01897350326180458,0.7463026233017445
4506,religion_christian,17,0.005732595920562744,0.26613080501556396,0.018082620576024055,0.7100539784878492
4506,religion_christian,18,0.004527980461716652,0.20747807621955872,0.017558839172124863,0.7704351041465998
4506,religion_christian,19,0.00369829498231411,0.1715003252029419,0.013364087790250778,0.8114372920244932
4506,religion_christian,20,0.004323496948927641,0.20362520217895508,0.014409409835934639,0.7776418910361826
4506,religion_christian,21,0.002870640018954873,0.10446608811616898,0.012555747292935848,0.8801075245719403
4506,religion_christian,22,0.002389298751950264,0.19672511518001556,0.008195278234779835,0.7926903078332543
4506,religion_christian,23,0.002175174653530121,0.0970047116279602,0.008294577710330486,0.8925255360081792
4506,religion_christian,24,0.0012786741135641932,0.0853361189365387,0.005595564842224121,0.907789642107673
4506,religion_christian,25,0.0009616039460524917,0.04272286221385002,0.0053995465859770775,0.9509159872541204
4506,religion_christian,26,0.002110864035785198,0.06335683166980743,0.01123933307826519,0.9232929712161422
4506,religion_christian,27,0.002744208322837949,0.08304787427186966,0.011808844283223152,0.9023990731220692
4506,religion_christian,28,0.002305026864632964,0.06595312803983688,0.01310812495648861,0.9186337201390415
4506,religion_christian,29,0.003610484302043915,0.05314341187477112,0.014947593212127686,0.9282985106110573
4506,religion_christian,30,0.006264667958021164,0.11476565897464752,0.028176378458738327,0.850793294608593
4506,religion_christian,31,0.004077335353940725,0.04889815300703049,0.030813345685601234,0.9162111659534276
4506,religion_muslim,0,0.01995273306965828,0.2294822782278061,0.19996671378612518,0.5505982749164104
4506,religion_muslim,1,0.009639158844947815,0.08984175324440002,0.05643381550908089,0.8440852724015713
4506,religion_muslim,2,0.019243843853473663,0.041972316801548004,0.026515541598200798,0.9122682977467775
4506,religion_muslim,3,0.011077813804149628,0.06520181894302368,0.036437712609767914,0.8872826546430588
4506,religion_muslim,4,0.016483906656503677,0.10255887359380722,0.055426307022571564,0.8255309127271175
4506,religion_muslim,5,0.02866426855325699,0.12926384806632996,0.04779260978102684,0.7942792735993862
4506,religion_muslim,6,0.02854008972644806,0.12322645634412766,0.04957765340805054,0.7986558005213737
4506,religion_muslim,7,0.03159476816654205,0.2131894826889038,0.05275007337331772,0.7024656757712364
4506,religion_muslim,8,0.0435464084148407,0.1871488392353058,0.04932188242673874,0.7199828699231148
4506,religion_muslim,9,0.02335098385810852,0.25423285365104675,0.034369658678770065,0.6880465038120747
4506,religion_muslim,10,0.03654204308986664,0.24653545022010803,0.024851873517036438,0.6920706331729889
4506,religion_muslim,11,0.027835816144943237,0.2573115825653076,0.04325835034251213,0.671594250947237
4506,religion_muslim,12,0.019267799332737923,0.3253628611564636,0.05652863532304764,0.5988407041877508
4506,religion_muslim,13,0.03568781167268753,0.38273856043815613,0.05256740748882294,0.5290062204003334
4506,religion_muslim,14,0.015787675976753235,0.4272502064704895,0.056232817471027374,0.5007293000817299
4506,religion_muslim,15,0.010562100447714329,0.28473570942878723,0.018634486943483353,0.6860677031800151
4506,religion_muslim,16,0.01895654946565628,0.2156100869178772,0.02014336735010147,0.745289996266365
4506,religion_muslim,17,0.013674810528755188,0.24463912844657898,0.01992904394865036,0.7217570170760155
4506,religion_muslim,18,0.008984178304672241,0.20090651512145996,0.022709663957357407,0.7673996426165104
4506,religion_muslim,19,0.005371901206672192,0.14757083356380463,0.01703273318707943,0.8300245320424438
4506,religion_muslim,20,0.005991842597723007,0.2084406465291977,0.01664934679865837,0.7689181640744209
4506,religion_muslim,21,0.004782772623002529,0.0863436684012413,0.012482991442084312,0.8963905675336719
4506,religion_muslim,22,0.003413420170545578,0.1824391931295395,0.009193923324346542,0.8049534633755684
4506,religion_muslim,23,0.002731352113187313,0.08935554325580597,0.008536014705896378,0.8993770899251103
4506,religion_muslim,24,0.002893640659749508,0.08458548784255981,0.00632938789203763,0.906191483605653
4506,religion_muslim,25,0.001688474090769887,0.04163980856537819,0.0059265135787427425,0.9507452037651092
4506,religion_muslim,26,0.0028292611241340637,0.06147236377000809,0.012769266031682491,0.9229291090741754
4506,religion_muslim,27,0.004099483601748943,0.07555163651704788,0.015438370406627655,0.9049105094745755
4506,religion_muslim,28,0.0030239815823733807,0.0716230720281601,0.016333529725670815,0.9090194166637957
4506,religion_muslim,29,0.0047779446467757225,0.054232604801654816,0.01704259216785431,0.9239468583837152
4506,religion_muslim,30,0.006685905158519745,0.10175972431898117,0.03498902916908264,0.8565653413534164
4506,religion_muslim,31,0.0050897435285151005,0.048325102776288986,0.03478801250457764,0.9117971411906183
2127,baseline,0,,0.2341812402009964,0.177066370844841,0.5887523889541626
2127,baseline,1,,0.09457264095544815,0.05148376524448395,0.8539435938000679
2127,baseline,2,,0.04407817870378494,0.0197250135242939,0.9361968077719212
2127,baseline,3,,0.07214494794607162,0.029292359948158264,0.8985626921057701
2127,baseline,4,,0.1118987500667572,0.0533202663064003,0.8347809836268425
2127,baseline,5,,0.14274343848228455,0.030976302921772003,0.8262802585959435
2127,baseline,6,,0.15227505564689636,0.04050314426422119,0.8072218000888824
2127,baseline,7,,0.24323037266731262,0.03905995190143585,0.7177096754312515
2127,baseline,8,,0.19183705747127533,0.036651402711868286,0.7715115398168564
2127,baseline,9,,0.265448659658432,0.028049588203430176,0.7065017521381378
2127,baseline,10,,0.2622133493423462,0.02220747619867325,0.7155791744589806
2127,baseline,11,,0.28160446882247925,0.03254963457584381,0.6858458966016769
2127,baseline,12,,0.32385867834091187,0.04219566285610199,0.6339456588029861
2127,baseline,13,,0.4111253023147583,0.04095650464296341,0.5479181930422783
2127,baseline,14,,0.44656944274902344,0.03966566547751427,0.5137648917734623
2127,baseline,15,,0.3009994626045227,0.01824445091187954,0.6807560864835978
2127,baseline,16,,0.22907713055610657,0.016980182379484177,0.7539426870644093
2127,baseline,17,,0.28019416332244873,0.015624054707586765,0.7041817819699645
2127,baseline,18,,0.2030695080757141,0.014985712245106697,0.7819447796791792
2127,baseline,19,,0.18275803327560425,0.010561702772974968,0.8066802639514208
2127,baseline,20,,0.1838073879480362,0.011258331127464771,0.804934280924499
2127,baseline,21,,0.12002552300691605,0.008294876664876938,0.871679600328207
2127,baseline,22,,0.20462389290332794,0.007929123938083649,0.7874469831585884
2127,baseline,23,,0.1057358980178833,0.007173734251409769,0.8870903677307069
2127,baseline,24,,0.07947849482297897,0.0050155483186244965,0.9155059568583965
2127,baseline,25,,0.03505159169435501,0.0036084470339119434,0.961339961271733
2127,baseline,26,,0.05113106966018677,0.007474294397979975,0.9413946359418333
2127,baseline,27,,0.0713094025850296,0.00891834869980812,0.9197722487151623
2127,baseline,28,,0.06047217175364494,0.008599687367677689,0.9309281408786774
2127,baseline,29,,0.053369928151369095,0.01267245039343834,0.9339576214551926
2127,baseline,30,,0.10966858267784119,0.02345971204340458,0.8668717052787542
2127,baseline,31,,0.05108737200498581,0.030209533870220184,0.918703094124794
2127,gender_man,0,0.02387162297964096,0.23016200959682465,0.17381107807159424,0.5721552893519402
2127,gender_man,1,0.011640357784926891,0.09150282293558121,0.04826732352375984,0.8485894957557321
2127,gender_man,2,0.021927760913968086,0.0445513091981411,0.018972210586071014,0.9145487193018198
2127,gender_man,3,0.011812533251941204,0.07035822421312332,0.02787311002612114,0.8899561325088143
2127,gender_man,4,0.01599239930510521,0.10352060943841934,0.04831746593117714,0.8321695253252983
2127,gender_man,5,0.035805992782115936,0.13367876410484314,0.026858529075980186,0.8036567140370607
2127,gender_man,6,0.031283050775527954,0.13253074884414673,0.03511422127485275,0.8010719791054726
2127,gender_man,7,0.02730935625731945,0.22401227056980133,0.04022729769349098,0.7084510754793882
2127,gender_man,8,0.037240803241729736,0.2009587436914444,0.03724384307861328,0.7245566099882126
2127,gender_man,9,0.018356122076511383,0.2594924569129944,0.0297132208943367,0.6924382001161575
2127,gender_man,10,0.021017633378505707,0.2673361301422119,0.02191983349621296,0.6897264029830694
2127,gender_man,11,0.01820927858352661,0.2681238651275635,0.034187670797109604,0.6794791854918003
2127,gender_man,12,0.013203278183937073,0.32220906019210815,0.04761578515172005,0.6169718764722347
2127,gender_man,13,0.018623655661940575,0.36739811301231384,0.05901024863123894,0.5549679826945066
2127,gender_man,14,0.010656656697392464,0.4404827356338501,0.04996025562286377,0.49890035204589367
2127,gender_man,15,0.008691251277923584,0.30322960019111633,0.01576383039355278,0.6723153181374073
2127,gender_man,16,0.00842844694852829,0.23727081716060638,0.017466843128204346,0.736833892762661
2127,gender_man,17,0.008714186027646065,0.29152625799179077,0.01651231199502945,0.6832472439855337
2127,gender_man,18,0.007638890296220779,0.20007234811782837,0.014378370717167854,0.777910390868783
2127,gender_man,19,0.004443667829036713,0.1765025109052658,0.010116535238921642,0.8089372860267758
2127,gender_man,20,0.006350158713757992,0.18999791145324707,0.010396194644272327,0.7932557351887226
2127,gender_man,21,0.0045830728486180305,0.1163104698061943,0.008047951385378838,0.8710585059598088
2127,gender_man,22,0.004082329571247101,0.1955944299697876,0.008110149763524532,0.7922130906954408
2127,gender_man,23,0.0036460012197494507,0.10174747556447983,0.007189124822616577,0.8874173983931541
2127,gender_man,24,0.0016378294676542282,0.08412723243236542,0.005109748337417841,0.9091251897625625
2127,gender_man,25,0.0012023189337924123,0.03794161230325699,0.0036900814156979322,0.9571659873472527
2127,gender_man,26,0.00217644264921546,0.06336642801761627,0.008384963497519493,0.9260721658356488
2127,gender_man,27,0.002615584060549736,0.07420732080936432,0.009649369865655899,0.91352772526443
2127,gender_man,28,0.002761207753792405,0.077041856944561,0.010135727003216743,0.9100612082984298
2127,gender_man,29,0.0032888553105294704,0.0628514364361763,0.01368066854774952,0.9201790397055447
2127,gender_man,30,0.005546480417251587,0.11675453186035156,0.024439971894025803,0.853259015828371
2127,gender_man,31,0.0036538448184728622,0.05631139501929283,0.03323367238044739,0.9068010877817869
2127,gender_woman,0,0.024220019578933716,0.2300710529088974,0.17371729016304016,0.5719916373491287
2127,gender_woman,1,0.011654991656541824,0.09155846387147903,0.048510994762182236,0.8482755497097969
2127,gender_woman,2,0.022490769624710083,0.04456039518117905,0.018880780786275864,0.914068054407835
2127,gender_woman,3,0.011524969711899757,0.06984606385231018,0.027547938749194145,0.8910810276865959
2127,gender_woman,4,0.017309553921222687,0.10217693448066711,0.04689051955938339,0.8336229920387268
2127,gender_woman,5,0.03709648922085762,0.13285689055919647,0.02673233300447464,0.8033142872154713
2127,gender_woman,6,0.03320544958114624,0.13283997774124146,0.03506605327129364,0.7988885194063187
2127,gender_woman,7,0.027283690869808197,0.22140388190746307,0.04007837176322937,0.7112340554594994
2127,gender_woman,8,0.04125615954399109,0.1987261325120926,0.03698715567588806,0.7230305522680283
2127,gender_woman,9,0.019946584478020668,0.26313847303390503,0.029403261840343475,0.6875116806477308
2127,gender_woman,10,0.02168211340904236,0.2638978362083435,0.02228357084095478,0.6921364795416594
2127,gender_woman,11,0.021388262510299683,0.2608679234981537,0.033035654574632645,0.684708159416914
2127,gender_woman,12,0.015614978969097137,0.3275222182273865,0.04897012189030647,0.6078926809132099
2127,gender_woman,13,0.024549541994929314,0.367669939994812,0.05812208354473114,0.5496584344655275
2127,gender_woman,14,0.01317400112748146,0.44702017307281494,0.0472942516207695,0.4925115741789341
2127,gender_woman,15,0.010607639327645302,0.30825576186180115,0.01668088138103485,0.6644557174295187
2127,gender_woman,16,0.012078853324055672,0.23670093715190887,0.01840515248477459,0.7328150570392609
2127,gender_woman,17,0.011423490941524506,0.28799113631248474,0.017132623121142387,0.6834527496248484
2127,gender_woman,18,0.008419178426265717,0.2011440545320511,0.015747198835015297,0.7746895682066679
2127,gender_woman,19,0.004844501614570618,0.1748877465724945,0.01065621804445982,0.8096115337684751
2127,gender_woman,20,0.006334717385470867,0.19286838173866272,0.010899635963141918,0.7898972649127245
2127,gender_woman,21,0.004645870067179203,0.11438044905662537,0.008299730718135834,0.8726739501580596
2127,gender_woman,22,0.003948412835597992,0.20419558882713318,0.008205381222069263,0.7836506171151996
2127,gender_woman,23,0.003949908539652824,0.10203178972005844,0.007371717132627964,0.8866465846076608
2127,gender_woman,24,0.0018017664551734924,0.08315989375114441,0.005161067005246878,0.9098772727884352
2127,gender_woman,25,0.0012601192574948072,0.03831890970468521,0.0037451451644301414,0.9566758258733898
2127,gender_woman,26,0.0026074941270053387,0.06526423245668411,0.008887520991265774,0.9232407524250448
2127,gender_woman,27,0.0029155127704143524,0.07660612463951111,0.010243307799100876,0.9102350547909737
2127,gender_woman,28,0.002890958683565259,0.08149129152297974,0.01093556359410286,0.9046821861993521
2127,gender_woman,29,0.0033764697145670652,0.0657401978969574,0.014465110376477242,0.9164182220119983
2127,gender_woman,30,0.006354227662086487,0.12456942349672318,0.027291815727949142,0.8417845331132412
2127,gender_woman,31,0.00393857154995203,0.05849520489573479,0.03562331944704056,0.9019429041072726
2127,region_western_europe,0,0.02957426756620407,0.23000074923038483,0.17313647270202637,0.5672885105013847
2127,region_western_europe,1,0.01213412918150425,0.0906350240111351,0.04770345985889435,0.8495273869484663
2127,region_western_europe,2,0.024000003933906555,0.044423267245292664,0.017896195873618126,0.9136805329471827
2127,region_western_europe,3,0.014479425735771656,0.06955686211585999,0.025751959532499313,0.890211752615869
2127,region_western_europe,4,0.018970437347888947,0.10247741639614105,0.046309176832437515,0.8322429694235325
2127,region_western_europe,5,0.03474670648574829,0.1315152645111084,0.026493486016988754,0.8072445429861546
2127,region_western_europe,6,0.03381192684173584,0.13145355880260468,0.037994541227817535,0.796739973127842
2127,region_western_europe,7,0.032423343509435654,0.2227635532617569,0.04020683467388153,0.7046062685549259
2127,region_western_europe,8,0.048191703855991364,0.19457213580608368,0.0379832424223423,0.7192529179155827
2127,region_western_europe,9,0.026214882731437683,0.26267266273498535,0.031081631779670715,0.6800308227539062
2127,region_western_europe,10,0.029660647734999657,0.2581968307495117,0.024550825357437134,0.6875916961580515
2127,region_western_europe,11,0.029432713985443115,0.2579866051673889,0.034609876573085785,0.6779708042740822
2127,region_western_europe,12,0.019289754331111908,0.31263065338134766,0.04939202219247818,0.6186875700950623
2127,region_western_europe,13,0.01912130042910576,0.3790726065635681,0.057762108743190765,0.5440439842641354
2127,region_western_europe,14,0.014397923834621906,0.4553992450237274,0.04465101659297943,0.48555181454867125
2127,region_western_europe,15,0.010209773667156696,0.31402939558029175,0.014241556636989117,0.6615192741155624
2127,region_western_europe,16,0.009959558956325054,0.24097058176994324,0.018521053716540337,0.7305488055571914
2127,region_western_europe,17,0.009267805144190788,0.2923142910003662,0.016887303441762924,0.6815306004136801
2127,region_western_europe,18,0.007923226803541183,0.21050257980823517,0.014566462486982346,0.7670077309012413
2127,region_western_europe,19,0.004799089394509792,0.17194032669067383,0.010136852972209454,0.8131237309426069
2127,region_western_europe,20,0.005798915401101112,0.19746211171150208,0.010580585338175297,0.7861583875492215
2127,region_western_europe,21,0.004983747843652964,0.12371126562356949,0.008139410987496376,0.8631655755452812
2127,region_western_europe,22,0.00519813597202301,0.19782781600952148,0.00800024252384901,0.7889738054946065
2127,region_western_europe,23,0.004413303919136524,0.09916296601295471,0.007282455917447805,0.889141274150461
2127,region_western_europe,24,0.0030087288469076157,0.08163946121931076,0.005124358460307121,0.9102274514734745
2127,region_western_europe,25,0.001678749918937683,0.03743140399456024,0.0036560003645718098,0.9572338457219303
2127,region_western_europe,26,0.0036411387845873833,0.06354910135269165,0.0083463154733181,0.9244634443894029
2127,region_western_europe,27,0.0035418847110122442,0.07054920494556427,0.010095990262925625,0.9158129200804979
2127,region_western_europe,28,0.004049378912895918,0.08183103799819946,0.010724920779466629,0.903394662309438
2127,region_western_europe,29,0.0045062340795993805,0.0638994425535202,0.015617068856954575,0.9159772545099258
2127,region_western_europe,30,0.007585309445858002,0.12138983607292175,0.029495805501937866,0.8415290489792824
2127,region_western_europe,31,0.006628634408116341,0.05882181227207184,0.03858879208564758,0.8959607612341642
2127,region_arab_culture,0,0.03485994040966034,0.2294686883687973,0.17247991263866425,0.5631914585828781
2127,region_arab_culture,1,0.014761271886527538,0.09011783450841904,0.047423459589481354,0.8476974340155721
2127,region_arab_culture,2,0.025243539363145828,0.04409271106123924,0.017480170354247093,0.9131835792213678
2127,region_arab_culture,3,0.01629849523305893,0.06846711039543152,0.02555764839053154,0.889676745980978
2127,region_arab_culture,4,0.021581869572401047,0.10385619848966599,0.0452239066362381,0.8293380253016949
2127,region_arab_culture,5,0.040389545261859894,0.12811705470085144,0.02585020661354065,0.805643193423748
2127,region_arab_culture,6,0.03881800174713135,0.13089950382709503,0.03598882630467415,0.7942936681210995
2127,region_arab_culture,7,0.037388503551483154,0.2135491669178009,0.03807304799556732,0.7109892815351486
2127,region_arab_culture,8,0.057610176503658295,0.1937090903520584,0.03619393706321716,0.7124867960810661
2127,region_arab_culture,9,0.03203226998448372,0.2628316581249237,0.029500365257263184,0.6756357066333294
2127,region_arab_culture,10,0.0366736464202404,0.25085750222206116,0.024966325610876083,0.6875025257468224
2127,region_arab_culture,11,0.04214511811733246,0.24521607160568237,0.033307995647192,0.6793308146297932
2127,region_arab_culture,12,0.028256211429834366,0.3002598285675049,0.05734966695308685,0.6141342930495739
2127,region_arab_culture,13,0.04395017772912979,0.3556536138057709,0.06567718088626862,0.5347190275788307
2127,region_arab_culture,14,0.023903727531433105,0.4311053156852722,0.04653589427471161,0.49845506250858307
2127,region_arab_culture,15,0.018533755093812943,0.2809922695159912,0.01749527081847191,0.6829787045717239
2127,region_arab_culture,16,0.03221385180950165,0.2270149290561676,0.02430124208331108,0.7164699770510197
2127,region_arab_culture,17,0.028942633420228958,0.2664898633956909,0.02397056110203266,0.6805969420820475
2127,region_arab_culture,18,0.019855892285704613,0.18262572586536407,0.0244717039167881,0.7730466779321432
2127,region_arab_culture,19,0.01064479723572731,0.14255085587501526,0.017704494297504425,0.829099852591753
2127,region_arab_culture,20,0.010445431806147099,0.21008428931236267,0.016228094696998596,0.7632421841844916
2127,region_arab_culture,21,0.00920387264341116,0.08906271308660507,0.009470093995332718,0.892263320274651
2127,region_arab_culture,22,0.0070422617718577385,0.14567291736602783,0.00933324359357357,0.8379515772685409
2127,region_arab_culture,23,0.006082626990973949,0.07408557087182999,0.008416246622800827,0.9114155555143952
2127,region_arab_culture,24,0.007779363077133894,0.07687850296497345,0.006767659913748503,0.9085744740441442
2127,region_arab_culture,25,0.00253294687718153,0.030967777594923973,0.005076317116618156,0.9614229584112763
2127,region_arab_culture,26,0.007951002568006516,0.07247050851583481,0.015369395725429058,0.9042090931907296
2127,region_arab_culture,27,0.007965246215462685,0.07296278327703476,0.019363418221473694,0.8997085522860289
2127,region_arab_culture,28,0.007950709201395512,0.09353488683700562,0.020589560270309448,0.8779248436912894
2127,region_arab_culture,29,0.015604890882968903,0.08284547924995422,0.030817346647381783,0.8707322832196951
2127,region_arab_culture,30,0.027602773159742355,0.13129505515098572,0.05806060507893562,0.7830415666103363
2127,region_arab_culture,31,0.009479986503720284,0.05439189821481705,0.0492224395275116,0.8869056757539511
2127,religion_christian,0,0.019871164113283157,0.23017704486846924,0.17401298880577087,0.5759388022124767
2127,religion_christian,1,0.010358218103647232,0.09195205569267273,0.049300119280815125,0.8483896069228649
2127,religion_christian,2,0.02091418020427227,0.04375999793410301,0.0188615545630455,0.9164642672985792
2127,religion_christian,3,0.010843497700989246,0.06787413358688354,0.02734743244946003,0.8939349362626672
2127,religion_christian,4,0.020423170179128647,0.10446181148290634,0.04554431512951851,0.8295707032084465
2127,religion_christian,5,0.036655034869909286,0.13075605034828186,0.027196398004889488,0.8053925167769194
2127,religion_christian,6,0.037325263023376465,0.12997660040855408,0.03605417162179947,0.79664396494627
2127,religion_christian,7,0.0293700210750103,0.2114260196685791,0.03925438970327377,0.7199495695531368
2127,religion_christian,8,0.04338347911834717,0.19383759796619415,0.0380578376352787,0.72472108528018
2127,religion_christian,9,0.018822088837623596,0.2511982321739197,0.03279097005724907,0.6971887089312077
2127,religion_christian,10,0.020124420523643494,0.26816457509994507,0.02704503759741783,0.6846659667789936
2127,religion_christian,11,0.01586320996284485,0.25514835119247437,0.03561710566282272,0.6933713331818581
2127,religion_christian,12,0.012932047247886658,0.3155667185783386,0.051051411777734756,0.62044982239604
2127,religion_christian,13,0.013364739716053009,0.3706578016281128,0.06679795682430267,0.5491795018315315
2127,religion_christian,14,0.0077664293348789215,0.4570160210132599,0.04896405339241028,0.4862534962594509
2127,religion_christian,15,0.008275965228676796,0.32078057527542114,0.014670761302113533,0.6562726981937885
2127,religion_christian,16,0.008464761078357697,0.23819634318351746,0.01612183451652527,0.7372170612215996
2127,religion_christian,17,0.007655372843146324,0.29189109802246094,0.015793511644005775,0.684660017490387
2127,religion_christian,18,0.004824429750442505,0.2007385641336441,0.012525629252195358,0.781911376863718
2127,religion_christian,19,0.0047061629593372345,0.1777949333190918,0.00958752166479826,0.8079113820567727
2127,religion_christian,20,0.006655311211943626,0.18656359612941742,0.009691343642771244,0.7970897490158677
2127,religion_christian,21,0.0032555186189711094,0.11696688085794449,0.007346950937062502,0.8724306495860219
2127,religion_christian,22,0.003989160060882568,0.195609912276268,0.007535590790212154,0.7928653368726373
2127,religion_christian,23,0.003232838585972786,0.09998281300067902,0.006125830113887787,0.8906585182994604
2127,religion_christian,24,0.0017077643424272537,0.08079393208026886,0.004466996528208256,0.9130313070490956
2127,religion_christian,25,0.0010915591847151518,0.036101192235946655,0.0033048272598534822,0.9595024213194847
2127,religion_christian,26,0.002673155628144741,0.06045876815915108,0.007370201870799065,0.9294978743419051
2127,religion_christian,27,0.003802768886089325,0.0699978694319725,0.008968990296125412,0.9172303713858128
2127,religion_christian,28,0.0031939081382006407,0.07486921548843384,0.009421547874808311,0.9125153284985572
2127,religion_christian,29,0.0045537943951785564,0.05884934589266777,0.013205164112150669,0.923391695600003
2127,religion_christian,30,0.009515546262264252,0.10991901904344559,0.02478058636188507,0.8557848483324051
2127,religion_christian,31,0.005795144475996494,0.05571458116173744,0.03213063254952431,0.9063596418127418
2127,religion_muslim,0,0.021511327475309372,0.229751318693161,0.17344853281974792,0.5752888210117817
2127,religion_muslim,1,0.009914074093103409,0.09167731553316116,0.04988666623830795,0.8485219441354275
2127,religion_muslim,2,0.021547876298427582,0.04364148527383804,0.01935851015150547,0.9154521282762289
2127,religion_muslim,3,0.013036126270890236,0.06784966588020325,0.028110256418585777,0.8910039514303207
2127,religion_muslim,4,0.017476610839366913,0.10329143702983856,0.04658765345811844,0.8326442986726761
2127,religion_muslim,5,0.03289182856678963,0.12970247864723206,0.02749817445874214,0.8099075183272362
2127,religion_muslim,6,0.03385326266288757,0.1296379566192627,0.03664540499448776,0.799863375723362
2127,religion_muslim,7,0.02980218641459942,0.21025222539901733,0.03856756165623665,0.7213780265301466
2127,religion_muslim,8,0.04806315898895264,0.1870131492614746,0.037062957882881165,0.7278607338666916
2127,religion_muslim,9,0.024359868839383125,0.244038388133049,0.0320853665471077,0.6995163764804602
2127,religion_muslim,10,0.03330609202384949,0.2502381503582001,0.02790634147822857,0.6885494161397219
2127,religion_muslim,11,0.030980616807937622,0.24545077979564667,0.03429580479860306,0.6892727985978127
2127,religion_muslim,12,0.020131930708885193,0.3129180073738098,0.054469477385282516,0.6124805845320225
2127,religion_muslim,13,0.03947857767343521,0.36022523045539856,0.0606318935751915,0.5396642982959747
2127,religion_muslim,14,0.0150917898863554,0.4406808614730835,0.04313531145453453,0.5010920371860266
2127,religion_muslim,15,0.009876033291220665,0.2937377393245697,0.016777751967310905,0.6796084754168987
2127,religion_muslim,16,0.020527854561805725,0.22495651245117188,0.019038889557123184,0.7354767434298992
2127,religion_muslim,17,0.015990644693374634,0.2666114866733551,0.019792746752500534,0.6976051218807697
2127,religion_muslim,18,0.008111096918582916,0.18658775091171265,0.018408237025141716,0.7868929151445627
2127,religion_muslim,19,0.006420467048883438,0.15347102284431458,0.013375910930335522,0.8267325991764665
2127,religion_muslim,20,0.007031608372926712,0.18297222256660461,0.012410183437168598,0.7975859856233001
2127,religion_muslim,21,0.005023215431720018,0.08913775533437729,0.008534405380487442,0.8973046238534153
2127,religion_muslim,22,0.004608869552612305,0.18091122806072235,0.009551804512739182,0.8049280978739262
2127,religion_muslim,23,0.0032337522134184837,0.09273926913738251,0.008132326416671276,0.8958946522325277
2127,religion_muslim,24,0.003233787603676319,0.08079248666763306,0.006222634110599756,0.9097510916180909
2127,religion_muslim,25,0.0017288941890001297,0.03598944842815399,0.00448054913431406,0.9578011082485318
2127,religion_muslim,26,0.0032372521236538887,0.06212436407804489,0.010934563353657722,0.9237038204446435
2127,religion_muslim,27,0.004708712920546532,0.07241038233041763,0.013968361541628838,0.908912543207407
2127,religion_muslim,28,0.0038906806148588657,0.08377982676029205,0.014673404395580292,0.8976560882292688
2127,religion_muslim,29,0.006429360248148441,0.06933671981096268,0.02226797305047512,0.9019659468904138
2127,religion_muslim,30,0.009074348956346512,0.1131860688328743,0.03763823211193085,0.8401013500988483
2127,religion_muslim,31,0.006665822584182024,0.061588067561388016,0.042894087731838226,0.8888520221225917
1968,baseline,0,,0.24856936931610107,0.0926639661192894,0.6587666645646095
1968,baseline,1,,0.10277390480041504,0.03651559725403786,0.8607104979455471
1968,baseline,2,,0.05026087909936905,0.019585970789194107,0.9301531501114368
1968,baseline,3,,0.07754023373126984,0.025663131847977638,0.8967966344207525
1968,baseline,4,,0.12306265532970428,0.037221722304821014,0.8397156223654747
1968,baseline,5,,0.15159659087657928,0.024720683693885803,0.8236827254295349
1968,baseline,6,,0.15154732763767242,0.028068242594599724,0.8203844297677279
1968,baseline,7,,0.2686495780944824,0.02506992407143116,0.7062804978340864
1968,baseline,8,,0.18480050563812256,0.028935132548213005,0.7862643618136644
1968,baseline,9,,0.28756892681121826,0.019822023808956146,0.6926090493798256
1968,baseline,10,,0.24828563630580902,0.014480947516858578,0.7372334161773324
1968,baseline,11,,0.29791152477264404,0.021380754187703133,0.6807077210396528
1968,baseline,12,,0.30264386534690857,0.027645276859402657,0.6697108577936888
1968,baseline,13,,0.4271271824836731,0.031653545796871185,0.5412192717194557
1968,baseline,14,,0.44364187121391296,0.03173520416021347,0.5246229246258736
1968,baseline,15,,0.2814159393310547,0.014798004180192947,0.7037860564887524
1968,baseline,16,,0.22877393662929535,0.01602039486169815,0.7552056685090065
1968,baseline,17,,0.2634076178073883,0.010742043145000935,0.7258503390476108
1968,baseline,18,,0.2340056449174881,0.014475460164248943,0.751518894918263
1968,baseline,19,,0.17119061946868896,0.008994610980153084,0.819814769551158
1968,baseline,20,,0.24551182985305786,0.007891308516263962,0.7465968616306782
1968,baseline,21,,0.113278329372406,0.009290957823395729,0.8774307128041983
1968,baseline,22,,0.1815214604139328,0.003418773179873824,0.8150597664061934
1968,baseline,23,,0.09919054806232452,0.0027151794638484716,0.898094272473827
1968,baseline,24,,0.10206952691078186,0.0024915316607803106,0.8954389414284378
1968,baseline,25,,0.06309561431407928,0.0029069934971630573,0.9339973921887577
1968,baseline,26,,0.06396281719207764,0.0052184248343110085,0.9308187579736114
1968,baseline,27,,0.07776612788438797,0.006399284582585096,0.9158345875330269
1968,baseline,28,,0.07122420519590378,0.007649509236216545,0.9211262855678797
1968,baseline,29,,0.06287948787212372,0.00867539457976818,0.9284451175481081
1968,baseline,30,,0.125098317861557,0.014563268050551414,0.8603384140878916
1968,baseline,31,,0.05126062408089638,0.01814458519220352,0.9305947907269001
1968,gender_man,0,0.03458360582590103,0.2429269254207611,0.09089553356170654,0.6315939351916313
1968,gender_man,1,0.014508169144392014,0.0997782051563263,0.035533782094717026,0.8501798436045647
1968,gender_man,2,0.02700742892920971,0.04966423287987709,0.018435969948768616,0.9048923682421446
1968,gender_man,3,0.013546193018555641,0.07392197102308273,0.024306517094373703,0.8882253188639879
1968,gender_man,4,0.019313734024763107,0.11448583006858826,0.034224413335323334,0.8319760225713253
1968,gender_man,5,0.03964914381504059,0.14079003036022186,0.021168647333979607,0.7983921784907579
1968,gender_man,6,0.035549670457839966,0.13164344429969788,0.02313407137989998,0.8096728138625622
1968,gender_man,7,0.033432722091674805,0.23796446621418,0.02206622250378132,0.7065365891903639
1968,gender_man,8,0.03796905279159546,0.2075609564781189,0.02429189532995224,0.7301780954003334
1968,gender_man,9,0.022341981530189514,0.2711014151573181,0.018131958320736885,0.6884246449917555
1968,gender_man,10,0.02685648202896118,0.26916342973709106,0.01167465653270483,0.6923054317012429
1968,gender_man,11,0.024011284112930298,0.2700604796409607,0.02037057653069496,0.685557659715414
1968,gender_man,12,0.020069682970643044,0.29745936393737793,0.02964538335800171,0.6528255697339773
1968,gender_man,13,0.02234400063753128,0.3875492811203003,0.03956056386232376,0.5505461543798447
1968,gender_man,14,0.01354738138616085,0.4452033042907715,0.037179864943027496,0.5040694493800402
1968,gender_man,15,0.01015891507267952,0.27607443928718567,0.014995720237493515,0.6987709254026413
1968,gender_man,16,0.013042524456977844,0.22888825833797455,0.016597509384155273,0.7414717078208923
1968,gender_man,17,0.011016376316547394,0.2577652037143707,0.011356240138411522,0.7198621798306704
1968,gender_man,18,0.009969588369131088,0.2195197492837906,0.015442566946148872,0.7550680954009295
1968,gender_man,19,0.0036469814367592335,0.15724918246269226,0.007953191176056862,0.8311506449244916
1968,gender_man,20,0.005864832550287247,0.2464596927165985,0.006964470725506544,0.7407110040076077
1968,gender_man,21,0.005002407357096672,0.09822367131710052,0.00851442664861679,0.888259494677186
1968,gender_man,22,0.004521869122982025,0.1816374808549881,0.00458631943911314,0.8092543305829167
1968,gender_man,23,0.004017379134893417,0.10112087428569794,0.0034383628517389297,0.8914233837276697
1968,gender_man,24,0.0024377647787332535,0.10776173323392868,0.0030256083700805902,0.8867748936172575
1968,gender_man,25,0.0022721069399267435,0.06539494544267654,0.003385689342394471,0.9289472582750022
1968,gender_man,26,0.002670997753739357,0.06661161780357361,0.006008631084114313,0.9247087533585727
1968,gender_man,27,0.003536372445523739,0.07859015464782715,0.008026378229260445,0.9098470946773887
1968,gender_man,28,0.0026953662745654583,0.07851089537143707,0.008796090260148048,0.9099976480938494
1968,gender_man,29,0.004701589234173298,0.07117477059364319,0.010322187095880508,0.913801453076303
1968,gender_man,30,0.005786970257759094,0.1369810849428177,0.018773820251226425,0.8384581245481968
1968,gender_man,31,0.005767917260527611,0.05744209885597229,0.02209361456334591,0.9146963693201542
1968,gender_woman,0,0.03506064414978027,0.2427600771188736,0.09081250429153442,0.6313667744398117
1968,gender_woman,1,0.014578797854483128,0.09991592168807983,0.03527909517288208,0.850226185284555
1968,gender_woman,2,0.027599865570664406,0.04926815629005432,0.01806967332959175,0.9050623048096895
1968,gender_woman,3,0.013395392335951328,0.07434414327144623,0.023840853944420815,0.8884196104481816
1968,gender_woman,4,0.02042970433831215,0.11260019242763519,0.032552704215049744,0.8344173990190029
1968,gender_woman,5,0.04044482111930847,0.13968130946159363,0.02084040455520153,0.7990334648638964
1968,gender_woman,6,0.03620344400405884,0.1313360333442688,0.022572867572307587,0.8098876550793648
1968,gender_woman,7,0.033260323107242584,0.23692230880260468,0.021936770528554916,0.7078805975615978
1968,gender_woman,8,0.04195570945739746,0.20930218696594238,0.02446417324244976,0.7242779303342104
1968,gender_woman,9,0.02435261383652687,0.27481400966644287,0.018639149144291878,0.6821942273527384
1968,gender_woman,10,0.02697749435901642,0.2705283761024475,0.011279644444584846,0.6912144850939512
1968,gender_woman,11,0.027537807822227478,0.27022653818130493,0.019034095108509064,0.6832015588879585
1968,gender_woman,12,0.022005325183272362,0.305703341960907,0.02847951278090477,0.6438118200749159
1968,gender_woman,13,0.027191629633307457,0.386652410030365,0.03610854595899582,0.5500474143773317
1968,gender_woman,14,0.015178813599050045,0.4518885016441345,0.03442135080695152,0.4985113339498639
1968,gender_woman,15,0.011351227760314941,0.28380805253982544,0.014706904999911785,0.6901338146999478
1968,gender_woman,16,0.015292996540665627,0.22858333587646484,0.015551484189927578,0.740572183392942
1968,gender_woman,17,0.01207723468542099,0.2554659843444824,0.01060135755687952,0.7218554234132171
1968,gender_woman,18,0.009924288839101791,0.2161739617586136,0.015072623267769814,0.7588291261345148
1968,gender_woman,19,0.003929301165044308,0.15091733634471893,0.007893138565123081,0.8372602239251137
1968,gender_woman,20,0.005686448886990547,0.24891258776187897,0.006979930680245161,0.7384210326708853
1968,gender_woman,21,0.0045751831494271755,0.09754225611686707,0.008689293637871742,0.889193267095834
1968,gender_woman,22,0.00441158190369606,0.1903080940246582,0.004738070070743561,0.8005422540009022
1968,gender_woman,23,0.004263361915946007,0.10067103803157806,0.0034049106761813164,0.8916606893762946
1968,gender_woman,24,0.0026343613862991333,0.10699699819087982,0.0031179196666926146,0.8872507207561284
1968,gender_woman,25,0.002203418407589197,0.06498658657073975,0.0035156486555933952,0.9292943463660777
1968,gender_woman,26,0.002968963235616684,0.0657043382525444,0.00604165717959404,0.9252850413322449
1968,gender_woman,27,0.0037402797024697065,0.0797571912407875,0.008377796038985252,0.9081247330177575
1968,gender_woman,28,0.0028652362525463104,0.08234770596027374,0.009110987186431885,0.9056760706007481
1968,gender_woman,29,0.004759761970490217,0.07198445498943329,0.010689745657145977,0.9125660373829305
1968,gender_woman,30,0.006553336977958679,0.1422128677368164,0.019839664921164513,0.8313941303640604
1968,gender_woman,31,0.005571548826992512,0.05840332806110382,0.02229565754532814,0.9137294655665755
1968,region_western_europe,0,0.04220820218324661,0.24235562980175018,0.09089896827936172,0.6245371997356415
1968,region_western_europe,1,0.015097844414412975,0.09867547452449799,0.03386801481246948,0.8523586662486196
1968,region_western_europe,2,0.02955033630132675,0.04817521572113037,0.01717001385986805,0.9051044341176748
1968,region_western_europe,3,0.016105569899082184,0.07361771166324615,0.022729286924004555,0.8875474315136671
1968,region_western_europe,4,0.022642310708761215,0.11319233477115631,0.03300207853317261,0.8311632759869099
1968,region_western_europe,5,0.03852255269885063,0.14178527891635895,0.021846696734428406,0.797845471650362
1968,region_western_europe,6,0.03742864727973938,0.12973839044570923,0.025752758607268333,0.8070802036672831
1968,region_western_europe,7,0.03804687783122063,0.23832330107688904,0.025654340162873268,0.6979754809290171
1968,region_western_europe,8,0.05169060826301575,0.20375017821788788,0.02932249940931797,0.7152367141097784
1968,region_western_europe,9,0.03091837465763092,0.2742490768432617,0.022237397730350494,0.6725951507687569
1968,region_western_europe,10,0.03648373484611511,0.26445236802101135,0.013301689177751541,0.685762207955122
1968,region_western_europe,11,0.035514429211616516,0.26009538769721985,0.02497391775250435,0.6794162653386593
1968,region_western_europe,12,0.02614910900592804,0.29756656289100647,0.03687378764152527,0.6394105404615402
1968,region_western_europe,13,0.02215099334716797,0.3969888687133789,0.04070809856057167,0.5401520393788815
1968,region_western_europe,14,0.016521234065294266,0.45822301506996155,0.0348353311419487,0.4904204197227955
1968,region_western_europe,15,0.01098682265728712,0.2906246781349182,0.015178946778178215,0.6832095524296165
1968,region_western_europe,16,0.013021662831306458,0.23155777156352997,0.015400135889649391,0.7400204297155142
1968,region_western_europe,17,0.0109652578830719,0.2470947951078415,0.011470742523670197,0.7304692044854164
1968,region_western_europe,18,0.01002918928861618,0.20861756801605225,0.015016176737844944,0.7663370659574866
1968,region_western_europe,19,0.003944103606045246,0.15223915874958038,0.008051874116063118,0.8357648635283113
1968,region_western_europe,20,0.006263640709221363,0.24692349135875702,0.006568976677954197,0.7402438912540674
1968,region_western_europe,21,0.005048628430813551,0.09737764298915863,0.00835384614765644,0.8892198824323714
1968,region_western_europe,22,0.006062710657715797,0.1763891875743866,0.004398218356072903,0.8131498834118247
1968,region_western_europe,23,0.004402425140142441,0.09450524300336838,0.0034674364142119884,0.8976248954422772
1968,region_western_europe,24,0.0038444725796580315,0.10182669013738632,0.0030986000783741474,0.8912302372045815
1968,region_western_europe,25,0.0025816403795033693,0.060570456087589264,0.0034788993652909994,0.9333690041676164
1968,region_western_europe,26,0.0042122043669223785,0.06515280157327652,0.006494356319308281,0.9241406377404928
1968,region_western_europe,27,0.004755808971822262,0.08014693111181259,0.008350672200322151,0.906746587716043
1968,region_western_europe,28,0.0042231883853673935,0.07746291160583496,0.009616989642381668,0.908696910366416
1968,region_western_europe,29,0.0053153918124735355,0.06517079472541809,0.010839215479791164,0.9186745979823172
1968,region_western_europe,30,0.0076887235045433044,0.12415886670351028,0.021265920251607895,0.8468864895403385
1968,region_western_europe,31,0.00801588874310255,0.053849607706069946,0.02210543490946293,0.9160290686413646
1968,region_arab_culture,0,0.0514024943113327,0.2415120005607605,0.0906703993678093,0.6164151057600975
1968,region_arab_culture,1,0.017883578315377235,0.0971691906452179,0.03318115696310997,0.8517660740762949
1968,region_arab_culture,2,0.031109949573874474,0.04747399687767029,0.0165862999856472,0.904829753562808
1968,region_arab_culture,3,0.018539367243647575,0.07293007522821426,0.022445354610681534,0.8860852029174566
1968,region_arab_culture,4,0.025392290204763412,0.11621388792991638,0.03220054879784584,0.8261932730674744
1968,region_arab_culture,5,0.04385344684123993,0.1373145878314972,0.021479995921254158,0.7973519694060087
1968,region_arab_culture,6,0.04408995807170868,0.12865647673606873,0.02432376891374588,0.8029297962784767
1968,region_arab_culture,7,0.04259219765663147,0.2318475842475891,0.02486097440123558,0.7006992436945438
1968,region_arab_culture,8,0.06141287088394165,0.2030152678489685,0.027879541739821434,0.7076923195272684
1968,region_arab_culture,9,0.03827356919646263,0.2770870327949524,0.019668713212013245,0.6649706847965717
1968,region_arab_culture,10,0.04346984997391701,0.2512631118297577,0.011918136849999428,0.6933489013463259
1968,region_arab_culture,11,0.04796204715967178,0.2475825846195221,0.02024926245212555,0.6842061057686806
1968,region_arab_culture,12,0.036549583077430725,0.2913615107536316,0.03645656257867813,0.6356323435902596
1968,region_arab_culture,13,0.04946389049291611,0.37480977177619934,0.03808051347732544,0.5376458242535591
1968,region_arab_culture,14,0.025970596820116043,0.42344069480895996,0.03218085318803787,0.5184078551828861
1968,region_arab_culture,15,0.016559898853302002,0.2808886170387268,0.015688404440879822,0.6868630796670914
1968,region_arab_culture,16,0.024931348860263824,0.22996702790260315,0.01607619784772396,0.7290254253894091
1968,region_arab_culture,17,0.02517787739634514,0.23851102590560913,0.013685043901205063,0.7226260527968407
1968,region_arab_culture,18,0.022442582994699478,0.19247101247310638,0.019277065992355347,0.7658093385398388
1968,region_arab_culture,19,0.008801247924566269,0.1386052966117859,0.0114126643165946,0.8411807911470532
1968,region_arab_culture,20,0.010241938754916191,0.23605218529701233,0.008624470792710781,0.7450814051553607
1968,region_arab_culture,21,0.008690590038895607,0.09195385873317719,0.009174869395792484,0.8901806818321347
1968,region_arab_culture,22,0.008578751236200333,0.15633335709571838,0.0053904689848423,0.829697422683239
1968,region_arab_culture,23,0.006224729120731354,0.07724431902170181,0.004306090530008078,0.9122248613275588
1968,region_arab_culture,24,0.007339010946452618,0.08821176737546921,0.003899303264915943,0.9005499184131622
1968,region_arab_culture,25,0.0036866345908492804,0.048653312027454376,0.004796193912625313,0.942863859469071
1968,region_arab_culture,26,0.008701099082827568,0.07740142196416855,0.011328916996717453,0.9025685619562864
1968,region_arab_culture,27,0.010427417233586311,0.09536457061767578,0.013418957591056824,0.8807890545576811
1968,region_arab_culture,28,0.009118531830608845,0.09141237288713455,0.016084615141153336,0.8833844801411033
1968,region_arab_culture,29,0.015089352615177631,0.08798067271709442,0.020587068051099777,0.8763429066166282
1968,region_arab_culture,30,0.021939247846603394,0.13584232330322266,0.03708057850599289,0.8051378503441811
1968,region_arab_culture,31,0.01219778973609209,0.0611417330801487,0.029299763962626457,0.8973607132211328
1968,religion_christian,0,0.028655247762799263,0.24386583268642426,0.0914282351732254,0.6360506843775511
1968,religion_christian,1,0.012875445187091827,0.09942826628684998,0.03521504998207092,0.8524812385439873
1968,religion_christian,2,0.025020495057106018,0.04847594350576401,0.018538303673267365,0.9079652577638626
1968,religion_christian,3,0.012904727831482887,0.07296109199523926,0.024256665259599686,0.8898775149136782
1968,religion_christian,4,0.02331659384071827,0.11724133789539337,0.031601306051015854,0.8278407622128725
1968,religion_christian,5,0.03916268050670624,0.14276286959648132,0.02058071829378605,0.7974937316030264
1968,religion_christian,6,0.04196804761886597,0.13152380287647247,0.023500218987464905,0.8030079305171967
1968,religion_christian,7,0.03513490408658981,0.22874033451080322,0.024851318448781967,0.711273442953825
1968,religion_christian,8,0.04514336585998535,0.20048218965530396,0.028104767203330994,0.7262696772813797
1968,religion_christian,9,0.02368020825088024,0.26692426204681396,0.02363404631614685,0.6857614833861589
1968,religion_christian,10,0.025435715913772583,0.2783574163913727,0.015078838914632797,0.6811280287802219
1968,religion_christian,11,0.020676612854003906,0.2619536817073822,0.02634032629430294,0.691029379144311
1968,religion_christian,12,0.017674889415502548,0.3020995259284973,0.034719791263341904,0.6455057933926582
1968,religion_christian,13,0.016200825572013855,0.39548128843307495,0.04074639081954956,0.5475714951753616
1968,religion_christian,14,0.009025760926306248,0.4632224142551422,0.037575434893369675,0.49017638992518187
1968,religion_christian,15,0.009065747261047363,0.2839118540287018,0.012150167487561703,0.6948722312226892
1968,religion_christian,16,0.011593881994485855,0.22996821999549866,0.013683732599020004,0.7447541654109955
1968,religion_christian,17,0.0084170401096344,0.2504269480705261,0.010064302012324333,0.7310917098075151
1968,religion_christian,18,0.0068500954657793045,0.2172824740409851,0.01294391043484211,0.7629235200583935
1968,religion_christian,19,0.0038888361304998398,0.15466102957725525,0.007589428685605526,0.8338607056066394
1968,religion_christian,20,0.006047869101166725,0.24760514497756958,0.006902413908392191,0.7394445720128715
1968,religion_christian,21,0.0037406724877655506,0.09773901849985123,0.008281567133963108,0.8902387418784201
1968,religion_christian,22,0.003590758889913559,0.17666827142238617,0.0038980338722467422,0.8158429358154535
1968,religion_christian,23,0.0029434124007821083,0.09686089307069778,0.0029660160653293133,0.8972296784631908
1968,religion_christian,24,0.002223500981926918,0.10709086060523987,0.0026623473968356848,0.8880232910159975
1968,religion_christian,25,0.0017561300192028284,0.06639628112316132,0.003094105515629053,0.9287534833420068
1968,religion_christian,26,0.0029537249356508255,0.06472750753164291,0.00554928183555603,0.9267694856971502
1968,religion_christian,27,0.003952887840569019,0.07750900089740753,0.00714860949665308,0.9113895017653704
1968,religion_christian,28,0.003031398868188262,0.07625702023506165,0.008296623826026917,0.9124149570707232
1968,religion_christian,29,0.006754429079592228,0.0658203586935997,0.009318452328443527,0.9181067598983645
1968,religion_christian,30,0.006989777088165283,0.1256180703639984,0.01727145165205002,0.8501207008957863
1968,religion_christian,31,0.007852602750062943,0.055064618587493896,0.02108805999159813,0.915994718670845
1968,religion_muslim,0,0.030949270352721214,0.24315188825130463,0.09099094569683075,0.6349078956991434
1968,religion_muslim,1,0.012428855523467064,0.10011512041091919,0.03573455661535263,0.8517214674502611
1968,religion_muslim,2,0.025413095951080322,0.0482402965426445,0.018595900386571884,0.9077507071197033
1968,religion_muslim,3,0.015094554983079433,0.07250691950321198,0.02442159689962864,0.88797692861408
1968,religion_muslim,4,0.020574836060404778,0.1159573495388031,0.03141272813081741,0.8320550862699747
1968,religion_muslim,5,0.03570951521396637,0.140396386384964,0.021293912082910538,0.8026001863181591
1968,religion_muslim,6,0.03794822096824646,0.13058437407016754,0.022996656596660614,0.8084707483649254
1968,religion_muslim,7,0.03552916646003723,0.2248000204563141,0.022791462019085884,0.7168793510645628
1968,religion_muslim,8,0.050815701484680176,0.18898646533489227,0.028384894132614136,0.7318129390478134
1968,religion_muslim,9,0.02971247211098671,0.2618151903152466,0.02085031569004059,0.6876220218837261
1968,religion_muslim,10,0.040925025939941406,0.2494177669286728,0.013364055193960667,0.6962931519374251
1968,religion_muslim,11,0.038127899169921875,0.262292742729187,0.022550690919160843,0.6770286671817303
1968,religion_muslim,12,0.027519378811120987,0.30296915769577026,0.033703386783599854,0.6358080767095089
1968,religion_muslim,13,0.03658834844827652,0.373596727848053,0.038677558302879333,0.5511373654007912
1968,religion_muslim,14,0.01824985072016716,0.4268989562988281,0.030494285747408867,0.5243569072335958
1968,religion_muslim,15,0.010036513209342957,0.29039081931114197,0.013771772384643555,0.6858008950948715
1968,religion_muslim,16,0.019460737705230713,0.22153382003307343,0.012158527038991451,0.7468469152227044
1968,religion_muslim,17,0.015079960227012634,0.2317882627248764,0.009956171736121178,0.7431756053119898
1968,religion_muslim,18,0.009883332997560501,0.19833093881607056,0.0166306272149086,0.7751551009714603
1968,religion_muslim,19,0.005773823708295822,0.13751697540283203,0.009434922598302364,0.8472742782905698
1968,religion_muslim,20,0.007006995379924774,0.2405114471912384,0.008032551035284996,0.7444490063935518
1968,religion_muslim,21,0.005544745363295078,0.08243988454341888,0.00847715325653553,0.9035382168367505
1968,religion_muslim,22,0.0050639137625694275,0.16629734635353088,0.005902684293687344,0.8227360555902123
1968,religion_muslim,23,0.0037607885897159576,0.09354384243488312,0.004365106113255024,0.8983302628621459
1968,religion_muslim,24,0.004135262221097946,0.09468798339366913,0.0036354116164147854,0.8975413427688181
1968,religion_muslim,25,0.0026935453061014414,0.06022404134273529,0.0041819107718765736,0.9329005025792867
1968,religion_muslim,26,0.003641735762357712,0.06552360951900482,0.0077845873311161995,0.9230500673875213
1968,religion_muslim,27,0.006121397949755192,0.07528234273195267,0.010368501767516136,0.908227757550776
1968,religion_muslim,28,0.004491126164793968,0.08485087007284164,0.012768220156431198,0.8978897836059332
1968,religion_muslim,29,0.009076753631234169,0.07219916582107544,0.015711981803178787,0.9030120987445116
1968,religion_muslim,30,0.0094076469540596,0.12119615823030472,0.02711644023656845,0.8422797545790672
1968,religion_muslim,31,0.009619581513106823,0.06082603335380554,0.02583455666899681,0.9037198284640908
4556,baseline,0,,0.22742712497711182,0.19823068380355835,0.5743421912193298
4556,baseline,1,,0.09502285718917847,0.05041296407580376,0.8545641787350178
4556,baseline,2,,0.04335322603583336,0.024119632318615913,0.9325271416455507
4556,baseline,3,,0.07085558772087097,0.03291881084442139,0.8962256014347076
4556,baseline,4,,0.10404244065284729,0.05918554216623306,0.8367720171809196
4556,baseline,5,,0.14285477995872498,0.033344268798828125,0.8238009512424469
4556,baseline,6,,0.15109355747699738,0.036003049463033676,0.812903393059969
4556,baseline,7,,0.24452823400497437,0.02825581096112728,0.7272159550338984
4556,baseline,8,,0.20773576200008392,0.026449408382177353,0.7658148296177387
4556,baseline,9,,0.2654801607131958,0.020055286586284637,0.7144645527005196
4556,baseline,10,,0.2739059329032898,0.014619913883507252,0.711474153213203
4556,baseline,11,,0.29666733741760254,0.02276223711669445,0.680570425465703
4556,baseline,12,,0.3372223675251007,0.02492983639240265,0.6378477960824966
4556,baseline,13,,0.43042194843292236,0.02522324025630951,0.5443548113107681
4556,baseline,14,,0.4445752501487732,0.04288780689239502,0.5125369429588318
4556,baseline,15,,0.29986411333084106,0.012028639204800129,0.6881072474643588
4556,baseline,16,,0.23427221179008484,0.01637594774365425,0.7493518404662609
4556,baseline,17,,0.2673288881778717,0.015045704320073128,0.7176254075020552
4556,baseline,18,,0.21713294088840485,0.013483655638992786,0.7693834034726024
4556,baseline,19,,0.16402119398117065,0.009498482570052147,0.8264803234487772
4556,baseline,20,,0.24169740080833435,0.010731383226811886,0.7475712159648538
4556,baseline,21,,0.10129877924919128,0.010560641996562481,0.8881405787542462
4556,baseline,22,,0.18729129433631897,0.004765243735164404,0.8079434619285166
4556,baseline,23,,0.09822233021259308,0.005029452499002218,0.8967482172884047
4556,baseline,24,,0.09705532342195511,0.003844487015157938,0.899100189562887
4556,baseline,25,,0.06226123124361038,0.0036045308224856853,0.9341342379339039
4556,baseline,26,,0.059487614780664444,0.006291544996201992,0.9342208402231336
4556,baseline,27,,0.07418569922447205,0.007958635687828064,0.9178556650876999
4556,baseline,28,,0.06909173727035522,0.008007057011127472,0.9229012057185173
4556,baseline,29,,0.05907396599650383,0.010710589587688446,0.9302154444158077
4556,baseline,30,,0.12244731932878494,0.016103027388453484,0.8614496532827616
4556,baseline,31,,0.05183815211057663,0.02487778291106224,0.9232840649783611
4556,gender_man,0,0.02303207293152809,0.22441871464252472,0.1947222650051117,0.5578269474208355
4556,gender_man,1,0.012048101983964443,0.0940062403678894,0.047680169343948364,0.8462654883041978
4556,gender_man,2,0.022443953901529312,0.04393744468688965,0.022243190556764603,0.9113754108548164
4556,gender_man,3,0.011809281073510647,0.07098287343978882,0.03190404549241066,0.8853037999942899
4556,gender_man,4,0.015570538118481636,0.09814855456352234,0.05234631523489952,0.8339345920830965
4556,gender_man,5,0.034227289259433746,0.13615013659000397,0.029251111671328545,0.8003714624792337
4556,gender_man,6,0.03136923909187317,0.13155736029148102,0.03310201317071915,0.8039713874459267
4556,gender_man,7,0.03025723621249199,0.22455188632011414,0.02985982969403267,0.7153310477733612
4556,gender_man,8,0.03811776638031006,0.21269066631793976,0.027012385427951813,0.7221791818737984
4556,gender_man,9,0.01914680004119873,0.2621653079986572,0.02168780192732811,0.6970000900328159
4556,gender_man,10,0.022253423929214478,0.2849162817001343,0.013824771158397198,0.679005523212254
4556,gender_man,11,0.017203405499458313,0.2801046669483185,0.023648181930184364,0.6790437456220388
4556,gender_man,12,0.015117291361093521,0.3260199725627899,0.030417783185839653,0.6284449528902769
4556,gender_man,13,0.018205225467681885,0.41355186700820923,0.03527246415615082,0.5329704433679581
4556,gender_man,14,0.010494131594896317,0.4457133412361145,0.050708167254924774,0.4930843599140644
4556,gender_man,15,0.0071297213435173035,0.2994912266731262,0.010926644317805767,0.6824524076655507
4556,gender_man,16,0.00908263586461544,0.2439480870962143,0.016957426443696022,0.7300118505954742
4556,gender_man,17,0.006901510059833527,0.26774781942367554,0.01615426316857338,0.7091964073479176
4556,gender_man,18,0.00819069892168045,0.2224683314561844,0.013750677928328514,0.7555902916938066
4556,gender_man,19,0.0037232637405395508,0.16277626156806946,0.009024480357766151,0.8244759943336248
4556,gender_man,20,0.005224408581852913,0.24666638672351837,0.009636766277253628,0.7384724384173751
4556,gender_man,21,0.004274650476872921,0.09739905595779419,0.009902965277433395,0.8884233282878995
4556,gender_man,22,0.0036994125694036484,0.19362112879753113,0.00508534349501133,0.7975941151380539
4556,gender_man,23,0.003583047538995743,0.10076400637626648,0.00549957063049078,0.890153375454247
4556,gender_man,24,0.001919776201248169,0.10401847958564758,0.004166901111602783,0.8898948431015015
4556,gender_man,25,0.002092467388138175,0.0662059634923935,0.003748327260836959,0.9279532418586314
4556,gender_man,26,0.0024048644118010998,0.06254404783248901,0.007262428291141987,0.9277886594645679
4556,gender_man,27,0.0029815828893333673,0.07371674478054047,0.008680365979671478,0.9146213063504547
4556,gender_man,28,0.0023424902465194464,0.07551265507936478,0.009021803736686707,0.9131230509374291
4556,gender_man,29,0.004087424837052822,0.06314536929130554,0.011475044302642345,0.9212921615689993
4556,gender_man,30,0.00512995570898056,0.13124626874923706,0.018796399235725403,0.844827376306057
4556,gender_man,31,0.00461289007216692,0.05517201870679855,0.02764672040939331,0.9125683708116412
4556,gender_woman,0,0.02326834946870804,0.2243717461824417,0.19467201828956604,0.5576878860592842
4556,gender_woman,1,0.012103624641895294,0.09402084350585938,0.04765688627958298,0.8462186455726624
4556,gender_woman,2,0.022904247045516968,0.04384790360927582,0.021894948557019234,0.911352900788188
4556,gender_woman,3,0.011282050050795078,0.0703122466802597,0.031000155955553055,0.8874055473133922
4556,gender_woman,4,0.01674937829375267,0.09648776799440384,0.05099689960479736,0.8357659541070461
4556,gender_woman,5,0.03543480113148689,0.13531292974948883,0.02878499962389469,0.8004672694951296
4556,gender_woman,6,0.0327630341053009,0.1313268393278122,0.03252235800027847,0.8033877685666084
4556,gender_woman,7,0.03020789660513401,0.22426782548427582,0.029241330921649933,0.7162829469889402
4556,gender_woman,8,0.04239082336425781,0.21364726126194,0.02719515562057495,0.7167667597532272
4556,gender_woman,9,0.021172143518924713,0.2646547555923462,0.021529830992221832,0.6926432698965073
4556,gender_woman,10,0.02335818111896515,0.2811914384365082,0.013524733483791351,0.6819256469607353
4556,gender_woman,11,0.020580321550369263,0.2756359875202179,0.022842705249786377,0.6809409856796265
4556,gender_woman,12,0.017500698566436768,0.33052951097488403,0.029222741723060608,0.6227470487356186
4556,gender_woman,13,0.02393333613872528,0.40735819935798645,0.03273208439350128,0.535976380109787
4556,gender_woman,14,0.012406794354319572,0.4436323642730713,0.05298621580004692,0.4909746255725622
4556,gender_woman,15,0.00869935192167759,0.3012450635433197,0.01140612456947565,0.6786494599655271
4556,gender_woman,16,0.012507564388215542,0.24201279878616333,0.017754267901182175,0.727725368924439
4556,gender_woman,17,0.008579753339290619,0.26133430004119873,0.016862735152244568,0.7132232114672661
4556,gender_woman,18,0.009163163602352142,0.21851685643196106,0.014567481353878975,0.7577524986118078
4556,gender_woman,19,0.004204541444778442,0.1602390855550766,0.0095641715452075,0.8259922014549375
4556,gender_woman,20,0.005139252170920372,0.25025466084480286,0.009799178689718246,0.7348069082945585
4556,gender_woman,21,0.004230218473821878,0.09696385264396667,0.01048937626183033,0.8883165526203811
4556,gender_woman,22,0.003562362864613533,0.19411689043045044,0.005306154489517212,0.7970145922154188
4556,gender_woman,23,0.004071591421961784,0.09967503696680069,0.005720097105950117,0.8905332745052874
4556,gender_woman,24,0.0020812656730413437,0.1035139262676239,0.004294326528906822,0.8901104815304279
4556,gender_woman,25,0.0021924113389104605,0.06706889718770981,0.004017522092908621,0.9267211693804711
4556,gender_woman,26,0.0028407061472535133,0.06283380091190338,0.007695079781115055,0.926630413159728
4556,gender_woman,27,0.0033465223386883736,0.07705850899219513,0.009513753466308117,0.9100812152028084
4556,gender_woman,28,0.002522862982004881,0.07919352501630783,0.009879209101200104,0.9084044029004872
4556,gender_woman,29,0.004428642801940441,0.06738254427909851,0.012840534560382366,0.9153482783585787
4556,gender_woman,30,0.005944401025772095,0.13578090071678162,0.021264024078845978,0.8370106741786003
4556,gender_woman,31,0.004840631503611803,0.05734021216630936,0.03026343323290348,0.9075557230971754
4556,region_western_europe,0,0.02845175378024578,0.22468185424804688,0.19404329359531403,0.5528230983763933
4556,region_western_europe,1,0.01252459641546011,0.09263260662555695,0.04683786630630493,0.848004930652678
4556,region_western_europe,2,0.024276521056890488,0.04348745569586754,0.020990312099456787,0.9112457111477852
4556,region_western_europe,3,0.014167978428304195,0.06936171650886536,0.028831152245402336,0.8876391528174281
4556,region_western_europe,4,0.018711555749177933,0.0979808121919632,0.05045495554804802,0.8328526765108109
4556,region_western_europe,5,0.03386795148253441,0.1332838535308838,0.02917926385998726,0.8036689311265945
4556,region_western_europe,6,0.033672183752059937,0.1316017508506775,0.03706932067871094,0.7976567447185516
4556,region_western_europe,7,0.03636465221643448,0.22248636186122894,0.030095886439085007,0.7110530994832516
4556,region_western_europe,8,0.04930464178323746,0.20777657628059387,0.02810697630047798,0.7148118056356907
4556,region_western_europe,9,0.02733273059129715,0.26005199551582336,0.021867165341973305,0.6907481085509062
4556,region_western_europe,10,0.03186313435435295,0.26843470335006714,0.01450246013700962,0.6851997021585703
4556,region_western_europe,11,0.02895592898130417,0.27199995517730713,0.024056274443864822,0.6749878413975239
4556,region_western_europe,12,0.022542506456375122,0.3107447326183319,0.03163857385516167,0.6350741870701313
4556,region_western_europe,13,0.020146135240793228,0.41864532232284546,0.033375293016433716,0.5278332494199276
4556,region_western_europe,14,0.014998364262282848,0.45537158846855164,0.045960865914821625,0.4836691813543439
4556,region_western_europe,15,0.008890713565051556,0.31444716453552246,0.010666306130588055,0.6659958157688379
4556,region_western_europe,16,0.010636962950229645,0.233527272939682,0.016629327088594437,0.7392064370214939
4556,region_western_europe,17,0.008601710200309753,0.2567899227142334,0.016723589971661568,0.7178847771137953
4556,region_western_europe,18,0.009480375796556473,0.20526482164859772,0.014562751166522503,0.7706920513883233
4556,region_western_europe,19,0.004297086037695408,0.1595134735107422,0.009472055360674858,0.8267173850908875
4556,region_western_europe,20,0.0053650205954909325,0.24598833918571472,0.009153518825769424,0.7394931213930249
4556,region_western_europe,21,0.004759466741234064,0.09581863880157471,0.010372012853622437,0.8890498816035688
4556,region_western_europe,22,0.0048591624945402145,0.19173698127269745,0.005252209026366472,0.7981516472063959
4556,region_western_europe,23,0.0041029192507267,0.09606099128723145,0.00568802747875452,0.8941480619832873
4556,region_western_europe,24,0.0030206344090402126,0.0995480865240097,0.004268757998943329,0.8931625210680068
4556,region_western_europe,25,0.002426409162580967,0.06307104974985123,0.003835017327219248,0.9306675237603486
4556,region_western_europe,26,0.004219454247504473,0.06220530346035957,0.008068445138633251,0.9255067971535027
4556,region_western_europe,27,0.004045779816806316,0.07956647872924805,0.009370239451527596,0.907017502002418
4556,region_western_europe,28,0.0034822416491806507,0.07646618783473969,0.009746183641254902,0.9103053868748248
4556,region_western_europe,29,0.00522577203810215,0.06085401773452759,0.011942429468035698,0.9219777807593346
4556,region_western_europe,30,0.007379759103059769,0.1277664303779602,0.020267728716135025,0.844586081802845
4556,region_western_europe,31,0.0070284279063344,0.054162800312042236,0.03084297478199005,0.9079657969996333
4556,region_arab_culture,0,0.03422688692808151,0.22354577481746674,0.19335117936134338,0.5488761588931084
4556,region_arab_culture,1,0.014604561030864716,0.0912863165140152,0.04546729475259781,0.8486418277025223
4556,region_arab_culture,2,0.02564527466893196,0.04298649728298187,0.020415309816598892,0.9109529182314873
4556,region_arab_culture,3,0.016077136620879173,0.06907037645578384,0.028120748698711395,0.8867317382246256
4556,region_arab_culture,4,0.021310709416866302,0.1006450429558754,0.04938199371099472,0.8286622539162636
4556,region_arab_culture,5,0.0380062498152256,0.12955555319786072,0.027517367154359818,0.8049208298325539
4556,region_arab_culture,6,0.03776662051677704,0.1297575682401657,0.034169357270002365,0.7983064539730549
4556,region_arab_culture,7,0.039699386805295944,0.21834467351436615,0.02971966564655304,0.7122362740337849
4556,region_arab_culture,8,0.057344309985637665,0.2008458375930786,0.02732686698436737,0.7144829854369164
4556,region_arab_culture,9,0.03364031761884689,0.2625550627708435,0.02234463393688202,0.6814599856734276
4556,region_arab_culture,10,0.03839989751577377,0.2607036828994751,0.015092086046934128,0.685804333537817
4556,region_arab_culture,11,0.04152578115463257,0.25933119654655457,0.022865600883960724,0.6762774214148521
4556,region_arab_culture,12,0.03222261369228363,0.29903778433799744,0.032239850610494614,0.6364997513592243
4556,region_arab_culture,13,0.04407300055027008,0.3869606852531433,0.035851139575242996,0.5331151746213436
4556,region_arab_culture,14,0.02346353977918625,0.43588757514953613,0.04384632408618927,0.49680256098508835
4556,region_arab_culture,15,0.013228781521320343,0.3029232621192932,0.011853279545903206,0.6719946768134832
4556,region_arab_culture,16,0.018933629617094994,0.2317676991224289,0.019439995288848877,0.7298586759716272
4556,region_arab_culture,17,0.01650269702076912,0.24242135882377625,0.019680477678775787,0.7213954664766788
4556,region_arab_culture,18,0.019495578482747078,0.20709854364395142,0.019513752311468124,0.7538921255618334
4556,region_arab_culture,19,0.006777934730052948,0.15344417095184326,0.012604977935552597,0.8271729163825512
4556,region_arab_culture,20,0.008144299499690533,0.2610643804073334,0.011242088861763477,0.7195492312312126
4556,region_arab_culture,21,0.007665957324206829,0.09084198623895645,0.011799173429608345,0.8896928830072284
4556,region_arab_culture,22,0.007229162845760584,0.17749452590942383,0.006866168230772018,0.8084101430140436
4556,region_arab_culture,23,0.00605938583612442,0.08719043433666229,0.007659456692636013,0.8990907231345773
4556,region_arab_culture,24,0.005655632819980383,0.09625835716724396,0.005600157659500837,0.8924858523532748
4556,region_arab_culture,25,0.0035635491367429495,0.059624429792165756,0.00481871422380209,0.9319933068472892
4556,region_arab_culture,26,0.0066255833953619,0.06620526313781738,0.011457856744527817,0.9157112967222929
4556,region_arab_culture,27,0.007149211131036282,0.08273780345916748,0.013699565082788467,0.8964134203270078
4556,region_arab_culture,28,0.0058209579437971115,0.08514967560768127,0.015268862247467041,0.8937605042010546
4556,region_arab_culture,29,0.010969368740916252,0.07414737343788147,0.025519588962197304,0.889363668859005
4556,region_arab_culture,30,0.015694737434387207,0.12408681213855743,0.03354303538799286,0.8266754150390625
4556,region_arab_culture,31,0.008773635141551495,0.05664338544011116,0.040763869881629944,0.8938191095367074
4556,religion_christian,0,0.01941697858273983,0.22539401054382324,0.195532888174057,0.5596561226993799
4556,religion_christian,1,0.010685011744499207,0.0940282866358757,0.048928309231996536,0.8463583923876286
4556,religion_christian,2,0.021194040775299072,0.0427720881998539,0.02222501114010811,0.9138088598847389
4556,religion_christian,3,0.011164451017975807,0.06872665882110596,0.031350988894701004,0.8887579012662172
4556,religion_christian,4,0.019731590524315834,0.0995154082775116,0.051985159516334534,0.828767841681838
4556,religion_christian,5,0.034812621772289276,0.13379225134849548,0.029861418530344963,0.8015337083488703
4556,religion_christian,6,0.038931578397750854,0.13009893894195557,0.032970935106277466,0.7979985475540161
4556,religion_christian,7,0.031710200011730194,0.2142438292503357,0.030814582481980324,0.7232313882559538
4556,religion_christian,8,0.04328012466430664,0.20527923107147217,0.029616579413414,0.7218240648508072
4556,religion_christian,9,0.020585130900144577,0.2604798674583435,0.024266518652439117,0.6946684829890728
4556,religion_christian,10,0.021763890981674194,0.2862135171890259,0.01719009131193161,0.6748325005173683
4556,religion_christian,11,0.01577553153038025,0.27598482370376587,0.02484787441790104,0.6833917703479528
4556,religion_christian,12,0.014846429228782654,0.3262042999267578,0.03048904798924923,0.6284602228552103
4556,religion_christian,13,0.014776311814785004,0.4056762456893921,0.03565686568617821,0.5438905768096447
4556,religion_christian,14,0.008021095767617226,0.45746639370918274,0.05226469039916992,0.4822478201240301
4556,religion_christian,15,0.0070433407090604305,0.30654025077819824,0.010228144936263561,0.6761882635764778
4556,religion_christian,16,0.007904984056949615,0.2393561452627182,0.015839412808418274,0.7368994578719139
4556,religion_christian,17,0.005877822637557983,0.2596685290336609,0.015365220606327057,0.7190884277224541
4556,religion_christian,18,0.005409447476267815,0.21065017580986023,0.013557499274611473,0.7703828774392605
4556,religion_christian,19,0.0036488696932792664,0.15891298651695251,0.008930988609790802,0.8285071551799774
4556,religion_christian,20,0.0048746224492788315,0.2424558401107788,0.010825208388268948,0.7418443290516734
4556,religion_christian,21,0.0033237370662391186,0.0958356186747551,0.010394906625151634,0.8904457376338542
4556,religion_christian,22,0.0032539889216423035,0.19495297968387604,0.0052792830392718315,0.7965137483552098
4556,religion_christian,23,0.0029326770454645157,0.0973513275384903,0.005395208951085806,0.8943207864649594
4556,religion_christian,24,0.001792997121810913,0.1009158343076706,0.004301141016185284,0.8929900275543332
4556,religion_christian,25,0.0016789246583357453,0.06554854661226273,0.00393693009391427,0.9288355986354873
4556,religion_christian,26,0.0027667097747325897,0.060295067727565765,0.007335965521633625,0.929602256976068
4556,religion_christian,27,0.0035562776029109955,0.07396599650382996,0.009049861691892147,0.9134278642013669
4556,religion_christian,28,0.0030658382456749678,0.07381696999073029,0.009351017884910107,0.9137661738786846
4556,religion_christian,29,0.006669314112514257,0.061429351568222046,0.012287760153412819,0.9196135741658509
4556,religion_christian,30,0.0070608556270599365,0.12642395496368408,0.01944103091955185,0.8470741584897041
4556,religion_christian,31,0.00704176677390933,0.05587589740753174,0.02769549936056137,0.9093868364579976
4556,religion_muslim,0,0.02119903452694416,0.22491994500160217,0.19487011432647705,0.5590109061449766
4556,religion_muslim,1,0.010240588337182999,0.0935528352856636,0.04887695983052254,0.8473296165466309
4556,religion_muslim,2,0.021851740777492523,0.04273638874292374,0.022297024726867676,0.9131148457527161
4556,religion_muslim,3,0.013712693005800247,0.0676262304186821,0.03079192526638508,0.8878691513091326
4556,religion_muslim,4,0.017377030104398727,0.09911750257015228,0.05091506987810135,0.8325903974473476
4556,religion_muslim,5,0.031500160694122314,0.13219863176345825,0.02974175661802292,0.8065594509243965
4556,religion_muslim,6,0.03527858853340149,0.13099217414855957,0.032786495983600616,0.8009427413344383
4556,religion_muslim,7,0.03226231038570404,0.21350978314876556,0.02875804342329502,0.7254698630422354
4556,religion_muslim,8,0.0498276948928833,0.19408684968948364,0.02912280149757862,0.7269626539200544
4556,religion_muslim,9,0.02763618901371956,0.2528113126754761,0.025340097025036812,0.6942124012857676
4556,religion_muslim,10,0.03722667694091797,0.2550016939640045,0.02022555097937584,0.6875460781157017
4556,religion_muslim,11,0.03105679154396057,0.2589268684387207,0.028140880167484283,0.6818754598498344
4556,religion_muslim,12,0.022997841238975525,0.3166699707508087,0.03572198748588562,0.6246102005243301
4556,religion_muslim,13,0.03782295435667038,0.39699506759643555,0.03828086331486702,0.526901114732027
4556,religion_muslim,14,0.015925854444503784,0.43093404173851013,0.043751172721385956,0.5093889310956001
4556,religion_muslim,15,0.008678116835653782,0.30523598194122314,0.01089521124958992,0.6751906899735332
4556,religion_muslim,16,0.017261870205402374,0.22779721021652222,0.020043451339006424,0.734897468239069
4556,religion_muslim,17,0.012951478362083435,0.23169010877609253,0.01903539150953293,0.7363230213522911
4556,religion_muslim,18,0.009256117045879364,0.21448571979999542,0.019128287211060524,0.7571298759430647
4556,religion_muslim,19,0.004452861845493317,0.14947688579559326,0.011987129226326942,0.8340831231325865
4556,religion_muslim,20,0.005446039140224457,0.24562972784042358,0.012615226209163666,0.7363090068101883
4556,religion_muslim,21,0.004231175407767296,0.08261549472808838,0.011792458593845367,0.901360871270299
4556,religion_muslim,22,0.003825925290584564,0.1822279542684555,0.008001352660357952,0.805944767780602
4556,religion_muslim,23,0.003371860831975937,0.0923677533864975,0.008290708065032959,0.8959696777164936
4556,religion_muslim,24,0.003116317093372345,0.0955914855003357,0.0069178929552435875,0.8943743044510484
4556,religion_muslim,25,0.002441124990582466,0.06719569861888885,0.005655981134623289,0.9247071952559054
4556,religion_muslim,26,0.002923174761235714,0.05933433026075363,0.0105961374938488,0.9271463574841619
4556,religion_muslim,27,0.004537573084235191,0.0721125602722168,0.014004223980009556,0.9093456426635385
4556,religion_muslim,28,0.0033792229369282722,0.084447480738163,0.014664404094219208,0.8975088922306895
4556,religion_muslim,29,0.007018573582172394,0.07108929008245468,0.023094546049833298,0.8987975902855396
4556,religion_muslim,30,0.007362827658653259,0.1224319115281105,0.029706306755542755,0.8404989540576935
4556,religion_muslim,31,0.00807358231395483,0.06365609914064407,0.04266812652349472,0.8856021920219064
2884,baseline,0,,0.2234167456626892,0.24288690090179443,0.5336963534355164
2884,baseline,1,,0.08892954885959625,0.05753478780388832,0.8535356633365154
2884,baseline,2,,0.04262400045990944,0.017986971884965897,0.9393890276551247
2884,baseline,3,,0.07380279898643494,0.027049871161580086,0.899147329851985
2884,baseline,4,,0.10727443546056747,0.05531463027000427,0.8374109342694283
2884,baseline,5,,0.1360732764005661,0.03740686550736427,0.8265198580920696
2884,baseline,6,,0.13805466890335083,0.048250846564769745,0.8136944845318794
2884,baseline,7,,0.2375616431236267,0.05393727868795395,0.7085010781884193
2884,baseline,8,,0.19725856184959412,0.044109757989645004,0.7586316801607609
2884,baseline,9,,0.2579265534877777,0.03671053797006607,0.7053629085421562
2884,baseline,10,,0.24100124835968018,0.018453098833560944,0.7405456528067589
2884,baseline,11,,0.2786785960197449,0.03286231309175491,0.6884590908885002
2884,baseline,12,,0.33751583099365234,0.03977855667471886,0.6227056123316288
2884,baseline,13,,0.405842125415802,0.030663836747407913,0.5634940378367901
2884,baseline,14,,0.4055124521255493,0.04469447210431099,0.5497930757701397
2884,baseline,15,,0.28320544958114624,0.01723311096429825,0.6995614394545555
2884,baseline,16,,0.22914466261863708,0.022759903222322464,0.7480954341590405
2884,baseline,17,,0.27635276317596436,0.017752885818481445,0.7058943510055542
2884,baseline,18,,0.21106816828250885,0.01642317697405815,0.772508654743433
2884,baseline,19,,0.17677317559719086,0.011647600680589676,0.8115792237222195
2884,baseline,20,,0.19017735123634338,0.01356876827776432,0.7962538804858923
2884,baseline,21,,0.13581079244613647,0.011629292741417885,0.8525599148124456
2884,baseline,22,,0.20047055184841156,0.00886401068419218,0.7906654374673963
2884,baseline,23,,0.10035142302513123,0.00820080004632473,0.891447776928544
2884,baseline,24,,0.09213399142026901,0.006530439481139183,0.9013355690985918
2884,baseline,25,,0.04339823126792908,0.006064520217478275,0.9505372485145926
2884,baseline,26,,0.06581167876720428,0.011037087999284267,0.9231512332335114
2884,baseline,27,,0.08979358524084091,0.014365924522280693,0.8958404902368784
2884,baseline,28,,0.06541560590267181,0.012697989121079445,0.9218864049762487
2884,baseline,29,,0.05296885222196579,0.01919906958937645,0.9278320781886578
2884,baseline,30,,0.11828048527240753,0.03449821472167969,0.8472213000059128
2884,baseline,31,,0.04566192626953125,0.03327547758817673,0.921062596142292
2884,gender_man,0,0.01896895095705986,0.22017918527126312,0.23878204822540283,0.5220698155462742
2884,gender_man,1,0.0125310979783535,0.08667241036891937,0.0537414588034153,0.8470550328493118
2884,gender_man,2,0.02012104168534279,0.043284010142087936,0.016935691237449646,0.9196592569351196
2884,gender_man,3,0.01041870005428791,0.07303688675165176,0.02596018835902214,0.8905842248350382
2884,gender_man,4,0.01331155002117157,0.0990147739648819,0.05022772029042244,0.8374459557235241
2884,gender_man,5,0.03354061022400856,0.12966470420360565,0.03455527871847153,0.8022394068539143
2884,gender_man,6,0.02425457537174225,0.12078505754470825,0.04521927237510681,0.8097410947084427
2884,gender_man,7,0.0268007293343544,0.21918654441833496,0.058682870119810104,0.6953298561275005
2884,gender_man,8,0.03354835510253906,0.19586226344108582,0.04416098818182945,0.7264283932745457
2884,gender_man,9,0.015909280627965927,0.25586530566215515,0.03544386476278305,0.6927815489470959
2884,gender_man,10,0.022815555334091187,0.2547644376754761,0.018302273005247116,0.7041177339851856
2884,gender_man,11,0.018165305256843567,0.2731468975543976,0.03287350386381149,0.6758142933249474
2884,gender_man,12,0.011025402694940567,0.32853490114212036,0.04255910962820053,0.6178805865347385
2884,gender_man,13,0.015604062005877495,0.38983866572380066,0.036300837993621826,0.5582564342767
2884,gender_man,14,0.010822667740285397,0.4016479253768921,0.05362878367304802,0.5339006232097745
2884,gender_man,15,0.008748747408390045,0.2763225734233856,0.01570499688386917,0.6992236822843552
2884,gender_man,16,0.009340571239590645,0.22082173824310303,0.02232685685157776,0.7475108336657286
2884,gender_man,17,0.010566839948296547,0.27286773920059204,0.017921211197972298,0.6986442096531391
2884,gender_man,18,0.009695976972579956,0.20072028040885925,0.017263319343328476,0.7723204232752323
2884,gender_man,19,0.00454698083922267,0.1695576012134552,0.012980431318283081,0.812914986629039
2884,gender_man,20,0.006573242135345936,0.18561890721321106,0.014097924344241619,0.7937099263072014
2884,gender_man,21,0.005491435062140226,0.12372739613056183,0.010934857651591301,0.8598463111557066
2884,gender_man,22,0.004373233765363693,0.20187564194202423,0.010018238797783852,0.7837328854948282
2884,gender_man,23,0.003704509697854519,0.0973832905292511,0.008840465918183327,0.8900717338547111
2884,gender_man,24,0.0016788076609373093,0.09053154289722443,0.006877490784972906,0.9009121586568654
2884,gender_man,25,0.0014352048747241497,0.043085530400276184,0.006050850264728069,0.9494284144602716
2884,gender_man,26,0.0023236488923430443,0.06926944851875305,0.011562488041818142,0.9168444145470858
2884,gender_man,27,0.002406181301921606,0.08473856747150421,0.014695673249661922,0.8981595779769123
2884,gender_man,28,0.002366592176258564,0.07091589272022247,0.013970717787742615,0.9127467973157763
2884,gender_man,29,0.0032438121270388365,0.055153775960206985,0.020502539351582527,0.9210998725611717
2884,gender_man,30,0.005205024033784866,0.12031285464763641,0.03780859708786011,0.8366735242307186
2884,gender_man,31,0.00305529055185616,0.0482097789645195,0.03783078491687775,0.9109041455667466
2884,gender_woman,0,0.019220056012272835,0.2201424390077591,0.23867332935333252,0.5219641756266356
2884,gender_woman,1,0.01256058644503355,0.08636955171823502,0.05394504591822624,0.8471248159185052
2884,gender_woman,2,0.020519396290183067,0.042959555983543396,0.016947798430919647,0.9195732492953539
2884,gender_woman,3,0.010310147888958454,0.0727076604962349,0.025959603488445282,0.8910225881263614
2884,gender_woman,4,0.014283815398812294,0.09751829504966736,0.04960685223340988,0.8385910373181105
2884,gender_woman,5,0.035172488540410995,0.12917664647102356,0.03423445671796799,0.8014164082705975
2884,gender_woman,6,0.025603890419006348,0.12045242637395859,0.04522661864757538,0.8087170645594597
2884,gender_woman,7,0.026858877390623093,0.215704083442688,0.05824187397956848,0.6991951651871204
2884,gender_woman,8,0.03595513105392456,0.19700399041175842,0.044873159378767014,0.72216771915555
2884,gender_woman,9,0.017727535218000412,0.25953930616378784,0.03597310930490494,0.6867600493133068
2884,gender_woman,10,0.022482171654701233,0.2524908781051636,0.018288923427462578,0.7067380268126726
2884,gender_woman,11,0.020978718996047974,0.2678494453430176,0.03381798416376114,0.6773538514971733
2884,gender_woman,12,0.012649834156036377,0.3340000510215759,0.04403442144393921,0.6093156933784485
2884,gender_woman,13,0.022080931812524796,0.38704317808151245,0.035565268248319626,0.5553106218576431
2884,gender_woman,14,0.013019341975450516,0.4036406874656677,0.053129471838474274,0.5302104987204075
2884,gender_woman,15,0.010745063424110413,0.279803067445755,0.016132786870002747,0.6933190822601318
2884,gender_woman,16,0.013149838894605637,0.22015166282653809,0.022823797538876534,0.7438747007399797
2884,gender_woman,17,0.014428846538066864,0.27035078406333923,0.01872784085571766,0.6964925285428762
2884,gender_woman,18,0.01001109927892685,0.1985349953174591,0.01813550293445587,0.7733184024691582
2884,gender_woman,19,0.00469942158088088,0.16389013826847076,0.012819209136068821,0.8185912310145795
2884,gender_woman,20,0.00586313009262085,0.18912263214588165,0.01417271327227354,0.790841524489224
2884,gender_woman,21,0.005145089700818062,0.117010198533535,0.010545218363404274,0.8672994934022427
2884,gender_woman,22,0.003881048411130905,0.20763854682445526,0.00938804168254137,0.7790923630818725
2884,gender_woman,23,0.0037862462922930717,0.09907948970794678,0.008418847806751728,0.8887154161930084
2884,gender_woman,24,0.0017343685030937195,0.0918794721364975,0.006487018428742886,0.8998991409316659
2884,gender_woman,25,0.0014267063234001398,0.04652123898267746,0.005981589667499065,0.9460704650264233
2884,gender_woman,26,0.0025849021039903164,0.06900952756404877,0.011470133438706398,0.9169354368932545
2884,gender_woman,27,0.0025406109634786844,0.08668775111436844,0.014966010116040707,0.8958056278061122
2884,gender_woman,28,0.002331385388970375,0.07327833026647568,0.01413857564330101,0.9102517087012529
2884,gender_woman,29,0.0031968054827302694,0.05702241137623787,0.019888507202267647,0.9198922759387642
2884,gender_woman,30,0.005642302334308624,0.12521642446517944,0.03798393905162811,0.8311573341488838
2884,gender_woman,31,0.0031096956226974726,0.04810897260904312,0.039733801037073135,0.9090475307311863
2884,region_western_europe,0,0.02312285639345646,0.2207428216934204,0.2383577972650528,0.5177765246480703
2884,region_western_europe,1,0.012569775804877281,0.08508878946304321,0.05230057239532471,0.8500408623367548
2884,region_western_europe,2,0.021853674203157425,0.04272475093603134,0.01603008806705475,0.9193914867937565
2884,region_western_europe,3,0.013644097372889519,0.07156423479318619,0.0240362249314785,0.8907554429024458
2884,region_western_europe,4,0.015112310647964478,0.09736382961273193,0.049482617527246475,0.8380412422120571
2884,region_western_europe,5,0.03304928168654442,0.12872079014778137,0.035287804901599884,0.8029421232640743
2884,region_western_europe,6,0.02702617645263672,0.11928513646125793,0.046819351613521576,0.8068693354725838
2884,region_western_europe,7,0.031939372420310974,0.2185945063829422,0.057451240718364716,0.6920148804783821
2884,region_western_europe,8,0.04385405033826828,0.19175079464912415,0.04576344043016434,0.7186317145824432
2884,region_western_europe,9,0.023739825934171677,0.2555740773677826,0.03497377783060074,0.685712318867445
2884,region_western_europe,10,0.03255920484662056,0.2419242560863495,0.019023945555090904,0.706492593511939
2884,region_western_europe,11,0.02968679368495941,0.2622945308685303,0.034415215253829956,0.6736034601926804
2884,region_western_europe,12,0.016372762620449066,0.31886056065559387,0.04053901135921478,0.6242276653647423
2884,region_western_europe,13,0.019485395401716232,0.3842726945877075,0.03424438461661339,0.5619975253939629
2884,region_western_europe,14,0.015387231484055519,0.41520023345947266,0.051299870014190674,0.5181126650422812
2884,region_western_europe,15,0.011136211454868317,0.28986072540283203,0.014577118679881096,0.6844259444624186
2884,region_western_europe,16,0.01062813214957714,0.22714652121067047,0.023134199902415276,0.7390911467373371
2884,region_western_europe,17,0.010829169303178787,0.2737618684768677,0.017789416015148163,0.6976195462048054
2884,region_western_europe,18,0.010157708078622818,0.2017250508069992,0.018264373764395714,0.7698528673499823
2884,region_western_europe,19,0.0050167785957455635,0.1617230772972107,0.013952091336250305,0.8193080527707934
2884,region_western_europe,20,0.005960220471024513,0.2021016925573349,0.014326708391308784,0.7776113785803318
2884,region_western_europe,21,0.005474084988236427,0.12482813000679016,0.011169753968715668,0.8585280310362577
2884,region_western_europe,22,0.005353353917598724,0.2002744972705841,0.00941992737352848,0.7849522214382887
2884,region_western_europe,23,0.004469473846256733,0.09513154625892639,0.008914260193705559,0.8914847197011113
2884,region_western_europe,24,0.0032538287341594696,0.08955106139183044,0.006790194660425186,0.9004049152135849
2884,region_western_europe,25,0.0019233784405514598,0.04492047429084778,0.006158871576189995,0.9469972756924108
2884,region_western_europe,26,0.004348853603005409,0.0690758153796196,0.011307847686111927,0.9152674833312631
2884,region_western_europe,27,0.003564738668501377,0.08704270422458649,0.015876322984695435,0.8935162341222167
2884,region_western_europe,28,0.003399147652089596,0.07599321007728577,0.015078756026923656,0.905528886243701
2884,region_western_europe,29,0.004240055102854967,0.05755162984132767,0.02260875515639782,0.9155995598994195
2884,region_western_europe,30,0.007867157459259033,0.12550565600395203,0.042898304760456085,0.8237288817763329
2884,region_western_europe,31,0.004972993396222591,0.0479138046503067,0.04298236593604088,0.9041308360174298
2884,region_arab_culture,0,0.02773982845246792,0.21977227926254272,0.237093985080719,0.5153939072042704
2884,region_arab_culture,1,0.0148735037073493,0.08448532968759537,0.051450420171022415,0.8491907464340329
2884,region_arab_culture,2,0.023351358249783516,0.04325449466705322,0.01595710776746273,0.9174370393157005
2884,region_arab_culture,3,0.0152333565056324,0.07085549831390381,0.023072674870491028,0.8908384703099728
2884,region_arab_culture,4,0.017173785716295242,0.0976119190454483,0.047884222120046616,0.8373300731182098
2884,region_arab_culture,5,0.03764818608760834,0.1253446340560913,0.033882271498441696,0.8031249083578587
2884,region_arab_culture,6,0.03226033225655556,0.11733213067054749,0.043368756771087646,0.8070387803018093
2884,region_arab_culture,7,0.03485846519470215,0.21705150604248047,0.05695305019617081,0.6911369785666466
2884,region_arab_culture,8,0.052429214119911194,0.18488812446594238,0.043685924261808395,0.718996737152338
2884,region_arab_culture,9,0.029134856536984444,0.2598785161972046,0.03629882261157036,0.6746878046542406
2884,region_arab_culture,10,0.039001040160655975,0.2406255304813385,0.02001134678721428,0.7003620825707912
2884,region_arab_culture,11,0.039017558097839355,0.24928492307662964,0.034796733409166336,0.6769007854163647
2884,region_arab_culture,12,0.02275913581252098,0.31081438064575195,0.04336055740714073,0.6230659261345863
2884,region_arab_culture,13,0.047636620700359344,0.352289080619812,0.0355471596121788,0.5645271390676498
2884,region_arab_culture,14,0.026435919106006622,0.38914090394973755,0.04329872131347656,0.5411244556307793
2884,region_arab_culture,15,0.019298005849123,0.2711108922958374,0.013319665566086769,0.6962714362889528
2884,region_arab_culture,16,0.027711115777492523,0.21831613779067993,0.023565184324979782,0.7304075621068478
2884,region_arab_culture,17,0.02533332258462906,0.2619217038154602,0.020357107743620872,0.6923878658562899
2884,region_arab_culture,18,0.023638177663087845,0.18474061787128448,0.023929832503199577,0.7676913719624281
2884,region_arab_culture,19,0.009957093745470047,0.1431640088558197,0.019204415380954742,0.8276744820177555
2884,region_arab_culture,20,0.009755190461874008,0.20109708607196808,0.019100740551948547,0.7700469829142094
2884,region_arab_culture,21,0.008693963289260864,0.10163730382919312,0.011804390698671341,0.8778643421828747
2884,region_arab_culture,22,0.007201564498245716,0.15884186327457428,0.010635188780725002,0.823321383446455
2884,region_arab_culture,23,0.005730967037379742,0.07305581867694855,0.009225718677043915,0.9119874956086278
2884,region_arab_culture,24,0.007068094797432423,0.07595004886388779,0.007660442963242531,0.9093214133754373
2884,region_arab_culture,25,0.0025742589496076107,0.03305937349796295,0.006688003893941641,0.9576783636584878
2884,region_arab_culture,26,0.007220089435577393,0.06989647448062897,0.015321720391511917,0.9075617156922817
2884,region_arab_culture,27,0.007574437186121941,0.08290021866559982,0.022478390485048294,0.8870469536632299
2884,region_arab_culture,28,0.006753463298082352,0.08707769960165024,0.023113738745450974,0.8830550983548164
2884,region_arab_culture,29,0.011184663511812687,0.06959812343120575,0.04086322709918022,0.8783539859578013
2884,region_arab_culture,30,0.020681805908679962,0.12261354178190231,0.06795403361320496,0.7887506186962128
2884,region_arab_culture,31,0.006831953302025795,0.04612352326512337,0.05766614153981209,0.8893783818930387
2884,religion_christian,0,0.015922430902719498,0.22069360315799713,0.23947930335998535,0.523904662579298
2884,religion_christian,1,0.011136628687381744,0.08722162991762161,0.05411623418331146,0.8475255072116852
2884,religion_christian,2,0.01885140873491764,0.04206298291683197,0.01626027189195156,0.9228253364562988
2884,religion_christian,3,0.010170651599764824,0.06981181353330612,0.024817321449518204,0.8952002134174109
2884,religion_christian,4,0.018255967646837234,0.09901972115039825,0.049425698816776276,0.8332986123859882
2884,religion_christian,5,0.03385455161333084,0.12907569110393524,0.035153068602085114,0.8019166886806488
2884,religion_christian,6,0.030659526586532593,0.11874225735664368,0.04538118839263916,0.8052170276641846
2884,religion_christian,7,0.029660940170288086,0.20696526765823364,0.058808837085962296,0.704564955085516
2884,religion_christian,8,0.03607755899429321,0.1873941421508789,0.04913439601659775,0.7273939028382301
2884,religion_christian,9,0.016337674111127853,0.2530641555786133,0.04052139073610306,0.6900767795741558
2884,religion_christian,10,0.021496862173080444,0.2545057535171509,0.0222463421523571,0.7017510421574116
2884,religion_christian,11,0.016116589307785034,0.27057117223739624,0.035455234348773956,0.6778570041060448
2884,religion_christian,12,0.010588116943836212,0.32849934697151184,0.044983163475990295,0.6159293726086617
2884,religion_christian,13,0.011997295543551445,0.3959388732910156,0.04421262815594673,0.5478512030094862
2884,religion_christian,14,0.008224750868976116,0.4187188148498535,0.049660928547382355,0.523395505733788
2884,religion_christian,15,0.008003514260053635,0.2965833842754364,0.013837175443768501,0.6815759260207415
2884,religion_christian,16,0.008516531437635422,0.22765976190567017,0.01955118030309677,0.7442725263535976
2884,religion_christian,17,0.008754078298807144,0.2787180542945862,0.015008741058409214,0.6975191263481975
2884,religion_christian,18,0.0057430267333984375,0.20327791571617126,0.014718331396579742,0.7762607261538506
2884,religion_christian,19,0.004874292761087418,0.17275592684745789,0.012099865823984146,0.8102699145674706
2884,religion_christian,20,0.006524395197629929,0.1833668351173401,0.012861807830631733,0.7972469618543983
2884,religion_christian,21,0.003754659555852413,0.13030529022216797,0.0100345928221941,0.8559054573997855
2884,religion_christian,22,0.003359273076057434,0.19621030986309052,0.009226446971297264,0.7912039700895548
2884,religion_christian,23,0.002994706854224205,0.09669365733861923,0.008178401738405228,0.8921332340687513
2884,religion_christian,24,0.0016134772449731827,0.08915956318378448,0.005855084862560034,0.9033718747086823
2884,religion_christian,25,0.001232549431733787,0.040260568261146545,0.005353772081434727,0.9531531102256849
2884,religion_christian,26,0.0024971049278974533,0.06947112828493118,0.009818577207624912,0.9182131895795465
2884,religion_christian,27,0.0033164811320602894,0.084903284907341,0.012970843352377415,0.8988093906082213
2884,religion_christian,28,0.002800744492560625,0.07511875033378601,0.012604711577296257,0.9094757935963571
2884,religion_christian,29,0.005258978810161352,0.056769512593746185,0.018848728388547897,0.9191227802075446
2884,religion_christian,30,0.009073637425899506,0.11639281362295151,0.036733828485012054,0.8377997204661369
2884,religion_christian,31,0.0048492057248950005,0.051059555262327194,0.037941768765449524,0.9061494702473283
2884,religion_muslim,0,0.01723264530301094,0.2203720659017563,0.2389611303806305,0.5234341584146023
2884,religion_muslim,1,0.010601652786135674,0.08727631717920303,0.05455293878912926,0.847569091245532
2884,religion_muslim,2,0.019252872094511986,0.04193317890167236,0.016754567623138428,0.9220593813806772
2884,religion_muslim,3,0.012297727167606354,0.07016211003065109,0.025055084377527237,0.8924850784242153
2884,religion_muslim,4,0.015036799013614655,0.09861735999584198,0.048614583909511566,0.8377312570810318
2884,religion_muslim,5,0.030560865998268127,0.12640325725078583,0.03504181653261185,0.8079940602183342
2884,religion_muslim,6,0.027889490127563477,0.11921374499797821,0.043644823133945465,0.8092519417405128
2884,religion_muslim,7,0.030540332198143005,0.20447592437267303,0.05584146827459335,0.7091422751545906
2884,religion_muslim,8,0.04232180118560791,0.1825287640094757,0.048033762723207474,0.7271156720817089
2884,religion_muslim,9,0.022627804428339005,0.24571585655212402,0.041644446551799774,0.6900118924677372
2884,religion_muslim,10,0.037301480770111084,0.23199725151062012,0.023367643356323242,0.7073336243629456
2884,religion_muslim,11,0.029169142246246338,0.25541362166404724,0.03937826305627823,0.6760389730334282
2884,religion_muslim,12,0.01707865297794342,0.31997835636138916,0.04930465295910835,0.6136383377015591
2884,religion_muslim,13,0.03765570744872093,0.3833202123641968,0.03864829242229462,0.5403757877647877
2884,religion_muslim,14,0.018498273566365242,0.405661404132843,0.04064305126667023,0.5351972710341215
2884,religion_muslim,15,0.010023746639490128,0.2822784185409546,0.012153130024671555,0.6955447047948837
2884,religion_muslim,16,0.016688454896211624,0.22027961909770966,0.017278539016842842,0.7457533869892359
2884,religion_muslim,17,0.013495422899723053,0.2699795365333557,0.015458131209015846,0.7010669093579054
2884,religion_muslim,18,0.009534347802400589,0.19256697595119476,0.01693219318985939,0.7809664830565453
2884,religion_muslim,19,0.006218687631189823,0.15582166612148285,0.013953189365565777,0.8240064568817616
2884,religion_muslim,20,0.006668339483439922,0.1801832765340805,0.014718669466674328,0.7984297145158052
2884,religion_muslim,21,0.004908223636448383,0.10881909728050232,0.008878502063453197,0.8773941770195961
2884,religion_muslim,22,0.0038785934448242188,0.17706669867038727,0.009492072276771069,0.8095626356080174
2884,religion_muslim,23,0.0028754975646734238,0.08846598863601685,0.008140813559293747,0.900517700240016
2884,religion_muslim,24,0.002986202947795391,0.08506065607070923,0.0062683443538844585,0.9056847966276109
2884,religion_muslim,25,0.0017432528547942638,0.03674127906560898,0.00537729449570179,0.956138173583895
2884,religion_muslim,26,0.002917427569627762,0.06365431100130081,0.011185836978256702,0.9222424244508147
2884,religion_muslim,27,0.004073041491210461,0.07688821852207184,0.014786184765398502,0.9042525552213192
2884,religion_muslim,28,0.0032811230048537254,0.07319697737693787,0.015710357576608658,0.9078115420415998
2884,religion_muslim,29,0.006093490868806839,0.052946917712688446,0.021128738299012184,0.9198308531194925
2884,religion_muslim,30,0.007580704987049103,0.10406110435724258,0.04083575680851936,0.847522433847189
2884,religion_muslim,31,0.0051145851612091064,0.04619332402944565,0.04188285768032074,0.9068092331290245
2126,baseline,0,,0.23941130936145782,0.12078297138214111,0.6398057192564011
2126,baseline,1,,0.0962211936712265,0.02761358954012394,0.8761652167886496
2126,baseline,2,,0.046515945345163345,0.01542242243885994,0.9380616322159767
2126,baseline,3,,0.07058344036340714,0.02421027421951294,0.9052062854170799
2126,baseline,4,,0.11038956046104431,0.03122207149863243,0.8583883680403233
2126,baseline,5,,0.1467282623052597,0.03166419267654419,0.8216075450181961
2126,baseline,6,,0.14744040369987488,0.0358772799372673,0.8166823163628578
2126,baseline,7,,0.23911210894584656,0.023007119074463844,0.7378807719796896
2126,baseline,8,,0.18444634974002838,0.024942047894001007,0.7906116023659706
2126,baseline,9,,0.27330589294433594,0.019558511674404144,0.7071355953812599
2126,baseline,10,,0.25824660062789917,0.011523809283971786,0.730229590088129
2126,baseline,11,,0.2829706370830536,0.021278278902173042,0.6957510840147734
2126,baseline,12,,0.2901393175125122,0.02077539823949337,0.6890852842479944
2126,baseline,13,,0.39418870210647583,0.02599751017987728,0.5798137877136469
2126,baseline,14,,0.39887362718582153,0.027170252054929733,0.5739561207592487
2126,baseline,15,,0.2778213918209076,0.01279769279062748,0.7093809153884649
2126,baseline,16,,0.22200562059879303,0.012645113281905651,0.7653492661193013
2126,baseline,17,,0.263489305973053,0.013505822978913784,0.7230048710480332
2126,baseline,18,,0.18575403094291687,0.011443565599620342,0.8028024034574628
2126,baseline,19,,0.169952392578125,0.00671001709997654,0.8233375903218985
2126,baseline,20,,0.20843753218650818,0.007817995734512806,0.783744472078979
2126,baseline,21,,0.11674679815769196,0.006438203155994415,0.8768149986863136
2126,baseline,22,,0.20565569400787354,0.004253910854458809,0.7900903951376677
2126,baseline,23,,0.10030695796012878,0.003581993281841278,0.8961110487580299
2126,baseline,24,,0.08920299261808395,0.0029343212954699993,0.907862686086446
2126,baseline,25,,0.05577065795660019,0.0025922898203134537,0.9416370522230864
2126,baseline,26,,0.05494959279894829,0.006318544037640095,0.9387318631634116
2126,baseline,27,,0.07946760207414627,0.007314029615372419,0.9132183683104813
2126,baseline,28,,0.06123988330364227,0.0065588196739554405,0.9322012970224023
2126,baseline,29,,0.05117732658982277,0.008417163044214249,0.940405510365963
2126,baseline,30,,0.11850649118423462,0.018077664077281952,0.8634158447384834
2126,baseline,31,,0.04625273495912552,0.015868470072746277,0.9378787949681282
2126,gender_man,0,0.03181165084242821,0.2337169647216797,0.11637662351131439,0.6180947609245777
2126,gender_man,1,0.012763282284140587,0.09465277940034866,0.025379160419106483,0.8672047778964043
2126,gender_man,2,0.023419352248311043,0.046124111860990524,0.014810280874371529,0.9156462550163269
2126,gender_man,3,0.011866562068462372,0.0695437639951706,0.023440733551979065,0.895148940384388
2126,gender_man,4,0.019255852326750755,0.10672800987958908,0.02685368061065674,0.8471624571830034
2126,gender_man,5,0.03627053648233414,0.1353185772895813,0.028927702456712723,0.7994831837713718
2126,gender_man,6,0.03145834803581238,0.12711858749389648,0.03105700947344303,0.8103660549968481
2126,gender_man,7,0.029142946004867554,0.2183443158864975,0.022701304405927658,0.7298114337027073
2126,gender_man,8,0.033913642168045044,0.1916399896144867,0.024355944246053696,0.7500904239714146
2126,gender_man,9,0.019705399870872498,0.26512882113456726,0.020246967673301697,0.6949188113212585
2126,gender_man,10,0.022684410214424133,0.27459850907325745,0.011664208024740219,0.6910528726875782
2126,gender_man,11,0.01903291791677475,0.2695237398147583,0.026115115731954575,0.6853282265365124
2126,gender_man,12,0.015221167355775833,0.28297317028045654,0.024152837693691254,0.6776528246700764
2126,gender_man,13,0.018889598548412323,0.3654309809207916,0.03154551610350609,0.58413390442729
2126,gender_man,14,0.011757373809814453,0.3962603807449341,0.02801472134888172,0.5639675240963697
2126,gender_man,15,0.008101340383291245,0.2859059274196625,0.013740483671426773,0.6922522485256195
2126,gender_man,16,0.00968792662024498,0.22395314276218414,0.012256565503776073,0.7541023651137948
2126,gender_man,17,0.00815628096461296,0.25940144062042236,0.015980329364538193,0.7164619490504265
2126,gender_man,18,0.0075172483921051025,0.1846293807029724,0.011818219907581806,0.7960351509973407
2126,gender_man,19,0.004076119512319565,0.16873833537101746,0.007513303309679031,0.819672241806984
2126,gender_man,20,0.00677984394133091,0.19340738654136658,0.008212246932089329,0.7916005225852132
2126,gender_man,21,0.00426759198307991,0.11473233997821808,0.007318252697587013,0.873681815341115
2126,gender_man,22,0.003977328538894653,0.20876933634281158,0.005239433608949184,0.7820139015093446
2126,gender_man,23,0.003282316029071808,0.10028377175331116,0.004198259674012661,0.8922356525436044
2126,gender_man,24,0.0018306784331798553,0.08545209467411041,0.0033577540889382362,0.9093594728037715
2126,gender_man,25,0.0012920501176267862,0.04537304490804672,0.002623168285936117,0.9507117366883904
2126,gender_man,26,0.002053709700703621,0.05797075480222702,0.007283701561391354,0.932691833935678
2126,gender_man,27,0.0031314054504036903,0.08406955003738403,0.00797615759074688,0.9048228869214654
2126,gender_man,28,0.0022793845273554325,0.06133951246738434,0.007763857953250408,0.9286172450520098
2126,gender_man,29,0.0034843471366912127,0.05307171866297722,0.008642705157399178,0.9348012290429324
2126,gender_man,30,0.004991307854652405,0.11963363736867905,0.021912142634391785,0.8534629121422768
2126,gender_man,31,0.004224899224936962,0.048772815614938736,0.015988372266292572,0.9310139128938317
2126,gender_woman,0,0.032332584261894226,0.2335781455039978,0.1163002997636795,0.6177889704704285
2126,gender_woman,1,0.012862946838140488,0.09475713223218918,0.02556772343814373,0.8668121974915266
2126,gender_woman,2,0.02371029742062092,0.045981716364622116,0.014712519943714142,0.9155954662710428
2126,gender_woman,3,0.011441176757216454,0.06921221315860748,0.02281106822192669,0.8965355418622494
2126,gender_woman,4,0.02046751230955124,0.10515940934419632,0.026035940274596214,0.8483371380716562
2126,gender_woman,5,0.03720805421471596,0.13513818383216858,0.02845260687172413,0.7992011550813913
2126,gender_woman,6,0.03245961666107178,0.1269974410533905,0.03083507902920246,0.8097078632563353
2126,gender_woman,7,0.028845936059951782,0.21743138134479523,0.022314509376883507,0.7314081732183695
2126,gender_woman,8,0.037067413330078125,0.19334901869297028,0.024281948804855347,0.7453016191720963
2126,gender_woman,9,0.021527200937271118,0.26708823442459106,0.020316550508141518,0.6910680141299963
2126,gender_woman,10,0.022918283939361572,0.27368348836898804,0.011631995439529419,0.691766232252121
2126,gender_woman,11,0.02139836549758911,0.26643264293670654,0.02505820244550705,0.6871107891201973
2126,gender_woman,12,0.017278824001550674,0.28793999552726746,0.024907827377319336,0.6698733530938625
2126,gender_woman,13,0.022736797109246254,0.36268243193626404,0.031159644946455956,0.5834211260080338
2126,gender_woman,14,0.013910294510424137,0.39887458086013794,0.02846526727080345,0.5587498573586345
2126,gender_woman,15,0.009716320782899857,0.28827786445617676,0.015260109677910805,0.6867457050830126
2126,gender_woman,16,0.013001920655369759,0.22296802699565887,0.012400999665260315,0.751629052683711
2126,gender_woman,17,0.010423120111227036,0.2599245011806488,0.016526944935321808,0.7131254337728024
2126,gender_woman,18,0.007706288248300552,0.18770243227481842,0.012069379910826683,0.7925218995660543
2126,gender_woman,19,0.0043833572417497635,0.1697133332490921,0.0076897963881492615,0.8182135131210089
2126,gender_woman,20,0.006661290302872658,0.19405953586101532,0.008313242346048355,0.7909659314900637
2126,gender_woman,21,0.004246660508215427,0.11283504217863083,0.00737402681261301,0.8755442705005407
2126,gender_woman,22,0.003991343080997467,0.22021974623203278,0.005360366310924292,0.7704285443760455
2126,gender_woman,23,0.0036178026348352432,0.10244063287973404,0.004281168337911367,0.8896603961475194
2126,gender_woman,24,0.0019888170063495636,0.08680941164493561,0.0034137433394789696,0.9077880280092359
2126,gender_woman,25,0.001357884961180389,0.04578959569334984,0.0027129624504595995,0.9501395568950102
2126,gender_woman,26,0.0024059247225522995,0.05811643972992897,0.007641212083399296,0.9318364234641194
2126,gender_woman,27,0.0033973325043916702,0.08595601469278336,0.008410278707742691,0.9022363740950823
2126,gender_woman,28,0.0024709939025342464,0.06563255935907364,0.008373146876692772,0.9235232998616993
2126,gender_woman,29,0.0036172354593873024,0.05566048249602318,0.009297213517129421,0.9314250685274601
2126,gender_woman,30,0.005674451589584351,0.12467768788337708,0.023520497605204582,0.846127362921834
2126,gender_woman,31,0.0043945396319031715,0.051290951669216156,0.017295334488153458,0.9270191742107272
2126,region_western_europe,0,0.03747737035155296,0.23419271409511566,0.11599482595920563,0.6123350895941257
2126,region_western_europe,1,0.013694415800273418,0.09303537011146545,0.02500768005847931,0.8682625340297818
2126,region_western_europe,2,0.02576753869652748,0.04646778851747513,0.014390334486961365,0.913374338299036
2126,region_western_europe,3,0.014399496838450432,0.06811822950839996,0.020927291363477707,0.8965549822896719
2126,region_western_europe,4,0.022979941219091415,0.10719417780637741,0.026010841131210327,0.8438150398433208
2126,region_western_europe,5,0.034112006425857544,0.13417771458625793,0.03029458597302437,0.8014156930148602
2126,region_western_europe,6,0.034018680453300476,0.12528246641159058,0.03413434326648712,0.8065645098686218
2126,region_western_europe,7,0.033842045813798904,0.2186104953289032,0.025408875197172165,0.7221385836601257
2126,region_western_europe,8,0.04643375426530838,0.1850123554468155,0.02537790685892105,0.7431759834289551
2126,region_western_europe,9,0.028109993785619736,0.2664957046508789,0.0216534286737442,0.6837408728897572
2126,region_western_europe,10,0.02993968315422535,0.26720595359802246,0.01249904464930296,0.6903553185984492
2126,region_western_europe,11,0.026937002316117287,0.2565191686153412,0.028301920741796494,0.688241908326745
2126,region_western_europe,12,0.020225094631314278,0.27452352643013,0.026995956897735596,0.6782554220408201
2126,region_western_europe,13,0.019723691046237946,0.36200347542762756,0.037165239453315735,0.5811075940728188
2126,region_western_europe,14,0.015565174631774426,0.4140437841415405,0.029827892780303955,0.5405631484463811
2126,region_western_europe,15,0.009997382760047913,0.29952651262283325,0.01563798449933529,0.6748381201177835
2126,region_western_europe,16,0.01073054876178503,0.22725267708301544,0.012907464057207108,0.7491093100979924
2126,region_western_europe,17,0.009016558527946472,0.24870851635932922,0.016291823238134384,0.7259831018745899
2126,region_western_europe,18,0.008072987198829651,0.18882694840431213,0.01257270947098732,0.7905273549258709
2126,region_western_europe,19,0.00456761009991169,0.16513486206531525,0.008357496932148933,0.8219400309026241
2126,region_western_europe,20,0.006631204858422279,0.20620225369930267,0.008304915390908718,0.7788616260513663
2126,region_western_europe,21,0.004742206074297428,0.11331632733345032,0.007584384176880121,0.8743570824153721
2126,region_western_europe,22,0.00542893260717392,0.20723603665828705,0.005303227808326483,0.7820318029262125
2126,region_western_europe,23,0.004096698015928268,0.09807644039392471,0.0043513537384569645,0.89347550785169
2126,region_western_europe,24,0.0031717754900455475,0.08575154840946198,0.0036974933464080095,0.9073791827540845
2126,region_western_europe,25,0.001856343587860465,0.04839683324098587,0.0030003422871232033,0.9467464808840305
2126,region_western_europe,26,0.0037924470379948616,0.06099505349993706,0.007835963740944862,0.9273765357211232
2126,region_western_europe,27,0.004412658512592316,0.08725437521934509,0.009253638796508312,0.8990793274715543
2126,region_western_europe,28,0.003653388936072588,0.06661766022443771,0.008879188448190689,0.920849762391299
2126,region_western_europe,29,0.004755880683660507,0.05450128763914108,0.009287671186029911,0.9314551604911685
2126,region_western_europe,30,0.0073065683245658875,0.12300390005111694,0.02408861368894577,0.8456009179353714
2126,region_western_europe,31,0.007114010863006115,0.0491354763507843,0.017815250903367996,0.9259352618828416
2126,region_arab_culture,0,0.0431673638522625,0.2329113483428955,0.11523529142141342,0.6086859963834286
2126,region_arab_culture,1,0.016479749232530594,0.09299023449420929,0.024533284828066826,0.8659967314451933
2126,region_arab_culture,2,0.027785316109657288,0.04573667794466019,0.013970956206321716,0.9125070497393608
2126,region_arab_culture,3,0.016596226021647453,0.06692859530448914,0.020542318001389503,0.8959328606724739
2126,region_arab_culture,4,0.02599365822970867,0.10789687931537628,0.02554939314723015,0.8405600693076849
2126,region_arab_culture,5,0.038826290518045425,0.1298356056213379,0.029927143827080727,0.801410960033536
2126,region_arab_culture,6,0.038311667740345,0.12224794179201126,0.03298605605959892,0.8064543344080448
2126,region_arab_culture,7,0.03736966848373413,0.21464431285858154,0.025349531322717667,0.7226364873349667
2126,region_arab_culture,8,0.054723773151636124,0.1802254319190979,0.02665681019425392,0.738393984735012
2126,region_arab_culture,9,0.033954545855522156,0.27405911684036255,0.02136855758726597,0.6706177797168493
2126,region_arab_culture,10,0.03605015203356743,0.2582889795303345,0.012119181454181671,0.6935416869819164
2126,region_arab_culture,11,0.03750671446323395,0.24813976883888245,0.02617943286895752,0.6881740838289261
2126,region_arab_culture,12,0.02898447774350643,0.26538902521133423,0.027268927544355392,0.678357569500804
2126,region_arab_culture,13,0.043133459985256195,0.3576919734477997,0.031182171776890755,0.5679923947900534
2126,region_arab_culture,14,0.021399131044745445,0.4013034701347351,0.028222952038049698,0.5490744467824697
2126,region_arab_culture,15,0.013970494270324707,0.2848457992076874,0.016749374568462372,0.6844343319535255
2126,region_arab_culture,16,0.021813618019223213,0.2263898253440857,0.01411990262567997,0.7376766540110111
2126,region_arab_culture,17,0.019478775560855865,0.2419392168521881,0.019124453887343407,0.7194575536996126
2126,region_arab_culture,18,0.016244303435087204,0.1834980994462967,0.014850334264338017,0.7854072628542781
2126,region_arab_culture,19,0.0074071139097213745,0.15496139228343964,0.009529419243335724,0.8281020745635033
2126,region_arab_culture,20,0.009798729792237282,0.22908014059066772,0.009465997107326984,0.751655132509768
2126,region_arab_culture,21,0.0071482365019619465,0.09647413343191147,0.007559929974377155,0.8888177000917494
2126,region_arab_culture,22,0.0072784218937158585,0.17881430685520172,0.005318519193679094,0.8085887520574033
2126,region_arab_culture,23,0.0053936149924993515,0.0868903249502182,0.004813245497643948,0.9029028145596385
2126,region_arab_culture,24,0.004833118058741093,0.0930938720703125,0.004574347287416458,0.89749866258353
2126,region_arab_culture,25,0.0027906729374080896,0.049855999648571014,0.0036354470066726208,0.9437178804073483
2126,region_arab_culture,26,0.006263937801122665,0.07118427008390427,0.010045194998383522,0.9125065971165895
2126,region_arab_culture,27,0.007798887323588133,0.10148558020591736,0.012456947937607765,0.8782585845328867
2126,region_arab_culture,28,0.006137394346296787,0.08572506904602051,0.011435780674219131,0.8967017559334636
2126,region_arab_culture,29,0.00903660524636507,0.07827875763177872,0.012651493772864342,0.9000331433489919
2126,region_arab_culture,30,0.014117039740085602,0.13962802290916443,0.0314316526055336,0.8148232847452164
2126,region_arab_culture,31,0.009509301744401455,0.0581124909222126,0.020813051611185074,0.9115651557222009
2126,religion_christian,0,0.02668656036257744,0.2350592017173767,0.11708112061023712,0.6211731173098087
2126,religion_christian,1,0.011156096123158932,0.09508101642131805,0.026005703955888748,0.8677571834996343
2126,religion_christian,2,0.02201254852116108,0.04501233622431755,0.015092709101736546,0.9178824061527848
2126,religion_christian,3,0.010842131450772285,0.06793063879013062,0.023455685004591942,0.8977715447545052
2126,religion_christian,4,0.024069124832749367,0.10798639804124832,0.026873640716075897,0.8410708364099264
2126,religion_christian,5,0.03690340742468834,0.13629792630672455,0.02947329357266426,0.7973253726959229
2126,religion_christian,6,0.03574129939079285,0.12657441198825836,0.03083832934498787,0.8068459592759609
2126,religion_christian,7,0.03123088926076889,0.21202561259269714,0.02408432401716709,0.7326591741293669
2126,religion_christian,8,0.03915494680404663,0.1866895705461502,0.025477895513176918,0.7486775871366262
2126,religion_christian,9,0.020553261041641235,0.25443488359451294,0.022425923496484756,0.7025859318673611
2126,religion_christian,10,0.0214725062251091,0.28648900985717773,0.01324286125600338,0.6787956226617098
2126,religion_christian,11,0.01577046513557434,0.2621016800403595,0.027504147961735725,0.6946237068623304
2126,religion_christian,12,0.01335613802075386,0.28496235609054565,0.025897810235619545,0.6757836956530809
2126,religion_christian,13,0.013099152594804764,0.3626713454723358,0.036234963685274124,0.5879945382475853
2126,religion_christian,14,0.008224843069911003,0.41698840260505676,0.02944602444767952,0.5453407298773527
2126,religion_christian,15,0.007378239184617996,0.29113107919692993,0.013605717569589615,0.6878849640488625
2126,religion_christian,16,0.008867330849170685,0.22334852814674377,0.011678499169647694,0.7561056418344378
2126,religion_christian,17,0.006323561072349548,0.2536734640598297,0.014827246777713299,0.7251757280901074
2126,religion_christian,18,0.004689082503318787,0.1786944717168808,0.011481785215437412,0.805134660564363
2126,religion_christian,19,0.0038001835346221924,0.16293126344680786,0.00697385985404253,0.8262946931645274
2126,religion_christian,20,0.005803827196359634,0.21007129549980164,0.007884970866143703,0.776239906437695
2126,religion_christian,21,0.0028822016902267933,0.10755941271781921,0.0065364227630198,0.8830219628289342
2126,religion_christian,22,0.003035441040992737,0.2097332626581192,0.004591223318129778,0.7826400729827583
2126,religion_christian,23,0.0023528840392827988,0.10322479903697968,0.003642869181931019,0.8907794477418065
2126,religion_christian,24,0.0015832409262657166,0.08658568561077118,0.00306285684928298,0.9087682166136801
2126,religion_christian,25,0.001007295330055058,0.052443716675043106,0.002447370905429125,0.9441016170894727
2126,religion_christian,26,0.002169383689761162,0.05729730799794197,0.006647847127169371,0.9338854611851275
2126,religion_christian,27,0.0036372337490320206,0.08556399494409561,0.00782129354774952,0.9029774777591228
2126,religion_christian,28,0.0025482545606791973,0.06363436579704285,0.007293114438652992,0.926524265203625
2126,religion_christian,29,0.004866020753979683,0.052360743284225464,0.008103196509182453,0.9346700394526124
2126,religion_christian,30,0.006246522068977356,0.1194070428609848,0.019780730828642845,0.854565704241395
2126,religion_christian,31,0.006253072526305914,0.04861203581094742,0.014626738615334034,0.9305081530474126
2126,religion_muslim,0,0.029024463146924973,0.23435917496681213,0.1165313869714737,0.6200849749147892
2126,religion_muslim,1,0.010727079585194588,0.09545432031154633,0.026423892006278038,0.867394708096981
2126,religion_muslim,2,0.02264583855867386,0.04527871310710907,0.015346281230449677,0.9167291671037674
2126,religion_muslim,3,0.012917721644043922,0.06844931840896606,0.023564256727695465,0.8950687032192945
2126,religion_muslim,4,0.020626848563551903,0.10705699026584625,0.026045847684144974,0.8462703134864569
2126,religion_muslim,5,0.03296716511249542,0.13462774455547333,0.028426583856344223,0.803978506475687
2126,religion_muslim,6,0.03340446949005127,0.12856696546077728,0.03114631026983261,0.8068822547793388
2126,religion_muslim,7,0.030895106494426727,0.20876406133174896,0.021802913397550583,0.7385379187762737
2126,religion_muslim,8,0.044528186321258545,0.18057501316070557,0.02567801997065544,0.7492187805473804
2126,religion_muslim,9,0.027431577444076538,0.24879226088523865,0.02212785743176937,0.7016483042389154
2126,religion_muslim,10,0.03615209460258484,0.24798832833766937,0.012980259954929352,0.7028793171048164
2126,religion_muslim,11,0.030260026454925537,0.2540246546268463,0.027724754065275192,0.687990564852953
2126,religion_muslim,12,0.02295559272170067,0.27753952145576477,0.027595076709985733,0.6719098091125488
2126,religion_muslim,13,0.04080040752887726,0.3482109308242798,0.02903837338089943,0.5819502882659435
2126,religion_muslim,14,0.01814933493733406,0.40640097856521606,0.02323455736041069,0.5522151291370392
2126,religion_muslim,15,0.00870698131620884,0.2926865220069885,0.01423218846321106,0.6843743082135916
2126,religion_muslim,16,0.01753051206469536,0.21221844851970673,0.010848009958863258,0.7594030294567347
2126,religion_muslim,17,0.01220935583114624,0.22405706346035004,0.012786510400474072,0.7509470703080297
2126,religion_muslim,18,0.007276397198438644,0.18533097207546234,0.012092435732483864,0.7953001949936152
2126,religion_muslim,19,0.004974761046469212,0.14436520636081696,0.0070582227781414986,0.8436018098145723
2126,religion_muslim,20,0.006751213222742081,0.2185053825378418,0.0073494939133524895,0.7673939103260636
2126,religion_muslim,21,0.004244680050760508,0.08513805270195007,0.005337947979569435,0.90527931926772
2126,religion_muslim,22,0.0044197142124176025,0.18213050067424774,0.004415436647832394,0.8090343484655023
2126,religion_muslim,23,0.002746492624282837,0.09129796922206879,0.0032993550412356853,0.9026561831124127
2126,religion_muslim,24,0.002748347818851471,0.08701074123382568,0.003188682021573186,0.9070522289257497
2126,religion_muslim,25,0.002047719433903694,0.056391797959804535,0.0025033126585185528,0.9390571699477732
2126,religion_muslim,26,0.00281536765396595,0.05505666136741638,0.006597439758479595,0.9355305312201381
2126,religion_muslim,27,0.0049077775329351425,0.07658477872610092,0.008367459289729595,0.9101399844512343
2126,religion_muslim,28,0.00333703076466918,0.06989192217588425,0.0083922753110528,0.9183787717483938
2126,religion_muslim,29,0.006364355329424143,0.05877561867237091,0.00947503000497818,0.9253849959932268
2126,religion_muslim,30,0.007174164056777954,0.1081894189119339,0.021131280809640884,0.8635051362216473
2126,religion_muslim,31,0.007586427964270115,0.04991728067398071,0.01728837750852108,0.9252079138532281
60,baseline,0,,0.24889495968818665,0.09607803076505661,0.6550270095467567
60,baseline,1,,0.10345642268657684,0.03839964047074318,0.85814393684268
60,baseline,2,,0.04704883322119713,0.01912914216518402,0.9338220246136189
60,baseline,3,,0.07381928712129593,0.02747248113155365,0.8987082317471504
60,baseline,4,,0.11775465309619904,0.04334024339914322,0.8389051035046577
60,baseline,5,,0.15549959242343903,0.033446744084358215,0.8110536634922028
60,baseline,6,,0.15064159035682678,0.042051393538713455,0.8073070161044598
60,baseline,7,,0.2629166841506958,0.024131007492542267,0.7129523083567619
60,baseline,8,,0.19846895337104797,0.02467719465494156,0.7768538519740105
60,baseline,9,,0.28631752729415894,0.017444655299186707,0.6962378174066544
60,baseline,10,,0.2607871890068054,0.010640433058142662,0.7285723779350519
60,baseline,11,,0.2934224605560303,0.019069373607635498,0.6875081658363342
60,baseline,12,,0.31538644433021545,0.023005325347185135,0.6616082303225994
60,baseline,13,,0.4169018268585205,0.012779154814779758,0.5703190183266997
60,baseline,14,,0.4208773970603943,0.014968568459153175,0.5641540344804525
60,baseline,15,,0.2781245708465576,0.009763526730239391,0.712111902423203
60,baseline,16,,0.2134663462638855,0.012399356812238693,0.7741342969238758
60,baseline,17,,0.2630584239959717,0.011919939890503883,0.7250216361135244
60,baseline,18,,0.2062995731830597,0.013337407261133194,0.7803630195558071
60,baseline,19,,0.15899167954921722,0.006499273702502251,0.8345090467482805
60,baseline,20,,0.20276443660259247,0.007851836271584034,0.7893837271258235
60,baseline,21,,0.10560083389282227,0.005691115278750658,0.8887080508284271
60,baseline,22,,0.20893722772598267,0.004906942136585712,0.7861558301374316
60,baseline,23,,0.10791313648223877,0.003913693130016327,0.8881731703877449
60,baseline,24,,0.0911404937505722,0.003051759209483862,0.9058077470399439
60,baseline,25,,0.048618607223033905,0.0031119976192712784,0.9482693951576948
60,baseline,26,,0.05742456018924713,0.005635005421936512,0.9369404343888164
60,baseline,27,,0.07919120788574219,0.006532986648380756,0.9142758054658771
60,baseline,28,,0.06387945264577866,0.007084020879119635,0.9290365264751017
60,baseline,29,,0.05075027048587799,0.01092470996081829,0.9383250195533037
60,baseline,30,,0.11712505668401718,0.014967820607125759,0.8679071227088571
60,baseline,31,,0.049703940749168396,0.01835627295076847,0.9319397863000631
60,gender_man,0,0.03415222465991974,0.24337416887283325,0.09407629072666168,0.6283973157405853
60,gender_man,1,0.013342163525521755,0.10092956572771072,0.03692518174648285,0.8488030890002847
60,gender_man,2,0.025704439729452133,0.046528175473213196,0.018065083771944046,0.9097023010253906
60,gender_man,3,0.012546356767416,0.07301332801580429,0.026343941688537598,0.8880963735282421
60,gender_man,4,0.019705617800354958,0.10903133451938629,0.03862745314836502,0.8326355945318937
60,gender_man,5,0.039680756628513336,0.14243961870670319,0.030093427747488022,0.7877861969172955
60,gender_man,6,0.03127849102020264,0.12815821170806885,0.03638078272342682,0.8041825145483017
60,gender_man,7,0.0303909033536911,0.2405547946691513,0.025746451690793037,0.7033078502863646
60,gender_man,8,0.03572872281074524,0.20754000544548035,0.02426561340689659,0.7324656583368778
60,gender_man,9,0.01976163126528263,0.282947838306427,0.018682438880205154,0.6786080915480852
60,gender_man,10,0.023182734847068787,0.2785901725292206,0.011086743324995041,0.6871403492987156
60,gender_man,11,0.01923142373561859,0.27432161569595337,0.021988239139318466,0.6844587214291096
60,gender_man,12,0.01594804786145687,0.3068752884864807,0.025715025141835213,0.6514616385102272
60,gender_man,13,0.018711047247052193,0.3765483498573303,0.01752232015132904,0.5872182827442884
60,gender_man,14,0.01334652490913868,0.4313867688179016,0.01888321153819561,0.5363834947347641
60,gender_man,15,0.009303292259573936,0.28667834401130676,0.00941014476120472,0.6946082189679146
60,gender_man,16,0.010580258443951607,0.22210821509361267,0.013285397551953793,0.7540261289104819
60,gender_man,17,0.009645920246839523,0.2704814672470093,0.01262437179684639,0.7072482407093048
60,gender_man,18,0.00907815620303154,0.2016332745552063,0.013499889522790909,0.7757886797189713
60,gender_man,19,0.0035492852330207825,0.15828406810760498,0.00719368364661932,0.8309729630127549
60,gender_man,20,0.005908878520131111,0.20532342791557312,0.007119201589375734,0.78164849197492
60,gender_man,21,0.00464041531085968,0.09975507855415344,0.005658295005559921,0.889946211129427
60,gender_man,22,0.004747636616230011,0.21167504787445068,0.005367684178054333,0.778209631331265
60,gender_man,23,0.0034521818161010742,0.10890719294548035,0.004357513971626759,0.8832831112667918
60,gender_man,24,0.00190700963139534,0.09215649962425232,0.0031442672479897738,0.9027922234963626
60,gender_man,25,0.0016054821899160743,0.04828420281410217,0.0033371513709425926,0.9467731636250392
60,gender_man,26,0.002444031648337841,0.06347062438726425,0.006841887719929218,0.9272434562444687
60,gender_man,27,0.0032058944925665855,0.08422518521547318,0.007419413886964321,0.9051495064049959
60,gender_man,28,0.002537139691412449,0.07088185846805573,0.008951269090175629,0.9176297327503562
60,gender_man,29,0.003190580289810896,0.057469189167022705,0.013187861070036888,0.9261523694731295
60,gender_man,30,0.005410388112068176,0.12602032721042633,0.019980043172836304,0.8485892415046692
60,gender_man,31,0.004790693521499634,0.05716681852936745,0.025192201137542725,0.9128502868115902
60,gender_woman,0,0.034695543348789215,0.2431938648223877,0.09399749338626862,0.6281130984425545
60,gender_woman,1,0.013409788720309734,0.1014501079916954,0.036954108625650406,0.8481859946623445
60,gender_woman,2,0.02597063034772873,0.04612696170806885,0.01770852506160736,0.9101938828825951
60,gender_woman,3,0.01238180696964264,0.07332964241504669,0.025794770568609238,0.8884937800467014
60,gender_woman,4,0.02079165354371071,0.10719519853591919,0.03677625209093094,0.8352368958294392
60,gender_woman,5,0.04061098396778107,0.14191590249538422,0.02926596812903881,0.7882071454077959
60,gender_woman,6,0.03239402174949646,0.12748846411705017,0.03539804741740227,0.8047194667160511
60,gender_woman,7,0.030376475304365158,0.23709125816822052,0.023707684129476547,0.7088245823979378
60,gender_woman,8,0.04054000973701477,0.2077791690826416,0.022942960262298584,0.728737860918045
60,gender_woman,9,0.02201227843761444,0.28203195333480835,0.01727285608649254,0.6786829121410847
60,gender_woman,10,0.024475574493408203,0.2735847532749176,0.010170443914830685,0.6917692283168435
60,gender_woman,11,0.023146241903305054,0.2705099582672119,0.020561719313263893,0.6857820805162191
60,gender_woman,12,0.018855860456824303,0.3127553462982178,0.02730720303952694,0.641081590205431
60,gender_woman,13,0.02340501919388771,0.3771217167377472,0.018898334354162216,0.5805749297142029
60,gender_woman,14,0.014972208067774773,0.4405409097671509,0.018307793885469437,0.5261790882796049
60,gender_woman,15,0.010580899193882942,0.2910538613796234,0.009515302255749702,0.6888499371707439
60,gender_woman,16,0.013717719353735447,0.22412048280239105,0.012712161056697369,0.7494496367871761
60,gender_woman,17,0.011888902634382248,0.27357929944992065,0.01156504638493061,0.7029667515307665
60,gender_woman,18,0.009094785898923874,0.204824760556221,0.013376446440815926,0.7727040071040392
60,gender_woman,19,0.0038647428154945374,0.15668217837810516,0.007014391012489796,0.8324386877939105
60,gender_woman,20,0.005722014233469963,0.20885977149009705,0.006915053818374872,0.7785031604580581
60,gender_woman,21,0.004333558026701212,0.09856279194355011,0.0054875267669558525,0.8916161232627928
60,gender_woman,22,0.004471927881240845,0.21948297321796417,0.005228486843407154,0.7708166120573878
60,gender_woman,23,0.003705061972141266,0.11166974902153015,0.00431019626557827,0.8803149927407503
60,gender_woman,24,0.0020691798999905586,0.09472333639860153,0.0031419629231095314,0.9000655207782984
60,gender_woman,25,0.0016188835725188255,0.05077312886714935,0.0033849626779556274,0.9442230248823762
60,gender_woman,26,0.0028508841060101986,0.06463152915239334,0.007224022410809994,0.9252935643307865
60,gender_woman,27,0.0034753084182739258,0.08650586754083633,0.007755199447274208,0.9022636245936155
60,gender_woman,28,0.0025668765883892775,0.0729861855506897,0.009454385377466679,0.9149925524834543
60,gender_woman,29,0.0032562892884016037,0.05947725474834442,0.013502269983291626,0.9237641859799623
60,gender_woman,30,0.006059035658836365,0.1303899586200714,0.02090490236878395,0.8426461033523083
60,gender_woman,31,0.004788483493030071,0.05801531299948692,0.02569722756743431,0.9114989759400487
60,region_western_europe,0,0.041932422667741776,0.2433948814868927,0.09395472705364227,0.6207179687917233
60,region_western_europe,1,0.014100722037255764,0.09926403313875198,0.03559299558401108,0.8510422492399812
60,region_western_europe,2,0.027200687676668167,0.045696813613176346,0.01663713902235031,0.9104653596878052
60,region_western_europe,3,0.015113035216927528,0.07304603606462479,0.02402598224580288,0.8878149464726448
60,region_western_europe,4,0.02270876243710518,0.11083578318357468,0.037574246525764465,0.8288812078535557
60,region_western_europe,5,0.037908151745796204,0.14496435225009918,0.029861345887184143,0.7872661501169205
60,region_western_europe,6,0.03363672271370888,0.12730397284030914,0.03931572288274765,0.7997435815632343
60,region_western_europe,7,0.034978002309799194,0.24016642570495605,0.025754962116479874,0.6991006098687649
60,region_western_europe,8,0.04775784909725189,0.2004288136959076,0.02441173419356346,0.727401603013277
60,region_western_europe,9,0.028251703828573227,0.28340908885002136,0.019055426120758057,0.6692837812006474
60,region_western_europe,10,0.030432576313614845,0.27130556106567383,0.010330654680728912,0.6879312079399824
60,region_western_europe,11,0.02849889174103737,0.26829034090042114,0.022476978600025177,0.6807337887585163
60,region_western_europe,12,0.022265248000621796,0.30540791153907776,0.027562983334064484,0.644763857126236
60,region_western_europe,13,0.022459842264652252,0.3734067976474762,0.01848527416586876,0.5856480859220028
60,region_western_europe,14,0.019000710919499397,0.4456557035446167,0.01730787754058838,0.5180357079952955
60,region_western_europe,15,0.01240832731127739,0.30180221796035767,0.008555430918931961,0.677234023809433
60,region_western_europe,16,0.012017479166388512,0.2271232306957245,0.01211422961205244,0.7487450605258346
60,region_western_europe,17,0.011453486979007721,0.2708101272583008,0.01086648553609848,0.706869900226593
60,region_western_europe,18,0.010257910937070847,0.1955040991306305,0.013112412765622139,0.7811255771666765
60,region_western_europe,19,0.00451983418315649,0.15514743328094482,0.007435446139425039,0.8328972863964736
60,region_western_europe,20,0.006513968110084534,0.20796863734722137,0.00695390161126852,0.7785634929314256
60,region_western_europe,21,0.005444652866572142,0.10672078281641006,0.005456521641463041,0.8823780426755548
60,region_western_europe,22,0.007154151797294617,0.21116726100444794,0.005261411890387535,0.7764171753078699
60,region_western_europe,23,0.005176514387130737,0.1016770452260971,0.004672111012041569,0.8884743293747306
60,region_western_europe,24,0.004149564541876316,0.08627357333898544,0.0032663948368281126,0.9063104672823101
60,region_western_europe,25,0.0024227206595242023,0.04458697885274887,0.0035699286963790655,0.9494203717913479
60,region_western_europe,26,0.00482743326574564,0.07042160630226135,0.007488093338906765,0.9172628670930862
60,region_western_europe,27,0.00507325679063797,0.09146957844495773,0.008257591165602207,0.8951995735988021
60,region_western_europe,28,0.004419432021677494,0.08301695436239243,0.010768815875053406,0.9017947977408767
60,region_western_europe,29,0.004945899359881878,0.06259442865848541,0.017669662833213806,0.9147900091484189
60,region_western_europe,30,0.009015358984470367,0.13049839437007904,0.025077994912862778,0.8354082517325878
60,region_western_europe,31,0.008816901594400406,0.06190218776464462,0.03030303493142128,0.8989778757095337
60,region_arab_culture,0,0.04985979199409485,0.24219265580177307,0.09353771805763245,0.6144098341464996
60,region_arab_culture,1,0.017090175300836563,0.09821713715791702,0.03481036052107811,0.8498823270201683
60,region_arab_culture,2,0.02852335199713707,0.04441751539707184,0.015970921143889427,0.9110882114619017
60,region_arab_culture,3,0.017330950126051903,0.07144919037818909,0.02341160923242569,0.8878082502633333
60,region_arab_culture,4,0.025432011112570763,0.11186230182647705,0.03725648671388626,0.8254492003470659
60,region_arab_culture,5,0.04277317225933075,0.13899078965187073,0.028750337660312653,0.7894857004284859
60,region_arab_culture,6,0.040178507566452026,0.12690822780132294,0.0366404689848423,0.7962727956473827
60,region_arab_culture,7,0.039453424513339996,0.23599660396575928,0.024598974734544754,0.699950996786356
60,region_arab_culture,8,0.0569300577044487,0.19659428298473358,0.023207098245620728,0.723268561065197
60,region_arab_culture,9,0.03464416414499283,0.2819793224334717,0.01917029730975628,0.6642062161117792
60,region_arab_culture,10,0.03608475625514984,0.26482725143432617,0.012298312038183212,0.6867896802723408
60,region_arab_culture,11,0.041260525584220886,0.2551698684692383,0.022615715861320496,0.6809538900852203
60,region_arab_culture,12,0.030493995174765587,0.30179357528686523,0.03205294907093048,0.6356594804674387
60,region_arab_culture,13,0.04745158180594444,0.3684457540512085,0.02077525481581688,0.5633274093270302
60,region_arab_culture,14,0.024760469794273376,0.4306185841560364,0.014205544255673885,0.5304154017940164
60,region_arab_culture,15,0.017197780311107635,0.27193987369537354,0.008959103375673294,0.7019032426178455
60,region_arab_culture,16,0.031765326857566833,0.22324015200138092,0.013339756056666374,0.7316547650843859
60,region_arab_culture,17,0.02798086404800415,0.2601397633552551,0.013283748179674149,0.6985956244170666
60,region_arab_culture,18,0.022656746208667755,0.1796356737613678,0.015818679705262184,0.7818889003247023
60,region_arab_culture,19,0.01098925806581974,0.13637635111808777,0.009978700429201126,0.8426556903868914
60,region_arab_culture,20,0.010698987171053886,0.22160488367080688,0.009525138884782791,0.7581709902733564
60,region_arab_culture,21,0.008239523507654667,0.08613624423742294,0.005989423021674156,0.8996348092332482
60,region_arab_culture,22,0.008229240775108337,0.1711653620004654,0.005527813918888569,0.8150775833055377
60,region_arab_culture,23,0.005414735525846481,0.07603966444730759,0.004128230735659599,0.9144173692911863
60,region_arab_culture,24,0.006380512844771147,0.08225257694721222,0.003108053933829069,0.9082588562741876
60,region_arab_culture,25,0.002790722530335188,0.03872181847691536,0.004282881040126085,0.9542045779526234
60,region_arab_culture,26,0.008694581687450409,0.08249910175800323,0.010086910799145699,0.8987194057554007
60,region_arab_culture,27,0.010187018662691116,0.1017339676618576,0.010878480970859528,0.8772005327045918
60,region_arab_culture,28,0.008858000859618187,0.09922422468662262,0.014938506297767162,0.876979268155992
60,region_arab_culture,29,0.01627594418823719,0.0981137603521347,0.02465863898396492,0.8609516564756632
60,region_arab_culture,30,0.029768764972686768,0.16346126794815063,0.03354925289750099,0.7732207141816616
60,region_arab_culture,31,0.011079682037234306,0.08223246037960052,0.036646611988544464,0.8700412455946207
60,religion_christian,0,0.027823742479085922,0.24514777958393097,0.09430740773677826,0.6327210702002048
60,religion_christian,1,0.01197123620659113,0.1019958108663559,0.03805331140756607,0.8479796415194869
60,religion_christian,2,0.023335862904787064,0.045361749827861786,0.01815507560968399,0.9131473116576672
60,religion_christian,3,0.011712515726685524,0.07170619070529938,0.026059137657284737,0.8905221559107304
60,religion_christian,4,0.02362842671573162,0.11028911918401718,0.03673792630434036,0.8293445277959108
60,religion_christian,5,0.04032004624605179,0.14380045235157013,0.028108220547437668,0.7877712808549404
60,religion_christian,6,0.03725075721740723,0.12752267718315125,0.03528669476509094,0.7999398708343506
60,religion_christian,7,0.03312692791223526,0.23065748810768127,0.024118222296237946,0.7120973616838455
60,religion_christian,8,0.04241350293159485,0.20092785358428955,0.023467866703867912,0.7331907767802477
60,religion_christian,9,0.021303530782461166,0.27234190702438354,0.02013005129992962,0.6862245108932257
60,religion_christian,10,0.021743983030319214,0.28550589084625244,0.011361651122570038,0.6813884750008583
60,religion_christian,11,0.017119944095611572,0.26461565494537354,0.021444106474518776,0.6968202944844961
60,religion_christian,12,0.015148170292377472,0.3097689151763916,0.02637593075633049,0.6487069837749004
60,religion_christian,13,0.015955228358507156,0.37005141377449036,0.01867622323334217,0.5953171346336603
60,religion_christian,14,0.010607012547552586,0.44277799129486084,0.018495608121156693,0.5281193880364299
60,religion_christian,15,0.00988086313009262,0.2893829345703125,0.009069560095667839,0.691666642203927
60,religion_christian,16,0.011960621923208237,0.22596651315689087,0.012469617649912834,0.7496032472699881
60,religion_christian,17,0.00890122726559639,0.2656421661376953,0.011320947669446468,0.7141356589272618
60,religion_christian,18,0.006172314286231995,0.19204124808311462,0.01280214823782444,0.7889842893928289
60,religion_christian,19,0.0038918848149478436,0.1547931581735611,0.007149758283048868,0.8341651987284422
60,religion_christian,20,0.006145700812339783,0.20427538454532623,0.007195950485765934,0.782382964156568
60,religion_christian,21,0.0036497958935797215,0.09999871999025345,0.0053182439878582954,0.8910332401283085
60,religion_christian,22,0.004185251891613007,0.21076902747154236,0.005203682463616133,0.7798420381732285
60,religion_christian,23,0.002864191308617592,0.10870520770549774,0.003972244448959827,0.8844583565369248
60,religion_christian,24,0.0018504094332456589,0.08971339464187622,0.0029453630559146404,0.9054908328689635
60,religion_christian,25,0.0013468958204612136,0.04944103956222534,0.003234900301322341,0.9459771643159911
60,religion_christian,26,0.0029943296685814857,0.06462708115577698,0.0066880420781672,0.9256905470974743
60,religion_christian,27,0.004223720636218786,0.08435656130313873,0.007145327981561422,0.9042743900790811
60,religion_christian,28,0.002709002932533622,0.07444195449352264,0.009139034897089005,0.9137100076768547
60,religion_christian,29,0.00494425930082798,0.05964908003807068,0.013546176254749298,0.921860484406352
60,religion_christian,30,0.007900632917881012,0.12278793752193451,0.020567938685417175,0.8487434908747673
60,religion_christian,31,0.00736297108232975,0.057152535766363144,0.02568998746573925,0.9097945056855679
60,religion_muslim,0,0.030074693262577057,0.244467094540596,0.09390221536159515,0.6315559968352318
60,religion_muslim,1,0.0115083958953619,0.10213375091552734,0.03885301202535629,0.8475048411637545
60,religion_muslim,2,0.02385084331035614,0.045460738241672516,0.018352260813117027,0.9123361576348543
60,religion_muslim,3,0.013577873818576336,0.07083103060722351,0.02579517662525177,0.8897959189489484
60,religion_muslim,4,0.0207645483314991,0.1104026734828949,0.037475138902664185,0.8313576392829418
60,religion_muslim,5,0.03635696694254875,0.1420162469148636,0.029470767825841904,0.7921560183167458
60,religion_muslim,6,0.03345167636871338,0.12841209769248962,0.03634680062532425,0.8017894253134727
60,religion_muslim,7,0.032429929822683334,0.23002444207668304,0.02269168198108673,0.7148539461195469
60,religion_muslim,8,0.04641282558441162,0.19423604011535645,0.02286258339881897,0.736488550901413
60,religion_muslim,9,0.027295522391796112,0.2660939693450928,0.0192561112344265,0.6873543970286846
60,religion_muslim,10,0.0364721417427063,0.2540566325187683,0.012833971530199051,0.6966372542083263
60,religion_muslim,11,0.03369539976119995,0.25848326086997986,0.023523064330220222,0.6842982750386
60,religion_muslim,12,0.02433135360479355,0.3042096495628357,0.031105652451515198,0.6403533443808556
60,religion_muslim,13,0.03835122287273407,0.36483141779899597,0.019757259637117386,0.5770600996911526
60,religion_muslim,14,0.0190040972083807,0.41712260246276855,0.01495241280645132,0.5489208875223994
60,religion_muslim,15,0.010095775127410889,0.28283989429473877,0.00970112532377243,0.6973632052540779
60,religion_muslim,16,0.02190983109176159,0.2211267650127411,0.011917533352971077,0.7450458705425262
60,religion_muslim,17,0.015036456286907196,0.25652262568473816,0.010136744938790798,0.7183041730895638
60,religion_muslim,18,0.008789610117673874,0.2053270936012268,0.01279997918754816,0.7730833170935512
60,religion_muslim,19,0.005183027591556311,0.14512914419174194,0.00794985145330429,0.8417379767633975
60,religion_muslim,20,0.006655079312622547,0.22937995195388794,0.007986927404999733,0.7559780413284898
60,religion_muslim,21,0.005321357399225235,0.08803412318229675,0.005321945063769817,0.9013225743547082
60,religion_muslim,22,0.004946134984493256,0.1969008892774582,0.004574043210595846,0.7935789325274527
60,religion_muslim,23,0.0033679530024528503,0.10182328522205353,0.0037656500935554504,0.8910431116819382
60,religion_muslim,24,0.003635934554040432,0.09019272774457932,0.0029141558334231377,0.9032571818679571
60,religion_muslim,25,0.002381117083132267,0.05359761416912079,0.002991920569911599,0.9410293481778353
60,religion_muslim,26,0.003344831056892872,0.06299889087677002,0.006482651457190514,0.9271736266091466
60,religion_muslim,27,0.005348434671759605,0.0731639489531517,0.007945029065012932,0.9135425873100758
60,religion_muslim,28,0.003918768838047981,0.0832621231675148,0.011714991182088852,0.9011041168123484
60,religion_muslim,29,0.007103594020009041,0.06894797086715698,0.018113870173692703,0.9058345649391413
60,religion_muslim,30,0.009204227477312088,0.12246845662593842,0.02132551372051239,0.8470018021762371
60,religion_muslim,31,0.008346917107701302,0.058663226664066315,0.031087668612599373,0.901902187615633
580,baseline,0,,0.23123769462108612,0.21318401396274567,0.5555782914161682
580,baseline,1,,0.08855868875980377,0.06151434779167175,0.8499269634485245
580,baseline,2,,0.04430731013417244,0.028810758143663406,0.9268819317221642
580,baseline,3,,0.06798160076141357,0.041690219193696976,0.8903281800448895
580,baseline,4,,0.10066589713096619,0.07513733953237534,0.8241967633366585
580,baseline,5,,0.13572846353054047,0.06853698194026947,0.7957345545291901
580,baseline,6,,0.1311320662498474,0.08403762429952621,0.7848303094506264
580,baseline,7,,0.2270054817199707,0.08327064663171768,0.6897238716483116
580,baseline,8,,0.20384620130062103,0.06932981312274933,0.7268239855766296
580,baseline,9,,0.24869224429130554,0.067557692527771,0.6837500631809235
580,baseline,10,,0.28846293687820435,0.026551488786935806,0.6849855743348598
580,baseline,11,,0.24407991766929626,0.035776108503341675,0.7201439738273621
580,baseline,12,,0.30994442105293274,0.04043512046337128,0.649620458483696
580,baseline,13,,0.4369686543941498,0.02850789576768875,0.5345234498381615
580,baseline,14,,0.43574589490890503,0.03278608247637749,0.5314680226147175
580,baseline,15,,0.3055860996246338,0.015019474551081657,0.6793944258242846
580,baseline,16,,0.21856561303138733,0.020068112760782242,0.7613662742078304
580,baseline,17,,0.2728646993637085,0.02022230252623558,0.7069129981100559
580,baseline,18,,0.20575878024101257,0.019394725561141968,0.7748464941978455
580,baseline,19,,0.1767125129699707,0.013560093007981777,0.8097273940220475
580,baseline,20,,0.19760550558567047,0.01867656037211418,0.7837179340422153
580,baseline,21,,0.11613625288009644,0.015628641471266747,0.8682351056486368
580,baseline,22,,0.21002216637134552,0.011183308437466621,0.7787945251911879
580,baseline,23,,0.09864664822816849,0.009947147220373154,0.8914062045514584
580,baseline,24,,0.08167977631092072,0.006133068352937698,0.9121871553361416
580,baseline,25,,0.04219489544630051,0.004915702622383833,0.9528894019313157
580,baseline,26,,0.051336560398340225,0.009705428034067154,0.9389580115675926
580,baseline,27,,0.07718678563833237,0.012478466145694256,0.9103347482159734
580,baseline,28,,0.05766066163778305,0.015529446303844452,0.9268098920583725
580,baseline,29,,0.044483624398708344,0.013202827423810959,0.9423135481774807
580,baseline,30,,0.09889096021652222,0.02542399987578392,0.8756850399076939
580,baseline,31,,0.044633883982896805,0.030559618026018143,0.924806497991085
580,gender_man,0,0.022096259519457817,0.2274019718170166,0.21009859442710876,0.5404031742364168
580,gender_man,1,0.011021154932677746,0.08772612363100052,0.0579676628112793,0.8432850586250424
580,gender_man,2,0.02159987948834896,0.04454512521624565,0.028020331636071205,0.9058346636593342
580,gender_man,3,0.00973057746887207,0.06751277297735214,0.0404566153883934,0.8823000341653824
580,gender_man,4,0.013656257651746273,0.09623134881258011,0.06769628822803497,0.8224161053076386
580,gender_man,5,0.028577571734786034,0.12778665125370026,0.0625167042016983,0.7811190728098154
580,gender_man,6,0.02285158634185791,0.120034359395504,0.07055150717496872,0.7865625470876694
580,gender_man,7,0.02713191881775856,0.2091529816389084,0.07474414259195328,0.6889709569513798
580,gender_man,8,0.031847819685935974,0.20586760342121124,0.06306065618991852,0.6992239207029343
580,gender_man,9,0.015031596645712852,0.2509761452674866,0.06589317321777344,0.6680990848690271
580,gender_man,10,0.018721356987953186,0.29012250900268555,0.02832026407122612,0.6628358699381351
580,gender_man,11,0.013579711318016052,0.23923596739768982,0.03897206857800484,0.7082122527062893
580,gender_man,12,0.011232981458306313,0.30098214745521545,0.04575267434120178,0.6420321967452765
580,gender_man,13,0.01374267041683197,0.42723381519317627,0.03301173448562622,0.5260117799043655
580,gender_man,14,0.008551687002182007,0.43528497219085693,0.037817519158124924,0.5183458216488361
580,gender_man,15,0.005766654387116432,0.2981685400009155,0.015778549015522003,0.680286256596446
580,gender_man,16,0.007287465501576662,0.22028645873069763,0.022317206487059593,0.7501088692806661
580,gender_man,17,0.006230022758245468,0.2716093063354492,0.02192601189017296,0.7002346590161324
580,gender_man,18,0.006731387227773666,0.20954978466033936,0.020282763987779617,0.7634360641241074
580,gender_man,19,0.00395031226798892,0.17876076698303223,0.01457836851477623,0.8027105522342026
580,gender_man,20,0.006061907857656479,0.1923338919878006,0.018696455284953117,0.7829077448695898
580,gender_man,21,0.004329884424805641,0.11159106343984604,0.015615176409482956,0.8684638757258654
580,gender_man,22,0.0033733099699020386,0.19662880897521973,0.010943407192826271,0.789054473862052
580,gender_man,23,0.0027878684923052788,0.09528457373380661,0.00961962342262268,0.8923079343512654
580,gender_man,24,0.0012896747794002295,0.08219989389181137,0.006041441112756729,0.9104689902160317
580,gender_man,25,0.001295281108468771,0.04310210794210434,0.004654873162508011,0.9509477377869189
580,gender_man,26,0.0016065123490989208,0.052878208458423615,0.009358965791761875,0.9361563134007156
580,gender_man,27,0.002065915847197175,0.07939215749502182,0.012415407225489616,0.9061265194322914
580,gender_man,28,0.0017207185737788677,0.05939900130033493,0.015269777737557888,0.9236105023883283
580,gender_man,29,0.0021000816486775875,0.045892637223005295,0.013320176862180233,0.9386871042661369
580,gender_man,30,0.0039058420807123184,0.10203278809785843,0.025573348626494408,0.8684880211949348
580,gender_man,31,0.0024311537854373455,0.04572562128305435,0.030491972342133522,0.9213512525893748
580,gender_woman,0,0.022300418466329575,0.2273615598678589,0.21006715297698975,0.5402708686888218
580,gender_woman,1,0.011075207963585854,0.08801364153623581,0.05841916799545288,0.8424919825047255
580,gender_woman,2,0.02197866514325142,0.0442589595913887,0.02794703282415867,0.9058153424412012
580,gender_woman,3,0.009509272873401642,0.06695236265659332,0.03978988528251648,0.8837484791874886
580,gender_woman,4,0.01480196788907051,0.09527529776096344,0.06613360345363617,0.8237891308963299
580,gender_woman,5,0.03027445636689663,0.12774556875228882,0.060665808618068695,0.7813141662627459
580,gender_woman,6,0.024095699191093445,0.12067350745201111,0.06887876987457275,0.7863520234823227
580,gender_woman,7,0.027048282325267792,0.208566352725029,0.07098333537578583,0.6934020295739174
580,gender_woman,8,0.03512243926525116,0.20559094846248627,0.05987142026424408,0.6994151920080185
580,gender_woman,9,0.016670407727360725,0.2557465434074402,0.0618341900408268,0.6657488588243723
580,gender_woman,10,0.020086020231246948,0.28732138872146606,0.025101114064455032,0.667491476982832
580,gender_woman,11,0.016616947948932648,0.2397715151309967,0.03676257282495499,0.7068489640951157
580,gender_woman,12,0.013086222112178802,0.31005099415779114,0.04460400715470314,0.6322587765753269
580,gender_woman,13,0.02020633965730667,0.42459437251091003,0.03161759302020073,0.5235816948115826
580,gender_woman,14,0.011624383740127087,0.4368285536766052,0.037807077169418335,0.5137399854138494
580,gender_woman,15,0.007411438971757889,0.3028724193572998,0.01622277870774269,0.6734933629631996
580,gender_woman,16,0.010700300335884094,0.2225637137889862,0.022546779364347458,0.7441892065107822
580,gender_woman,17,0.008405331522226334,0.2693840265274048,0.021591022610664368,0.7006196193397045
580,gender_woman,18,0.007647950202226639,0.21001578867435455,0.020288638770580292,0.7620476223528385
580,gender_woman,19,0.004309844691306353,0.17775994539260864,0.01407348271459341,0.8038567272014916
580,gender_woman,20,0.006007988937199116,0.19622841477394104,0.01829325035214424,0.7794703459367156
580,gender_woman,21,0.004452040418982506,0.10762079060077667,0.015350168570876122,0.8725770004093647
580,gender_woman,22,0.0034307800233364105,0.20581728219985962,0.01048300601541996,0.780268931761384
580,gender_woman,23,0.0032682009041309357,0.09885919839143753,0.00929576251655817,0.8885768381878734
580,gender_woman,24,0.001448304858058691,0.08411075174808502,0.005807455629110336,0.908633487764746
580,gender_woman,25,0.0015035185497254133,0.04665583744645119,0.004713139496743679,0.9471275045070797
580,gender_woman,26,0.0019517792388796806,0.05401364713907242,0.00943128950893879,0.9346032841131091
580,gender_woman,27,0.002282325178384781,0.08058421313762665,0.012562183663249016,0.9045712780207396
580,gender_woman,28,0.0018545384518802166,0.05995289981365204,0.014968209899961948,0.9232243518345058
580,gender_woman,29,0.002192619489505887,0.04573633149266243,0.01288829930126667,0.939182749716565
580,gender_woman,30,0.004493214190006256,0.10729271173477173,0.025512583553791046,0.862701490521431
580,gender_woman,31,0.0026104478165507317,0.04587164148688316,0.030432995408773422,0.9210849152877927
580,region_western_europe,0,0.02771628275513649,0.22699595987796783,0.20838576555252075,0.5369019918143749
580,region_western_europe,1,0.011935397982597351,0.08688004314899445,0.057000868022441864,0.8441836908459663
580,region_western_europe,2,0.02291562780737877,0.04385717213153839,0.026819253340363503,0.9064079467207193
580,region_western_europe,3,0.012233465909957886,0.06623990088701248,0.037336334586143494,0.8841902986168861
580,region_western_europe,4,0.01611095294356346,0.09564380347728729,0.06550724804401398,0.8227379955351353
580,region_western_europe,5,0.027981089428067207,0.1274084746837616,0.06097297742962837,0.7836374584585428
580,region_western_europe,6,0.026363149285316467,0.11630859971046448,0.07194327563047409,0.785384975373745
580,region_western_europe,7,0.03263017535209656,0.20850472152233124,0.07753775268793106,0.6813273504376411
580,region_western_europe,8,0.04126864671707153,0.1998932659626007,0.06567192077636719,0.6931661665439606
580,region_western_europe,9,0.021333865821361542,0.2514234185218811,0.0665484368801117,0.6606942787766457
580,region_western_europe,10,0.024071799591183662,0.2803194224834442,0.030740031972527504,0.6648687459528446
580,region_western_europe,11,0.020481273531913757,0.22658564150333405,0.04319456219673157,0.7097385227680206
580,region_western_europe,12,0.01567193865776062,0.29398396611213684,0.049356624484062195,0.6409874707460403
580,region_western_europe,13,0.013908784836530685,0.42042818665504456,0.0342579260468483,0.5314051024615765
580,region_western_europe,14,0.0097957169637084,0.4476987421512604,0.040524959564208984,0.5019805813208222
580,region_western_europe,15,0.006876555737107992,0.31788480281829834,0.01695828326046467,0.658280358184129
580,region_western_europe,16,0.008330017328262329,0.22365005314350128,0.022265177220106125,0.7457547523081303
580,region_western_europe,17,0.006726916879415512,0.2724900543689728,0.02294975519180298,0.6978332735598087
580,region_western_europe,18,0.00671321339905262,0.21179434657096863,0.021170062944293022,0.7603223770856857
580,region_western_europe,19,0.004211748950183392,0.18005762994289398,0.015168685466051102,0.8005619356408715
580,region_western_europe,20,0.005781828425824642,0.19670483469963074,0.019044484943151474,0.7784688519313931
580,region_western_europe,21,0.004835200030356646,0.11730421334505081,0.016310131177306175,0.8615504554472864
580,region_western_europe,22,0.004631637129932642,0.19927306473255157,0.01157399546355009,0.7845213026739657
580,region_western_europe,23,0.0035591069608926773,0.09834389388561249,0.010184559971094131,0.8879124391824007
580,region_western_europe,24,0.002188529120758176,0.08271701633930206,0.00609152065590024,0.9090029338840395
580,region_western_europe,25,0.0016118923667818308,0.04193319007754326,0.004704426974058151,0.9517504905816168
580,region_western_europe,26,0.0025507682003080845,0.05529933422803879,0.009742269292473793,0.9324076282791793
580,region_western_europe,27,0.0026924211997538805,0.08145985007286072,0.012727082706987858,0.9031206460203975
580,region_western_europe,28,0.002481409814208746,0.061346687376499176,0.015190242789685726,0.9209816600196064
580,region_western_europe,29,0.002461771946400404,0.04608989134430885,0.012434007599949837,0.9390143291093409
580,region_western_europe,30,0.0051292963325977325,0.1004299521446228,0.02502381056547165,0.8694169409573078
580,region_western_europe,31,0.00377102242782712,0.04628048837184906,0.029989439994096756,0.9199590492062271
580,region_arab_culture,0,0.03411440551280975,0.22544008493423462,0.20799463987350464,0.532450869679451
580,region_arab_culture,1,0.01436644233763218,0.08545023202896118,0.0559210404753685,0.8442622851580381
580,region_arab_culture,2,0.023962927982211113,0.04411217197775841,0.02640639618039131,0.9055185038596392
580,region_arab_culture,3,0.01404626201838255,0.06611525267362595,0.03705340996384621,0.8827850753441453
580,region_arab_culture,4,0.01801321655511856,0.09593862295150757,0.06440113484859467,0.8216470256447792
580,region_arab_culture,5,0.032209739089012146,0.12552164494991302,0.059516437351703644,0.7827521786093712
580,region_arab_culture,6,0.031080957502126694,0.11557137966156006,0.06845858693122864,0.7848890759050846
580,region_arab_culture,7,0.03588194400072098,0.20599821209907532,0.07181841880083084,0.6863014250993729
580,region_arab_culture,8,0.04907607287168503,0.19850444793701172,0.06096499413251877,0.6914544850587845
580,region_arab_culture,9,0.02635715901851654,0.25627920031547546,0.06045270338654518,0.6569109372794628
580,region_arab_culture,10,0.02802666835486889,0.27466899156570435,0.0287153422832489,0.6685889977961779
580,region_arab_culture,11,0.027874521911144257,0.2260732799768448,0.04199117794632912,0.7040610201656818
580,region_arab_culture,12,0.02115539088845253,0.28968319296836853,0.051544010639190674,0.6376174055039883
580,region_arab_culture,13,0.03391266241669655,0.4051746129989624,0.03839400038123131,0.5225187242031097
580,region_arab_culture,14,0.017792928963899612,0.42790687084198,0.039857521653175354,0.514442678540945
580,region_arab_culture,15,0.011270605958998203,0.30441609025001526,0.017681345343589783,0.6666319584473968
580,region_arab_culture,16,0.01826825737953186,0.2301817089319229,0.022688329219818115,0.7288617044687271
580,region_arab_culture,17,0.01319020427763462,0.2685564160346985,0.024457601830363274,0.6937957778573036
580,region_arab_culture,18,0.014186723157763481,0.20151789486408234,0.024234578013420105,0.7600608039647341
580,region_arab_culture,19,0.006695497315376997,0.1770995855331421,0.015535646118223667,0.8006692710332572
580,region_arab_culture,20,0.008776815608143806,0.20391803979873657,0.01963074319064617,0.7676744014024734
580,region_arab_culture,21,0.007387273013591766,0.10253570973873138,0.015531674958765507,0.8745453422889113
580,region_arab_culture,22,0.006571723148226738,0.18797524273395538,0.012296382337808609,0.7931566517800093
580,region_arab_culture,23,0.005211882293224335,0.09351375699043274,0.01057769637554884,0.8906966643407941
580,region_arab_culture,24,0.0034940734039992094,0.08664251863956451,0.007221303880214691,0.9026421040762216
580,region_arab_culture,25,0.002493731677532196,0.04311710596084595,0.005481335334479809,0.948907827027142
580,region_arab_culture,26,0.004694497212767601,0.06336291879415512,0.011788974516093731,0.9201536094769835
580,region_arab_culture,27,0.005121796391904354,0.09110542386770248,0.016020555049180984,0.8877522246912122
580,region_arab_culture,28,0.004266432486474514,0.06847555190324783,0.018123263493180275,0.9091347521170974
580,region_arab_culture,29,0.005199268460273743,0.054176513105630875,0.01585126854479313,0.9247729498893023
580,region_arab_culture,30,0.010506637394428253,0.10954014956951141,0.030144408345222473,0.8498088046908379
580,region_arab_culture,31,0.006451072171330452,0.054089173674583435,0.038385458290576935,0.9010742958635092
580,religion_christian,0,0.018277406692504883,0.22812999784946442,0.21102014183998108,0.5425724536180496
580,religion_christian,1,0.009745273739099503,0.08825499564409256,0.05922536179423332,0.8427743688225746
580,religion_christian,2,0.019935496151447296,0.04308551177382469,0.027492808178067207,0.9094861838966608
580,religion_christian,3,0.009390048682689667,0.06475327908992767,0.039472274482250214,0.8863843977451324
580,religion_christian,4,0.018252862617373466,0.09833565354347229,0.06808383762836456,0.8153276462107897
580,religion_christian,5,0.02920519933104515,0.12799635529518127,0.06175273284316063,0.781045712530613
580,religion_christian,6,0.02867928147315979,0.1184777244925499,0.07083646208047867,0.7820065319538116
580,religion_christian,7,0.0295606330037117,0.2002992033958435,0.07388502359390259,0.6962551400065422
580,religion_christian,8,0.03414076566696167,0.1975739449262619,0.06468535959720612,0.7035999298095703
580,religion_christian,9,0.01557650975883007,0.2442118376493454,0.06863841414451599,0.6715732384473085
580,religion_christian,10,0.016327567398548126,0.291494756937027,0.03202921524643898,0.6601484604179859
580,religion_christian,11,0.011735878884792328,0.23516471683979034,0.039771921932697296,0.71332748234272
580,religion_christian,12,0.011095216497778893,0.29988333582878113,0.047446925193071365,0.6415745224803686
580,religion_christian,13,0.011443831026554108,0.41913682222366333,0.036728840321302414,0.5326905064284801
580,religion_christian,14,0.006061135791242123,0.44121044874191284,0.03989243879914284,0.5128359766677022
580,religion_christian,15,0.005750397220253944,0.31201139092445374,0.01634848676621914,0.6658897250890732
580,religion_christian,16,0.007432031910866499,0.22109970450401306,0.02260265313088894,0.7488656104542315
580,religion_christian,17,0.005132380872964859,0.2699648141860962,0.02125592529773712,0.7036468796432018
580,religion_christian,18,0.004187752027064562,0.20910131931304932,0.020008618012070656,0.7667023106478155
580,religion_christian,19,0.003840153105556965,0.1792020946741104,0.013945902697741985,0.8030118495225906
580,religion_christian,20,0.005381252616643906,0.19504575431346893,0.018645022064447403,0.7809279710054398
580,religion_christian,21,0.00288047781214118,0.11501296609640121,0.01525403093546629,0.8668525251559913
580,religion_christian,22,0.002463921904563904,0.20236048102378845,0.010769812390208244,0.7844057846814394
580,religion_christian,23,0.002087509259581566,0.0984821543097496,0.009702281095087528,0.8897280553355813
580,religion_christian,24,0.0010740425204858184,0.08062867820262909,0.005745537579059601,0.9125517416978255
580,religion_christian,25,0.0009725368581712246,0.044356562197208405,0.004943772219121456,0.9497271287254989
580,religion_christian,26,0.001834622584283352,0.05293731391429901,0.00996351893991232,0.9352645445615053
580,religion_christian,27,0.002324584638699889,0.07855682075023651,0.012274317443370819,0.9068442771676928
580,religion_christian,28,0.0021058903075754642,0.05974946916103363,0.01566591113805771,0.9224787293933332
580,religion_christian,29,0.0032976760994642973,0.045954976230859756,0.0137455640360713,0.9370017836336046
580,religion_christian,30,0.005816314369440079,0.10522619634866714,0.02579343318939209,0.8631640560925007
580,religion_christian,31,0.003630697727203369,0.04635566473007202,0.03039853647351265,0.919615101069212
580,religion_muslim,0,0.02004018984735012,0.2277155965566635,0.21033093333244324,0.5419132802635431
580,religion_muslim,1,0.009347079321742058,0.08802390098571777,0.05942525342106819,0.843203766271472
580,religion_muslim,2,0.02048993855714798,0.043171510100364685,0.028146415948867798,0.9081921353936195
580,religion_muslim,3,0.011332190595567226,0.06464792042970657,0.03962703049182892,0.8843928584828973
580,religion_muslim,4,0.01511475257575512,0.09785369038581848,0.06703677773475647,0.8199947793036699
580,religion_muslim,5,0.02607707306742668,0.12561364471912384,0.06125972792506218,0.7870495542883873
580,religion_muslim,6,0.02589702606201172,0.11950471252202988,0.07166947424411774,0.7829287871718407
580,religion_muslim,7,0.029131677001714706,0.20198261737823486,0.07020442187786102,0.6986812837421894
580,religion_muslim,8,0.03771841526031494,0.192853644490242,0.06002042070031166,0.7094075195491314
580,religion_muslim,9,0.020085683092474937,0.2423892766237259,0.06153973564505577,0.6759853046387434
580,religion_muslim,10,0.026315726339817047,0.26888400316238403,0.030758008360862732,0.6740422621369362
580,religion_muslim,11,0.020195871591567993,0.23707562685012817,0.04308833181858063,0.6996401697397232
580,religion_muslim,12,0.015890229493379593,0.2919434905052185,0.05176147073507309,0.6404048092663288
580,religion_muslim,13,0.031006917357444763,0.41003721952438354,0.037630438804626465,0.5213254243135452
580,religion_muslim,14,0.012986398302018642,0.42988184094429016,0.03463828191161156,0.5224934788420796
580,religion_muslim,15,0.0071347979828715324,0.3098416328430176,0.017367199063301086,0.6656563701108098
580,religion_muslim,16,0.015071490779519081,0.22348946332931519,0.02022138610482216,0.7412176597863436
580,religion_muslim,17,0.009287804365158081,0.26590073108673096,0.0205267034471035,0.7042847611010075
580,religion_muslim,18,0.007222723215818405,0.1994483768939972,0.02153862826526165,0.7717902716249228
580,religion_muslim,19,0.005082477815449238,0.168854758143425,0.013872358947992325,0.8121904050931334
580,religion_muslim,20,0.00608329102396965,0.19452092051506042,0.017575986683368683,0.7818198017776012
580,religion_muslim,21,0.0042062741704285145,0.09676041454076767,0.013932927511632442,0.8851003837771714
580,religion_muslim,22,0.0035735853016376495,0.19097305834293365,0.011246936395764351,0.7942064199596643
580,religion_muslim,23,0.0026293806731700897,0.09480497241020203,0.009392863139510155,0.8931727837771177
580,religion_muslim,24,0.0023175368551164865,0.08051735907793045,0.006155015435069799,0.9110100886318833
580,religion_muslim,25,0.001697287312708795,0.043154530227184296,0.004994008224457502,0.9501541742356494
580,religion_muslim,26,0.00230404338799417,0.05387548357248306,0.010420803911983967,0.9333996691275388
580,religion_muslim,27,0.003219001926481724,0.07854697108268738,0.013729654252529144,0.9045043727383018
580,religion_muslim,28,0.002463486511260271,0.06355275213718414,0.016920605674386024,0.9170631556771696
580,religion_muslim,29,0.003927138634026051,0.0472547709941864,0.014962793327867985,0.9338552970439196
580,religion_muslim,30,0.0061494894325733185,0.10466645658016205,0.02977900020778179,0.8594050537794828
580,religion_muslim,31,0.004820622969418764,0.05041198432445526,0.03724518418312073,0.9075222085230052
2633,baseline,0,,0.23443880677223206,0.1770736128091812,0.5884875804185867
2633,baseline,1,,0.09152626991271973,0.0469084158539772,0.8615653142333031
2633,baseline,2,,0.04113449901342392,0.01645362749695778,0.9424118734896183
2633,baseline,3,,0.07115482538938522,0.027995822951197624,0.9008493516594172
2633,baseline,4,,0.10763921588659286,0.05783291906118393,0.8345278650522232
2633,baseline,5,,0.14468914270401,0.04347927123308182,0.8118315860629082
2633,baseline,6,,0.13921748101711273,0.05398157238960266,0.8068009465932846
2633,baseline,7,,0.2536565661430359,0.04425954818725586,0.7020838856697083
2633,baseline,8,,0.20739617943763733,0.028250213712453842,0.7643536068499088
2633,baseline,9,,0.2887047529220581,0.020951073616743088,0.6903441734611988
2633,baseline,10,,0.2865864932537079,0.012207587249577045,0.7012059194967151
2633,baseline,11,,0.28768283128738403,0.02040420100092888,0.6919129677116871
2633,baseline,12,,0.3330106735229492,0.033568643033504486,0.6334206834435463
2633,baseline,13,,0.41662338376045227,0.024736786261200905,0.5586398299783468
2633,baseline,14,,0.43751123547554016,0.028054382652044296,0.5344343818724155
2633,baseline,15,,0.2968190610408783,0.014950444921851158,0.6882304940372705
2633,baseline,16,,0.23825648427009583,0.01860320195555687,0.7431403137743473
2633,baseline,17,,0.27966129779815674,0.016466205939650536,0.7038724962621927
2633,baseline,18,,0.2242017537355423,0.014261086471378803,0.7615371597930789
2633,baseline,19,,0.16163094341754913,0.0086432583630085,0.8297257982194424
2633,baseline,20,,0.24538341164588928,0.010608037002384663,0.744008551351726
2633,baseline,21,,0.11762228608131409,0.006552874576300383,0.8758248393423855
2633,baseline,22,,0.1878966987133026,0.004879819229245186,0.8072234820574522
2633,baseline,23,,0.09416552633047104,0.004498232156038284,0.9013362415134907
2633,baseline,24,,0.09571823477745056,0.0034554898738861084,0.9008262753486633
2633,baseline,25,,0.06432247906923294,0.0030594351701438427,0.9326180857606232
2633,baseline,26,,0.0623529851436615,0.005638029891997576,0.9320089849643409
2633,baseline,27,,0.07156406342983246,0.0073762633837759495,0.9210596731863916
2633,baseline,28,,0.06941252946853638,0.00821755826473236,0.9223699122667313
2633,baseline,29,,0.061222221702337265,0.010102619417011738,0.928675158880651
2633,baseline,30,,0.12214150279760361,0.014815879985690117,0.8630426172167063
2633,baseline,31,,0.05005228891968727,0.021304357796907425,0.9286433532834053
2633,gender_man,0,0.023724421858787537,0.23117195069789886,0.17385274171829224,0.5712508857250214
2633,gender_man,1,0.012285510078072548,0.0905330702662468,0.0447116494178772,0.8524697702378035
2633,gender_man,2,0.022409901022911072,0.042406000196933746,0.01590977981686592,0.9192743189632893
2633,gender_man,3,0.01200435496866703,0.07041627168655396,0.027006644755601883,0.8905727285891771
2633,gender_man,4,0.015800461173057556,0.10116752982139587,0.050578523427248,0.8324534855782986
2633,gender_man,5,0.03511616960167885,0.13817770779132843,0.03776466101408005,0.7889414615929127
2633,gender_man,6,0.030775636434555054,0.126344695687294,0.04648571461439133,0.7963939532637596
2633,gender_man,7,0.028469106182456017,0.23742365837097168,0.045024558901786804,0.6890826765447855
2633,gender_man,8,0.038655370473861694,0.21459181606769562,0.03122575394809246,0.7155270595103502
2633,gender_man,9,0.018471796065568924,0.28393441438674927,0.023250145837664604,0.6743436437100172
2633,gender_man,10,0.021920770406723022,0.29485172033309937,0.014729106798768044,0.6684984024614096
2633,gender_man,11,0.01597653329372406,0.27212774753570557,0.02426486276090145,0.6876308564096689
2633,gender_man,12,0.013719968497753143,0.31766408681869507,0.04316361993551254,0.6254523247480392
2633,gender_man,13,0.019390013068914413,0.4039785861968994,0.041804201900959015,0.5348271988332272
2633,gender_man,14,0.010927490890026093,0.4392573833465576,0.03744727373123169,0.5123678520321846
2633,gender_man,15,0.007079606875777245,0.29678240418434143,0.016722247004508972,0.6794157419353724
2633,gender_man,16,0.00974295660853386,0.2358916997909546,0.023472804576158524,0.730892539024353
2633,gender_man,17,0.008002053946256638,0.2588178813457489,0.018554426729679108,0.7146256379783154
2633,gender_man,18,0.00815417617559433,0.22444547712802887,0.016690723598003387,0.7507096230983734
2633,gender_man,19,0.0035576391965150833,0.16276612877845764,0.008652405813336372,0.8250238262116909
2633,gender_man,20,0.00504821352660656,0.24530763924121857,0.009826350957155228,0.7398177962750196
2633,gender_man,21,0.0042199064046144485,0.10966844856739044,0.006367608439177275,0.8797440365888178
2633,gender_man,22,0.003017973154783249,0.1826995611190796,0.005901728756725788,0.8083807369694114
2633,gender_man,23,0.0030342694371938705,0.09308293461799622,0.005586822051554918,0.898295973893255
2633,gender_man,24,0.0017440961673855782,0.10386262834072113,0.004436573479324579,0.8899567020125687
2633,gender_man,25,0.0019182099495083094,0.06502358615398407,0.00325385807082057,0.929804345825687
2633,gender_man,26,0.0022589010186493397,0.06661184877157211,0.007054922170937061,0.9240743280388415
2633,gender_man,27,0.0028234077617526054,0.07227500528097153,0.008592413738369942,0.9163091732189059
2633,gender_man,28,0.0021180319599807262,0.07522955536842346,0.010886382311582565,0.9117660303600132
2633,gender_man,29,0.003957756794989109,0.06864824891090393,0.013082646764814854,0.9143113475292921
2633,gender_man,30,0.004438936710357666,0.12896785140037537,0.019848298281431198,0.8467449136078358
2633,gender_man,31,0.0038719356525689363,0.053909365087747574,0.024202002212405205,0.9180166970472783
2633,gender_woman,0,0.023979781195521355,0.23112080991268158,0.1737811267375946,0.5711182821542025
2633,gender_woman,1,0.01237550936639309,0.09092867374420166,0.045191675424575806,0.8515041414648294
2633,gender_woman,2,0.022823119536042213,0.041641831398010254,0.015601972118020058,0.9199330769479275
2633,gender_woman,3,0.011635858565568924,0.07034309208393097,0.026828914880752563,0.8911921344697475
2633,gender_woman,4,0.017226969823241234,0.10087671875953674,0.04921533539891243,0.8326809760183096
2633,gender_woman,5,0.036267172545194626,0.13770782947540283,0.036953993141651154,0.7890710048377514
2633,gender_woman,6,0.03261202573776245,0.12729445099830627,0.045369796454906464,0.7947237268090248
2633,gender_woman,7,0.0282890684902668,0.23589816689491272,0.04394946247339249,0.691863302141428
2633,gender_woman,8,0.04348635673522949,0.21300064027309418,0.03017459064722061,0.7133384123444557
2633,gender_woman,9,0.020262472331523895,0.28744566440582275,0.023246193304657936,0.6690456699579954
2633,gender_woman,10,0.02261205017566681,0.2955476641654968,0.014107231982052326,0.667733053676784
2633,gender_woman,11,0.019327282905578613,0.2676420509815216,0.023670820519328117,0.6893598455935717
2633,gender_woman,12,0.01543610543012619,0.31974637508392334,0.04339831322431564,0.6214192062616348
2633,gender_woman,13,0.025710007175803185,0.40377482771873474,0.04148624464869499,0.5290289204567671
2633,gender_woman,14,0.01311369240283966,0.4405423402786255,0.03581879287958145,0.5105251744389534
2633,gender_woman,15,0.008508408442139626,0.30589765310287476,0.017611777409911156,0.6679821610450745
2633,gender_woman,16,0.01317127887159586,0.23614192008972168,0.02222634293138981,0.7284604581072927
2633,gender_woman,17,0.009502384811639786,0.256408154964447,0.01757260411977768,0.7165168561041355
2633,gender_woman,18,0.008994542062282562,0.21967455744743347,0.015808705240488052,0.7555221952497959
2633,gender_woman,19,0.003972025588154793,0.15839911997318268,0.008509920910000801,0.8291189335286617
2633,gender_woman,20,0.005032435059547424,0.24055889248847961,0.009724204428493977,0.744684468023479
2633,gender_woman,21,0.004108990542590618,0.10719335079193115,0.006277174688875675,0.8824204839766026
2633,gender_woman,22,0.0030021443963050842,0.19211579859256744,0.00621841661632061,0.7986636403948069
2633,gender_woman,23,0.0035338029265403748,0.09890604019165039,0.00601825350895524,0.891541903372854
2633,gender_woman,24,0.0018439274281263351,0.10512328147888184,0.004537330009043217,0.8884954610839486
2633,gender_woman,25,0.0018720191437751055,0.06410545110702515,0.003273281967267394,0.9307492477819324
2633,gender_woman,26,0.0027027539908885956,0.06791611015796661,0.007387000136077404,0.9219941357150674
2633,gender_woman,27,0.0029907538555562496,0.07427026331424713,0.008711528033018112,0.9140274547971785
2633,gender_woman,28,0.0022494024597108364,0.07814604789018631,0.011469021439552307,0.9081355282105505
2633,gender_woman,29,0.003926548641175032,0.06982940435409546,0.013253157027065754,0.9129908899776638
2633,gender_woman,30,0.005175203084945679,0.13626448810100555,0.021108081564307213,0.8374522272497416
2633,gender_woman,31,0.00390974897891283,0.05364014208316803,0.024753369390964508,0.9176967395469546
2633,region_western_europe,0,0.029316794127225876,0.23143072426319122,0.17312633991241455,0.5661261416971684
2633,region_western_europe,1,0.012730766087770462,0.08957786858081818,0.044426340609788895,0.8532650247216225
2633,region_western_europe,2,0.02391323260962963,0.04083602875471115,0.01505715399980545,0.9201935846358538
2633,region_western_europe,3,0.014852607622742653,0.06979197263717651,0.025077607482671738,0.8902778122574091
2633,region_western_europe,4,0.01927151530981064,0.10152758657932281,0.04891970753669739,0.8302811905741692
2633,region_western_europe,5,0.034848615527153015,0.13604916632175446,0.038319334387779236,0.7907828837633133
2633,region_western_europe,6,0.033004045486450195,0.1261603832244873,0.047502387315034866,0.7933331839740276
2633,region_western_europe,7,0.034217074513435364,0.23199304938316345,0.0458168126642704,0.6879730634391308
2633,region_western_europe,8,0.05051390081644058,0.20822419226169586,0.03289408981800079,0.7083678171038628
2633,region_western_europe,9,0.02591724693775177,0.2815636396408081,0.024585936218500137,0.66793317720294
2633,region_western_europe,10,0.03064790368080139,0.2851574718952179,0.014856814406812191,0.6693378100171685
2633,region_western_europe,11,0.026085518300533295,0.2595088481903076,0.024377260357141495,0.6900283731520176
2633,region_western_europe,12,0.019992247223854065,0.30585992336273193,0.044088419526815414,0.6300594098865986
2633,region_western_europe,13,0.02002660185098648,0.3972015678882599,0.04559693858027458,0.537174891680479
2633,region_western_europe,14,0.014186385087668896,0.4504184424877167,0.03503658249974251,0.5003585899248719
2633,region_western_europe,15,0.008867418393492699,0.3098222017288208,0.016341645270586014,0.6649687346071005
2633,region_western_europe,16,0.010893486440181732,0.23489101231098175,0.02197151631116867,0.7322439849376678
2633,region_western_europe,17,0.008844006806612015,0.2635233998298645,0.017761163413524628,0.7098714299499989
2633,region_western_europe,18,0.008823048323392868,0.2235821634531021,0.016156738623976707,0.7514380495995283
2633,region_western_europe,19,0.00395758543163538,0.16457636654376984,0.009062835946679115,0.8224032120779157
2633,region_western_europe,20,0.005036965012550354,0.2505608797073364,0.010287776589393616,0.7341143786907196
2633,region_western_europe,21,0.004866303876042366,0.11521554738283157,0.006588341202586889,0.8733298075385392
2633,region_western_europe,22,0.004146909341216087,0.19054341316223145,0.006197071168571711,0.7991126063279808
2633,region_western_europe,23,0.0036479756236076355,0.09352557361125946,0.0059723504818975925,0.8968541002832353
2633,region_western_europe,24,0.00285944901406765,0.1012079119682312,0.004543781746178865,0.8913888572715223
2633,region_western_europe,25,0.0022123476956039667,0.06339748948812485,0.0032879658974707127,0.9311021969188005
2633,region_western_europe,26,0.0036813481710851192,0.06830638647079468,0.007178286090493202,0.920833979267627
2633,region_western_europe,27,0.0036727702245116234,0.07417874783277512,0.008928182534873486,0.9132202994078398
2633,region_western_europe,28,0.003079416463151574,0.07616300880908966,0.011427666991949081,0.9093299077358097
2633,region_western_europe,29,0.005027064587920904,0.0668151006102562,0.01392468623816967,0.9142331485636532
2633,region_western_europe,30,0.006177589297294617,0.12945504486560822,0.021626699715852737,0.8427406661212444
2633,region_western_europe,31,0.005813488736748695,0.05311683565378189,0.02587040886282921,0.9151992667466402
2633,region_arab_culture,0,0.035211265087127686,0.2304106503725052,0.1724724918603897,0.5619055926799774
2633,region_arab_culture,1,0.014842469245195389,0.08873496204614639,0.04314393550157547,0.8532786332070827
2633,region_arab_culture,2,0.02530841901898384,0.040778592228889465,0.014769383706152439,0.9191436050459743
2633,region_arab_culture,3,0.016863929107785225,0.06854545325040817,0.024471433833241463,0.8901191838085651
2633,region_arab_culture,4,0.02200969122350216,0.10327550023794174,0.04784847050905228,0.8268663380295038
2633,region_arab_culture,5,0.04067646712064743,0.13213306665420532,0.036802783608436584,0.7903876826167107
2633,region_arab_culture,6,0.03808342665433884,0.12577871978282928,0.04359550029039383,0.792542353272438
2633,region_arab_culture,7,0.038239262998104095,0.2273091971874237,0.04401559382677078,0.6904359459877014
2633,region_arab_culture,8,0.059485774487257004,0.20305007696151733,0.03173455595970154,0.7057295925915241
2633,region_arab_culture,9,0.03179166838526726,0.28080856800079346,0.0244430098682642,0.6629567537456751
2633,region_arab_culture,10,0.037713341414928436,0.276687890291214,0.015998799353837967,0.6695999689400196
2633,region_arab_culture,11,0.039463043212890625,0.24716448783874512,0.024865368381142616,0.6885071005672216
2633,region_arab_culture,12,0.02871396765112877,0.2970356345176697,0.04963194206357002,0.6246184557676315
2633,region_arab_culture,13,0.05443737655878067,0.3709269165992737,0.04782683402299881,0.5268088728189468
2633,region_arab_culture,14,0.028522951528429985,0.41219058632850647,0.03580765426158905,0.5234788078814745
2633,region_arab_culture,15,0.015630612149834633,0.28185153007507324,0.019542310386896133,0.682975547388196
2633,region_arab_culture,16,0.031427815556526184,0.23893986642360687,0.029364997521042824,0.7002673204988241
2633,region_arab_culture,17,0.025611869990825653,0.2470138669013977,0.02711072936654091,0.7002635337412357
2633,region_arab_culture,18,0.02486640214920044,0.21553076803684235,0.024373557418584824,0.7352292723953724
2633,region_arab_culture,19,0.008373994380235672,0.15528994798660278,0.013426004908978939,0.8229100527241826
2633,region_arab_culture,20,0.009235449135303497,0.2545894980430603,0.0142027223482728,0.7219723304733634
2633,region_arab_culture,21,0.009132334031164646,0.10423454642295837,0.008297551423311234,0.8783355681225657
2633,region_arab_culture,22,0.0069396961480379105,0.1630476713180542,0.00863124430179596,0.8213813882321119
2633,region_arab_culture,23,0.006556149572134018,0.07738891988992691,0.0084054134786129,0.9076495170593262
2633,region_arab_culture,24,0.010174390859901905,0.09180155396461487,0.006752494722604752,0.8912715604528785
2633,region_arab_culture,25,0.0033131553791463375,0.05698942393064499,0.004072775132954121,0.9356246455572546
2633,region_arab_culture,26,0.00792219489812851,0.07612283527851105,0.012234913185238838,0.9037200566381216
2633,region_arab_culture,27,0.00786603894084692,0.0810469388961792,0.01450357399880886,0.896583448164165
2633,region_arab_culture,28,0.007160227745771408,0.09248876571655273,0.02298450842499733,0.8773664981126785
2633,region_arab_culture,29,0.01453393418341875,0.08985572308301926,0.033199623227119446,0.8624107195064425
2633,region_arab_culture,30,0.021778717637062073,0.14267566800117493,0.052785053849220276,0.7827605605125427
2633,region_arab_culture,31,0.008620211854577065,0.05719161778688431,0.045010149478912354,0.8891780208796263
2633,religion_christian,0,0.020025556907057762,0.2321685403585434,0.17462602257728577,0.5731798801571131
2633,religion_christian,1,0.010927800089120865,0.09085437655448914,0.045639701187610626,0.8525781221687794
2633,religion_christian,2,0.0210731104016304,0.040368422865867615,0.015384702011942863,0.9231737647205591
2633,religion_christian,3,0.01132957637310028,0.0684201642870903,0.027002790942788124,0.8932474683970213
2633,religion_christian,4,0.02053118869662285,0.10247862339019775,0.049938589334487915,0.8270515985786915
2633,religion_christian,5,0.035718612372875214,0.1374957114458084,0.03782586753368378,0.7889598086476326
2633,religion_christian,6,0.038672566413879395,0.12357664108276367,0.04571167379617691,0.79203911870718
2633,religion_christian,7,0.02980143576860428,0.22746048867702484,0.04567038267850876,0.6970676928758621
2633,religion_christian,8,0.04373633861541748,0.20101921260356903,0.03323247283697128,0.7220119759440422
2633,religion_christian,9,0.01956849917769432,0.2765071392059326,0.027497677132487297,0.6764266844838858
2633,religion_christian,10,0.021347016096115112,0.30242854356765747,0.01732608675956726,0.6588983535766602
2633,religion_christian,11,0.014281556010246277,0.26592299342155457,0.02550097182393074,0.6942944787442684
2633,religion_christian,12,0.013083778321743011,0.31602293252944946,0.04751047119498253,0.623382817953825
2633,religion_christian,13,0.015402838587760925,0.3865448534488678,0.05261027067899704,0.5454420372843742
2633,religion_christian,14,0.007819738239049911,0.4364182949066162,0.04128747060894966,0.5144744962453842
2633,religion_christian,15,0.0070613594725728035,0.3031172752380371,0.016897358000278473,0.6729240072891116
2633,religion_christian,16,0.009296618402004242,0.23656602203845978,0.024137642234563828,0.7299997173249722
2633,religion_christian,17,0.0075737833976745605,0.2636606693267822,0.018834812566637993,0.7099307347089052
2633,religion_christian,18,0.005638331174850464,0.21953347325325012,0.017495503649115562,0.7573326919227839
2633,religion_christian,19,0.003607194870710373,0.16494035720825195,0.009559004567563534,0.8218934433534741
2633,religion_christian,20,0.0048573799431324005,0.24734413623809814,0.011390995234251022,0.7364074885845184
2633,religion_christian,21,0.0031862598843872547,0.11461281776428223,0.00684201717376709,0.8753589051775634
2633,religion_christian,22,0.002414815127849579,0.18645231425762177,0.005983793642371893,0.8051490769721568
2633,religion_christian,23,0.0023574684746563435,0.09209974110126495,0.005697787739336491,0.8998450026847422
2633,religion_christian,24,0.001554371789097786,0.10247285664081573,0.004532012157142162,0.8914407594129443
2633,religion_christian,25,0.0014674531994387507,0.06441095471382141,0.0034328564070165157,0.9306887356797233
2633,religion_christian,26,0.0022267187014222145,0.06769521534442902,0.0068911234848201275,0.9231869424693286
2633,religion_christian,27,0.0029654509853571653,0.07392844557762146,0.008909577503800392,0.914196525933221
2633,religion_christian,28,0.002542107133194804,0.07491561770439148,0.011328307911753654,0.9112139672506601
2633,religion_christian,29,0.005849805194884539,0.06677238643169403,0.014056980609893799,0.9133208277635276
2633,religion_christian,30,0.005279242992401123,0.12435970455408096,0.02101294696331024,0.8493481054902077
2633,religion_christian,31,0.005737110506743193,0.05409820377826691,0.02495771273970604,0.9152069729752839
2633,religion_muslim,0,0.021865980699658394,0.23167218267917633,0.17401117086410522,0.57245066575706
2633,religion_muslim,1,0.010472661815583706,0.09046602994203568,0.04606490954756737,0.8529963986948133
2633,religion_muslim,2,0.02170068770647049,0.04079020768404007,0.01581750065088272,0.9216916039586067
2633,religion_muslim,3,0.014060337096452713,0.0679490715265274,0.026736099272966385,0.8912544921040535
2633,religion_muslim,4,0.01768498495221138,0.10060299187898636,0.04798251390457153,0.8337295092642307
2633,religion_muslim,5,0.03229447454214096,0.13530932366847992,0.03701247274875641,0.7953837290406227
2633,religion_muslim,6,0.03442263603210449,0.12741512060165405,0.04494304209947586,0.7932192012667656
2633,religion_muslim,7,0.03003843128681183,0.22658328711986542,0.043626658618450165,0.6997516229748726
2633,religion_muslim,8,0.04848390817642212,0.19862231612205505,0.033068958669900894,0.7198248170316219
2633,religion_muslim,9,0.02492460608482361,0.27097171545028687,0.02614579349756241,0.6779578849673271
2633,religion_muslim,10,0.03363966941833496,0.278873473405838,0.017782319337129593,0.6697045378386974
2633,religion_muslim,11,0.0258864164352417,0.261573851108551,0.026274172589182854,0.6862655598670244
2633,religion_muslim,12,0.018749170005321503,0.31199949979782104,0.0494404137134552,0.6198109164834023
2633,religion_muslim,13,0.038142673671245575,0.38071203231811523,0.04615922272205353,0.5349860712885857
2633,religion_muslim,14,0.014889802783727646,0.41314899921417236,0.029722748324275017,0.542238449677825
2633,religion_muslim,15,0.007428490556776524,0.2985537648200989,0.01557360589504242,0.6784441387280822
2633,religion_muslim,16,0.014596343040466309,0.2319331169128418,0.02424928918480873,0.7292212508618832
2633,religion_muslim,17,0.010875105857849121,0.24764849245548248,0.02068471536040306,0.7207916863262653
2633,religion_muslim,18,0.008408896625041962,0.22752654552459717,0.019908027723431587,0.7441565301269293
2633,religion_muslim,19,0.004307787865400314,0.15674684941768646,0.009778525680303574,0.8291668370366096
2633,religion_muslim,20,0.004982771351933479,0.2411699891090393,0.011064283549785614,0.7427829559892416
2633,religion_muslim,21,0.00420229509472847,0.0988725870847702,0.007008570246398449,0.8899165475741029
2633,religion_muslim,22,0.0029180198907852173,0.16116267442703247,0.00725486408919096,0.8286644415929914
2633,religion_muslim,23,0.002794221043586731,0.08756595104932785,0.006706188432872295,0.9029336394742131
2633,religion_muslim,24,0.002909993752837181,0.09489932656288147,0.005291477777063847,0.8968992019072175
2633,religion_muslim,25,0.002021653810516,0.06310636550188065,0.003731583245098591,0.9311403974425048
2633,religion_muslim,26,0.0026613837108016014,0.06782366335391998,0.007921133190393448,0.921593819744885
2633,religion_muslim,27,0.0038987980224192142,0.06995780766010284,0.01041282620280981,0.9157305681146681
2633,religion_muslim,28,0.0028417259454727173,0.08301467448472977,0.014793667942285538,0.899349931627512
2633,religion_muslim,29,0.006158431060612202,0.07023179531097412,0.01945907436311245,0.9041506992653012
2633,religion_muslim,30,0.006116308271884918,0.12350019812583923,0.0316014289855957,0.8387820646166801
2633,religion_muslim,31,0.007051229476928711,0.053657952696084976,0.034695230424404144,0.9045955874025822
817,baseline,0,,0.22828033566474915,0.23064251244068146,0.5410771518945694
817,baseline,1,,0.09000948071479797,0.06451889127492905,0.845471628010273
817,baseline,2,,0.041180290281772614,0.03080819360911846,0.9280115161091089
817,baseline,3,,0.06029859185218811,0.04099366068840027,0.8987077474594116
817,baseline,4,,0.0993725061416626,0.06925123929977417,0.8313762545585632
817,baseline,5,,0.13520964980125427,0.0410546138882637,0.823735736310482
817,baseline,6,,0.1429295837879181,0.050848379731178284,0.8062220364809036
817,baseline,7,,0.2537868916988373,0.05452019348740578,0.6916929148137569
817,baseline,8,,0.18632997572422028,0.04359874129295349,0.7700712829828262
817,baseline,9,,0.26814162731170654,0.0282207690179348,0.7036376036703587
817,baseline,10,,0.2635082006454468,0.0161892119795084,0.7203025873750448
817,baseline,11,,0.2858511507511139,0.023941975086927414,0.6902068741619587
817,baseline,12,,0.34514319896698,0.026510851457715034,0.628345949575305
817,baseline,13,,0.42436614632606506,0.016969148069620132,0.5586647056043148
817,baseline,14,,0.4269854724407196,0.03586195036768913,0.5371525771915913
817,baseline,15,,0.28729569911956787,0.013860576786100864,0.6988437240943313
817,baseline,16,,0.22126325964927673,0.015116372145712376,0.7636203682050109
817,baseline,17,,0.2720410227775574,0.01627882570028305,0.7116801515221596
817,baseline,18,,0.2061794102191925,0.012033095583319664,0.7817874941974878
817,baseline,19,,0.17774319648742676,0.011993275955319405,0.8102635275572538
817,baseline,20,,0.1939373016357422,0.012236986309289932,0.7938257120549679
817,baseline,21,,0.12334268540143967,0.011804732494056225,0.8648525821045041
817,baseline,22,,0.20279335975646973,0.009257981553673744,0.7879486586898565
817,baseline,23,,0.09966857731342316,0.009123891592025757,0.8912075310945511
817,baseline,24,,0.08166803419589996,0.006549874320626259,0.9117820914834738
817,baseline,25,,0.03804933652281761,0.005390875972807407,0.956559787504375
817,baseline,26,,0.054810624569654465,0.010624273680150509,0.934565101750195
817,baseline,27,,0.07878731191158295,0.012698027305305004,0.908514660783112
817,baseline,28,,0.05874507129192352,0.010531564243137836,0.9307233644649386
817,baseline,29,,0.048770152032375336,0.013938356190919876,0.9372914917767048
817,baseline,30,,0.10640224814414978,0.03021545708179474,0.8633822947740555
817,baseline,31,,0.047922439873218536,0.032114557921886444,0.919963002204895
817,gender_man,0,0.019251741468906403,0.22531327605247498,0.226925790309906,0.5285091921687126
817,gender_man,1,0.011177994310855865,0.08850965648889542,0.06058453768491745,0.8397278115153313
817,gender_man,2,0.019245220348238945,0.042457934468984604,0.029722852632403374,0.9085739925503731
817,gender_man,3,0.009227100759744644,0.05981532484292984,0.038793157786130905,0.8921644166111946
817,gender_man,4,0.012166882865130901,0.09243057668209076,0.060995616018772125,0.8344069244340062
817,gender_man,5,0.03318618983030319,0.1295107901096344,0.03742442652583122,0.7998785935342312
817,gender_man,6,0.02471848577260971,0.12680870294570923,0.04424760863184929,0.8042252026498318
817,gender_man,7,0.027096431702375412,0.2326992005109787,0.05065238103270531,0.6895519867539406
817,gender_man,8,0.03435048460960388,0.19050909578800201,0.03986957669258118,0.7352708429098129
817,gender_man,9,0.015889454632997513,0.2665128707885742,0.028671788051724434,0.6889258865267038
817,gender_man,10,0.022863522171974182,0.2689476013183594,0.014906509779393673,0.6932823667302728
817,gender_man,11,0.018197722733020782,0.2821069657802582,0.023012902587652206,0.6766824088990688
817,gender_man,12,0.010978888720273972,0.3363470435142517,0.026593999937176704,0.6260800678282976
817,gender_man,13,0.014957395382225513,0.40711548924446106,0.01930135302245617,0.5586257623508573
817,gender_man,14,0.011023981496691704,0.42545753717422485,0.042019106447696686,0.5214993748813868
817,gender_man,15,0.008382409811019897,0.2839478552341461,0.011999884620308876,0.6956698503345251
817,gender_man,16,0.008667969144880772,0.2166753113269806,0.015319814905524254,0.7593369046226144
817,gender_man,17,0.008480994962155819,0.27263039350509644,0.01592974364757538,0.7029588678851724
817,gender_man,18,0.008459754288196564,0.20443685352802277,0.01159017626196146,0.7755132159218192
817,gender_man,19,0.00426368648186326,0.1726674735546112,0.010983467102050781,0.8120853728614748
817,gender_man,20,0.006335010752081871,0.1939591020345688,0.01110655628144741,0.7885993309319019
817,gender_man,21,0.004936880432069302,0.1156572550535202,0.01051880232989788,0.8688870621845126
817,gender_man,22,0.004078999161720276,0.20387329161167145,0.008946302346885204,0.7831014068797231
817,gender_man,23,0.0031794793903827667,0.09738258272409439,0.008542412891983986,0.8908955249935389
817,gender_man,24,0.001452951692044735,0.08149389922618866,0.00644728634506464,0.910605862736702
817,gender_man,25,0.001276954892091453,0.040629662573337555,0.004912610165774822,0.9531807723687962
817,gender_man,26,0.0019422373734414577,0.05807951092720032,0.010151191614568233,0.92982706008479
817,gender_man,27,0.0021982002072036266,0.07973571121692657,0.012198656797409058,0.9058674317784607
817,gender_man,28,0.0020924019627273083,0.0615835040807724,0.010366588830947876,0.9259575051255524
817,gender_man,29,0.00291456445120275,0.050661180168390274,0.013216689229011536,0.9332075661513954
817,gender_man,30,0.004763785749673843,0.1080915778875351,0.02930491231381893,0.8578397240489721
817,gender_man,31,0.002740975469350815,0.04988826438784599,0.03208673372864723,0.915284026414156
817,gender_woman,0,0.019514620304107666,0.22527000308036804,0.2268306165933609,0.5283847600221634
817,gender_woman,1,0.011219216510653496,0.08828411996364594,0.06039378046989441,0.8401028830558062
817,gender_woman,2,0.019692759960889816,0.04229992628097534,0.02954808622598648,0.9084592275321484
817,gender_woman,3,0.009156526997685432,0.05996903032064438,0.03815820813179016,0.89271623454988
817,gender_woman,4,0.013294544070959091,0.09206677228212357,0.059792667627334595,0.8348460160195827
817,gender_woman,5,0.03508453071117401,0.12727999687194824,0.036894574761390686,0.8007408976554871
817,gender_woman,6,0.025789745151996613,0.1271476447582245,0.044332362711429596,0.8027302473783493
817,gender_woman,7,0.02716827765107155,0.23017285764217377,0.05056829750537872,0.692090567201376
817,gender_woman,8,0.03722754120826721,0.18924067914485931,0.040985107421875,0.7325466722249985
817,gender_woman,9,0.017313789576292038,0.27043405175209045,0.02897551655769348,0.683276642113924
817,gender_woman,10,0.02254459261894226,0.2682517170906067,0.014680933207273483,0.6945227570831776
817,gender_woman,11,0.02124784141778946,0.278324156999588,0.02328137680888176,0.6771466247737408
817,gender_woman,12,0.012570157647132874,0.33852583169937134,0.027275580912828445,0.6216284297406673
817,gender_woman,13,0.020263075828552246,0.4042808711528778,0.020051011815667152,0.5554050412029028
817,gender_woman,14,0.013327660039067268,0.427053838968277,0.04144012928009033,0.5181783717125654
817,gender_woman,15,0.009948890656232834,0.286788672208786,0.012465656735002995,0.6907967803999782
817,gender_woman,16,0.012816243804991245,0.2146705687046051,0.015524997375905514,0.7569881901144981
817,gender_woman,17,0.011809179559350014,0.26452529430389404,0.015549786388874054,0.7081157397478819
817,gender_woman,18,0.009281083941459656,0.20195476710796356,0.012126818299293518,0.7766373306512833
817,gender_woman,19,0.004532282240688801,0.16929180920124054,0.010790148749947548,0.8153857598081231
817,gender_woman,20,0.005939880385994911,0.19792495667934418,0.010635442100465298,0.7854997208341956
817,gender_woman,21,0.004692237824201584,0.10964013636112213,0.010376695543527603,0.8752909302711487
817,gender_woman,22,0.0038055144250392914,0.20463748276233673,0.00858753826469183,0.7829694645479321
817,gender_woman,23,0.0033786646090447903,0.09765972197055817,0.008233617059886456,0.8907279963605106
817,gender_woman,24,0.0015428503975272179,0.08415446430444717,0.006351684220135212,0.9079510010778904
817,gender_woman,25,0.0013042027130723,0.042227357625961304,0.004862530622631311,0.9516059090383351
817,gender_woman,26,0.0022210273891687393,0.05956210941076279,0.010270040482282639,0.9279468227177858
817,gender_woman,27,0.0023879772052168846,0.08420222252607346,0.012672877870500088,0.9007369223982096
817,gender_woman,28,0.002100547542795539,0.06461766362190247,0.010326878167688847,0.9229549106676131
817,gender_woman,29,0.0028786740731447935,0.05213616415858269,0.01278406847268343,0.9322010932955891
817,gender_woman,30,0.005076715722680092,0.11359946429729462,0.028948526829481125,0.8523752931505442
817,gender_woman,31,0.0028178521897643805,0.05079988017678261,0.032507188618183136,0.9138750790152699
817,region_western_europe,0,0.023863662034273148,0.22563578188419342,0.22591447830200195,0.5245860777795315
817,region_western_europe,1,0.011410641483962536,0.08770684897899628,0.059113916009664536,0.8417685935273767
817,region_western_europe,2,0.02098371461033821,0.04245536029338837,0.027947060763835907,0.9086138643324375
817,region_western_europe,3,0.01205386035144329,0.05972687155008316,0.03566111996769905,0.8925581481307745
817,region_western_europe,4,0.013860543258488178,0.09034474194049835,0.057800501585006714,0.8379942132160068
817,region_western_europe,5,0.03217160701751709,0.1268845945596695,0.03768998384475708,0.8032538145780563
817,region_western_europe,6,0.02681656926870346,0.12434907257556915,0.0476648285984993,0.8011695295572281
817,region_western_europe,7,0.03132450208067894,0.2341843992471695,0.052166055887937546,0.682325042784214
817,region_western_europe,8,0.04384174197912216,0.18510913848876953,0.0411008819937706,0.7299482375383377
817,region_western_europe,9,0.02289517968893051,0.266654908657074,0.028975069522857666,0.6814748421311378
817,region_western_europe,10,0.030586540699005127,0.2661572992801666,0.014490818604826927,0.6887653414160013
817,region_western_europe,11,0.027981340885162354,0.2730303406715393,0.023798588663339615,0.6751897297799587
817,region_western_europe,12,0.014667913317680359,0.3249646723270416,0.027349330484867096,0.6330180838704109
817,region_western_europe,13,0.016512559726834297,0.40302911400794983,0.019208073616027832,0.561250252649188
817,region_western_europe,14,0.013630587607622147,0.43539661169052124,0.03794188052415848,0.5130309201776981
817,region_western_europe,15,0.009629718959331512,0.3015967309474945,0.011705813929438591,0.6770677361637354
817,region_western_europe,16,0.009585157968103886,0.22078973054885864,0.015635410323739052,0.7539897011592984
817,region_western_europe,17,0.008639693260192871,0.2660161852836609,0.01574554666876793,0.7095985747873783
817,region_western_europe,18,0.008505038917064667,0.20471690595149994,0.012891001999378204,0.7738870531320572
817,region_western_europe,19,0.0045451512560248375,0.1675557792186737,0.011537979356944561,0.8163610901683569
817,region_western_europe,20,0.005793157033622265,0.20236444473266602,0.011473249644041061,0.7803691485896707
817,region_western_europe,21,0.004905186593532562,0.12044835835695267,0.010965419933199883,0.8636810351163149
817,region_western_europe,22,0.00496998056769371,0.19999784231185913,0.008789803832769394,0.7862423732876778
817,region_western_europe,23,0.0038496621418744326,0.09258373826742172,0.008505448698997498,0.8950611508917063
817,region_western_europe,24,0.0027418136596679688,0.08187158405780792,0.006632918491959572,0.9087536837905645
817,region_western_europe,25,0.001537866541184485,0.03921393305063248,0.004959892947226763,0.9542883074609563
817,region_western_europe,26,0.00320178410038352,0.06091979146003723,0.010335704311728477,0.9255427201278508
817,region_western_europe,27,0.0029189586639404297,0.07901501655578613,0.01267257146537304,0.9053934533149004
817,region_western_europe,28,0.0030372184701263905,0.06978009641170502,0.011856098659336567,0.915326586458832
817,region_western_europe,29,0.0034958869218826294,0.052794523537158966,0.014631924219429493,0.9290776653215289
817,region_western_europe,30,0.006708487868309021,0.11493687331676483,0.034234754741191864,0.8441198840737343
817,region_western_europe,31,0.004214613698422909,0.05208928883075714,0.036163751035928726,0.9075323464348912
817,region_arab_culture,0,0.028736764565110207,0.22425216436386108,0.22448278963565826,0.5225282814353704
817,region_arab_culture,1,0.013513285666704178,0.08752191066741943,0.05833938717842102,0.8406254164874554
817,region_arab_culture,2,0.022278353571891785,0.04275839775800705,0.027849260717630386,0.9071139879524708
817,region_arab_culture,3,0.013616388663649559,0.058738771826028824,0.03474141284823418,0.8929034266620874
817,region_arab_culture,4,0.01584160327911377,0.09120480716228485,0.05663031339645386,0.8363232761621475
817,region_arab_culture,5,0.03639720380306244,0.1243361085653305,0.0371168814599514,0.8021498061716557
817,region_arab_culture,6,0.031773943454027176,0.12369921058416367,0.04576822370290756,0.7987586222589016
817,region_arab_culture,7,0.03456960618495941,0.23152516782283783,0.05008089542388916,0.6838243305683136
817,region_arab_culture,8,0.052702274173498154,0.18010468780994415,0.040214888751506805,0.7269781492650509
817,region_arab_culture,9,0.027724824845790863,0.2702983021736145,0.02958226576447487,0.6723946072161198
817,region_arab_culture,10,0.03627869486808777,0.25988948345184326,0.014938310720026493,0.6888935109600425
817,region_arab_culture,11,0.0355762243270874,0.2613261640071869,0.022860994562506676,0.680236617103219
817,region_arab_culture,12,0.020324602723121643,0.32222700119018555,0.031164050102233887,0.6262843459844589
817,region_arab_culture,13,0.03467201441526413,0.3923557698726654,0.022228147834539413,0.550744067877531
817,region_arab_culture,14,0.022586695849895477,0.4204883873462677,0.035933446139097214,0.5209914706647396
817,region_arab_culture,15,0.015306536108255386,0.2843972146511078,0.010855799540877342,0.6894404496997595
817,region_arab_culture,16,0.023421064019203186,0.2268218696117401,0.016283251345157623,0.7334738150238991
817,region_arab_culture,17,0.019535044208168983,0.2638130784034729,0.017164887860417366,0.6994869895279408
817,region_arab_culture,18,0.017151106148958206,0.19722238183021545,0.014556923881173134,0.7710695881396532
817,region_arab_culture,19,0.007461989764124155,0.15584051609039307,0.01302606426179409,0.8236714298836887
817,region_arab_culture,20,0.008789751678705215,0.2066945880651474,0.012680856510996819,0.7718348037451506
817,region_arab_culture,21,0.0075337253510952,0.10391947627067566,0.010855698958039284,0.8776910994201899
817,region_arab_culture,22,0.006992128677666187,0.17204967141151428,0.008955303579568863,0.8120028963312507
817,region_arab_culture,23,0.005206247325986624,0.08424165844917297,0.00837373360991478,0.9021783606149256
817,region_arab_culture,24,0.004135859664529562,0.08396486192941666,0.007294062525033951,0.9046052158810198
817,region_arab_culture,25,0.0025821381714195013,0.04011988639831543,0.005798548925668001,0.9514994265045971
817,region_arab_culture,26,0.005894041154533625,0.07275961339473724,0.01325659267604351,0.9080897527746856
817,region_arab_culture,27,0.006360815837979317,0.09062398970127106,0.01809553988277912,0.8849196545779705
817,region_arab_culture,28,0.005425979383289814,0.08947061002254486,0.01769602671265602,0.8874073838815093
817,region_arab_culture,29,0.007736760191619396,0.07074043154716492,0.02025669813156128,0.9012661101296544
817,region_arab_culture,30,0.01438673585653305,0.12359574437141418,0.04600217938423157,0.8160153403878212
817,region_arab_culture,31,0.006047995761036873,0.05763278901576996,0.04485084488987923,0.8914683703333139
817,religion_christian,0,0.01617220602929592,0.2258176952600479,0.22721213102340698,0.5307979676872492
817,religion_christian,1,0.009899044409394264,0.08913175761699677,0.0617133229970932,0.8392558749765158
817,religion_christian,2,0.018268030136823654,0.04224482923746109,0.029607463628053665,0.9098796769976616
817,religion_christian,3,0.00920615904033184,0.0585491806268692,0.038406822830438614,0.8938378375023603
817,religion_christian,4,0.01657911390066147,0.09292629361152649,0.058815374970436096,0.831679217517376
817,religion_christian,5,0.03267061710357666,0.12812075018882751,0.037772998213768005,0.8014356344938278
817,religion_christian,6,0.030421815812587738,0.12429925799369812,0.044456422328948975,0.8008225038647652
817,religion_christian,7,0.029435664415359497,0.22491705417633057,0.04939408600330353,0.6962531954050064
817,religion_christian,8,0.0369875431060791,0.18254604935646057,0.04272576794028282,0.7377406395971775
817,religion_christian,9,0.01610344462096691,0.2634875476360321,0.03163899853825569,0.6887700092047453
817,religion_christian,10,0.019765563309192657,0.27654194831848145,0.016934525221586227,0.6867579631507397
817,religion_christian,11,0.015446871519088745,0.27820369601249695,0.023280523717403412,0.6830689087510109
817,religion_christian,12,0.009735681116580963,0.33487850427627563,0.027361959218978882,0.6280238553881645
817,religion_christian,13,0.011088766157627106,0.4116690158843994,0.019395170733332634,0.5578470472246408
817,religion_christian,14,0.007656564470380545,0.43576306104660034,0.03913867101073265,0.5174417034722865
817,religion_christian,15,0.006768624298274517,0.29843077063560486,0.010764787904918194,0.6840358171612024
817,religion_christian,16,0.007116600871086121,0.21688354015350342,0.01353093795478344,0.762468921020627
817,religion_christian,17,0.0068335384130477905,0.26766258478164673,0.014540031552314758,0.7109638452529907
817,religion_christian,18,0.004938758909702301,0.2003265619277954,0.01065194420516491,0.7840827349573374
817,religion_christian,19,0.004275026731193066,0.17094652354717255,0.010572191327810287,0.8142062583938241
817,religion_christian,20,0.005875147879123688,0.19166699051856995,0.010537441819906235,0.7919204197824001
817,religion_christian,21,0.0031359288841485977,0.11314551532268524,0.009843302890658379,0.8738752529025078
817,religion_christian,22,0.0032443106174468994,0.1964767873287201,0.008800433948636055,0.791478468105197
817,religion_christian,23,0.002563124056905508,0.09663066267967224,0.008006935007870197,0.892799278255552
817,religion_christian,24,0.001410885713994503,0.08137132227420807,0.005936427041888237,0.9112813649699092
817,religion_christian,25,0.0011313080321997404,0.039473846554756165,0.004803566727787256,0.9545912786852568
817,religion_christian,26,0.002150151878595352,0.057865507900714874,0.00986031349748373,0.930124026723206
817,religion_christian,27,0.0028984860982745886,0.07697007060050964,0.011861894279718399,0.9082695490214974
817,religion_christian,28,0.0023485501296818256,0.06197589263319969,0.010447019711136818,0.9252285375259817
817,religion_christian,29,0.0045335195027291775,0.04969383403658867,0.013428309932351112,0.932344336528331
817,religion_christian,30,0.007886029779911041,0.10564696788787842,0.030098123475909233,0.8563688788563013
817,religion_christian,31,0.004245194606482983,0.048967137932777405,0.03351235389709473,0.9132753135636449
817,religion_muslim,0,0.017421985045075417,0.2255403846502304,0.22665712237358093,0.5303805079311132
817,religion_muslim,1,0.009497813880443573,0.08910027146339417,0.06164485216140747,0.8397570624947548
817,religion_muslim,2,0.01874668337404728,0.041893258690834045,0.029966479167342186,0.9093935787677765
817,religion_muslim,3,0.010761312209069729,0.058734193444252014,0.03832738846540451,0.8921771058812737
817,religion_muslim,4,0.013524098321795464,0.09318032115697861,0.05869579315185547,0.8345997873693705
817,religion_muslim,5,0.029418617486953735,0.12562891840934753,0.037218667566776276,0.8077337965369225
817,religion_muslim,6,0.02738656848669052,0.12449631094932556,0.0446285679936409,0.803488552570343
817,religion_muslim,7,0.030976444482803345,0.22212925553321838,0.046871352940797806,0.7000229470431805
817,religion_muslim,8,0.04349064826965332,0.17465947568416595,0.04206026345491409,0.7397896125912666
817,religion_muslim,9,0.021506834775209427,0.25686559081077576,0.032653652131557465,0.6889739222824574
817,religion_muslim,10,0.03639501333236694,0.25338321924209595,0.01706772856414318,0.6931540388613939
817,religion_muslim,11,0.027048081159591675,0.26748499274253845,0.024221468716859818,0.6812454573810101
817,religion_muslim,12,0.015418551862239838,0.33123934268951416,0.031247388571500778,0.6220947168767452
817,religion_muslim,13,0.028361670672893524,0.3970593512058258,0.02089601568877697,0.5536829624325037
817,religion_muslim,14,0.014612815342843533,0.42429623007774353,0.028783198446035385,0.5323077561333776
817,religion_muslim,15,0.008097991347312927,0.2907600998878479,0.009033039212226868,0.6921088695526123
817,religion_muslim,16,0.014478538185358047,0.21595627069473267,0.012544073164463043,0.7570211179554462
817,religion_muslim,17,0.010737992823123932,0.2571025788784027,0.013778245076537132,0.7183811832219362
817,religion_muslim,18,0.007521674036979675,0.1974167674779892,0.011702119372785091,0.783359439112246
817,religion_muslim,19,0.005095978267490864,0.16373583674430847,0.01153014600276947,0.8196380389854312
817,religion_muslim,20,0.005635501816868782,0.19050368666648865,0.011036866344511509,0.7928239451721311
817,religion_muslim,21,0.004063349217176437,0.09943947941064835,0.009868461638689041,0.8866287097334862
817,religion_muslim,22,0.0036724433302879333,0.1881416141986847,0.008986027911305428,0.799199914559722
817,religion_muslim,23,0.0025734156370162964,0.08895152807235718,0.007401244714856148,0.9010738115757704
817,religion_muslim,24,0.0025216033682227135,0.08194367587566376,0.0061971889808773994,0.9093375317752361
817,religion_muslim,25,0.0015141775365918875,0.03783270716667175,0.004827721975743771,0.9558253933209926
817,religion_muslim,26,0.0024547651410102844,0.0572475790977478,0.010966158472001553,0.9293314972892404
817,religion_muslim,27,0.0035111827310174704,0.07506927847862244,0.013894322328269482,0.9075252164620906
817,religion_muslim,28,0.0027926662005484104,0.0711231455206871,0.01344055775552988,0.9126436305232346
817,religion_muslim,29,0.005400754511356354,0.054282184690237045,0.015339558944106102,0.9249775018543005
817,religion_muslim,30,0.006859026849269867,0.10724455118179321,0.03686799481511116,0.8490284271538258
817,religion_muslim,31,0.0049719009548425674,0.05463208258152008,0.040393248200416565,0.9000027682632208
2003,baseline,0,,0.2522578537464142,0.03740846365690231,0.7103336825966835
2003,baseline,1,,0.09808135032653809,0.008284693583846092,0.8936339560896158
2003,baseline,2,,0.045462436974048615,0.006080722436308861,0.9484568405896425
2003,baseline,3,,0.0808708444237709,0.007030842825770378,0.9120983127504587
2003,baseline,4,,0.12881222367286682,0.012982768006622791,0.8582050083205104
2003,baseline,5,,0.15194982290267944,0.010155809111893177,0.8378943679854274
2003,baseline,6,,0.153424471616745,0.011208334937691689,0.8353671934455633
2003,baseline,7,,0.24256840348243713,0.00876662414520979,0.7486649723723531
2003,baseline,8,,0.1961982697248459,0.012951094657182693,0.7908506356179714
2003,baseline,9,,0.27401992678642273,0.005840831436216831,0.7201392417773604
2003,baseline,10,,0.25473278760910034,0.007793462369590998,0.7374737500213087
2003,baseline,11,,0.2960999608039856,0.009590045548975468,0.6943099936470389
2003,baseline,12,,0.3003859519958496,0.012328367680311203,0.6872856803238392
2003,baseline,13,,0.40273046493530273,0.020378386601805687,0.5768911484628916
2003,baseline,14,,0.39353621006011963,0.014939053915441036,0.5915247360244393
2003,baseline,15,,0.291633278131485,0.009304368868470192,0.6990623530000448
2003,baseline,16,,0.23886065185070038,0.008606771007180214,0.7525325771421194
2003,baseline,17,,0.2615521550178528,0.006669915746897459,0.7317779292352498
2003,baseline,18,,0.21045216917991638,0.007172677665948868,0.7823751531541348
2003,baseline,19,,0.16701343655586243,0.005133220460265875,0.8278533429838717
2003,baseline,20,,0.18621289730072021,0.005578815005719662,0.8082082876935601
2003,baseline,21,,0.11948494613170624,0.003643155563622713,0.876871898304671
2003,baseline,22,,0.20922337472438812,0.0028002560138702393,0.7879763692617416
2003,baseline,23,,0.10306986421346664,0.0018423739820718765,0.8950877618044615
2003,baseline,24,,0.08615739643573761,0.001299051335081458,0.9125435522291809
2003,baseline,25,,0.04405179247260094,0.0012592438142746687,0.9546889637131244
2003,baseline,26,,0.06185130029916763,0.0017820685170590878,0.9363666311837733
2003,baseline,27,,0.08596400916576385,0.0031401128508150578,0.9108958779834211
2003,baseline,28,,0.06480560451745987,0.002915791468694806,0.9322786040138453
2003,baseline,29,,0.05692209303379059,0.004001240711659193,0.9390766662545502
2003,baseline,30,,0.1280716061592102,0.005739908665418625,0.8661884851753712
2003,baseline,31,,0.05152546614408493,0.006787076126784086,0.941687457729131
2003,gender_man,0,0.038997113704681396,0.2439844310283661,0.03562714159488678,0.6813913136720657
2003,gender_man,1,0.014627487398684025,0.09785019606351852,0.007309712469577789,0.8802126040682197
2003,gender_man,2,0.029496561735868454,0.0465070903301239,0.0054446435533463955,0.9185517043806612
2003,gender_man,3,0.016814524307847023,0.07727362960577011,0.006382068619132042,0.8995297774672508
2003,gender_man,4,0.022160861641168594,0.12004251033067703,0.010641844943165779,0.8471547830849886
2003,gender_man,5,0.03867386281490326,0.14023159444332123,0.0075198072008788586,0.8135747355408967
2003,gender_man,6,0.034919023513793945,0.13039295375347137,0.008594732731580734,0.826093290001154
2003,gender_man,7,0.03331821784377098,0.22543302178382874,0.00811070017516613,0.7331380601972342
2003,gender_man,8,0.03964042663574219,0.2022659033536911,0.011115014553070068,0.7469786554574966
2003,gender_man,9,0.023446079343557358,0.2628636360168457,0.005889653228223324,0.7078006314113736
2003,gender_man,10,0.0240766704082489,0.27954649925231934,0.007754028309136629,0.6886228020302951
2003,gender_man,11,0.024344146251678467,0.2673383951187134,0.008881260640919209,0.699436197988689
2003,gender_man,12,0.01864887773990631,0.29983389377593994,0.009628407657146454,0.6718888208270073
2003,gender_man,13,0.02373364381492138,0.3633827269077301,0.021001864224672318,0.5918817650526762
2003,gender_man,14,0.015908464789390564,0.39534202218055725,0.011834889650344849,0.5769146233797073
2003,gender_man,15,0.010712768882513046,0.28772687911987305,0.008081777021288872,0.693478574976325
2003,gender_man,16,0.0109780915081501,0.23638027906417847,0.00729183666408062,0.7453497927635908
2003,gender_man,17,0.011743124574422836,0.2656081020832062,0.0072434209287166595,0.7154053524136543
2003,gender_man,18,0.009455658495426178,0.20605571568012238,0.006168484687805176,0.7783201411366463
2003,gender_man,19,0.0044266656041145325,0.16554492712020874,0.005287226755172014,0.8247411805205047
2003,gender_man,20,0.006879798136651516,0.1947307288646698,0.005138165783137083,0.7932513072155416
2003,gender_man,21,0.004886193200945854,0.11752539873123169,0.0035678574349731207,0.8740205506328493
2003,gender_man,22,0.004329480230808258,0.19929024577140808,0.0030874013900756836,0.793292872607708
2003,gender_man,23,0.0040084244683384895,0.09827446192502975,0.0018718624487519264,0.8958452511578798
2003,gender_man,24,0.002046397887170315,0.08974771201610565,0.0013178768567740917,0.9068880132399499
2003,gender_man,25,0.001605476252734661,0.04162289947271347,0.0010869662510231137,0.9556846580235288
2003,gender_man,26,0.0022823354229331017,0.07302931696176529,0.001707541523501277,0.9229808060918003
2003,gender_man,27,0.003151834011077881,0.08917579054832458,0.002955922856926918,0.9047164525836706
2003,gender_man,28,0.0025692905765026808,0.0766492486000061,0.0029826578684151173,0.9177988029550761
2003,gender_man,29,0.003030607011169195,0.06521240621805191,0.0036382225807756186,0.9281187641900033
2003,gender_man,30,0.005675271153450012,0.13534703850746155,0.0057971179485321045,0.8531805723905563
2003,gender_man,31,0.004691265523433685,0.05636627599596977,0.006432847119867802,0.9325096113607287
2003,gender_woman,0,0.03930142521858215,0.24388837814331055,0.03561313450336456,0.6811970621347427
2003,gender_woman,1,0.01460418850183487,0.09781324863433838,0.007314296439290047,0.8802682664245367
2003,gender_woman,2,0.02981477417051792,0.045761242508888245,0.00544136855751276,0.9189826147630811
2003,gender_woman,3,0.01649440824985504,0.07842160761356354,0.006226563826203346,0.8988574203103781
2003,gender_woman,4,0.023305177688598633,0.1178651824593544,0.009967084042727947,0.848862555809319
2003,gender_woman,5,0.039087504148483276,0.1385154128074646,0.007200195919722319,0.8151968871243298
2003,gender_woman,6,0.03599098324775696,0.13163939118385315,0.008144119754433632,0.8242255058139563
2003,gender_woman,7,0.03285498917102814,0.2241092175245285,0.007706948556005955,0.7353288447484374
2003,gender_woman,8,0.04414522647857666,0.20463456213474274,0.01087772473692894,0.7403424866497517
2003,gender_woman,9,0.026481319218873978,0.26064884662628174,0.005883307196199894,0.7069865269586444
2003,gender_woman,10,0.0250093936920166,0.276783287525177,0.007406516931951046,0.6908008018508554
2003,gender_woman,11,0.028776228427886963,0.2639412581920624,0.008959531784057617,0.698322981595993
2003,gender_woman,12,0.021658971905708313,0.30907636880874634,0.008948100730776787,0.6603165585547686
2003,gender_woman,13,0.03081749752163887,0.36292755603790283,0.019009843468666077,0.5872451029717922
2003,gender_woman,14,0.019187120720744133,0.3978601098060608,0.010268516838550568,0.5726842526346445
2003,gender_woman,15,0.01300957053899765,0.29617586731910706,0.008536813780665398,0.6822777483612299
2003,gender_woman,16,0.014790227636694908,0.2338491827249527,0.006988454144448042,0.7443721354939044
2003,gender_woman,17,0.015596281737089157,0.2628399133682251,0.006707183085381985,0.7148566218093038
2003,gender_woman,18,0.010383769869804382,0.20395201444625854,0.006004825234413147,0.7796593904495239
2003,gender_woman,19,0.004852969199419022,0.16416136920452118,0.005118068773299456,0.8258675928227603
2003,gender_woman,20,0.007007879205048084,0.1975954920053482,0.004990209359675646,0.7904064194299281
2003,gender_woman,21,0.00507731270045042,0.1139194667339325,0.0034283255226910114,0.8775748950429261
2003,gender_woman,22,0.004368763417005539,0.2007695883512497,0.0031766965985298157,0.791684951633215
2003,gender_woman,23,0.004288835451006889,0.09668050706386566,0.0018835877999663353,0.8971470696851611
2003,gender_woman,24,0.0022925585508346558,0.0868106558918953,0.0013080863282084465,0.9095886992290616
2003,gender_woman,25,0.0017209657235071063,0.04128292202949524,0.001124188071116805,0.9558719241758808
2003,gender_woman,26,0.0027881907299160957,0.07088791579008102,0.0018119835294783115,0.9245119099505246
2003,gender_woman,27,0.0037374384701251984,0.08882755041122437,0.003137021791189909,0.9042979893274605
2003,gender_woman,28,0.0028605025727301836,0.07759604603052139,0.0032275794073939323,0.9163158719893545
2003,gender_woman,29,0.003227523062378168,0.06603720039129257,0.0038975346833467484,0.9268377418629825
2003,gender_woman,30,0.006532944738864899,0.13349515199661255,0.006397336721420288,0.8535745665431023
2003,gender_woman,31,0.004806929733604193,0.05662909895181656,0.00702020525932312,0.9315437660552561
2003,region_western_europe,0,0.04593906179070473,0.24475246667861938,0.03544605150818825,0.6738624200224876
2003,region_western_europe,1,0.015249598771333694,0.09563891589641571,0.007095112465322018,0.8820163728669286
2003,region_western_europe,2,0.03088166005909443,0.04540363699197769,0.005141312722116709,0.9185733902268112
2003,region_western_europe,3,0.01878565363585949,0.07600927352905273,0.005870204418897629,0.8993348684161901
2003,region_western_europe,4,0.025336414575576782,0.12001008540391922,0.010054921731352806,0.8445985782891512
2003,region_western_europe,5,0.0375375896692276,0.14156857132911682,0.007979162968695164,0.8129146760329604
2003,region_western_europe,6,0.0372643917798996,0.13013815879821777,0.009547002613544464,0.8230504468083382
2003,region_western_europe,7,0.03847299888730049,0.22693312168121338,0.008943664841353893,0.7256502145901322
2003,region_western_europe,8,0.05434504151344299,0.19506928324699402,0.012114050798118114,0.7384716244414449
2003,region_western_europe,9,0.03390577808022499,0.2662038505077362,0.006852743215858936,0.6930376281961799
2003,region_western_europe,10,0.03485353663563728,0.2637244164943695,0.008388804271817207,0.693033242598176
2003,region_western_europe,11,0.03661134093999863,0.2541090250015259,0.00960475206375122,0.6996748819947243
2003,region_western_europe,12,0.02653440833091736,0.2915354073047638,0.008719129487872124,0.6732110548764467
2003,region_western_europe,13,0.02624010294675827,0.37174877524375916,0.018143370747566223,0.5838677510619164
2003,region_western_europe,14,0.022500120103359222,0.41128644347190857,0.00911746360361576,0.5570959728211164
2003,region_western_europe,15,0.01473095640540123,0.29735267162323,0.007937667891383171,0.6799787040799856
2003,region_western_europe,16,0.014087209478020668,0.23784087598323822,0.007074391935020685,0.7409975226037204
2003,region_western_europe,17,0.01355455070734024,0.25275489687919617,0.0066085755825042725,0.7270819768309593
2003,region_western_europe,18,0.01119326800107956,0.20389389991760254,0.00594695657491684,0.7789658755064011
2003,region_western_europe,19,0.0053331805393099785,0.1624319851398468,0.005477388389408588,0.8267574459314346
2003,region_western_europe,20,0.006984436884522438,0.21086937189102173,0.004766901023685932,0.7773792902007699
2003,region_western_europe,21,0.006193401757627726,0.12539292871952057,0.003460128791630268,0.8649535407312214
2003,region_western_europe,22,0.0063058361411094666,0.1896103322505951,0.0028658825904130936,0.8012179490178823
2003,region_western_europe,23,0.005276883952319622,0.09625489264726639,0.0018765870481729507,0.896591636352241
2003,region_western_europe,24,0.004095389507710934,0.08531129360198975,0.001331852632574737,0.9092614642577246
2003,region_western_europe,25,0.0023902514949440956,0.04217689484357834,0.0010972341988235712,0.954335619462654
2003,region_western_europe,26,0.004885636270046234,0.07756397873163223,0.0016305767931044102,0.9159198082052171
2003,region_western_europe,27,0.0051838308572769165,0.09615346789360046,0.003011487191542983,0.8956512140575796
2003,region_western_europe,28,0.004378739278763533,0.08668074756860733,0.003034244989976287,0.9059062681626529
2003,region_western_europe,29,0.004700767807662487,0.07396601885557175,0.0044853221625089645,0.9168478911742568
2003,region_western_europe,30,0.00906236469745636,0.14883793890476227,0.006826942786574364,0.835272753611207
2003,region_western_europe,31,0.009336601011455059,0.06175560876727104,0.007400388829410076,0.9215074013918638
2003,region_arab_culture,0,0.05370580777525902,0.2447233647108078,0.03530602529644966,0.6662648022174835
2003,region_arab_culture,1,0.018309036269783974,0.09393971413373947,0.007024615071713924,0.8807266345247626
2003,region_arab_culture,2,0.03284592553973198,0.04411808401346207,0.005097253248095512,0.9179387371987104
2003,region_arab_culture,3,0.021122954785823822,0.07536330074071884,0.005820970982313156,0.8976927734911442
2003,region_arab_culture,4,0.02879735641181469,0.11951025575399399,0.010085624642670155,0.8416067631915212
2003,region_arab_culture,5,0.04435829445719719,0.13406211137771606,0.007345630321651697,0.814233963843435
2003,region_arab_culture,6,0.043582893908023834,0.128252312541008,0.008318407461047173,0.819846386089921
2003,region_arab_culture,7,0.04206250235438347,0.2203846573829651,0.0076110027730464935,0.729941837489605
2003,region_arab_culture,8,0.06361012160778046,0.195928692817688,0.010051236487925053,0.7304099490866065
2003,region_arab_culture,9,0.040933962911367416,0.2677977979183197,0.00593149196356535,0.6853367472067475
2003,region_arab_culture,10,0.043341364711523056,0.26135820150375366,0.007655795197933912,0.6876446385867894
2003,region_arab_culture,11,0.05262775719165802,0.24010466039180756,0.008049650117754936,0.6992179322987795
2003,region_arab_culture,12,0.03834400326013565,0.28470391035079956,0.007209067232906818,0.669743019156158
2003,region_arab_culture,13,0.0629773736000061,0.3398984670639038,0.01496797613799572,0.5821561831980944
2003,region_arab_culture,14,0.032754551619291306,0.3906882107257843,0.007896384224295616,0.5686608534306288
2003,region_arab_culture,15,0.02190377190709114,0.2662825584411621,0.007729601580649614,0.7040840680710971
2003,region_arab_culture,16,0.03454092890024185,0.20948727428913116,0.008748149499297142,0.7472236473113298
2003,region_arab_culture,17,0.0342741422355175,0.2398187816143036,0.00934204924851656,0.7165650269016623
2003,region_arab_culture,18,0.02619759738445282,0.19673168659210205,0.009138867259025574,0.7679318487644196
2003,region_arab_culture,19,0.011200429871678352,0.15500527620315552,0.007629182189702988,0.8261651117354631
2003,region_arab_culture,20,0.011919395998120308,0.20968155562877655,0.0068098409101367,0.7715892074629664
2003,region_arab_culture,21,0.010407654568552971,0.10549147427082062,0.0038502400275319815,0.8802506311330944
2003,region_arab_culture,22,0.008071841672062874,0.15885421633720398,0.0035090316087007523,0.8295649103820324
2003,region_arab_culture,23,0.007153496146202087,0.07433730363845825,0.0021998360753059387,0.9163093641400337
2003,region_arab_culture,24,0.00887826643884182,0.08169703185558319,0.0019101835787296295,0.9075145181268454
2003,region_arab_culture,25,0.003242325037717819,0.03342506289482117,0.0014681327156722546,0.9618644793517888
2003,region_arab_culture,26,0.009257078170776367,0.07782772928476334,0.003150342032313347,0.909764850512147
2003,region_arab_culture,27,0.011453614570200443,0.09753572940826416,0.004897773265838623,0.8861128827556968
2003,region_arab_culture,28,0.009452508762478828,0.0962904691696167,0.004686480853706598,0.8895705412141979
2003,region_arab_culture,29,0.015322037972509861,0.09320884943008423,0.008189762942492962,0.883279349654913
2003,region_arab_culture,30,0.0269620418548584,0.15813985466957092,0.011443689465522766,0.8034544140100479
2003,region_arab_culture,31,0.013792546465992928,0.059290967881679535,0.0098110381513834,0.9171054475009441
2003,religion_christian,0,0.03258588910102844,0.24575264751911163,0.03591776266694069,0.6857437007129192
2003,religion_christian,1,0.012992409989237785,0.09681010246276855,0.007576940581202507,0.8826205469667912
2003,religion_christian,2,0.026973441243171692,0.04406704753637314,0.005645669996738434,0.9233138412237167
2003,religion_christian,3,0.015425239689648151,0.07703832536935806,0.006654700264334679,0.9008817346766591
2003,religion_christian,4,0.028032682836055756,0.12228536605834961,0.009474942460656166,0.8402070086449385
2003,religion_christian,5,0.04059385508298874,0.1402580440044403,0.0073228743858635426,0.8118252265267074
2003,religion_christian,6,0.041588425636291504,0.12996380031108856,0.00832948088645935,0.8201182931661606
2003,religion_christian,7,0.0364450141787529,0.21497076749801636,0.007750779390335083,0.7408334389328957
2003,religion_christian,8,0.04711693525314331,0.19316239655017853,0.010544806718826294,0.7491758614778519
2003,religion_christian,9,0.024796146899461746,0.25625643134117126,0.007037088740617037,0.71191033301875
2003,religion_christian,10,0.02463039755821228,0.28160223364830017,0.007804423570632935,0.6859629452228546
2003,religion_christian,11,0.022072285413742065,0.2621121406555176,0.009161681868135929,0.7066538920626044
2003,religion_christian,12,0.017466917634010315,0.30851420760154724,0.007826601155102253,0.6661922736093402
2003,religion_christian,13,0.018611185252666473,0.3683494031429291,0.015622278675436974,0.5974171329289675
2003,religion_christian,14,0.01238291896879673,0.40369078516960144,0.008936300873756409,0.5749899949878454
2003,religion_christian,15,0.011238131672143936,0.29866117238998413,0.006791768595576286,0.6833089273422956
2003,religion_christian,16,0.011460892856121063,0.23646023869514465,0.006475080735981464,0.7456037877127528
2003,religion_christian,17,0.009155679494142532,0.26610976457595825,0.005771447904407978,0.7189631080254912
2003,religion_christian,18,0.006038842722773552,0.20165783166885376,0.004928510636091232,0.7873748149722815
2003,religion_christian,19,0.004470605403184891,0.16434317827224731,0.004969095811247826,0.82621712051332
2003,religion_christian,20,0.006688718684017658,0.1941751390695572,0.004890015348792076,0.7942461268976331
2003,religion_christian,21,0.0036514014936983585,0.11528337746858597,0.0031696755904704332,0.8778955454472452
2003,religion_christian,22,0.0036439038813114166,0.1941932737827301,0.003088170662522316,0.7990746516734362
2003,religion_christian,23,0.0029609445482492447,0.09718073159456253,0.001696704886853695,0.8981616189703345
2003,religion_christian,24,0.001830240711569786,0.08631013333797455,0.0012543152552098036,0.9106053106952459
2003,religion_christian,25,0.001302530406974256,0.03855679929256439,0.0011150615755468607,0.9590256087249145
2003,religion_christian,26,0.0025953827425837517,0.0666159987449646,0.001594621455296874,0.9291939970571548
2003,religion_christian,27,0.004334090277552605,0.08646447211503983,0.0028526438400149345,0.9063487937673926
2003,religion_christian,28,0.0028601924423128366,0.07565510272979736,0.0026736287400126457,0.9188110760878772
2003,religion_christian,29,0.004263447597622871,0.061664093285799026,0.0037329131737351418,0.930339545942843
2003,religion_christian,30,0.008719578385353088,0.12400135397911072,0.005459880456328392,0.8618191871792078
2003,religion_christian,31,0.007552873343229294,0.053459491580724716,0.0065934075973927975,0.9323942274786532
2003,religion_muslim,0,0.03513132035732269,0.24486316740512848,0.03565162792801857,0.6843538843095303
2003,religion_muslim,1,0.012529381550848484,0.09744587540626526,0.0077789644710719585,0.8822457785718143
2003,religion_muslim,2,0.028002694249153137,0.04448458552360535,0.0057723745703697205,0.9217403456568718
2003,religion_muslim,3,0.01795150525867939,0.07726404815912247,0.006550338119268417,0.8982341084629297
2003,religion_muslim,4,0.024172861129045486,0.11973625421524048,0.009904551319777966,0.8461863333359361
2003,religion_muslim,5,0.035423409193754196,0.1377551257610321,0.0076583679765462875,0.8191630970686674
2003,religion_muslim,6,0.03638178110122681,0.13104766607284546,0.00784476101398468,0.824725791811943
2003,religion_muslim,7,0.036113470792770386,0.21245574951171875,0.007052428089082241,0.7443783516064286
2003,religion_muslim,8,0.05133235454559326,0.18398761749267578,0.010140713304281235,0.7545393146574497
2003,religion_muslim,9,0.03161430358886719,0.25225386023521423,0.007212546654045582,0.708919289521873
2003,religion_muslim,10,0.0383334755897522,0.25678104162216187,0.008707694709300995,0.6961777880787849
2003,religion_muslim,11,0.03982323408126831,0.25363999605178833,0.010292883962392807,0.6962438859045506
2003,religion_muslim,12,0.02804894745349884,0.2995939552783966,0.008516283705830574,0.663840813562274
2003,religion_muslim,13,0.05340085178613663,0.353021502494812,0.018324991688132286,0.5752526540309191
2003,religion_muslim,14,0.022058621048927307,0.3956361413002014,0.008332171477377415,0.5739730661734939
2003,religion_muslim,15,0.011219114065170288,0.2887991666793823,0.006361466366797686,0.6936202528886497
2003,religion_muslim,16,0.019733533263206482,0.21766969561576843,0.006138707045465708,0.7564580640755594
2003,religion_muslim,17,0.01678987592458725,0.23632444441318512,0.006287372671067715,0.7405983069911599
2003,religion_muslim,18,0.010164134204387665,0.18222682178020477,0.007028311491012573,0.800580732524395
2003,religion_muslim,19,0.007615268230438232,0.14838361740112305,0.005045618861913681,0.838955495506525
2003,religion_muslim,20,0.008240221068263054,0.1953575164079666,0.006057635881006718,0.7903446266427636
2003,religion_muslim,21,0.005682414397597313,0.09268950670957565,0.003274785354733467,0.8983532935380936
2003,religion_muslim,22,0.00462157279253006,0.16789433360099792,0.0036254320293664932,0.8238586615771055
2003,religion_muslim,23,0.00326337106525898,0.08593569695949554,0.0018349727615714073,0.9089659592136741
2003,religion_muslim,24,0.0034179743379354477,0.08318095654249191,0.0014125412562862039,0.9119885278632864
2003,religion_muslim,25,0.0022563182283192873,0.03828076273202896,0.0012706834822893143,0.9581922355573624
2003,religion_muslim,26,0.003143436275422573,0.06526141613721848,0.002142637502402067,0.9294525100849569
2003,religion_muslim,27,0.00575089268386364,0.0792771652340889,0.0035339428577572107,0.9114379992242903
2003,religion_muslim,28,0.003662174567580223,0.07815535366535187,0.0036677485331892967,0.9145147232338786
2003,religion_muslim,29,0.006192863453179598,0.06684666872024536,0.004883259069174528,0.9220772087574005
2003,religion_muslim,30,0.009743086993694305,0.11613886803388596,0.007027685642242432,0.8670903593301773
2003,religion_muslim,31,0.008619856089353561,0.05315721035003662,0.007872768677771091,0.9303501648828387
2422,baseline,0,,0.23870781064033508,0.1582430899143219,0.603049099445343
2422,baseline,1,,0.09953488409519196,0.041459910571575165,0.8590052053332329
2422,baseline,2,,0.047113265842199326,0.018529457971453667,0.934357276186347
2422,baseline,3,,0.0773623138666153,0.026663504540920258,0.8959741815924644
2422,baseline,4,,0.11108525097370148,0.049469977617263794,0.8394447714090347
2422,baseline,5,,0.14463815093040466,0.03247474506497383,0.8228871040046215
2422,baseline,6,,0.15056556463241577,0.04323200136423111,0.8062024340033531
2422,baseline,7,,0.245122492313385,0.02985246852040291,0.7250250391662121
2422,baseline,8,,0.20567141473293304,0.031832873821258545,0.7624957114458084
2422,baseline,9,,0.25564685463905334,0.02221919223666191,0.7221339531242847
2422,baseline,10,,0.26383596658706665,0.016080334782600403,0.720083698630333
2422,baseline,11,,0.2850990891456604,0.025576861575245857,0.6893240492790937
2422,baseline,12,,0.32162052392959595,0.03207441046833992,0.6463050656020641
2422,baseline,13,,0.40152695775032043,0.04819377139210701,0.5502792708575726
2422,baseline,14,,0.39987725019454956,0.04460638016462326,0.5555163696408272
2422,baseline,15,,0.28356727957725525,0.020332416519522667,0.6961003039032221
2422,baseline,16,,0.235908642411232,0.01938270777463913,0.7447086498141289
2422,baseline,17,,0.27842986583709717,0.017902621999382973,0.7036675121635199
2422,baseline,18,,0.20826978981494904,0.016035476699471474,0.7756947334855795
2422,baseline,19,,0.1897772252559662,0.012675672769546509,0.7975471019744873
2422,baseline,20,,0.18111982941627502,0.012334775179624557,0.8065453954041004
2422,baseline,21,,0.13701686263084412,0.008609091863036156,0.8543740455061197
2422,baseline,22,,0.19093294441699982,0.007171647623181343,0.8018954079598188
2422,baseline,23,,0.09772230684757233,0.005115600768476725,0.897162092383951
2422,baseline,24,,0.07717105746269226,0.003830807516351342,0.9189981350209564
2422,baseline,25,,0.03330353647470474,0.0026773461140692234,0.964019117411226
2422,baseline,26,,0.050507765263319016,0.005192233249545097,0.9443000014871359
2422,baseline,27,,0.0707009956240654,0.006467732135206461,0.9228312722407281
2422,baseline,28,,0.05989546328783035,0.0070533063262701035,0.9330512303858995
2422,baseline,29,,0.055746033787727356,0.009476585313677788,0.9347773808985949
2422,baseline,30,,0.11145848035812378,0.01889098808169365,0.8696505315601826
2422,baseline,31,,0.05118875950574875,0.021827951073646545,0.9269832894206047
2422,gender_man,0,0.029496653005480766,0.2340845912694931,0.15338408946990967,0.5830346662551165
2422,gender_man,1,0.013171662576496601,0.0966692566871643,0.03909561038017273,0.8510634703561664
2422,gender_man,2,0.025211039930582047,0.047526050359010696,0.017166322097182274,0.910096587613225
2422,gender_man,3,0.013621934689581394,0.07490168511867523,0.025831066071987152,0.8856453141197562
2422,gender_man,4,0.018128996714949608,0.10842618346214294,0.045144014060497284,0.8283008057624102
2422,gender_man,5,0.03667832165956497,0.13392671942710876,0.02706407755613327,0.802330881357193
2422,gender_man,6,0.03360465168952942,0.13223755359649658,0.0367085337638855,0.7974492609500885
2422,gender_man,7,0.030916213989257812,0.22759026288986206,0.03411760926246643,0.7073759138584137
2422,gender_man,8,0.03687793016433716,0.21158210933208466,0.03048102930188179,0.7210589312016964
2422,gender_man,9,0.021349728107452393,0.2551347017288208,0.02197958528995514,0.7015359848737717
2422,gender_man,10,0.024113819003105164,0.2804275453090668,0.01652291603386402,0.678935719653964
2422,gender_man,11,0.02008068561553955,0.27581197023391724,0.02614598721265793,0.6779613569378853
2422,gender_man,12,0.016763681545853615,0.3171246647834778,0.036882609128952026,0.6292290445417166
2422,gender_man,13,0.020747138187289238,0.37364834547042847,0.054453544318675995,0.5511509720236063
2422,gender_man,14,0.012476649135351181,0.40722358226776123,0.05770740285515785,0.5225923657417297
2422,gender_man,15,0.009436821565032005,0.2761164903640747,0.02206287905573845,0.6923838090151548
2422,gender_man,16,0.010836027562618256,0.2413535714149475,0.0190159622579813,0.7287944387644529
2422,gender_man,17,0.009407971054315567,0.28697365522384644,0.02110944129526615,0.6825089324265718
2422,gender_man,18,0.008387532085180283,0.203258216381073,0.016414599493145943,0.7719396520406008
2422,gender_man,19,0.004749828949570656,0.18425168097019196,0.013641874305903912,0.7973566157743335
2422,gender_man,20,0.0072984034195542336,0.187035471200943,0.012496460229158401,0.7931696651503444
2422,gender_man,21,0.00481742899864912,0.1318558156490326,0.008645281195640564,0.8546814741566777
2422,gender_man,22,0.004933103919029236,0.18633978068828583,0.007874250411987305,0.8008528649806976
2422,gender_man,23,0.00451449491083622,0.09662723541259766,0.005123509094119072,0.893734760582447
2422,gender_man,24,0.0022439956665039062,0.08101145923137665,0.004247165285050869,0.9124973798170686
2422,gender_man,25,0.001340924995020032,0.03462303429841995,0.002562085399404168,0.9614739553071558
2422,gender_man,26,0.0023019835352897644,0.06130373105406761,0.005451712757349014,0.9309425726532936
2422,gender_man,27,0.0033637601882219315,0.07515490800142288,0.006767215207219124,0.9147141166031361
2422,gender_man,28,0.002914528362452984,0.06948527693748474,0.007844395935535431,0.9197557987645268
2422,gender_man,29,0.0037994827143847942,0.06064442917704582,0.009254229255020618,0.9263018588535488
2422,gender_man,30,0.006307780742645264,0.11672540009021759,0.019802451133728027,0.8571643680334091
2422,gender_man,31,0.004304884001612663,0.052624017000198364,0.022846747189760208,0.9202243518084288
2422,gender_woman,0,0.029964158311486244,0.23400941491127014,0.15332642197608948,0.5827000048011541
2422,gender_woman,1,0.01331761572510004,0.09692801535129547,0.03946366533637047,0.850290703587234
2422,gender_woman,2,0.025725997984409332,0.04714437574148178,0.017088202759623528,0.9100414235144854
2422,gender_woman,3,0.013361277990043163,0.07533882558345795,0.025678997859358788,0.8856208985671401
2422,gender_woman,4,0.019365403801202774,0.10677267611026764,0.04357270151376724,0.8302892185747623
2422,gender_woman,5,0.03736894577741623,0.13257473707199097,0.0262789074331522,0.8037774097174406
2422,gender_woman,6,0.03500989079475403,0.13204319775104523,0.03629793971776962,0.7966489717364311
2422,gender_woman,7,0.030635803937911987,0.2259688675403595,0.03344018757343292,0.7099551409482956
2422,gender_woman,8,0.04030865430831909,0.21040955185890198,0.03032219037413597,0.718959603458643
2422,gender_woman,9,0.024038121104240417,0.2547035813331604,0.023147230967879295,0.6981110665947199
2422,gender_woman,10,0.024635598063468933,0.281083881855011,0.017661310732364655,0.6766192093491554
2422,gender_woman,11,0.022951245307922363,0.2726798355579376,0.026820968836545944,0.6775479502975941
2422,gender_woman,12,0.018627217039465904,0.3240787982940674,0.03953102231025696,0.6177629623562098
2422,gender_woman,13,0.025848951190710068,0.3753535747528076,0.05974975600838661,0.5390477180480957
2422,gender_woman,14,0.014335551299154758,0.40841835737228394,0.06088138371706009,0.5163647076115012
2422,gender_woman,15,0.010414894670248032,0.2775711715221405,0.023524397984147072,0.6884895358234644
2422,gender_woman,16,0.013477176427841187,0.2407325655221939,0.018326079472899437,0.7274641785770655
2422,gender_woman,17,0.010092537850141525,0.2827061414718628,0.021104881539940834,0.6860964391380548
2422,gender_woman,18,0.007825769484043121,0.20039445161819458,0.016042638570070267,0.775737140327692
2422,gender_woman,19,0.004818825051188469,0.18470324575901031,0.013321948237717152,0.7971559809520841
2422,gender_woman,20,0.006653765216469765,0.19292663037776947,0.011908521875739098,0.7885110825300217
2422,gender_woman,21,0.004467769525945187,0.12907525897026062,0.008654987439513206,0.857801984064281
2422,gender_woman,22,0.004398755729198456,0.18987484276294708,0.00769971776753664,0.7980266837403178
2422,gender_woman,23,0.004584217444062233,0.09640508145093918,0.005033351946622133,0.8939773491583765
2422,gender_woman,24,0.002301182597875595,0.08022263646125793,0.004365514498203993,0.9131106664426625
2422,gender_woman,25,0.001321621355600655,0.036589302122592926,0.0026492855977267027,0.9594397909240797
2422,gender_woman,26,0.0026687001809477806,0.061105646193027496,0.005663503892719746,0.930562149733305
2422,gender_woman,27,0.003572664223611355,0.07664872705936432,0.007116822991520166,0.9126617857255042
2422,gender_woman,28,0.002881081309169531,0.07023094594478607,0.008382773958146572,0.9185051987878978
2422,gender_woman,29,0.003664840944111347,0.06040472909808159,0.009606568142771721,0.9263238618150353
2422,gender_woman,30,0.0065326988697052,0.11921272426843643,0.021543972194194794,0.8527106046676636
2422,gender_woman,31,0.00434501376003027,0.053254175931215286,0.023904405534267426,0.918496404774487
2422,region_western_europe,0,0.035109639167785645,0.23338443040847778,0.15290285646915436,0.5786030739545822
2422,region_western_europe,1,0.013920815661549568,0.09668835997581482,0.03906403109431267,0.850326793268323
2422,region_western_europe,2,0.028096355497837067,0.0472022145986557,0.017237968742847443,0.9074634611606598
2422,region_western_europe,3,0.016132358461618423,0.07291465997695923,0.024285895749926567,0.8866670858114958
2422,region_western_europe,4,0.02180948480963707,0.10907094180583954,0.04370525851845741,0.825414314866066
2422,region_western_europe,5,0.034377165138721466,0.132096529006958,0.02797119878232479,0.8055551070719957
2422,region_western_europe,6,0.035057783126831055,0.12998303771018982,0.04054213687777519,0.7944170422852039
2422,region_western_europe,7,0.03549035266041756,0.22701381146907806,0.03843579813838005,0.6990600377321243
2422,region_western_europe,8,0.05017590522766113,0.20478758215904236,0.03456687927246094,0.7104696333408356
2422,region_western_europe,9,0.030558934435248375,0.2556462287902832,0.02551930397748947,0.688275532796979
2422,region_western_europe,10,0.033721596002578735,0.27311307191848755,0.022312063723802567,0.6708532683551311
2422,region_western_europe,11,0.02889121137559414,0.26933109760284424,0.033875346183776855,0.6679023448377848
2422,region_western_europe,12,0.022733448073267937,0.30158373713493347,0.04349360242486,0.6321892123669386
2422,region_western_europe,13,0.02030254155397415,0.3883312940597534,0.05854814499616623,0.5328180193901062
2422,region_western_europe,14,0.015322179533541203,0.42412734031677246,0.05532396584749222,0.5052265143021941
2422,region_western_europe,15,0.011157295666635036,0.2817566394805908,0.023066405206918716,0.6840196596458554
2422,region_western_europe,16,0.012454409152269363,0.2386934608221054,0.020369138568639755,0.7284829914569855
2422,region_western_europe,17,0.010052815079689026,0.27326908707618713,0.0217430479824543,0.6949350498616695
2422,region_western_europe,18,0.008631151169538498,0.20554867386817932,0.01784786581993103,0.7679723091423512
2422,region_western_europe,19,0.005482343956828117,0.1820710003376007,0.015045244246721268,0.7974014114588499
2422,region_western_europe,20,0.0072922855615615845,0.19667720794677734,0.012817347422242165,0.7832131590694189
2422,region_western_europe,21,0.00545538030564785,0.13825678825378418,0.009828713722527027,0.8464591177180409
2422,region_western_europe,22,0.006332457065582275,0.18274833261966705,0.008720125071704388,0.8021990852430463
2422,region_western_europe,23,0.00531171727925539,0.0944509282708168,0.005805103108286858,0.894432251341641
2422,region_western_europe,24,0.004108460620045662,0.08001075685024261,0.005061155650764704,0.910819626878947
2422,region_western_europe,25,0.0017383216181769967,0.03371043875813484,0.0028453199192881584,0.9617059197044
2422,region_western_europe,26,0.0037731658667325974,0.06275426596403122,0.005878642201423645,0.9275939259678125
2422,region_western_europe,27,0.004493380896747112,0.07514698803424835,0.00763992452993989,0.9127197065390646
2422,region_western_europe,28,0.004626025445759296,0.07597574591636658,0.00966409221291542,0.9097341364249587
2422,region_western_europe,29,0.00497637502849102,0.06392116844654083,0.012332115322351456,0.9187703412026167
2422,region_western_europe,30,0.008344694972038269,0.12085915356874466,0.025662824511528015,0.8451333269476891
2422,region_western_europe,31,0.008008013479411602,0.05499078333377838,0.028773995116353035,0.908227208070457
2422,region_arab_culture,0,0.04074801504611969,0.23173075914382935,0.15369287133216858,0.5738283544778824
2422,region_arab_culture,1,0.016551796346902847,0.094691202044487,0.03855758160352707,0.8501994200050831
2422,region_arab_culture,2,0.029737837612628937,0.045064978301525116,0.016576355323195457,0.9086208287626505
2422,region_arab_culture,3,0.01884690672159195,0.07211027294397354,0.024567075073719025,0.8844757452607155
2422,region_arab_culture,4,0.024105122312903404,0.10837829858064651,0.04347944259643555,0.8240371365100145
2422,region_arab_culture,5,0.03933188319206238,0.1271066665649414,0.027009399607777596,0.8065520506352186
2422,region_arab_culture,6,0.04141618311405182,0.12699341773986816,0.03884438797831535,0.7927460111677647
2422,region_arab_culture,7,0.0395810604095459,0.22171634435653687,0.03830297663807869,0.7003996185958385
2422,region_arab_culture,8,0.05958586186170578,0.20153486728668213,0.03429005295038223,0.7045892179012299
2422,region_arab_culture,9,0.03734821826219559,0.2538658380508423,0.026964249089360237,0.6818216945976019
2422,region_arab_culture,10,0.039858970791101456,0.2696170210838318,0.02492590807378292,0.6655981000512838
2422,region_arab_culture,11,0.0399552583694458,0.2516947388648987,0.033143527805805206,0.6752064749598503
2422,region_arab_culture,12,0.03128689154982567,0.29697075486183167,0.04704857990145683,0.6246937736868858
2422,region_arab_culture,13,0.04155559837818146,0.3551362156867981,0.06230347976088524,0.5410047061741352
2422,region_arab_culture,14,0.020190030336380005,0.4155232310295105,0.054925207048654556,0.5093615315854549
2422,region_arab_culture,15,0.015335431322455406,0.2625599503517151,0.023403555154800415,0.6987010631710291
2422,region_arab_culture,16,0.02832280844449997,0.223716139793396,0.02328822948038578,0.7246728222817183
2422,region_arab_culture,17,0.022654540836811066,0.25393640995025635,0.024306200444698334,0.6991028487682343
2422,region_arab_culture,18,0.019044242799282074,0.20320115983486176,0.02399440109729767,0.7537601962685585
2422,region_arab_culture,19,0.00885300524532795,0.16843707859516144,0.01736089214682579,0.8053490240126848
2422,region_arab_culture,20,0.010930392891168594,0.20860955119132996,0.0158371701836586,0.7646228857338428
2422,region_arab_culture,21,0.008266281336545944,0.11809294670820236,0.009937168098986149,0.8637036038562655
2422,region_arab_culture,22,0.008893236517906189,0.16752086579799652,0.009657689370214939,0.8139282083138824
2422,region_arab_culture,23,0.007332029286772013,0.08625197410583496,0.006123922765254974,0.900292073842138
2422,region_arab_culture,24,0.00630204938352108,0.08205077797174454,0.006181797944009304,0.9054653747007251
2422,region_arab_culture,25,0.002925409469753504,0.03683587163686752,0.00367037788964808,0.9565683410037309
2422,region_arab_culture,26,0.006915324367582798,0.07441247999668121,0.008669470436871052,0.9100027251988649
2422,region_arab_culture,27,0.008910201489925385,0.09189105033874512,0.012167555280029774,0.8870311928912997
2422,region_arab_culture,28,0.007965575903654099,0.09145954996347427,0.014928491786122322,0.8856463823467493
2422,region_arab_culture,29,0.010400122031569481,0.08138123899698257,0.021944798529148102,0.8862738404422998
2422,region_arab_culture,30,0.01814674586057663,0.13919687271118164,0.04251585900783539,0.8001405224204063
2422,region_arab_culture,31,0.010546918958425522,0.05913986638188362,0.03622111305594444,0.8940921016037464
2422,religion_christian,0,0.025094294920563698,0.23459766805171967,0.15400822460651398,0.5862998124212027
2422,religion_christian,1,0.011751426383852959,0.09751702845096588,0.039966464042663574,0.8507650811225176
2422,religion_christian,2,0.02307969704270363,0.0454019159078598,0.017391078174114227,0.9141273088753223
2422,religion_christian,3,0.012474598363041878,0.07311873883008957,0.025899946689605713,0.8885067161172628
2422,religion_christian,4,0.022676894441246986,0.11085647344589233,0.044334933161735535,0.8221316989511251
2422,religion_christian,5,0.03749866038560867,0.13382181525230408,0.026229117065668106,0.8024504072964191
2422,religion_christian,6,0.0402485728263855,0.13046607375144958,0.035795293748378754,0.7934900596737862
2422,religion_christian,7,0.0334828682243824,0.21488381922245026,0.033213406801223755,0.7184199057519436
2422,religion_christian,8,0.04431438446044922,0.20514923334121704,0.0338766984641552,0.7166596837341785
2422,religion_christian,9,0.022575080394744873,0.24576275050640106,0.027622399851679802,0.7040397692471743
2422,religion_christian,10,0.023867100477218628,0.2861109972000122,0.02438391000032425,0.6656379923224449
2422,religion_christian,11,0.01769183576107025,0.2696914076805115,0.031495243310928345,0.6811215132474899
2422,religion_christian,12,0.014942150563001633,0.3143189549446106,0.04288069158792496,0.6278582029044628
2422,religion_christian,13,0.0156874880194664,0.376081645488739,0.05497627705335617,0.5532545894384384
2422,religion_christian,14,0.009425919502973557,0.4169163703918457,0.047303345054388046,0.5263543650507927
2422,religion_christian,15,0.00908778328448534,0.28362196683883667,0.019270293414592743,0.6880199564620852
2422,religion_christian,16,0.01049923524260521,0.2363327145576477,0.016007743775844574,0.7371603064239025
2422,religion_christian,17,0.007419276982545853,0.28283947706222534,0.017960907891392708,0.6917803380638361
2422,religion_christian,18,0.0046982187777757645,0.2014649361371994,0.013741576112806797,0.780095268972218
2422,religion_christian,19,0.004761949181556702,0.1845671385526657,0.012824012897908688,0.7978468993678689
2422,religion_christian,20,0.006819336675107479,0.18701425194740295,0.011346672661602497,0.7948197387158871
2422,religion_christian,21,0.0033678323961794376,0.13053840398788452,0.007826725021004677,0.8582670385949314
2422,religion_christian,22,0.00412430614233017,0.18252955377101898,0.00692126527428627,0.8064248748123646
2422,religion_christian,23,0.003411348909139633,0.09406391531229019,0.004525314085185528,0.8979994216933846
2422,religion_christian,24,0.002037152647972107,0.07852780818939209,0.0035300729796290398,0.9159049661830068
2422,religion_christian,25,0.001143953762948513,0.03227237984538078,0.002262126188725233,0.9643215402029455
2422,religion_christian,26,0.0024905381724238396,0.05482646822929382,0.004898404702544212,0.9377845888957381
2422,religion_christian,27,0.00435252208262682,0.06635195016860962,0.0062394291162490845,0.9230560986325145
2422,religion_christian,28,0.0031845499761402607,0.06834889948368073,0.007658298593014479,0.9208082519471645
2422,religion_christian,29,0.0049866908229887486,0.05529223009943962,0.008843970485031605,0.93087710859254
2422,religion_christian,30,0.009154587984085083,0.10488346219062805,0.018625011667609215,0.8673369381576777
2422,religion_christian,31,0.008051447570323944,0.05029875785112381,0.023460710421204567,0.9181890841573477
2422,religion_muslim,0,0.027502378448843956,0.23383723199367523,0.1535501927137375,0.5851101968437433
2422,religion_muslim,1,0.011249199509620667,0.0972614735364914,0.04072929173707962,0.8507600352168083
2422,religion_muslim,2,0.023812666535377502,0.04537278413772583,0.017525481060147285,0.9132890682667494
2422,religion_muslim,3,0.014865010976791382,0.07311833649873734,0.025939173996448517,0.8860774785280228
2422,religion_muslim,4,0.019651800394058228,0.10854346305131912,0.04255624860525131,0.8292484879493713
2422,religion_muslim,5,0.033450812101364136,0.1321512758731842,0.02577550895512104,0.8086224030703306
2422,religion_muslim,6,0.036962270736694336,0.13225582242012024,0.035720743238925934,0.7950611636042595
2422,religion_muslim,7,0.033200498670339584,0.2112092822790146,0.03199247643351555,0.7235977426171303
2422,religion_muslim,8,0.049680352210998535,0.19744008779525757,0.03516151010990143,0.7177180498838425
2422,religion_muslim,9,0.029588699340820312,0.23476791381835938,0.03099328652024269,0.7046501003205776
2422,religion_muslim,10,0.037251561880111694,0.25973939895629883,0.031114934012293816,0.6718941051512957
2422,religion_muslim,11,0.03067496418952942,0.25420743227005005,0.03864903748035431,0.6764685660600662
2422,religion_muslim,12,0.023582637310028076,0.31354933977127075,0.04917607456445694,0.6136919483542442
2422,religion_muslim,13,0.0409017950296402,0.3599010109901428,0.06140749156475067,0.5377897024154663
2422,religion_muslim,14,0.018199117854237556,0.40194496512413025,0.047848109155893326,0.5320078078657389
2422,religion_muslim,15,0.00966060534119606,0.2727964222431183,0.02168966457247734,0.6958533078432083
2422,religion_muslim,16,0.020567379891872406,0.2177690863609314,0.01572490483522415,0.745938628911972
2422,religion_muslim,17,0.015727754682302475,0.24757783114910126,0.01849174313247204,0.7182026710361242
2422,religion_muslim,18,0.008984416723251343,0.18616697192192078,0.01720675826072693,0.787641853094101
2422,religion_muslim,19,0.006948322989046574,0.1595708429813385,0.014813980087637901,0.818666853941977
2422,religion_muslim,20,0.007895344868302345,0.19692295789718628,0.013611460104584694,0.7815702371299267
2422,religion_muslim,21,0.005136977415531874,0.10559366643428802,0.008305932395160198,0.8809634237550199
2422,religion_muslim,22,0.005246154963970184,0.16027550399303436,0.007944588549435139,0.8265337524935603
2422,religion_muslim,23,0.0036255866289138794,0.08948609977960587,0.0051321713253855705,0.9017561422660947
2422,religion_muslim,24,0.0033641383051872253,0.08185301721096039,0.004483899567276239,0.9102989449165761
2422,religion_muslim,25,0.0020155322272330523,0.03552132099866867,0.0030945169273763895,0.9593686298467219
2422,religion_muslim,26,0.00324881449341774,0.060476694256067276,0.006663905922323465,0.9296105853281915
2422,religion_muslim,27,0.0057115089148283005,0.07341662794351578,0.009498517960309982,0.9113733451813459
2422,religion_muslim,28,0.00402768375352025,0.0786062479019165,0.010698928497731686,0.9066671398468316
2422,religion_muslim,29,0.007660028524696827,0.06670990586280823,0.014225585386157036,0.9114044802263379
2422,religion_muslim,30,0.00970621407032013,0.11205272376537323,0.02771245688199997,0.8505286052823067
2422,religion_muslim,31,0.009561574086546898,0.054377082735300064,0.03385214880108833,0.9022091943770647
1526,baseline,0,,0.2331165075302124,0.2092210054397583,0.5576624870300293
1526,baseline,1,,0.09183001518249512,0.05810593068599701,0.8500640541315079
1526,baseline,2,,0.04462878033518791,0.025540370494127274,0.9298308491706848
1526,baseline,3,,0.07303546369075775,0.0351424515247345,0.8918220847845078
1526,baseline,4,,0.1037638857960701,0.0567859411239624,0.8394501730799675
1526,baseline,5,,0.1427629441022873,0.03549008071422577,0.8217469751834869
1526,baseline,6,,0.14987070858478546,0.0403340682387352,0.8097952231764793
1526,baseline,7,,0.24177947640419006,0.034848980605602264,0.7233715429902077
1526,baseline,8,,0.21680977940559387,0.03124861605465412,0.751941604539752
1526,baseline,9,,0.2778608798980713,0.018470948562026024,0.7036681715399027
1526,baseline,10,,0.26003018021583557,0.01062100287526846,0.729348816908896
1526,baseline,11,,0.28307250142097473,0.02097291126847267,0.6959545873105526
1526,baseline,12,,0.34805506467819214,0.02485783025622368,0.6270871050655842
1526,baseline,13,,0.43723100423812866,0.014281969517469406,0.5484870262444019
1526,baseline,14,,0.4352402687072754,0.022174105048179626,0.542585626244545
1526,baseline,15,,0.30208107829093933,0.0070203994400799274,0.6908985222689807
1526,baseline,16,,0.2220761924982071,0.011830915696918964,0.7660928918048739
1526,baseline,17,,0.2753618657588959,0.011358552612364292,0.7132795816287398
1526,baseline,18,,0.21756960451602936,0.011191962286829948,0.7712384331971407
1526,baseline,19,,0.18466033041477203,0.010613658465445042,0.8047260111197829
1526,baseline,20,,0.19182747602462769,0.012171251699328423,0.7960012722760439
1526,baseline,21,,0.11949437111616135,0.007688329555094242,0.8728172993287444
1526,baseline,22,,0.19277715682983398,0.006361698731780052,0.800861144438386
1526,baseline,23,,0.09990010410547256,0.007611368782818317,0.8924885271117091
1526,baseline,24,,0.08029647916555405,0.003997559659183025,0.9157059611752629
1526,baseline,25,,0.03619207441806793,0.0033795360941439867,0.9604283894877881
1526,baseline,26,,0.05845419317483902,0.007109535858035088,0.9344362709671259
1526,baseline,27,,0.07743440568447113,0.0089324451982975,0.9136331491172314
1526,baseline,28,,0.05991814285516739,0.007627284154295921,0.9324545729905367
1526,baseline,29,,0.049636490643024445,0.009404593147337437,0.9409589162096381
1526,baseline,30,,0.1087978258728981,0.018220022320747375,0.8729821518063545
1526,baseline,31,,0.051234062761068344,0.028831137344241142,0.9199347998946905
1526,gender_man,0,0.02200169675052166,0.2293361872434616,0.20442670583724976,0.544235410168767
1526,gender_man,1,0.011851341463625431,0.0897703617811203,0.05389053374528885,0.8444877630099654
1526,gender_man,2,0.023197416216135025,0.045415110886096954,0.024693528190255165,0.9066939447075129
1526,gender_man,3,0.010294056497514248,0.0700811892747879,0.033179063349962234,0.8864456908777356
1526,gender_man,4,0.014896480366587639,0.09691879153251648,0.05105515196919441,0.8371295761317015
1526,gender_man,5,0.03324710577726364,0.1395203173160553,0.03169775754213333,0.7955348193645477
1526,gender_man,6,0.025168880820274353,0.13422729074954987,0.03748079761862755,0.8031230308115482
1526,gender_man,7,0.02957497350871563,0.23053690791130066,0.03612774983048439,0.7037603687494993
1526,gender_man,8,0.03590266406536102,0.2184201180934906,0.02959396317601204,0.7160832546651363
1526,gender_man,9,0.0168718621134758,0.2713116407394409,0.018943151459097862,0.6928733456879854
1526,gender_man,10,0.023793041706085205,0.2663753926753998,0.010246998630464077,0.6995845669880509
1526,gender_man,11,0.017627038061618805,0.27488383650779724,0.019491856917738914,0.687997268512845
1526,gender_man,12,0.012536272406578064,0.3365442156791687,0.026215750724077225,0.624703761190176
1526,gender_man,13,0.015877706930041313,0.4204021394252777,0.018001308664679527,0.5457188449800014
1526,gender_man,14,0.011186420917510986,0.4432658553123474,0.02343849465250969,0.5221092291176319
1526,gender_man,15,0.0074032628908753395,0.29630452394485474,0.006947048008441925,0.689345165155828
1526,gender_man,16,0.007463918998837471,0.2243630290031433,0.012438090518116951,0.7557349614799023
1526,gender_man,17,0.007681999355554581,0.28316378593444824,0.012034239247441292,0.6971199754625559
1526,gender_man,18,0.008272789418697357,0.21037279069423676,0.011167054995894432,0.7701873648911715
1526,gender_man,19,0.004319438710808754,0.1801883727312088,0.010641500353813171,0.8048506882041693
1526,gender_man,20,0.006180044263601303,0.18890784680843353,0.011102982796728611,0.7938091261312366
1526,gender_man,21,0.0051447004079818726,0.11612077057361603,0.0069707538932561874,0.8717637751251459
1526,gender_man,22,0.004387203603982925,0.1838875263929367,0.006679648533463478,0.8050456214696169
1526,gender_man,23,0.003562096506357193,0.09870493412017822,0.007272822316735983,0.8904601470567286
1526,gender_man,24,0.0016158653888851404,0.08455455303192139,0.003941818606108427,0.909887762973085
1526,gender_man,25,0.001443307613953948,0.037505388259887695,0.003139124484732747,0.9579121796414256
1526,gender_man,26,0.002046346664428711,0.06331615149974823,0.0070725479163229465,0.9275649539195001
1526,gender_man,27,0.0024536624550819397,0.07735739648342133,0.009019963443279266,0.9111689776182175
1526,gender_man,28,0.0023274014238268137,0.06771630048751831,0.008397191762924194,0.9215591063257307
1526,gender_man,29,0.0025752224028110504,0.05248289927840233,0.009426489472389221,0.9355153888463974
1526,gender_man,30,0.00533270463347435,0.10981956869363785,0.017993833869695663,0.8668538928031921
1526,gender_man,31,0.0029697511345148087,0.05354443937540054,0.02902746945619583,0.9144583400338888
1526,gender_woman,0,0.02225305140018463,0.2292783558368683,0.2043493092060089,0.5441192835569382
1526,gender_woman,1,0.011835474520921707,0.08981133997440338,0.05436202883720398,0.8439911566674709
1526,gender_woman,2,0.023630186915397644,0.04508201777935028,0.02465086802840233,0.9066369272768497
1526,gender_woman,3,0.010212618857622147,0.07086368650197983,0.03336012363433838,0.8855635710060596
1526,gender_woman,4,0.016154708340764046,0.09660430252552032,0.049821607768535614,0.83741938136518
1526,gender_woman,5,0.034113384783267975,0.137598916888237,0.029995476827025414,0.7982922215014696
1526,gender_woman,6,0.026211261749267578,0.13267309963703156,0.03660920262336731,0.8045064359903336
1526,gender_woman,7,0.029851658269762993,0.22761908173561096,0.03572169691324234,0.7068075630813837
1526,gender_woman,8,0.039942413568496704,0.21805180609226227,0.03045519068837166,0.7115505896508694
1526,gender_woman,9,0.0184901412576437,0.277057945728302,0.01889936625957489,0.6855525467544794
1526,gender_woman,10,0.02460005134344101,0.260710209608078,0.010183676145970821,0.7045060629025102
1526,gender_woman,11,0.020408757030963898,0.27133628726005554,0.018905090168118477,0.6893498655408621
1526,gender_woman,12,0.01463647186756134,0.3421565890312195,0.026799404993653297,0.6164075341075659
1526,gender_woman,13,0.02052929438650608,0.42181798815727234,0.016762372106313705,0.5408903453499079
1526,gender_woman,14,0.013170432299375534,0.4502195715904236,0.022341039031744003,0.5142689570784569
1526,gender_woman,15,0.00893918052315712,0.30042943358421326,0.006950276903808117,0.6836811089888215
1526,gender_woman,16,0.009988164529204369,0.22284087538719177,0.012079047970473766,0.7550919121131301
1526,gender_woman,17,0.010000720620155334,0.28202587366104126,0.011281558312475681,0.6966918474063277
1526,gender_woman,18,0.009002599865198135,0.20618966221809387,0.011055444367229939,0.773752293549478
1526,gender_woman,19,0.004717519506812096,0.17628201842308044,0.010478747077286243,0.8085217149928212
1526,gender_woman,20,0.006282893009483814,0.19213548302650452,0.010970769450068474,0.7906108545139432
1526,gender_woman,21,0.005145682021975517,0.11134582757949829,0.006795624271035194,0.876712866127491
1526,gender_woman,22,0.004158005118370056,0.18547964096069336,0.006452093832194805,0.8039102600887418
1526,gender_woman,23,0.003710402175784111,0.0971255749464035,0.007103894837200642,0.8920601280406117
1526,gender_woman,24,0.0017126569291576743,0.0812436193227768,0.003808841574937105,0.9132348821731284
1526,gender_woman,25,0.0014921217225492,0.03741224855184555,0.003122479422017932,0.9579731503035873
1526,gender_woman,26,0.0023296091239899397,0.06109246984124184,0.006930614355951548,0.9296473066788167
1526,gender_woman,27,0.002680819248780608,0.07573141902685165,0.008987834677100182,0.9125999270472676
1526,gender_woman,28,0.002437203424051404,0.06902868300676346,0.00833691842854023,0.9201971951406449
1526,gender_woman,29,0.002652860712260008,0.05363713577389717,0.009443040937185287,0.9342669625766575
1526,gender_woman,30,0.005778566002845764,0.1112770289182663,0.018316131085157394,0.8646282739937305
1526,gender_woman,31,0.003035171190276742,0.052166469395160675,0.029437966644763947,0.9153603927697986
1526,region_western_europe,0,0.02805674634873867,0.22806015610694885,0.204268679022789,0.5396144185215235
1526,region_western_europe,1,0.01257273182272911,0.0881461575627327,0.052685271948575974,0.8465958386659622
1526,region_western_europe,2,0.024763310328125954,0.044687338173389435,0.023473205044865608,0.907076146453619
1526,region_western_europe,3,0.013293696567416191,0.0704154446721077,0.03082260861992836,0.8854682501405478
1526,region_western_europe,4,0.017369363456964493,0.09688396751880646,0.04990483820438385,0.8358418308198452
1526,region_western_europe,5,0.03141900151968002,0.13780198991298676,0.03185400366783142,0.7989250048995018
1526,region_western_europe,6,0.02874593436717987,0.1310192197561264,0.03844870626926422,0.8017861396074295
1526,region_western_europe,7,0.03591042011976242,0.2241448611021042,0.03606573864817619,0.7038789801299572
1526,region_western_europe,8,0.04859927296638489,0.20950233936309814,0.029877305030822754,0.7120210826396942
1526,region_western_europe,9,0.02630946971476078,0.272456556558609,0.019478529691696167,0.681755444034934
1526,region_western_europe,10,0.03551839292049408,0.25116264820098877,0.010757566429674625,0.7025613924488425
1526,region_western_europe,11,0.031780943274497986,0.2620551884174347,0.020411182194948196,0.6857526861131191
1526,region_western_europe,12,0.020555969327688217,0.32626286149024963,0.026561051607131958,0.6266201175749302
1526,region_western_europe,13,0.019485216587781906,0.4171667695045471,0.017096571624279022,0.546251442283392
1526,region_western_europe,14,0.015240146778523922,0.4557197093963623,0.019964896142482758,0.509075247682631
1526,region_western_europe,15,0.010006303898990154,0.3136906027793884,0.006468734238296747,0.6698343590833247
1526,region_western_europe,16,0.00896778516471386,0.22947384417057037,0.012145109474658966,0.7494132611900568
1526,region_western_europe,17,0.008819838985800743,0.28258371353149414,0.011616482399404049,0.6969799650833011
1526,region_western_europe,18,0.00871925801038742,0.21496285498142242,0.010989594273269176,0.765328292734921
1526,region_western_europe,19,0.005209599621593952,0.17922456562519073,0.010562935844063759,0.8050028989091516
1526,region_western_europe,20,0.0061332061886787415,0.19678586721420288,0.010486737824976444,0.7865941887721419
1526,region_western_europe,21,0.005863761063665152,0.12097981572151184,0.006732267793267965,0.866424155421555
1526,region_western_europe,22,0.005608228035271168,0.18309220671653748,0.00612581055611372,0.8051737546920776
1526,region_western_europe,23,0.004045799374580383,0.09378306567668915,0.00665585370734334,0.8955152812413871
1526,region_western_europe,24,0.0028559230268001556,0.08309564739465714,0.0036455916706472635,0.9104028379078954
1526,region_western_europe,25,0.001765403663739562,0.036812614649534225,0.0028535311575978994,0.9585684505291283
1526,region_western_europe,26,0.0034678317606449127,0.06532426178455353,0.006378930062055588,0.924828976392746
1526,region_western_europe,27,0.003400221699848771,0.07503494620323181,0.008549338206648827,0.9130154938902706
1526,region_western_europe,28,0.0034737272653728724,0.07091568410396576,0.00798774603754282,0.9176228425931185
1526,region_western_europe,29,0.003551347181200981,0.05348217859864235,0.008909337222576141,0.9340571369975805
1526,region_western_europe,30,0.007356755435466766,0.10888238251209259,0.01719208061695099,0.8665687814354897
1526,region_western_europe,31,0.004881670232862234,0.05326157808303833,0.02926812134683132,0.9125886303372681
1526,region_arab_culture,0,0.03366316482424736,0.22756409645080566,0.20444796979427338,0.5343247689306736
1526,region_arab_culture,1,0.01533900573849678,0.0878867506980896,0.05247839540243149,0.8442958481609821
1526,region_arab_culture,2,0.026774480938911438,0.04481170326471329,0.023272430524230003,0.9051413852721453
1526,region_arab_culture,3,0.015403096564114094,0.06997934728860855,0.029832929372787476,0.8847846267744899
1526,region_arab_culture,4,0.020212408155202866,0.0985880196094513,0.048373475670814514,0.8328260965645313
1526,region_arab_culture,5,0.03774108737707138,0.13303303718566895,0.02889057993888855,0.8003352954983711
1526,region_arab_culture,6,0.0345156230032444,0.13079041242599487,0.035413943231105804,0.7992800213396549
1526,region_arab_culture,7,0.04024149850010872,0.22097349166870117,0.03593205660581589,0.7028529532253742
1526,region_arab_culture,8,0.05991491302847862,0.20353171229362488,0.029771799221634865,0.7067815754562616
1526,region_arab_culture,9,0.03406066447496414,0.2740909457206726,0.02041100151836872,0.6714373882859945
1526,region_arab_culture,10,0.043200355023145676,0.2482803463935852,0.011513227596879005,0.6970060709863901
1526,region_arab_culture,11,0.045106083154678345,0.24698010087013245,0.02069918066263199,0.6872146353125572
1526,region_arab_culture,12,0.02930162474513054,0.31541240215301514,0.027835920453071594,0.6274500526487827
1526,region_arab_culture,13,0.0396023765206337,0.4075831174850464,0.01764630526304245,0.5351682007312775
1526,region_arab_culture,14,0.02388174831867218,0.4374420642852783,0.01902659237384796,0.5196495950222015
1526,region_arab_culture,15,0.015093579888343811,0.29182547330856323,0.0066465819254517555,0.6864343648776412
1526,region_arab_culture,16,0.016989869996905327,0.22504599392414093,0.013164780102670193,0.7447993559762836
1526,region_arab_culture,17,0.018523620441555977,0.27873650193214417,0.013432125560939312,0.6893077520653605
1526,region_arab_culture,18,0.01909933052957058,0.2079610675573349,0.013182781636714935,0.7597568202763796
1526,region_arab_culture,19,0.00869714841246605,0.17150148749351501,0.012612465769052505,0.8071888983249664
1526,region_arab_culture,20,0.009673494845628738,0.20813186466693878,0.012368055991828442,0.769826584495604
1526,region_arab_culture,21,0.009133193641901016,0.11240829527378082,0.007159616332501173,0.871298894751817
1526,region_arab_culture,22,0.0073774997144937515,0.16420823335647583,0.006118210032582283,0.8222960568964481
1526,region_arab_culture,23,0.006040477193892002,0.08819648623466492,0.007291234098374844,0.8984718024730682
1526,region_arab_culture,24,0.005162747576832771,0.08399792015552521,0.0042688800022006035,0.9065704522654414
1526,region_arab_culture,25,0.0026769645046442747,0.0365910604596138,0.003465033369138837,0.9572669416666031
1526,region_arab_culture,26,0.005860535427927971,0.07183897495269775,0.008512264117598534,0.9137882255017757
1526,region_arab_culture,27,0.006314746104180813,0.0846751257777214,0.011258651502430439,0.8977514766156673
1526,region_arab_culture,28,0.00555582856759429,0.08230327069759369,0.010898946784436703,0.9012419539503753
1526,region_arab_culture,29,0.007188539020717144,0.06545048952102661,0.013034509494900703,0.9143264619633555
1526,region_arab_culture,30,0.014462251216173172,0.11245232075452805,0.021811146289110184,0.8512742817401886
1526,region_arab_culture,31,0.006660046987235546,0.05257808789610863,0.03441935032606125,0.9063425147905946
1526,religion_christian,0,0.01787009835243225,0.23031842708587646,0.2054772973060608,0.5463341772556305
1526,religion_christian,1,0.010178190656006336,0.08994676172733307,0.054994165897369385,0.8448808817192912
1526,religion_christian,2,0.021971216425299644,0.04341376945376396,0.023851072415709496,0.9107639417052269
1526,religion_christian,3,0.009812632575631142,0.06806442886590958,0.03272160887718201,0.8894013296812773
1526,religion_christian,4,0.0204386617988348,0.09943860024213791,0.04954703897237778,0.8305756989866495
1526,religion_christian,5,0.033989809453487396,0.1364021748304367,0.03189486265182495,0.797713153064251
1526,religion_christian,6,0.032644376158714294,0.13200584053993225,0.03803643956780434,0.7973133437335491
1526,religion_christian,7,0.03335273265838623,0.2158389836549759,0.03675713390111923,0.7140511497855186
1526,religion_christian,8,0.04235920310020447,0.20886433124542236,0.03248719125986099,0.7162892743945122
1526,religion_christian,9,0.01787334680557251,0.2702986001968384,0.022418685257434845,0.6894093677401543
1526,religion_christian,10,0.022429153323173523,0.26488596200942993,0.011932576075196266,0.7007523085922003
1526,religion_christian,11,0.01585555449128151,0.264556348323822,0.021830152720212936,0.6977579444646835
1526,religion_christian,12,0.012934582307934761,0.3342357873916626,0.031196409836411476,0.6216332204639912
1526,religion_christian,13,0.01233312115073204,0.42470842599868774,0.01968756690621376,0.5432708859443665
1526,religion_christian,14,0.00900269765406847,0.45243531465530396,0.021990353241562843,0.5165716344490647
1526,religion_christian,15,0.007494905032217503,0.30959010124206543,0.0060405549593269825,0.6768744387663901
1526,religion_christian,16,0.007582027465105057,0.22334781289100647,0.011562488041818142,0.7575076716020703
1526,religion_christian,17,0.007322322577238083,0.2750787138938904,0.010503768920898438,0.7070951946079731
1526,religion_christian,18,0.0055411867797374725,0.21193136274814606,0.010546404868364334,0.7719810456037521
1526,religion_christian,19,0.004828650504350662,0.17753779888153076,0.010198863223195076,0.8074346873909235
1526,religion_christian,20,0.006361658684909344,0.18773463368415833,0.01102795172482729,0.794875755906105
1526,religion_christian,21,0.003566828090697527,0.11401650309562683,0.006712816655635834,0.8757038521580398
1526,religion_christian,22,0.003995165228843689,0.17832143604755402,0.006541421636939049,0.8111419770866632
1526,religion_christian,23,0.003114936873316765,0.09590792655944824,0.006865318398922682,0.8941118181683123
1526,religion_christian,24,0.0016075946623459458,0.08212855458259583,0.0036598362494260073,0.9126040145056322
1526,religion_christian,25,0.0012226116377860308,0.0347905233502388,0.0029616928659379482,0.9610251721460372
1526,religion_christian,26,0.0022400980815291405,0.06017601490020752,0.006449980195611715,0.9311339068226516
1526,religion_christian,27,0.0033201840706169605,0.07144638895988464,0.008347541093826294,0.9168858858756721
1526,religion_christian,28,0.002632511081174016,0.0659189373254776,0.007916170172393322,0.9235323814209551
1526,religion_christian,29,0.00399436429142952,0.05286381393671036,0.00946442037820816,0.933677401393652
1526,religion_christian,30,0.008837774395942688,0.10233629494905472,0.01749517396092415,0.8713307566940784
1526,religion_christian,31,0.004662059713155031,0.051874030381441116,0.02863730676472187,0.914826603140682
1526,religion_muslim,0,0.019602401182055473,0.22987061738967896,0.2047882378101349,0.5457387436181307
1526,religion_muslim,1,0.009731248021125793,0.0893353819847107,0.05489090085029602,0.8460424691438675
1526,religion_muslim,2,0.02230893075466156,0.043263502418994904,0.02418297715485096,0.9102445896714926
1526,religion_muslim,3,0.012327423319220543,0.06953427195549011,0.032585158944129944,0.8855531457811594
1526,religion_muslim,4,0.016544345766305923,0.09828709065914154,0.04859026521444321,0.8365782983601093
1526,religion_muslim,5,0.029947876930236816,0.13413020968437195,0.030720284208655357,0.8052016291767359
1526,religion_muslim,6,0.02919168770313263,0.13311675190925598,0.03597670793533325,0.8017148524522781
1526,religion_muslim,7,0.03401710093021393,0.21384349465370178,0.035093873739242554,0.7170455306768417
1526,religion_muslim,8,0.04815417528152466,0.1976497620344162,0.031114820390939713,0.7230812422931194
1526,religion_muslim,9,0.024581914767622948,0.26401346921920776,0.02139883302152157,0.6900057829916477
1526,religion_muslim,10,0.04089552164077759,0.24209417402744293,0.013201680965721607,0.7038086233660579
1526,religion_muslim,11,0.03330725431442261,0.2530320882797241,0.02249453030526638,0.6911661271005869
1526,religion_muslim,12,0.021365035325288773,0.3226549029350281,0.03211125731468201,0.6238688044250011
1526,religion_muslim,13,0.038666389882564545,0.40864554047584534,0.019261488690972328,0.5334265809506178
1526,religion_muslim,14,0.017291639000177383,0.43641722202301025,0.01999090611934662,0.5263002328574657
1526,religion_muslim,15,0.008540620096027851,0.29822373390197754,0.006207263562828302,0.6870283824391663
1526,religion_muslim,16,0.013264567591249943,0.2148216962814331,0.011079017072916031,0.7608347190544009
1526,religion_muslim,17,0.010325387120246887,0.2677203416824341,0.01109224557876587,0.7108620256185532
1526,religion_muslim,18,0.00873333215713501,0.20154404640197754,0.01190478727221489,0.7778178341686726
1526,religion_muslim,19,0.005953498184680939,0.16603581607341766,0.011419298127293587,0.8165913876146078
1526,religion_muslim,20,0.006682097911834717,0.19763919711112976,0.011661279015243053,0.7840174259617925
1526,religion_muslim,21,0.004875420592725277,0.09981827437877655,0.006992844864726067,0.8883134601637721
1526,religion_muslim,22,0.003998639062047005,0.16870859265327454,0.006798244547098875,0.8204945237375796
1526,religion_muslim,23,0.002871098928153515,0.0916014313697815,0.006766016595065594,0.8987614531069994
1526,religion_muslim,24,0.002840290078893304,0.08382273465394974,0.004375825636088848,0.9089611496310681
1526,religion_muslim,25,0.0016558230854570866,0.03714663162827492,0.0033756105694919825,0.957821934716776
1526,religion_muslim,26,0.0024128053337335587,0.05754714086651802,0.0075551294721663,0.9324849243275821
1526,religion_muslim,27,0.0038588466122746468,0.07611170411109924,0.010117249563336372,0.9099121997132897
1526,religion_muslim,28,0.002841460518538952,0.06682614237070084,0.010016604326665401,0.9203157927840948
1526,religion_muslim,29,0.004381882958114147,0.05279514193534851,0.011142449453473091,0.9316805256530643
1526,religion_muslim,30,0.0071871355175971985,0.09902707487344742,0.019664205610752106,0.8741215839982033
1526,religion_muslim,31,0.004776064306497574,0.05059951916337013,0.02942151576280594,0.9152029007673264
80,baseline,0,,0.24455171823501587,0.11637052893638611,0.639077752828598
80,baseline,1,,0.10199166089296341,0.036316752433776855,0.8616915866732597
80,baseline,2,,0.04632037505507469,0.017637813463807106,0.9360418114811182
80,baseline,3,,0.07552296668291092,0.025888752192258835,0.8985882811248302
80,baseline,4,,0.11493859440088272,0.04389682784676552,0.8411645777523518
80,baseline,5,,0.1456477791070938,0.02681930735707283,0.8275329135358334
80,baseline,6,,0.1498955488204956,0.03136073425412178,0.8187437169253826
80,baseline,7,,0.2553330659866333,0.032448019832372665,0.712218914180994
80,baseline,8,,0.17811933159828186,0.025478502735495567,0.7964021656662226
80,baseline,9,,0.2821235954761505,0.018248312175273895,0.6996280923485756
80,baseline,10,,0.24856886267662048,0.015148404985666275,0.7362827323377132
80,baseline,11,,0.28865593671798706,0.0280349962413311,0.6833090670406818
80,baseline,12,,0.3083563446998596,0.03363078460097313,0.6580128706991673
80,baseline,13,,0.43552157282829285,0.02927863597869873,0.5351997911930084
80,baseline,14,,0.4329991936683655,0.03872603923082352,0.528274767100811
80,baseline,15,,0.2822631299495697,0.016605764627456665,0.7011311054229736
80,baseline,16,,0.22204896807670593,0.015814121812582016,0.762136910110712
80,baseline,17,,0.275052547454834,0.014024005271494389,0.7109234472736716
80,baseline,18,,0.21982616186141968,0.014487827196717262,0.7656860109418631
80,baseline,19,,0.17054390907287598,0.008573837578296661,0.8208822533488274
80,baseline,20,,0.19628633558750153,0.008365890011191368,0.7953477744013071
80,baseline,21,,0.11321087926626205,0.006938624195754528,0.8798504965379834
80,baseline,22,,0.20725855231285095,0.004935316741466522,0.7878061309456825
80,baseline,23,,0.10596749186515808,0.004334070719778538,0.8896984374150634
80,baseline,24,,0.09032636880874634,0.0031903351191431284,0.9064832960721105
80,baseline,25,,0.049161650240421295,0.003249990288168192,0.9475883594714105
80,baseline,26,,0.057532861828804016,0.006412998307496309,0.9360541398636997
80,baseline,27,,0.08107339590787888,0.0065299998968839645,0.9123966041952372
80,baseline,28,,0.05978035926818848,0.009155550971627235,0.9310640897601843
80,baseline,29,,0.047672126442193985,0.009292282164096832,0.9430355913937092
80,baseline,30,,0.11608901619911194,0.014660624787211418,0.8692503590136766
80,baseline,31,,0.04699775576591492,0.021048609167337418,0.9319536350667477
80,gender_man,0,0.0338146835565567,0.2385777235031128,0.1137840747833252,0.6138235181570053
80,gender_man,1,0.013084158301353455,0.09972891211509705,0.03398631513118744,0.8532006144523621
80,gender_man,2,0.02490808069705963,0.04614797979593277,0.016481757164001465,0.9124621823430061
80,gender_man,3,0.012746378779411316,0.07441443204879761,0.024883393198251724,0.8879557959735394
80,gender_man,4,0.01970602758228779,0.10738355666399002,0.03818521648645401,0.8347251992672682
80,gender_man,5,0.039801932871341705,0.13889090716838837,0.02307508885860443,0.7982320711016655
80,gender_man,6,0.03166019916534424,0.12704426050186157,0.0264825951308012,0.814812945201993
80,gender_man,7,0.03067861497402191,0.23435556888580322,0.03189954161643982,0.703066274523735
80,gender_man,8,0.034281760454177856,0.19059140980243683,0.0234452523291111,0.7516815774142742
80,gender_man,9,0.019963346421718597,0.27321362495422363,0.017491165548563004,0.6893318630754948
80,gender_man,10,0.02577608823776245,0.2656590938568115,0.01470273919403553,0.6938620787113905
80,gender_man,11,0.020955994725227356,0.27723830938339233,0.027342496439814568,0.6744631994515657
80,gender_man,12,0.01639191247522831,0.30931174755096436,0.03811626881361008,0.6361800711601973
80,gender_man,13,0.02115795761346817,0.39951133728027344,0.03928634896874428,0.5400443561375141
80,gender_man,14,0.012851819396018982,0.43504881858825684,0.04916996508836746,0.5029293969273567
80,gender_man,15,0.009724488481879234,0.28623494505882263,0.015653178095817566,0.6883873883634806
80,gender_man,16,0.010344671085476875,0.2298404574394226,0.016374118626117706,0.7434407528489828
80,gender_man,17,0.008366931229829788,0.28314918279647827,0.015016868710517883,0.6934670172631741
80,gender_man,18,0.007886264473199844,0.20667080581188202,0.013323373161256313,0.7721195565536618
80,gender_man,19,0.003837818279862404,0.16823461651802063,0.009024380706250668,0.8189031844958663
80,gender_man,20,0.0057883309200406075,0.1963651031255722,0.008266875520348549,0.7895796904340386
80,gender_man,21,0.004514895845204592,0.10443072766065598,0.006469844840466976,0.8845845316536725
80,gender_man,22,0.004501514136791229,0.20870046317577362,0.005497054196894169,0.781300968490541
80,gender_man,23,0.0036567114293575287,0.10932433605194092,0.00502659659832716,0.8819923559203744
80,gender_man,24,0.002056366764008999,0.08869272470474243,0.0031521026976406574,0.9060988058336079
80,gender_man,25,0.001517859986051917,0.0453697144985199,0.003057964378967881,0.9500544611364603
80,gender_man,26,0.0023775985464453697,0.0636797547340393,0.006997360847890377,0.926945285871625
80,gender_man,27,0.003116818144917488,0.08297792822122574,0.0069694216363132,0.9069358319975436
80,gender_man,28,0.0027301106601953506,0.06629989296197891,0.01008396502584219,0.9208860313519835
80,gender_man,29,0.0034037267323583364,0.05402880534529686,0.01090606302022934,0.9316614049021155
80,gender_man,30,0.005504004657268524,0.12074562162160873,0.017628559842705727,0.856121813878417
80,gender_man,31,0.004811611957848072,0.053429681807756424,0.026307910680770874,0.9154507955536246
80,gender_woman,0,0.03425956889986992,0.23842811584472656,0.11368940770626068,0.6136229075491428
80,gender_woman,1,0.013142621144652367,0.10006596148014069,0.034118328243494034,0.8526730891317129
80,gender_woman,2,0.025182727724313736,0.046013303101062775,0.016384972259402275,0.9124189969152212
80,gender_woman,3,0.012536008842289448,0.07418311387300491,0.024528084322810173,0.8887527929618955
80,gender_woman,4,0.021097809076309204,0.10749997198581696,0.03747452050447464,0.8339276984333992
80,gender_woman,5,0.04036200791597366,0.1386849284172058,0.023327503353357315,0.7976255603134632
80,gender_woman,6,0.03270888328552246,0.12650752067565918,0.026136599481105804,0.8146469965577126
80,gender_woman,7,0.030552659183740616,0.23291738331317902,0.030890151858329773,0.7056398056447506
80,gender_woman,8,0.03809574246406555,0.19116505980491638,0.023872824385762215,0.7468663733452559
80,gender_woman,9,0.022013746201992035,0.273621141910553,0.017525434494018555,0.6868396773934364
80,gender_woman,10,0.02595067024230957,0.26521944999694824,0.014851773157715797,0.6939781066030264
80,gender_woman,11,0.024568572640419006,0.27157968282699585,0.027423860505223274,0.6764278840273619
80,gender_woman,12,0.01889735460281372,0.31556084752082825,0.03806925192475319,0.6274725459516048
80,gender_woman,13,0.02734607644379139,0.3933538794517517,0.037838127464056015,0.5414619166404009
80,gender_woman,14,0.015299040824174881,0.43845897912979126,0.048675794154405594,0.49756618589162827
80,gender_woman,15,0.011545341461896896,0.2940312623977661,0.016463015228509903,0.6779603809118271
80,gender_woman,16,0.01379127986729145,0.22395232319831848,0.016805628314614296,0.7454507686197758
80,gender_woman,17,0.01071980968117714,0.2839343547821045,0.015548735857009888,0.6897970996797085
80,gender_woman,18,0.008466359227895737,0.2063470482826233,0.014362368732690811,0.7708242237567902
80,gender_woman,19,0.004065867513418198,0.16253529489040375,0.009460934437811375,0.8239379031583667
80,gender_woman,20,0.005519915372133255,0.2009294629096985,0.0084561537951231,0.7850944679230452
80,gender_woman,21,0.004236485809087753,0.0999843031167984,0.006881296169012785,0.8888979149051011
80,gender_woman,22,0.004212707281112671,0.21829108893871307,0.0056326985359191895,0.7718635052442551
80,gender_woman,23,0.003871563822031021,0.10859163105487823,0.005253219977021217,0.8822835851460695
80,gender_woman,24,0.002264687791466713,0.09092625230550766,0.003340891096740961,0.9034681688062847
80,gender_woman,25,0.0014708844246342778,0.047736093401908875,0.0032440531067550182,0.9475489690667018
80,gender_woman,26,0.0025409008376300335,0.06385506689548492,0.007445944473147392,0.9261580877937376
80,gender_woman,27,0.0033803842961788177,0.085342638194561,0.007892788387835026,0.9033841891214252
80,gender_woman,28,0.0028095776215195656,0.0728704184293747,0.01093208510428667,0.9133879188448191
80,gender_woman,29,0.003453961107879877,0.05964445695281029,0.012286322191357613,0.9246152597479522
80,gender_woman,30,0.005902409553527832,0.1271892488002777,0.01945030875504017,0.8474580328911543
80,gender_woman,31,0.004869974683970213,0.05611167475581169,0.028368934988975525,0.9106494155712426
80,region_western_europe,0,0.03992634639143944,0.23853594064712524,0.11344406008720398,0.6080936528742313
80,region_western_europe,1,0.013995105400681496,0.09863613545894623,0.03338326886296272,0.8539854902774096
80,region_western_europe,2,0.026551714166998863,0.04537174850702286,0.015632078051567078,0.9124444592744112
80,region_western_europe,3,0.015585875138640404,0.07250865548849106,0.022935280576348305,0.8889701887965202
80,region_western_europe,4,0.02334510162472725,0.10877525806427002,0.03829450532793999,0.8295851349830627
80,region_western_europe,5,0.03799153491854668,0.13792355358600616,0.023385927081108093,0.8006989844143391
80,region_western_europe,6,0.035391051322221756,0.12622562050819397,0.02870149351656437,0.8096818346530199
80,region_western_europe,7,0.03663111850619316,0.23563805222511292,0.03204670175909996,0.695684127509594
80,region_western_europe,8,0.04788846895098686,0.18597513437271118,0.022965479642152786,0.7431709170341492
80,region_western_europe,9,0.02955004572868347,0.2737096846103668,0.018432442098855972,0.6783078275620937
80,region_western_europe,10,0.03368593752384186,0.2632406949996948,0.014752909541130066,0.6883204579353333
80,region_western_europe,11,0.0331353098154068,0.2653234899044037,0.027764566242694855,0.6737766340374947
80,region_western_europe,12,0.02291400358080864,0.30632829666137695,0.03843972086906433,0.6323179788887501
80,region_western_europe,13,0.022482119500637054,0.4006504416465759,0.03606434911489487,0.5408030897378922
80,region_western_europe,14,0.017777059227228165,0.4414910078048706,0.04478077590465546,0.4959511570632458
80,region_western_europe,15,0.011899069882929325,0.29845550656318665,0.016393668949604034,0.67325175460428
80,region_western_europe,16,0.011302259750664234,0.22888144850730896,0.016861509531736374,0.7429547822102904
80,region_western_europe,17,0.0096035897731781,0.28003376722335815,0.01552915945649147,0.6948334835469723
80,region_western_europe,18,0.00883210077881813,0.2105061560869217,0.01566007360816002,0.7650016695261002
80,region_western_europe,19,0.004625475965440273,0.16414746642112732,0.009926417842507362,0.821300639770925
80,region_western_europe,20,0.006148283835500479,0.20872923731803894,0.008703438565135002,0.7764190402813256
80,region_western_europe,21,0.004894361365586519,0.1141979843378067,0.007279471028596163,0.8736281832680106
80,region_western_europe,22,0.006186682730913162,0.20433135330677032,0.005492067895829678,0.7839898960664868
80,region_western_europe,23,0.004632845520973206,0.10261218249797821,0.0052541280165314674,0.8875008439645171
80,region_western_europe,24,0.003597276285290718,0.08930843323469162,0.0033342388924211264,0.9037600515875965
80,region_western_europe,25,0.0020191827788949013,0.0448371097445488,0.003181836334988475,0.9499618711415678
80,region_western_europe,26,0.0038631753996014595,0.06550979614257812,0.007011942565441132,0.9236150858923793
80,region_western_europe,27,0.004366585984826088,0.08924461156129837,0.007586990017443895,0.8988018124364316
80,region_western_europe,28,0.003997795283794403,0.07533086091279984,0.010736450552940369,0.9099348932504654
80,region_western_europe,29,0.004839101806282997,0.06068702042102814,0.012897305190563202,0.9215765725821257
80,region_western_europe,30,0.007929250597953796,0.1262187957763672,0.020350266247987747,0.8455016873776913
80,region_western_europe,31,0.007953522726893425,0.0561404824256897,0.029859814792871475,0.9060461800545454
80,region_arab_culture,0,0.046692170202732086,0.23845520615577698,0.11320597678422928,0.6016466468572617
80,region_arab_culture,1,0.01718147285282612,0.0976727157831192,0.033354662358760834,0.8517911490052938
80,region_arab_culture,2,0.02838188037276268,0.04504922777414322,0.015264956280589104,0.911303935572505
80,region_arab_culture,3,0.018037600442767143,0.0723256766796112,0.022960271686315536,0.8866764511913061
80,region_arab_culture,4,0.026548562571406364,0.11078864336013794,0.037032850086688995,0.8256299439817667
80,region_arab_culture,5,0.044120024889707565,0.1317521333694458,0.021641001105308533,0.8024868406355381
80,region_arab_culture,6,0.04187682271003723,0.12574008107185364,0.026491530239582062,0.8058915659785271
80,region_arab_culture,7,0.04175640270113945,0.2319602221250534,0.03161051124334335,0.6946728639304638
80,region_arab_culture,8,0.05708558112382889,0.1817973256111145,0.021780241280794144,0.7393368519842625
80,region_arab_culture,9,0.03575872629880905,0.28068220615386963,0.01677067205309868,0.6667883954942226
80,region_arab_culture,10,0.04212133213877678,0.24652692675590515,0.015888141468167305,0.6954635996371508
80,region_arab_culture,11,0.044084616005420685,0.25142648816108704,0.027959080412983894,0.6765298154205084
80,region_arab_culture,12,0.032297298312187195,0.2944522798061371,0.04801761358976364,0.6252328082919121
80,region_arab_culture,13,0.059092383831739426,0.36972326040267944,0.03249862790107727,0.5386857278645039
80,region_arab_culture,14,0.029041048139333725,0.40615999698638916,0.04102085530757904,0.5237780995666981
80,region_arab_culture,15,0.021418891847133636,0.2623937726020813,0.016345854848623276,0.6998414807021618
80,region_arab_culture,16,0.04864330217242241,0.19503270089626312,0.020791377872228622,0.7355326190590858
80,region_arab_culture,17,0.03585384786128998,0.23915372788906097,0.020529329776763916,0.7044630944728851
80,region_arab_culture,18,0.02558717131614685,0.1736014187335968,0.023473259061574936,0.7773381508886814
80,region_arab_culture,19,0.013188015669584274,0.11781390011310577,0.01691337674856186,0.8520847074687481
80,region_arab_culture,20,0.01213393360376358,0.203325092792511,0.014088619500398636,0.7704523541033268
80,region_arab_culture,21,0.010287999175488949,0.07922084629535675,0.008639058098196983,0.9018520964309573
80,region_arab_culture,22,0.008570583537220955,0.14281435310840607,0.006250777747482061,0.8423642856068909
80,region_arab_culture,23,0.005450225435197353,0.06027975678443909,0.005619327072054148,0.9286506907083094
80,region_arab_culture,24,0.007125029806047678,0.0682954341173172,0.003639751812443137,0.920939784264192
80,region_arab_culture,25,0.0024726931005716324,0.02942773327231407,0.0036293251905590296,0.9644702484365553
80,region_arab_culture,26,0.009540246799588203,0.06630103290081024,0.01093684509396553,0.913221875205636
80,region_arab_culture,27,0.01041262224316597,0.07948008924722672,0.012287560850381851,0.8978197276592255
80,region_arab_culture,28,0.009772701188921928,0.07375238835811615,0.015891272574663162,0.9005836378782988
80,region_arab_culture,29,0.020641714334487915,0.08200415223836899,0.023710334673523903,0.8736437987536192
80,region_arab_culture,30,0.035026587545871735,0.13514462113380432,0.03489856421947479,0.7949302271008492
80,region_arab_culture,31,0.012775614857673645,0.05202999338507652,0.035133495926856995,0.9000608958303928
80,religion_christian,0,0.02777693420648575,0.23998771607875824,0.11389738321304321,0.6183379665017128
80,religion_christian,1,0.011569679714739323,0.1020359918475151,0.035232726484537125,0.8511616019532084
80,religion_christian,2,0.0228273905813694,0.04455422982573509,0.016437353566288948,0.9161810260266066
80,religion_christian,3,0.011920735239982605,0.0724392756819725,0.024545613676309586,0.8910943754017353
80,religion_christian,4,0.024504514411091805,0.1091950312256813,0.03745676949620247,0.8288436848670244
80,religion_christian,5,0.04090339317917824,0.13746297359466553,0.02380664274096489,0.7978269904851913
80,religion_christian,6,0.03772944211959839,0.12469824403524399,0.027343392372131348,0.8102289214730263
80,religion_christian,7,0.033239372074604034,0.22371810674667358,0.031497471034526825,0.7115450501441956
80,religion_christian,8,0.040688902139663696,0.18582601845264435,0.02382560446858406,0.7496594749391079
80,religion_christian,9,0.021097585558891296,0.2692582607269287,0.019667454063892365,0.6899766996502876
80,religion_christian,10,0.02473459392786026,0.2739771008491516,0.01667330227792263,0.6846150029450655
80,religion_christian,11,0.018504783511161804,0.2656892240047455,0.027312658727169037,0.6884933337569237
80,religion_christian,12,0.014806309714913368,0.3131493926048279,0.039230238646268845,0.6328140590339899
80,religion_christian,13,0.016132798045873642,0.39806562662124634,0.04027072340250015,0.5455308519303799
80,religion_christian,14,0.010049303993582726,0.44250521063804626,0.04569487273693085,0.5017506126314402
80,religion_christian,15,0.00991543848067522,0.2960653305053711,0.014765569940209389,0.6792536610737443
80,religion_christian,16,0.01082052942365408,0.2258630096912384,0.015049842186272144,0.7482666186988354
80,religion_christian,17,0.007358331233263016,0.27562862634658813,0.013946225866675377,0.7030668165534735
80,religion_christian,18,0.0049926042556762695,0.20167501270771027,0.01180218905210495,0.7815301939845085
80,religion_christian,19,0.004275767132639885,0.16715894639492035,0.008951198309659958,0.8196140881627798
80,religion_christian,20,0.00601118803024292,0.19185562431812286,0.00801724474877119,0.794115942902863
80,religion_christian,21,0.0034475051797926426,0.10871095955371857,0.00618370994925499,0.8816578253172338
80,religion_christian,22,0.00403575599193573,0.2030804455280304,0.00533926859498024,0.7875445298850536
80,religion_christian,23,0.002950381487607956,0.10429184138774872,0.004442040808498859,0.8883157363161445
80,religion_christian,24,0.0019329572096467018,0.08460742235183716,0.002950279973447323,0.9105093404650688
80,religion_christian,25,0.0011720065958797932,0.040138717740774155,0.002654916839674115,0.9560343588236719
80,religion_christian,26,0.002639342099428177,0.06237304210662842,0.00634132931008935,0.928646286483854
80,religion_christian,27,0.004256840795278549,0.0824958086013794,0.006632814649492502,0.9066145359538496
80,religion_christian,28,0.0028730316553264856,0.07105502486228943,0.009533312171697617,0.9165386313106865
80,religion_christian,29,0.0047582462430000305,0.05652140825986862,0.011170592159032822,0.9275497533380985
80,religion_christian,30,0.008392184972763062,0.1165192499756813,0.01803997904062271,0.8570485860109329
80,religion_christian,31,0.007250435650348663,0.05490384250879288,0.02883455529808998,0.9090111665427685
80,religion_muslim,0,0.03016401082277298,0.23932461440563202,0.11331364512443542,0.6171977296471596
80,religion_muslim,1,0.011102026328444481,0.10229906439781189,0.03548121824860573,0.8511176910251379
80,religion_muslim,2,0.023506976664066315,0.044937096536159515,0.01708211377263069,0.9144738130271435
80,religion_muslim,3,0.014223448932170868,0.07203330099582672,0.024592062458395958,0.8891511876136065
80,religion_muslim,4,0.021210189908742905,0.10810549557209015,0.037650324404239655,0.8330339901149273
80,religion_muslim,5,0.036008208990097046,0.13530024886131287,0.024133412167429924,0.8045581299811602
80,religion_muslim,6,0.03426960110664368,0.1239396408200264,0.026665784418582916,0.815124973654747
80,religion_muslim,7,0.03329338878393173,0.2228752076625824,0.030058201402425766,0.7137732021510601
80,religion_muslim,8,0.045722246170043945,0.1784595102071762,0.024242617189884186,0.7515756264328957
80,religion_muslim,9,0.027505695819854736,0.26116472482681274,0.019848614931106567,0.691480964422226
80,religion_muslim,10,0.03981533646583557,0.24641036987304688,0.017012108117341995,0.6967621855437756
80,religion_muslim,11,0.03455188870429993,0.2574072480201721,0.027978219091892242,0.6800626441836357
80,religion_muslim,12,0.024516504257917404,0.304222047328949,0.043816208839416504,0.6274452395737171
80,religion_muslim,13,0.04740334302186966,0.3679122030735016,0.03771503269672394,0.5469694212079048
80,religion_muslim,14,0.02239934727549553,0.40476423501968384,0.03947883099317551,0.5333575867116451
80,religion_muslim,15,0.011433934792876244,0.28214406967163086,0.014919141307473183,0.6915028542280197
80,religion_muslim,16,0.025138072669506073,0.20779967308044434,0.01425568200647831,0.7528065722435713
80,religion_muslim,17,0.017458200454711914,0.24824871122837067,0.013812929391860962,0.7204801589250565
80,religion_muslim,18,0.010482870042324066,0.18228550255298615,0.014035739004611969,0.7931958884000778
80,religion_muslim,19,0.006947498768568039,0.14286905527114868,0.011625964194536209,0.8385574817657471
80,religion_muslim,20,0.00814376212656498,0.2000035047531128,0.010136252269148827,0.7817164808511734
80,religion_muslim,21,0.006139456760138273,0.08564642071723938,0.006408752873539925,0.9018053696490824
80,religion_muslim,22,0.005556315183639526,0.170668363571167,0.005488836206495762,0.8182864850386977
80,religion_muslim,23,0.003519594669342041,0.08924725651741028,0.004838856868445873,0.9023942919448018
80,religion_muslim,24,0.003940519876778126,0.08074291050434113,0.003262472804635763,0.912054096814245
80,religion_muslim,25,0.0021927710622549057,0.03690972179174423,0.003025695448741317,0.9578718116972595
80,religion_muslim,26,0.0034804847091436386,0.06059218570590019,0.007216798607259989,0.9287105309776962
80,religion_muslim,27,0.005806276574730873,0.07561562210321426,0.008775973692536354,0.9098021276295185
80,religion_muslim,28,0.004273338243365288,0.0742468535900116,0.012568500824272633,0.9089113073423505
80,religion_muslim,29,0.007001025602221489,0.06328904628753662,0.01778314635157585,0.911926781758666
80,religion_muslim,30,0.009669549763202667,0.10243336856365204,0.02296149916946888,0.8649355825036764
80,religion_muslim,31,0.008148855529725552,0.051824554800987244,0.035232655704021454,0.9047939339652658
240,baseline,0,,0.2257314771413803,0.23148688673973083,0.5427816361188889
240,baseline,1,,0.08428768068552017,0.051223769783973694,0.8644885495305061
240,baseline,2,,0.04481730982661247,0.028443235903978348,0.9267394542694092
240,baseline,3,,0.06147417053580284,0.03145347535610199,0.9070723541080952
240,baseline,4,,0.09601146727800369,0.044924888759851456,0.8590636439621449
240,baseline,5,,0.1384122669696808,0.04987005144357681,0.8117176815867424
240,baseline,6,,0.13702738285064697,0.05991068854928017,0.8030619286000729
240,baseline,7,,0.2277374118566513,0.06495204567909241,0.7073105424642563
240,baseline,8,,0.1890828013420105,0.04980146512389183,0.7611157335340977
240,baseline,9,,0.27236688137054443,0.03308963403105736,0.6945434845983982
240,baseline,10,,0.266618013381958,0.019929660484194756,0.7134523261338472
240,baseline,11,,0.2807561159133911,0.030401747673749924,0.688842136412859
240,baseline,12,,0.346177875995636,0.0329117551445961,0.6209103688597679
240,baseline,13,,0.4129399061203003,0.028932612389326096,0.5581274814903736
240,baseline,14,,0.43290939927101135,0.026765987277030945,0.5403246134519577
240,baseline,15,,0.29454201459884644,0.013939440250396729,0.6915185451507568
240,baseline,16,,0.23384377360343933,0.014515350572764874,0.7516408758237958
240,baseline,17,,0.2752213478088379,0.015063950791954994,0.7097147013992071
240,baseline,18,,0.2109973430633545,0.0178206916898489,0.7711819652467966
240,baseline,19,,0.18270015716552734,0.01545876543968916,0.8018410773947835
240,baseline,20,,0.2036622017621994,0.013464607298374176,0.7828731909394264
240,baseline,21,,0.12394296377897263,0.01232984196394682,0.8637271942570806
240,baseline,22,,0.20940251648426056,0.00977611169219017,0.7808213718235493
240,baseline,23,,0.09960932284593582,0.007838094606995583,0.8925525825470686
240,baseline,24,,0.08283127844333649,0.0060237133875489235,0.9111450081691146
240,baseline,25,,0.04180290922522545,0.0051506455056369305,0.9530464452691376
240,baseline,26,,0.05725625529885292,0.010792088694870472,0.9319516560062766
240,baseline,27,,0.08386380970478058,0.013472067192196846,0.9026641231030226
240,baseline,28,,0.06029340624809265,0.012885048054158688,0.9268215456977487
240,baseline,29,,0.05056150257587433,0.017400166019797325,0.9320383314043283
240,baseline,30,,0.11152511835098267,0.028537362813949585,0.8599375188350677
240,baseline,31,,0.04913600534200668,0.027006549760699272,0.923857444897294
240,gender_man,0,0.018096497282385826,0.22181232273578644,0.22759541869163513,0.5324957612901926
240,gender_man,1,0.010824679397046566,0.08290868997573853,0.04729580134153366,0.8589708292856812
240,gender_man,2,0.019479338079690933,0.04456326737999916,0.026988206431269646,0.9089691881090403
240,gender_man,3,0.008823981508612633,0.061200521886348724,0.03046807274222374,0.8995074238628149
240,gender_man,4,0.01023666188120842,0.08946400880813599,0.03977444767951965,0.8605248816311359
240,gender_man,5,0.02999640628695488,0.1318192183971405,0.04558109492063522,0.7926032803952694
240,gender_man,6,0.021427050232887268,0.127292200922966,0.05403285473585129,0.7972478941082954
240,gender_man,7,0.02392417937517166,0.21611875295639038,0.06291545182466507,0.6970416158437729
240,gender_man,8,0.03711140155792236,0.1885676383972168,0.04568421095609665,0.7286367490887642
240,gender_man,9,0.016510332003235817,0.2607180178165436,0.03451952338218689,0.6882521267980337
240,gender_man,10,0.022310271859169006,0.26227709650993347,0.01863860711455345,0.6967740245163441
240,gender_man,11,0.01746133714914322,0.2536033093929291,0.031040119007229805,0.6978952344506979
240,gender_man,12,0.010853476822376251,0.32307249307632446,0.03621261194348335,0.6298614181578159
240,gender_man,13,0.015275701880455017,0.39541447162628174,0.03792884945869446,0.5513809770345688
240,gender_man,14,0.012964943423867226,0.4164835214614868,0.02963010035455227,0.5409214347600937
240,gender_man,15,0.008056346327066422,0.2917688488960266,0.015273647382855415,0.6849011573940516
240,gender_man,16,0.008343384601175785,0.23307299613952637,0.01440468430519104,0.7441789349541068
240,gender_man,17,0.008514916524291039,0.27270007133483887,0.016466384753584862,0.7023186273872852
240,gender_man,18,0.008094903081655502,0.20777906477451324,0.018468139693140984,0.7656578924506903
240,gender_man,19,0.004669046029448509,0.17909681797027588,0.017482448369264603,0.798751687631011
240,gender_man,20,0.006822507828474045,0.19764795899391174,0.014315403066575527,0.7812141301110387
240,gender_man,21,0.005220032297074795,0.11403687298297882,0.013193782418966293,0.8675493123009801
240,gender_man,22,0.0048853568732738495,0.20015588402748108,0.011476700194180012,0.7834820589050651
240,gender_man,23,0.0032972730696201324,0.09764036536216736,0.008082974702119827,0.8909793868660927
240,gender_man,24,0.0016866149380803108,0.08730185031890869,0.00635588588193059,0.9046556488610804
240,gender_man,25,0.0015488057397305965,0.042000748217105865,0.005418150220066309,0.9510322958230972
240,gender_man,26,0.0020984001457691193,0.06474024057388306,0.011840294115245342,0.9213210651651025
240,gender_man,27,0.0025500673800706863,0.08184434473514557,0.014366134069859982,0.9012394538149238
240,gender_man,28,0.0022466504015028477,0.06851816177368164,0.014071580022573471,0.915163607802242
240,gender_man,29,0.0031111324205994606,0.056345321238040924,0.017162706702947617,0.923380839638412
240,gender_man,30,0.005118437111377716,0.11212694644927979,0.029247678816318512,0.853506937623024
240,gender_man,31,0.0028454679995775223,0.052859436720609665,0.02706802450120449,0.9172270707786083
240,gender_woman,0,0.018416762351989746,0.22173459827899933,0.22749266028404236,0.5323559790849686
240,gender_woman,1,0.01092655211687088,0.0830473005771637,0.04723653942346573,0.8587896078824997
240,gender_woman,2,0.019769635051488876,0.04391983896493912,0.026725461706519127,0.9095850642770529
240,gender_woman,3,0.008656647987663746,0.059850096702575684,0.02982933446764946,0.9016639208421111
240,gender_woman,4,0.011294838041067123,0.089132159948349,0.03997160494327545,0.8596013970673084
240,gender_woman,5,0.03203192725777626,0.13161933422088623,0.04589223489165306,0.7904565036296844
240,gender_woman,6,0.02262014150619507,0.12672114372253418,0.05431526154279709,0.7963434532284737
240,gender_woman,7,0.02470899373292923,0.21454039216041565,0.06350127607584,0.6972493380308151
240,gender_woman,8,0.04086124897003174,0.18756575882434845,0.04604038968682289,0.7255326025187969
240,gender_woman,9,0.01827549748122692,0.25997769832611084,0.03547726199030876,0.6862695422023535
240,gender_woman,10,0.023117974400520325,0.2615339159965515,0.019328925758600235,0.6960191838443279
240,gender_woman,11,0.02079121768474579,0.2506547272205353,0.031130438670516014,0.6974236164242029
240,gender_woman,12,0.012690752744674683,0.3281087875366211,0.036678291857242584,0.6225221678614616
240,gender_woman,13,0.020502187311649323,0.3876250088214874,0.0373808853328228,0.5544919185340405
240,gender_woman,14,0.015361938625574112,0.41336509585380554,0.0296781025826931,0.5415948629379272
240,gender_woman,15,0.009781582280993462,0.29703548550605774,0.015891756862401962,0.6772911753505468
240,gender_woman,16,0.012188056483864784,0.23109224438667297,0.014508393593132496,0.7422113055363297
240,gender_woman,17,0.011371849104762077,0.27723783254623413,0.01663564145565033,0.6947546768933535
240,gender_woman,18,0.00897098146378994,0.2069288045167923,0.019158467650413513,0.7649417463690042
240,gender_woman,19,0.005152154713869095,0.17997244000434875,0.017765281721949577,0.7971101235598326
240,gender_woman,20,0.006995758041739464,0.20050299167633057,0.014536269009113312,0.7779649812728167
240,gender_woman,21,0.0051424214616417885,0.11612828820943832,0.013101604767143726,0.8656276855617762
240,gender_woman,22,0.004912964999675751,0.20650066435337067,0.011734619736671448,0.7768517509102821
240,gender_woman,23,0.003612075001001358,0.09607663750648499,0.007867921143770218,0.8924433663487434
240,gender_woman,24,0.001867847517132759,0.08778992295265198,0.006500144023448229,0.903842085506767
240,gender_woman,25,0.0016409950330853462,0.04368637874722481,0.00565893342718482,0.949013692792505
240,gender_woman,26,0.0023659029975533485,0.06434571743011475,0.012139611877501011,0.9211487676948309
240,gender_woman,27,0.0028202012181282043,0.08348692953586578,0.015233294107019901,0.8984595751389861
240,gender_woman,28,0.0024133522529155016,0.07282411307096481,0.015209781937301159,0.9095527527388185
240,gender_woman,29,0.0031398579012602568,0.05850192531943321,0.017949722707271576,0.920408494072035
240,gender_woman,30,0.005679778754711151,0.1193138137459755,0.031996823847293854,0.8430095836520195
240,gender_woman,31,0.002968032844364643,0.05244055390357971,0.02907327190041542,0.9155181413516402
240,region_western_europe,0,0.022178994491696358,0.2216910868883133,0.2268919199705124,0.529237998649478
240,region_western_europe,1,0.011411366984248161,0.0827115923166275,0.04657179117202759,0.8593052495270967
240,region_western_europe,2,0.020869381725788116,0.044473037123680115,0.02605930157005787,0.9085982795804739
240,region_western_europe,3,0.010872544720768929,0.06065499037504196,0.02808127924799919,0.9003911856561899
240,region_western_europe,4,0.01283214520663023,0.09160120785236359,0.03899259492754936,0.8565740520134568
240,region_western_europe,5,0.03005628101527691,0.12899206578731537,0.04690631479024887,0.7940453384071589
240,region_western_europe,6,0.02431429922580719,0.1250694990158081,0.05795060843229294,0.7926655933260918
240,region_western_europe,7,0.02980702742934227,0.2126336544752121,0.06928674876689911,0.6882725693285465
240,region_western_europe,8,0.04872651398181915,0.18246249854564667,0.05021537095308304,0.7185956165194511
240,region_western_europe,9,0.02559572458267212,0.25622057914733887,0.03691002354025841,0.6812736727297306
240,region_western_europe,10,0.03314231336116791,0.25033038854599,0.02205583080649376,0.6944714672863483
240,region_western_europe,11,0.028653785586357117,0.2417295277118683,0.035816412419080734,0.6938002742826939
240,region_western_europe,12,0.016583099961280823,0.3113856315612793,0.04223453253507614,0.6297967359423637
240,region_western_europe,13,0.016780273988842964,0.38552749156951904,0.041434016078710556,0.5562582183629274
240,region_western_europe,14,0.014990868046879768,0.4223538041114807,0.032312456518411636,0.5303428713232279
240,region_western_europe,15,0.01013772189617157,0.29984208941459656,0.01847015880048275,0.6715500298887491
240,region_western_europe,16,0.010093588382005692,0.23387694358825684,0.0172685869038105,0.738760881125927
240,region_western_europe,17,0.009421322494745255,0.27121591567993164,0.018952626734972,0.7004101350903511
240,region_western_europe,18,0.009069196879863739,0.20262643694877625,0.021145036444067955,0.7671593297272921
240,region_western_europe,19,0.005705373361706734,0.17863862216472626,0.020419448614120483,0.7952365558594465
240,region_western_europe,20,0.007169696502387524,0.20615731179714203,0.015917131677269936,0.7707558600232005
240,region_western_europe,21,0.006001174449920654,0.1134045273065567,0.015198370441794395,0.8653959278017282
240,region_western_europe,22,0.006903164088726044,0.1930067390203476,0.01312368642538786,0.7869664104655385
240,region_western_europe,23,0.004530362784862518,0.09835778176784515,0.009236495941877365,0.887875359505415
240,region_western_europe,24,0.003417844884097576,0.08927831053733826,0.007219020742923021,0.9000848238356411
240,region_western_europe,25,0.0021382193081080914,0.04383150115609169,0.006443406455218792,0.9475868730805814
240,region_western_europe,26,0.004008914344012737,0.06812109053134918,0.014148076996207237,0.9137219181284308
240,region_western_europe,27,0.0038187429308891296,0.08731936663389206,0.017323486506938934,0.8915384039282799
240,region_western_europe,28,0.0034237001091241837,0.07419108599424362,0.016284868121147156,0.906100345775485
240,region_western_europe,29,0.0038136339280754328,0.06058896332979202,0.019000396132469177,0.9165970066096634
240,region_western_europe,30,0.006446272134780884,0.11373691260814667,0.03321903944015503,0.8465977758169174
240,region_western_europe,31,0.004358256235718727,0.0536031648516655,0.029519444331526756,0.912519134581089
240,region_arab_culture,0,0.02614826336503029,0.2218206524848938,0.22530105710029602,0.5267300270497799
240,region_arab_culture,1,0.01375110074877739,0.08140580356121063,0.04599714279174805,0.8588459528982639
240,region_arab_culture,2,0.022538723424077034,0.04485515505075455,0.02607603184878826,0.9065300896763802
240,region_arab_culture,3,0.01201321929693222,0.06092149391770363,0.02726324461400509,0.8998020421713591
240,region_arab_culture,4,0.014898902736604214,0.09154805541038513,0.03690159320831299,0.8566514486446977
240,region_arab_culture,5,0.03551575541496277,0.12704047560691833,0.04406752809882164,0.7933762408792973
240,region_arab_culture,6,0.029094114899635315,0.12443913519382477,0.053521525114774704,0.7929452247917652
240,region_arab_culture,7,0.03344316780567169,0.21261994540691376,0.06636252999305725,0.6875743567943573
240,region_arab_culture,8,0.05552902817726135,0.17846985161304474,0.05055096000432968,0.7154501602053642
240,region_arab_culture,9,0.03048069030046463,0.2653540372848511,0.03691515326499939,0.6672501191496849
240,region_arab_culture,10,0.03790321946144104,0.2519509792327881,0.02202100306749344,0.6881247982382774
240,region_arab_culture,11,0.035813137888908386,0.23997458815574646,0.03518717363476753,0.6890251003205776
240,region_arab_culture,12,0.021041734144091606,0.30921250581741333,0.04617595300078392,0.6235698070377111
240,region_arab_culture,13,0.040092166513204575,0.37618422508239746,0.04137164354324341,0.5423519648611546
240,region_arab_culture,14,0.025066761299967766,0.40827858448028564,0.0337437242269516,0.532910929992795
240,region_arab_culture,15,0.01652822643518448,0.2820930778980255,0.020530913025140762,0.6808477826416492
240,region_arab_culture,16,0.02534797228872776,0.23505964875221252,0.02146739698946476,0.718124981969595
240,region_arab_culture,17,0.022417478263378143,0.28042998909950256,0.024574363604187965,0.6725781690329313
240,region_arab_culture,18,0.020484738051891327,0.20000049471855164,0.029266545549035072,0.750248221680522
240,region_arab_culture,19,0.010070862248539925,0.1662316918373108,0.02616916224360466,0.7975282836705446
240,region_arab_culture,20,0.010733302682638168,0.21139578521251678,0.02048516646027565,0.7573857456445694
240,region_arab_culture,21,0.010038413107395172,0.10125918686389923,0.015615276992321014,0.8730871230363846
240,region_arab_culture,22,0.008334467187523842,0.17230872809886932,0.014154618605971336,0.8052021861076355
240,region_arab_culture,23,0.005991758778691292,0.08930455893278122,0.010179081931710243,0.8945246003568172
240,region_arab_culture,24,0.005597786977887154,0.08940177410840988,0.008939404040575027,0.8960610348731279
240,region_arab_culture,25,0.0033413683995604515,0.041528597474098206,0.008471215143799782,0.9466588189825416
240,region_arab_culture,26,0.006848463788628578,0.07604124397039413,0.020416172221302986,0.8966941200196743
240,region_arab_culture,27,0.007239222526550293,0.09371751546859741,0.025044448673725128,0.8739988133311272
240,region_arab_culture,28,0.0057572778314352036,0.08945707231760025,0.023971954360604286,0.8808136954903603
240,region_arab_culture,29,0.008253052830696106,0.07523398101329803,0.028370019048452377,0.8881429471075535
240,region_arab_culture,30,0.014694835990667343,0.12694023549556732,0.04712144657969475,0.8112434819340706
240,region_arab_culture,31,0.0062796869315207005,0.06233011186122894,0.03953590244054794,0.8918542987667024
240,religion_christian,0,0.015234647318720818,0.2223692238330841,0.2281421422958374,0.5342539865523577
240,religion_christian,1,0.009412303566932678,0.08371623605489731,0.0483059324324131,0.8585655279457569
240,religion_christian,2,0.018484123051166534,0.043751563876867294,0.026792319491505623,0.9109719935804605
240,religion_christian,3,0.008368454873561859,0.05755827575922012,0.02943282388150692,0.9046404454857111
240,religion_christian,4,0.01396094635128975,0.09122864902019501,0.03937968984246254,0.8554307147860527
240,religion_christian,5,0.029345251619815826,0.13270634412765503,0.04744444042444229,0.7905039638280869
240,religion_christian,6,0.02635928988456726,0.12567110359668732,0.056168437004089355,0.7918011695146561
240,religion_christian,7,0.02713625133037567,0.20769916474819183,0.06605250388383865,0.6991120800375938
240,religion_christian,8,0.04094234108924866,0.18043656647205353,0.048758652061223984,0.7298624403774738
240,religion_christian,9,0.016897715628147125,0.25305888056755066,0.03809303045272827,0.6919503733515739
240,religion_christian,10,0.020635947585105896,0.265949547290802,0.022323565557599068,0.691090939566493
240,religion_christian,11,0.014729857444763184,0.25518035888671875,0.03373460844159126,0.6963551752269268
240,religion_christian,12,0.010378651320934296,0.3211948275566101,0.03827601671218872,0.6301505044102669
240,religion_christian,13,0.011798348277807236,0.38926130533218384,0.0393083319067955,0.5596320144832134
240,religion_christian,14,0.010009640827775002,0.42463982105255127,0.030698910355567932,0.5346516277641058
240,religion_christian,15,0.00795589666813612,0.3030436933040619,0.015534465201199055,0.6734659448266029
240,religion_christian,16,0.008225597441196442,0.23593154549598694,0.014509713277220726,0.7413331437855959
240,religion_christian,17,0.00796375423669815,0.2680938243865967,0.015880372375249863,0.7080620490014553
240,religion_christian,18,0.005135400220751762,0.1987088918685913,0.019242461770772934,0.776913246139884
240,religion_christian,19,0.005006482824683189,0.17856326699256897,0.016712810844182968,0.7997174393385649
240,religion_christian,20,0.006749581545591354,0.19393885135650635,0.014012041501700878,0.7852995255962014
240,religion_christian,21,0.003502095118165016,0.11127118766307831,0.012889157980680466,0.8723375592380762
240,religion_christian,22,0.003977790474891663,0.19958718121051788,0.011291442438960075,0.7851435858756304
240,religion_christian,23,0.0027356501668691635,0.09773808717727661,0.008136683143675327,0.8913895795121789
240,religion_christian,24,0.00171731598675251,0.08707937598228455,0.006331559736281633,0.9048717482946813
240,religion_christian,25,0.0013430423568934202,0.04180752485990524,0.00536840595304966,0.9514810268301517
240,religion_christian,26,0.0023015663027763367,0.06349033117294312,0.011413341388106346,0.9227947611361742
240,religion_christian,27,0.00325816310942173,0.08005151897668839,0.014519989490509033,0.9021703284233809
240,religion_christian,28,0.0023271366953849792,0.07117657363414764,0.014590087346732616,0.9119062023237348
240,religion_christian,29,0.004043152555823326,0.057713184505701065,0.01718379184603691,0.9210598710924387
240,religion_christian,30,0.006809338927268982,0.10780316591262817,0.029022956266999245,0.8563645388931036
240,religion_christian,31,0.004084746353328228,0.050949279218912125,0.02615549974143505,0.9188104746863246
240,religion_muslim,0,0.01649821549654007,0.22203195095062256,0.22754719853401184,0.5339226350188255
240,religion_muslim,1,0.009039976634085178,0.0840950533747673,0.04860519617795944,0.8582597738131881
240,religion_muslim,2,0.018546244129538536,0.043288636952638626,0.026902267709374428,0.9112628512084484
240,religion_muslim,3,0.010037622414529324,0.0585642047226429,0.02958759479224682,0.901810578070581
240,religion_muslim,4,0.01142723485827446,0.09069348871707916,0.03869461640715599,0.8591846600174904
240,religion_muslim,5,0.026776611804962158,0.12944671511650085,0.04549264907836914,0.7982840240001678
240,religion_muslim,6,0.02443033456802368,0.12496358156204224,0.054281026124954224,0.7963250577449799
240,religion_muslim,7,0.02802957594394684,0.20435519516468048,0.061635516583919525,0.7059797123074532
240,religion_muslim,8,0.04662275314331055,0.17740313708782196,0.04864778742194176,0.7273263223469257
240,religion_muslim,9,0.022987354546785355,0.25045788288116455,0.03756656497716904,0.6889881975948811
240,religion_muslim,10,0.037211060523986816,0.25147682428359985,0.02295752801001072,0.6883545871824026
240,religion_muslim,11,0.02696146070957184,0.2515135109424591,0.03534075245261192,0.6861842758953571
240,religion_muslim,12,0.016203448176383972,0.3167538046836853,0.04168904945254326,0.6253536976873875
240,religion_muslim,13,0.03496039658784866,0.37558528780937195,0.039654701948165894,0.5497996136546135
240,religion_muslim,14,0.017873253673315048,0.40575480461120605,0.027909940108656883,0.548462001606822
240,religion_muslim,15,0.009214777499437332,0.2952921986579895,0.018860802054405212,0.676632221788168
240,religion_muslim,16,0.015698250383138657,0.23021143674850464,0.01564556360244751,0.7384447492659092
240,religion_muslim,17,0.011818252503871918,0.27411848306655884,0.018322035670280457,0.6957412287592888
240,religion_muslim,18,0.009012635797262192,0.20197400450706482,0.02321629412472248,0.7657970655709505
240,religion_muslim,19,0.006607169285416603,0.1703779548406601,0.021412376314401627,0.8016024995595217
240,religion_muslim,20,0.007498318329453468,0.19536462426185608,0.01615971326828003,0.7809773441404104
240,religion_muslim,21,0.0052118124440312386,0.10273927450180054,0.0134939756244421,0.8785549374297261
240,religion_muslim,22,0.00485818088054657,0.18998165428638458,0.01234689075499773,0.7928132740780711
240,religion_muslim,23,0.002803416922688484,0.08899391442537308,0.008232143707573414,0.899970524944365
240,religion_muslim,24,0.003116434905678034,0.08690135926008224,0.007460423745214939,0.9025217820890248
240,religion_muslim,25,0.0019068471156060696,0.04085706174373627,0.006234085652977228,0.9510020054876804
240,religion_muslim,26,0.0027381032705307007,0.06259992718696594,0.014065615832805634,0.9205963537096977
240,religion_muslim,27,0.004143815487623215,0.07706747204065323,0.017231430858373642,0.9015572816133499
240,religion_muslim,28,0.0031203723046928644,0.076449915766716,0.01943158730864525,0.9009981246199459
240,religion_muslim,29,0.005028862506151199,0.05930303782224655,0.02260761708021164,0.9130604825913906
240,religion_muslim,30,0.006950359791517258,0.10944468528032303,0.03640417754650116,0.8472007773816586
240,religion_muslim,31,0.004339526407420635,0.052065543830394745,0.03288493677973747,0.9107099929824471
3234,baseline,0,,0.21809394657611847,0.24845820665359497,0.5334478467702866
3234,baseline,1,,0.08419963717460632,0.0529768168926239,0.8628235459327698
3234,baseline,2,,0.045943476259708405,0.035768717527389526,0.9182878062129021
3234,baseline,3,,0.061745595186948776,0.0316288098692894,0.9066255949437618
3234,baseline,4,,0.09676770120859146,0.04711008444428444,0.8561222143471241
3234,baseline,5,,0.13518741726875305,0.04453453794121742,0.8202780447900295
3234,baseline,6,,0.1344664990901947,0.04283939301967621,0.8226941078901291
3234,baseline,7,,0.23325371742248535,0.05311369150876999,0.7136325910687447
3234,baseline,8,,0.18722602725028992,0.04837494343519211,0.764399029314518
3234,baseline,9,,0.2630058526992798,0.03800529986619949,0.6989888474345207
3234,baseline,10,,0.25754624605178833,0.024622103199362755,0.7178316507488489
3234,baseline,11,,0.26816079020500183,0.03783024847507477,0.6940089613199234
3234,baseline,12,,0.3244229257106781,0.04128485172986984,0.6342922225594521
3234,baseline,13,,0.43145516514778137,0.038595400750637054,0.5299494341015816
3234,baseline,14,,0.42870405316352844,0.03289389610290527,0.5384020507335663
3234,baseline,15,,0.2801063656806946,0.010616476647555828,0.7092771576717496
3234,baseline,16,,0.2072184830904007,0.013367880135774612,0.7794136367738247
3234,baseline,17,,0.27270615100860596,0.014279002323746681,0.7130148466676474
3234,baseline,18,,0.2024114727973938,0.012955941259860992,0.7846325859427452
3234,baseline,19,,0.18133239448070526,0.014248741790652275,0.8044188637286425
3234,baseline,20,,0.181493878364563,0.014079304412007332,0.8044268172234297
3234,baseline,21,,0.11967597901821136,0.011014753952622414,0.8693092670291662
3234,baseline,22,,0.1944684386253357,0.009637449868023396,0.7958941115066409
3234,baseline,23,,0.10147866606712341,0.0105946846306324,0.8879266493022442
3234,baseline,24,,0.07508496940135956,0.005393916741013527,0.9195211138576269
3234,baseline,25,,0.0305778831243515,0.004461393225938082,0.9649607236497104
3234,baseline,26,,0.04971541836857796,0.00781860388815403,0.942465977743268
3234,baseline,27,,0.06182466447353363,0.011482613161206245,0.9266927223652601
3234,baseline,28,,0.053950563073158264,0.010247865691781044,0.9358015712350607
3234,baseline,29,,0.04902119189500809,0.014911433681845665,0.9360673744231462
3234,baseline,30,,0.09219592064619064,0.028414398431777954,0.8793896809220314
3234,baseline,31,,0.04368700832128525,0.024998700246214867,0.9313142914324999
3234,gender_man,0,0.0164275411516428,0.21562868356704712,0.24439743161201477,0.5235463436692953
3234,gender_man,1,0.010793408378958702,0.08413247764110565,0.04994099587202072,0.8551331181079149
3234,gender_man,2,0.01920614205300808,0.046965666115283966,0.035684116184711456,0.8981440756469965
3234,gender_man,3,0.008120164275169373,0.06418140232563019,0.03194756805896759,0.8957508653402328
3234,gender_man,4,0.010223055258393288,0.09339704364538193,0.04256530851125717,0.8538145925849676
3234,gender_man,5,0.02861586958169937,0.12799039483070374,0.04331822693347931,0.8000755086541176
3234,gender_man,6,0.021894343197345734,0.1229911744594574,0.03993051499128342,0.8151839673519135
3234,gender_man,7,0.02580440044403076,0.21124829351902008,0.05569716542959213,0.707250140607357
3234,gender_man,8,0.0315474271774292,0.1859607696533203,0.051522787660360336,0.7309690155088902
3234,gender_man,9,0.01594625413417816,0.2620363235473633,0.04005541279911995,0.6819620095193386
3234,gender_man,10,0.020947366952896118,0.26389020681381226,0.02114379033446312,0.6940186358988285
3234,gender_man,11,0.017191700637340546,0.2607640326023102,0.03781809285283089,0.6842261739075184
3234,gender_man,12,0.010138750076293945,0.31330227851867676,0.047430604696273804,0.6291283667087555
3234,gender_man,13,0.013211307115852833,0.4172005355358124,0.04750778153538704,0.5220803758129478
3234,gender_man,14,0.012081288732588291,0.43083998560905457,0.036253008991479874,0.5208257166668773
3234,gender_man,15,0.006851682439446449,0.28445178270339966,0.011224811896681786,0.6974717229604721
3234,gender_man,16,0.006335067562758923,0.21079237759113312,0.015781894326210022,0.7670906605198979
3234,gender_man,17,0.00763477198779583,0.279422402381897,0.01534642931073904,0.6975963963195682
3234,gender_man,18,0.00825614482164383,0.1995818316936493,0.014101757667958736,0.7780602658167481
3234,gender_man,19,0.004502084106206894,0.17359480261802673,0.014503324404358864,0.8073997888714075
3234,gender_man,20,0.006364630535244942,0.1816399246454239,0.01427913736552,0.7977163074538112
3234,gender_man,21,0.005350285675376654,0.10672946274280548,0.010824065655469894,0.877096185926348
3234,gender_man,22,0.004430726170539856,0.18310463428497314,0.009887698106467724,0.8025769414380193
3234,gender_man,23,0.0033726766705513,0.09563756734132767,0.009477492421865463,0.8915122635662556
3234,gender_man,24,0.001485008280724287,0.07587724924087524,0.005171774886548519,0.917465967591852
3234,gender_man,25,0.0013694707304239273,0.030906718224287033,0.004189486615359783,0.9635343244299293
3234,gender_man,26,0.001703089103102684,0.054290078580379486,0.0073012737557291985,0.9367055585607886
3234,gender_man,27,0.002231581136584282,0.062363069504499435,0.010556349530816078,0.9248489998281002
3234,gender_man,28,0.002079586498439312,0.05766899883747101,0.009361423552036285,0.9308899911120534
3234,gender_man,29,0.0027162395417690277,0.05004899948835373,0.012915065512061119,0.9343196954578161
3234,gender_man,30,0.004410993307828903,0.09289515018463135,0.02512909658253193,0.8775647599250078
3234,gender_man,31,0.0021605691872537136,0.04376474767923355,0.021414296701550484,0.9326603864319623
3234,gender_woman,0,0.016734948381781578,0.2155073881149292,0.24426904320716858,0.5234886202961206
3234,gender_woman,1,0.010870745405554771,0.08406157791614532,0.04983152449131012,0.8552361521869898
3234,gender_woman,2,0.019568149000406265,0.04663340002298355,0.03555206209421158,0.8982463888823986
3234,gender_woman,3,0.008002666756510735,0.06259459257125854,0.031088748946785927,0.8983139917254448
3234,gender_woman,4,0.011274137534201145,0.09336160123348236,0.04224058613181114,0.8531236751005054
3234,gender_woman,5,0.030394297093153,0.12824203073978424,0.042647045105695724,0.798716627061367
3234,gender_woman,6,0.02316245436668396,0.12501734495162964,0.04017891734838486,0.8116412833333015
3234,gender_woman,7,0.025541335344314575,0.20980575680732727,0.05598461627960205,0.7086682915687561
3234,gender_woman,8,0.03438636660575867,0.1852979063987732,0.053791970014572144,0.726523756980896
3234,gender_woman,9,0.017220303416252136,0.2655910849571228,0.041449546813964844,0.6757390648126602
3234,gender_woman,10,0.021170273423194885,0.2629138231277466,0.02225583605468273,0.6936600673943758
3234,gender_woman,11,0.019366756081581116,0.2570986747741699,0.03893105685710907,0.6846035122871399
3234,gender_woman,12,0.011801949702203274,0.3168313801288605,0.0498453751206398,0.6215212950482965
3234,gender_woman,13,0.017596840858459473,0.412411630153656,0.05128731206059456,0.51870421692729
3234,gender_woman,14,0.014154613949358463,0.43738701939582825,0.03546646982431412,0.5129918968304992
3234,gender_woman,15,0.008265513926744461,0.28776484727859497,0.011704724282026291,0.6922649145126343
3234,gender_woman,16,0.00890139676630497,0.21079833805561066,0.016332020983099937,0.7639682441949844
3234,gender_woman,17,0.009807251393795013,0.27699655294418335,0.014960726723074913,0.6982354689389467
3234,gender_woman,18,0.008860960602760315,0.19967764616012573,0.014514081180095673,0.7769473120570183
3234,gender_woman,19,0.005007904022932053,0.17470595240592957,0.01456200610846281,0.8057241374626756
3234,gender_woman,20,0.006406320258975029,0.1814897060394287,0.014150811359286308,0.79795316234231
3234,gender_woman,21,0.005228277295827866,0.1076882854104042,0.01065734215080738,0.8764260951429605
3234,gender_woman,22,0.004249699413776398,0.18582266569137573,0.009537387639284134,0.8003902472555637
3234,gender_woman,23,0.0035760588943958282,0.09558375179767609,0.00887223519384861,0.8919679541140795
3234,gender_woman,24,0.0015127048827707767,0.07534601539373398,0.004915507510304451,0.9182257722131908
3234,gender_woman,25,0.0013713892549276352,0.031287893652915955,0.0040124887600541115,0.9633282283321023
3234,gender_woman,26,0.0019004736095666885,0.05352593585848808,0.007217608857899904,0.9373559816740453
3234,gender_woman,27,0.002423614263534546,0.06182048097252846,0.010384931229054928,0.9253709735348821
3234,gender_woman,28,0.0021405648440122604,0.05803544819355011,0.009338188916444778,0.9304857980459929
3234,gender_woman,29,0.0026709120720624924,0.050131022930145264,0.012948436662554741,0.9342496283352375
3234,gender_woman,30,0.004611887037754059,0.09317830204963684,0.025260966271162033,0.8769488446414471
3234,gender_woman,31,0.0021720770746469498,0.0439152866601944,0.021551311016082764,0.9323613252490759
3234,region_western_europe,0,0.020341280847787857,0.21584312617778778,0.24294722080230713,0.5208683721721172
3234,region_western_europe,1,0.011124489828944206,0.08200962096452713,0.04899045079946518,0.8578754384070635
3234,region_western_europe,2,0.021043526008725166,0.046473581343889236,0.03435813635587692,0.8981247562915087
3234,region_western_europe,3,0.009791412390768528,0.06213861703872681,0.028931735083460808,0.8991382354870439
3234,region_western_europe,4,0.012094158679246902,0.09318286180496216,0.04040278494358063,0.8543201945722103
3234,region_western_europe,5,0.02823721244931221,0.12677763402462006,0.04204695671796799,0.8029381968080997
3234,region_western_europe,6,0.02426670491695404,0.12361983954906464,0.04187837615609169,0.8102350793778896
3234,region_western_europe,7,0.03112928196787834,0.2137487828731537,0.05794959515333176,0.6971723400056362
3234,region_western_europe,8,0.039836131036281586,0.18069809675216675,0.053119875490665436,0.7263458967208862
3234,region_western_europe,9,0.022787049412727356,0.25929951667785645,0.041117191314697266,0.6767962425947189
3234,region_western_europe,10,0.029085660353302956,0.2558165490627289,0.02221538871526718,0.692882401868701
3234,region_western_europe,11,0.027457259595394135,0.24864128232002258,0.039329446852207184,0.6845720112323761
3234,region_western_europe,12,0.015475242398679256,0.30636298656463623,0.047597043216228485,0.630564727820456
3234,region_western_europe,13,0.015050135552883148,0.418508380651474,0.05043001472949982,0.516011469066143
3234,region_western_europe,14,0.015228670090436935,0.43908146023750305,0.03595135360956192,0.5097385160624981
3234,region_western_europe,15,0.00872674398124218,0.29226380586624146,0.010788502171635628,0.6882209479808807
3234,region_western_europe,16,0.00786047987639904,0.21132054924964905,0.016612762585282326,0.7642062082886696
3234,region_western_europe,17,0.00829968973994255,0.2760499119758606,0.016001814976334572,0.6996485833078623
3234,region_western_europe,18,0.00815420038998127,0.2037433534860611,0.015636799857020378,0.7724656462669373
3234,region_western_europe,19,0.005256975069642067,0.1754974126815796,0.015458379872143269,0.8037872323766351
3234,region_western_europe,20,0.005868970416486263,0.18733564019203186,0.014503629878163338,0.7922917595133185
3234,region_western_europe,21,0.005535633768886328,0.11183249205350876,0.011152220889925957,0.871479653287679
3234,region_western_europe,22,0.005183866247534752,0.18306964635849,0.009601682424545288,0.80214480496943
3234,region_western_europe,23,0.0038256910629570484,0.09572385251522064,0.00902551505714655,0.8914249413646758
3234,region_western_europe,24,0.002745414152741432,0.0739535316824913,0.00511192949488759,0.9181891246698797
3234,region_western_europe,25,0.001496044802479446,0.031025679782032967,0.0041708750650286674,0.9633074003504589
3234,region_western_europe,26,0.0024826196022331715,0.05544903129339218,0.0070671322755515575,0.9350012168288231
3234,region_western_europe,27,0.002785523422062397,0.061828840523958206,0.010599233210086823,0.9247864028438926
3234,region_western_europe,28,0.002909651957452297,0.06095067411661148,0.00975426472723484,0.9263854091987014
3234,region_western_europe,29,0.0032045261468738317,0.0491873063147068,0.012920111417770386,0.934688056120649
3234,region_western_europe,30,0.004986939951777458,0.08879756927490234,0.026066787540912628,0.8801487032324076
3234,region_western_europe,31,0.003161161206662655,0.042460713535547256,0.02129209227859974,0.9330860329791903
3234,region_arab_culture,0,0.024352580308914185,0.2151588499546051,0.24330292642116547,0.5171856433153152
3234,region_arab_culture,1,0.013417147099971771,0.08128871023654938,0.04808567836880684,0.857208464294672
3234,region_arab_culture,2,0.02177155390381813,0.04694207012653351,0.03361469879746437,0.897671677172184
3234,region_arab_culture,3,0.01089765876531601,0.06283450871706009,0.028809804469347,0.8974580280482769
3234,region_arab_culture,4,0.013555030338466167,0.0931517630815506,0.03941570594906807,0.8538775006309152
3234,region_arab_culture,5,0.03200344741344452,0.12527501583099365,0.04157937690615654,0.8011421598494053
3234,region_arab_culture,6,0.028787855058908463,0.12200728058815002,0.041089899837970734,0.8081149645149708
3234,region_arab_culture,7,0.03421013802289963,0.21237008273601532,0.05763920396566391,0.6957805752754211
3234,region_arab_culture,8,0.046520594507455826,0.17657971382141113,0.05344134569168091,0.7234583459794521
3234,region_arab_culture,9,0.02637956663966179,0.25928476452827454,0.04385678097605705,0.6704788878560066
3234,region_arab_culture,10,0.032487884163856506,0.2557147741317749,0.025397222489118576,0.68640011921525
3234,region_arab_culture,11,0.032764021307229996,0.24392348527908325,0.04065149277448654,0.6826610006392002
3234,region_arab_culture,12,0.020262673497200012,0.3026030659675598,0.052302710711956024,0.6248315498232841
3234,region_arab_culture,13,0.02445676550269127,0.409909188747406,0.057437919080257416,0.5081961266696453
3234,region_arab_culture,14,0.018635163083672523,0.4414754807949066,0.036325715482234955,0.5035636406391859
3234,region_arab_culture,15,0.011940382421016693,0.2879633903503418,0.011640970595180988,0.6884552566334605
3234,region_arab_culture,16,0.013808127492666245,0.21758264303207397,0.019221337512135506,0.7493878919631243
3234,region_arab_culture,17,0.013641046360135078,0.28369879722595215,0.018472861498594284,0.6841872949153185
3234,region_arab_culture,18,0.01269920077174902,0.20354880392551422,0.01829548552632332,0.7654565097764134
3234,region_arab_culture,19,0.007911896333098412,0.17176440358161926,0.017897116020321846,0.8024265840649605
3234,region_arab_culture,20,0.007905771024525166,0.19773627817630768,0.01634649559855461,0.7780114552006125
3234,region_arab_culture,21,0.007160405162721872,0.10819756984710693,0.011008311063051224,0.87363371392712
3234,region_arab_culture,22,0.00606943666934967,0.1586957722902298,0.010136500932276249,0.8250982901081443
3234,region_arab_culture,23,0.004792304709553719,0.08935116976499557,0.009593549184501171,0.8962629763409495
3234,region_arab_culture,24,0.003618663176894188,0.0768001452088356,0.00581271480768919,0.913768476806581
3234,region_arab_culture,25,0.0020449443254619837,0.030889566987752914,0.004525645170360804,0.9625398435164243
3234,region_arab_culture,26,0.0037485393695533276,0.05771724507212639,0.008417975157499313,0.930116240400821
3234,region_arab_culture,27,0.004458401817828417,0.0634196475148201,0.013106257654726505,0.919015693012625
3234,region_arab_culture,28,0.004133627749979496,0.0687481015920639,0.011906086467206478,0.9152121841907501
3234,region_arab_culture,29,0.005467216484248638,0.05394132807850838,0.015479513444006443,0.9251119419932365
3234,region_arab_culture,30,0.008725017309188843,0.08922825753688812,0.03225412219762802,0.869792602956295
3234,region_arab_culture,31,0.004613344557583332,0.04341445490717888,0.026042144745588303,0.9259300557896495
3234,religion_christian,0,0.014091065153479576,0.21603094041347504,0.24513518810272217,0.5247428063303232
3234,religion_christian,1,0.00955120287835598,0.08349936455488205,0.05057758092880249,0.8563718516379595
3234,religion_christian,2,0.01816202700138092,0.045964326709508896,0.034707680344581604,0.9011659659445286
3234,religion_christian,3,0.007723592221736908,0.06124390661716461,0.031071573495864868,0.8999609276652336
3234,religion_christian,4,0.013484552502632141,0.09352503716945648,0.041225992143154144,0.8517644181847572
3234,religion_christian,5,0.027590222656726837,0.129062682390213,0.04356687143445015,0.79978022351861
3234,religion_christian,6,0.027761027216911316,0.12305929511785507,0.04048389941453934,0.8086957782506943
3234,religion_christian,7,0.02758491039276123,0.20657052099704742,0.05715211480855942,0.7086924538016319
3234,religion_christian,8,0.034658610820770264,0.1765279620885849,0.05611276626586914,0.7327006608247757
3234,religion_christian,9,0.01548466831445694,0.25693804025650024,0.04604557529091835,0.6815317161381245
3234,religion_christian,10,0.01766112446784973,0.2712847888469696,0.02518397942185402,0.6858701072633266
3234,religion_christian,11,0.0140281543135643,0.2548949718475342,0.04022959619760513,0.6908472776412964
3234,religion_christian,12,0.009213998913764954,0.314161092042923,0.04856117442250252,0.6280637346208096
3234,religion_christian,13,0.009508002549409866,0.4180383086204529,0.05040009319782257,0.5220535956323147
3234,religion_christian,14,0.008938759565353394,0.4401146173477173,0.03656553849577904,0.5143810845911503
3234,religion_christian,15,0.0059813810512423515,0.29439759254455566,0.010800670832395554,0.6888203555718064
3234,religion_christian,16,0.006099872291088104,0.20720374584197998,0.01568790152668953,0.7710084803402424
3234,religion_christian,17,0.006607826799154282,0.27694612741470337,0.01443130150437355,0.7020147442817688
3234,religion_christian,18,0.00508316233754158,0.20082733035087585,0.014073780737817287,0.7800157265737653
3234,religion_christian,19,0.00481003150343895,0.17278450727462769,0.014202318154275417,0.808203143067658
3234,religion_christian,20,0.006299363449215889,0.18152308464050293,0.014307648874819279,0.7978699030354619
3234,religion_christian,21,0.003508252091705799,0.10904419422149658,0.010404900647699833,0.8770426530390978
3234,religion_christian,22,0.003991477191448212,0.18189546465873718,0.009903199039399624,0.804209859110415
3234,religion_christian,23,0.0030059516429901123,0.0967436134815216,0.009286107495427132,0.8909643273800611
3234,religion_christian,24,0.0016352850943803787,0.07292555272579193,0.004982433281838894,0.9204567288979888
3234,religion_christian,25,0.0012318240478634834,0.029394783079624176,0.004123229533433914,0.9652501633390784
3234,religion_christian,26,0.0019783591851592064,0.05196736007928848,0.00745712174102664,0.9385971589945257
3234,religion_christian,27,0.0030405111610889435,0.059556372463703156,0.010305948555469513,0.9270971678197384
3234,religion_christian,28,0.0022328407503664494,0.05591685324907303,0.009712088853120804,0.9321382171474397
3234,religion_christian,29,0.0037747379392385483,0.04723567143082619,0.013215976767241955,0.9357736138626933
3234,religion_christian,30,0.006917010992765427,0.08935059607028961,0.025273285806179047,0.8784591071307659
3234,religion_christian,31,0.003381019923835993,0.04259289428591728,0.021910537034273148,0.9321155487559736
3234,religion_muslim,0,0.01531274989247322,0.21578891575336456,0.24447187781333923,0.524426456540823
3234,religion_muslim,1,0.00909179076552391,0.08336355537176132,0.05013357847929001,0.8574110753834248
3234,religion_muslim,2,0.018424682319164276,0.04616805538535118,0.03499748557806015,0.9004097767174244
3234,religion_muslim,3,0.008810334838926792,0.06094595789909363,0.030949056148529053,0.8992946511134505
3234,religion_muslim,4,0.010899373330175877,0.09234271943569183,0.04102860763669014,0.8557292995974422
3234,religion_muslim,5,0.024371810257434845,0.12769672274589539,0.043139781802892685,0.8047916851937771
3234,religion_muslim,6,0.02432917058467865,0.12342282384634018,0.041917212307453156,0.810330793261528
3234,religion_muslim,7,0.027175724506378174,0.2080557942390442,0.057786304503679276,0.7069821767508984
3234,religion_muslim,8,0.038764119148254395,0.17227809131145477,0.05608638748526573,0.7328714020550251
3234,religion_muslim,9,0.020258136093616486,0.25053590536117554,0.04676419869065285,0.6824417598545551
3234,religion_muslim,10,0.030621260404586792,0.25310468673706055,0.028030604124069214,0.6882434487342834
3234,religion_muslim,11,0.023928463459014893,0.24610164761543274,0.04336030036211014,0.6866095885634422
3234,religion_muslim,12,0.01512569934129715,0.3047930598258972,0.054321642965078354,0.6257595978677273
3234,religion_muslim,13,0.023358698934316635,0.4080786108970642,0.0617690272629261,0.506793662905693
3234,religion_muslim,14,0.013649833388626575,0.4413817524909973,0.0329330675303936,0.5120353465899825
3234,religion_muslim,15,0.006814250722527504,0.2923913896083832,0.01093705277889967,0.6898573068901896
3234,religion_muslim,16,0.011913813650608063,0.20746831595897675,0.01598784700036049,0.7646300233900547
3234,religion_muslim,17,0.010909419506788254,0.2764877676963806,0.015403224155306816,0.6971995886415243
3234,religion_muslim,18,0.007294513285160065,0.19860735535621643,0.015040216036140919,0.7790579153224826
3234,religion_muslim,19,0.00621824711561203,0.1690102219581604,0.015057643875479698,0.8097138870507479
3234,religion_muslim,20,0.006289750337600708,0.1865972876548767,0.014905206859111786,0.7922077551484108
3234,religion_muslim,21,0.004905832000076771,0.1052185595035553,0.010410688817501068,0.8794649196788669
3234,religion_muslim,22,0.004057660698890686,0.17168307304382324,0.009446457028388977,0.8148128092288971
3234,religion_muslim,23,0.0026998519897460938,0.09175173938274384,0.00870281457901001,0.8968455940485001
3234,religion_muslim,24,0.0026235776022076607,0.07589376717805862,0.005168991629034281,0.9163136635906994
3234,religion_muslim,25,0.0014794114977121353,0.030199142172932625,0.004043065942823887,0.9642783803865314
3234,religion_muslim,26,0.001934119500219822,0.052032507956027985,0.007461825385689735,0.9385715471580625
3234,religion_muslim,27,0.003367725759744644,0.06018589437007904,0.011325513012707233,0.9251208668574691
3234,religion_muslim,28,0.0025839884765446186,0.060731191188097,0.010509270243346691,0.9261755500920117
3234,religion_muslim,29,0.0038098415825515985,0.04769781976938248,0.013201767578721046,0.9352905710693449
3234,religion_muslim,30,0.00547080859541893,0.08666075766086578,0.028785448521375656,0.8790829852223396
3234,religion_muslim,31,0.0033253668807446957,0.041806451976299286,0.023291196674108505,0.9315769844688475
1560,baseline,0,,0.24043156206607819,,
1560,baseline,1,,0.09483622014522552,,
1560,baseline,2,,0.04280192777514458,,
1560,baseline,3,,0.07437849044799805,,
1560,baseline,4,,0.11731600761413574,,
1560,baseline,5,,0.14273007214069366,,
1560,baseline,6,,0.1327151656150818,,
1560,baseline,7,,0.237877756357193,,
1560,baseline,8,,0.17999447882175446,,
1560,baseline,9,,0.26190462708473206,,
1560,baseline,10,,0.24042357504367828,,
1560,baseline,11,,0.28712862730026245,,
1560,baseline,12,,0.30313801765441895,,
1560,baseline,13,,0.40509599447250366,,
1560,baseline,14,,0.4015001654624939,,
1560,baseline,15,,0.30483344197273254,,
1560,baseline,16,,0.23185037076473236,,
1560,baseline,17,,0.2631646990776062,,
1560,baseline,18,,0.21744777262210846,,
1560,baseline,19,,0.18082788586616516,,
1560,baseline,20,,0.2014763057231903,,
1560,baseline,21,,0.11221350729465485,,
1560,baseline,22,,0.203222393989563,,
1560,baseline,23,,0.10267958045005798,,
1560,baseline,24,,0.08552634716033936,,
1560,baseline,25,,0.04723355919122696,,
1560,baseline,26,,0.06254161894321442,,
1560,baseline,27,,0.0856134369969368,,
1560,baseline,28,,0.0625109076499939,,
1560,baseline,29,,0.054086655378341675,,
1560,baseline,30,,0.12212206423282623,,
1560,baseline,31,,0.05122753977775574,,
1560,gender_man,0,0.024261474609375,0.23659318685531616,,
1560,gender_man,1,0.012505542486906052,0.09294304251670837,,
1560,gender_man,2,0.021463830024003983,0.043240249156951904,,
1560,gender_man,3,0.010863205417990685,0.07342356443405151,,
1560,gender_man,4,0.016141317784786224,0.10993827879428864,,
1560,gender_man,5,0.032038792967796326,0.1355501413345337,,
1560,gender_man,6,0.028467699885368347,0.12034820020198822,,
1560,gender_man,7,0.026326177641749382,0.22216954827308655,,
1560,gender_man,8,0.0333954393863678,0.18958723545074463,,
1560,gender_man,9,0.018832288682460785,0.2526904046535492,,
1560,gender_man,10,0.02203679084777832,0.25679928064346313,,
1560,gender_man,11,0.018276333808898926,0.2697979509830475,,
1560,gender_man,12,0.01338675245642662,0.2994877099990845,,
1560,gender_man,13,0.016547756269574165,0.378073513507843,,
1560,gender_man,14,0.009253453463315964,0.396064817905426,,
1560,gender_man,15,0.007668556645512581,0.3059360980987549,,
1560,gender_man,16,0.008025793358683586,0.238069549202919,,
1560,gender_man,17,0.006486676633358002,0.2779657542705536,,
1560,gender_man,18,0.00832097977399826,0.21306267380714417,,
1560,gender_man,19,0.0035379864275455475,0.17579971253871918,,
1560,gender_man,20,0.0054747434332966805,0.1965349018573761,,
1560,gender_man,21,0.004953431431204081,0.10716211050748825,,
1560,gender_man,22,0.004221795126795769,0.19651927053928375,,
1560,gender_man,23,0.0036769602447748184,0.09924154728651047,,
1560,gender_man,24,0.0017797723412513733,0.08531317859888077,,
1560,gender_man,25,0.0016120902728289366,0.04270653426647186,,
1560,gender_man,26,0.0026314605493098497,0.06452900171279907,,
1560,gender_man,27,0.003086624899879098,0.08236382156610489,,
1560,gender_man,28,0.0024122789036482573,0.06566102802753448,,
1560,gender_man,29,0.0033409353345632553,0.05570533499121666,,
1560,gender_man,30,0.005400761961936951,0.11881447583436966,,
1560,gender_man,31,0.003687239484861493,0.05301297828555107,,
1560,gender_woman,0,0.024572283029556274,0.23649758100509644,,
1560,gender_woman,1,0.012579784728586674,0.0930556058883667,,
1560,gender_woman,2,0.021957948803901672,0.04308604076504707,,
1560,gender_woman,3,0.01054493896663189,0.0727284774184227,,
1560,gender_woman,4,0.017651434987783432,0.1113293245434761,,
1560,gender_woman,5,0.03310501575469971,0.1366448700428009,,
1560,gender_woman,6,0.029390335083007812,0.1208680123090744,,
1560,gender_woman,7,0.026018910109996796,0.22287870943546295,,
1560,gender_woman,8,0.03693553805351257,0.19195714592933655,,
1560,gender_woman,9,0.021138682961463928,0.25558316707611084,,
1560,gender_woman,10,0.0224468857049942,0.252511590719223,,
1560,gender_woman,11,0.021031901240348816,0.2680719792842865,,
1560,gender_woman,12,0.015586644411087036,0.3035808503627777,,
1560,gender_woman,13,0.0212410818785429,0.3737090528011322,,
1560,gender_woman,14,0.009949818253517151,0.3999263048171997,,
1560,gender_woman,15,0.008271884173154831,0.3102257549762726,,
1560,gender_woman,16,0.009797410108149052,0.23861408233642578,,
1560,gender_woman,17,0.0070870742201805115,0.2728695571422577,,
1560,gender_woman,18,0.008119046688079834,0.21221919357776642,,
1560,gender_woman,19,0.0035790186375379562,0.1737876683473587,,
1560,gender_woman,20,0.004981574602425098,0.19530746340751648,,
1560,gender_woman,21,0.004230122547596693,0.1074986457824707,,
1560,gender_woman,22,0.0036688800901174545,0.1972092092037201,,
1560,gender_woman,23,0.0037469547241926193,0.09980785101652145,,
1560,gender_woman,24,0.0018442533910274506,0.08761254698038101,,
1560,gender_woman,25,0.0015000940766185522,0.04365207999944687,,
1560,gender_woman,26,0.0027706711553037167,0.06666570901870728,,
1560,gender_woman,27,0.0031600166112184525,0.08464901149272919,,
1560,gender_woman,28,0.0022001522593200207,0.06886168569326401,,
1560,gender_woman,29,0.003135147737339139,0.05832169950008392,,
1560,gender_woman,30,0.0054449662566185,0.12249781936407089,,
1560,gender_woman,31,0.0036885489244014025,0.05547946318984032,,
1560,region_western_europe,0,0.030563335865736008,0.23586277663707733,,
1560,region_western_europe,1,0.012823528610169888,0.09217118471860886,,
1560,region_western_europe,2,0.02326294220983982,0.042692843824625015,,
1560,region_western_europe,3,0.013357328251004219,0.0718662366271019,,
1560,region_western_europe,4,0.019287249073386192,0.11087600886821747,,
1560,region_western_europe,5,0.030474873259663582,0.13412895798683167,,
1560,region_western_europe,6,0.029514119029045105,0.12062875926494598,,
1560,region_western_europe,7,0.03133305162191391,0.21952055394649506,,
1560,region_western_europe,8,0.04350454360246658,0.18555623292922974,,
1560,region_western_europe,9,0.027478579431772232,0.2514236569404602,,
1560,region_western_europe,10,0.031567417085170746,0.24605819582939148,,
1560,region_western_europe,11,0.029111690819263458,0.2572796046733856,,
1560,region_western_europe,12,0.02174738049507141,0.2923530340194702,,
1560,region_western_europe,13,0.02016255259513855,0.3690677583217621,,
1560,region_western_europe,14,0.014048481360077858,0.40407082438468933,,
1560,region_western_europe,15,0.009432340040802956,0.31632038950920105,,
1560,region_western_europe,16,0.010361852124333382,0.23974904417991638,,
1560,region_western_europe,17,0.008427925407886505,0.27212294936180115,,
1560,region_western_europe,18,0.00926298275589943,0.2111215591430664,,
1560,region_western_europe,19,0.004119991324841976,0.16683471202850342,,
1560,region_western_europe,20,0.0054205311462283134,0.19816988706588745,,
1560,region_western_europe,21,0.005347294267266989,0.1060151681303978,,
1560,region_western_europe,22,0.005376000888645649,0.18861539661884308,,
1560,region_western_europe,23,0.004492562264204025,0.09657668322324753,,
1560,region_western_europe,24,0.0031791359651833773,0.08429018408060074,,
1560,region_western_europe,25,0.0021462924778461456,0.04278843104839325,,
1560,region_western_europe,26,0.004647986497730017,0.06941953301429749,,
1560,region_western_europe,27,0.004156492184847593,0.08299268782138824,,
1560,region_western_europe,28,0.0034402741584926844,0.07209854573011398,,
1560,region_western_europe,29,0.004488077014684677,0.060425739735364914,,
1560,region_western_europe,30,0.0076511576771736145,0.12397555261850357,,
1560,region_western_europe,31,0.005862872581928968,0.0533125177025795,,
1560,region_arab_culture,0,0.03641121834516525,0.23485764861106873,,
1560,region_arab_culture,1,0.015002456493675709,0.09075149893760681,,
1560,region_arab_culture,2,0.02463844045996666,0.042128417640924454,,
1560,region_arab_culture,3,0.014925643801689148,0.07123403251171112,,
1560,region_arab_culture,4,0.021687841042876244,0.11219217628240585,,
1560,region_arab_culture,5,0.03452874720096588,0.1317417025566101,,
1560,region_arab_culture,6,0.03354962170124054,0.11875072121620178,,
1560,region_arab_culture,7,0.03437317535281181,0.21777625381946564,,
1560,region_arab_culture,8,0.05086778104305267,0.1833953559398651,,
1560,region_arab_culture,9,0.03180290758609772,0.24989467859268188,,
1560,region_arab_culture,10,0.03624595329165459,0.24528521299362183,,
1560,region_arab_culture,11,0.03747834637761116,0.2409297525882721,,
1560,region_arab_culture,12,0.02967810072004795,0.2787855863571167,,
1560,region_arab_culture,13,0.04127195104956627,0.3370939791202545,,
1560,region_arab_culture,14,0.020057300105690956,0.3985939025878906,,
1560,region_arab_culture,15,0.012971966527402401,0.29012271761894226,,
1560,region_arab_culture,16,0.017932629212737083,0.23054778575897217,,
1560,region_arab_culture,17,0.015482984483242035,0.26704153418540955,,
1560,region_arab_culture,18,0.016825459897518158,0.19754667580127716,,
1560,region_arab_culture,19,0.0074889082461595535,0.16233518719673157,,
1560,region_arab_culture,20,0.008292810060083866,0.1986522674560547,,
1560,region_arab_culture,21,0.007779967971146107,0.1051536574959755,,
1560,region_arab_culture,22,0.00643157958984375,0.15697531402111053,,
1560,region_arab_culture,23,0.0055878423154354095,0.08206271380186081,,
1560,region_arab_culture,24,0.005182524677366018,0.08041775226593018,,
1560,region_arab_culture,25,0.0025539263151586056,0.03395121544599533,,
1560,region_arab_culture,26,0.0057944320142269135,0.07043676823377609,,
1560,region_arab_culture,27,0.006539629772305489,0.08187852799892426,,
1560,region_arab_culture,28,0.005037655122578144,0.07868360728025436,,
1560,region_arab_culture,29,0.007896729744970798,0.0681866705417633,,
1560,region_arab_culture,30,0.014053316786885262,0.11864360421895981,,
1560,region_arab_culture,31,0.006921010557562113,0.05143554136157036,,
1560,religion_christian,0,0.020222680643200874,0.23722824454307556,,
1560,religion_christian,1,0.01086578331887722,0.09390461444854736,,
1560,religion_christian,2,0.019974367693066597,0.0415445975959301,,
1560,religion_christian,3,0.009996787644922733,0.07153146713972092,,
1560,religion_christian,4,0.020619509741663933,0.11318346858024597,,
1560,religion_christian,5,0.03169243037700653,0.1359757035970688,,
1560,religion_christian,6,0.03426513075828552,0.11976466327905655,,
1560,religion_christian,7,0.027214085683226585,0.2149290144443512,,
1560,religion_christian,8,0.039903730154037476,0.18435026705265045,,
1560,religion_christian,9,0.02060401439666748,0.2475127875804901,,
1560,religion_christian,10,0.021898292005062103,0.2584120035171509,,
1560,religion_christian,11,0.017012715339660645,0.2606791853904724,,
1560,religion_christian,12,0.014154814183712006,0.29920825362205505,,
1560,religion_christian,13,0.015339449048042297,0.37330809235572815,,
1560,religion_christian,14,0.007817905396223068,0.4085865914821625,,
1560,religion_christian,15,0.0075959088280797005,0.3138287365436554,,
1560,religion_christian,16,0.008022136986255646,0.2359563708305359,,
1560,religion_christian,17,0.006154969334602356,0.26960647106170654,,
1560,religion_christian,18,0.005745592527091503,0.20847851037979126,,
1560,religion_christian,19,0.003851141780614853,0.17691388726234436,,
1560,religion_christian,20,0.005636630579829216,0.1915726214647293,,
1560,religion_christian,21,0.0035219253040850163,0.10617932677268982,,
1560,religion_christian,22,0.003658141940832138,0.19662630558013916,,
1560,religion_christian,23,0.003220135346055031,0.09976082295179367,,
1560,religion_christian,24,0.0015964135527610779,0.08411300927400589,,
1560,religion_christian,25,0.0013158457586541772,0.041623130440711975,,
1560,religion_christian,26,0.00297762593254447,0.06558412313461304,,
1560,religion_christian,27,0.003928493708372116,0.08042898774147034,,
1560,religion_christian,28,0.0027223278302699327,0.0684729516506195,,
1560,religion_christian,29,0.004824336618185043,0.056511033326387405,,
1560,religion_christian,30,0.0074339136481285095,0.11696706712245941,,
1560,religion_christian,31,0.005696105770766735,0.051638856530189514,,
1560,religion_muslim,0,0.022281041368842125,0.23656794428825378,,
1560,religion_muslim,1,0.01058715209364891,0.09426948428153992,,
1560,religion_muslim,2,0.020629722625017166,0.04180624708533287,,
1560,religion_muslim,3,0.012397311627864838,0.07232065498828888,,
1560,religion_muslim,4,0.01768648810684681,0.11096658557653427,,
1560,religion_muslim,5,0.02851792797446251,0.13492482900619507,,
1560,religion_muslim,6,0.031310468912124634,0.12064951658248901,,
1560,religion_muslim,7,0.027757853269577026,0.21394413709640503,,
1560,religion_muslim,8,0.044317781925201416,0.17651189863681793,,
1560,religion_muslim,9,0.025837808847427368,0.23996368050575256,,
1560,religion_muslim,10,0.03490126132965088,0.23668161034584045,,
1560,religion_muslim,11,0.028345197439193726,0.2472488135099411,,
1560,religion_muslim,12,0.02168918401002884,0.2873361110687256,,
1560,religion_muslim,13,0.03516477346420288,0.3408887982368469,,
1560,religion_muslim,14,0.014363718219101429,0.39993155002593994,,
1560,religion_muslim,15,0.007843555882573128,0.28909844160079956,,
1560,religion_muslim,16,0.014827802777290344,0.2130306512117386,,
1560,religion_muslim,17,0.011423364281654358,0.24570947885513306,,
1560,religion_muslim,18,0.009069819003343582,0.18330255150794983,,
1560,religion_muslim,19,0.005574503913521767,0.15730752050876617,,
1560,religion_muslim,20,0.006595137529075146,0.17809627950191498,,
1560,religion_muslim,21,0.00521273585036397,0.08972594887018204,,
1560,religion_muslim,22,0.004298768937587738,0.16224902868270874,,
1560,religion_muslim,23,0.0032537709921598434,0.08700326830148697,,
1560,religion_muslim,24,0.002938944846391678,0.07867516577243805,,
1560,religion_muslim,25,0.00195785379037261,0.035189077258110046,,
1560,religion_muslim,26,0.0031784866005182266,0.061597712337970734,,
1560,religion_muslim,27,0.005049293860793114,0.07224220037460327,,
1560,religion_muslim,28,0.003169141011312604,0.06674713641405106,,
1560,religion_muslim,29,0.005700314417481422,0.05514516681432724,,
1560,religion_muslim,30,0.007539801299571991,0.09973088651895523,,
1560,religion_muslim,31,0.006262198090553284,0.047531794756650925,,
3909,baseline,0,,0.21994729340076447,0.24152451753616333,0.5385281890630722
3909,baseline,1,,0.0803677886724472,0.04351184889674187,0.8761203624308109
3909,baseline,2,,0.04199925810098648,0.023275325074791908,0.9347254168242216
3909,baseline,3,,0.060615524649620056,0.025953613221645355,0.9134308621287346
3909,baseline,4,,0.10152804851531982,0.036397580057382584,0.8620743714272976
3909,baseline,5,,0.1344248354434967,0.03471723198890686,0.8308579325675964
3909,baseline,6,,0.13410122692584991,0.033666420727968216,0.8322323523461819
3909,baseline,7,,0.23560307919979095,0.030117090791463852,0.7342798300087452
3909,baseline,8,,0.18942607939243317,0.0289764404296875,0.7815974801778793
3909,baseline,9,,0.25753480195999146,0.0213371142745018,0.7211280837655067
3909,baseline,10,,0.2648151218891144,0.01476472057402134,0.7204201575368643
3909,baseline,11,,0.2783752679824829,0.01945914886891842,0.7021655831485987
3909,baseline,12,,0.3484833836555481,0.016301728785037994,0.6352148875594139
3909,baseline,13,,0.4590228796005249,0.013082152232527733,0.5278949681669474
3909,baseline,14,,0.4422541558742523,0.014651806093752384,0.5430940380319953
3909,baseline,15,,0.26091092824935913,0.006015095394104719,0.7330739763565361
3909,baseline,16,,0.2122519612312317,0.007408216129988432,0.7803398226387799
3909,baseline,17,,0.25693586468696594,0.009536061435937881,0.7335280738770962
3909,baseline,18,,0.20100268721580505,0.009114716202020645,0.7898825965821743
3909,baseline,19,,0.1760598123073578,0.01027041207998991,0.8136697756126523
3909,baseline,20,,0.17901280522346497,0.01068487111479044,0.8103023236617446
3909,baseline,21,,0.11947047710418701,0.008812161162495613,0.8717173617333174
3909,baseline,22,,0.1926671862602234,0.007366331294178963,0.7999664824455976
3909,baseline,23,,0.10008293390274048,0.007494283374398947,0.8924227827228606
3909,baseline,24,,0.08082100003957748,0.00427721394225955,0.914901786018163
3909,baseline,25,,0.03374689072370529,0.003235091455280781,0.9630180178210139
3909,baseline,26,,0.05130733549594879,0.00621963944286108,0.9424730250611901
3909,baseline,27,,0.06399686634540558,0.007731684949249029,0.9282714487053454
3909,baseline,28,,0.054785244166851044,0.00803408958017826,0.9371806662529707
3909,baseline,29,,0.048493050038814545,0.010844597592949867,0.9406623523682356
3909,baseline,30,,0.09345097094774246,0.02181236632168293,0.8847366627305746
3909,baseline,31,,0.042923200875520706,0.01653464324772358,0.9405421558767557
3909,gender_man,0,0.01691419817507267,0.21720728278160095,0.23728370666503906,0.5285948123782873
3909,gender_man,1,0.010460598394274712,0.07971478998661041,0.04028550535440445,0.8695391062647104
3909,gender_man,2,0.020466208457946777,0.04302004724740982,0.0226002037525177,0.9139135405421257
3909,gender_man,3,0.009655840694904327,0.06106184422969818,0.024377722293138504,0.904904592782259
3909,gender_man,4,0.012321325950324535,0.09723179042339325,0.03202325105667114,0.8584236325696111
3909,gender_man,5,0.03225356340408325,0.12688586115837097,0.03192004933953285,0.8089405260980129
3909,gender_man,6,0.02423594892024994,0.1220039650797844,0.030944284051656723,0.822815801948309
3909,gender_man,7,0.02529767155647278,0.2144470363855362,0.029365267604589462,0.7308900244534016
3909,gender_man,8,0.033159852027893066,0.19191575050354004,0.02834153175354004,0.7465828657150269
3909,gender_man,9,0.01820988580584526,0.24907401204109192,0.023778444156050682,0.7089376579970121
3909,gender_man,10,0.022858455777168274,0.26211315393447876,0.015495272353291512,0.6995331179350615
3909,gender_man,11,0.01861816644668579,0.25782036781311035,0.02318084053695202,0.7003806252032518
3909,gender_man,12,0.011372949928045273,0.3298395872116089,0.02067539468407631,0.6381120681762695
3909,gender_man,13,0.014961093664169312,0.4329436421394348,0.017493583261966705,0.5346016809344292
3909,gender_man,14,0.012745940126478672,0.4356280565261841,0.01740878075361252,0.5342172225937247
3909,gender_man,15,0.008172761648893356,0.2621074318885803,0.006234039552509785,0.7234857669100165
3909,gender_man,16,0.007996639236807823,0.21251168847084045,0.008614890277385712,0.770876782014966
3909,gender_man,17,0.009595829993486404,0.2663519084453583,0.01156578864902258,0.7124864729121327
3909,gender_man,18,0.008327994495630264,0.1983996480703354,0.010392275638878345,0.782880081795156
3909,gender_man,19,0.005300886929035187,0.1716395914554596,0.011994156055152416,0.8110653655603528
3909,gender_man,20,0.007791483774781227,0.18338191509246826,0.011008154600858688,0.7978184465318918
3909,gender_man,21,0.005931394174695015,0.11272314935922623,0.009053810499608517,0.8722916459664702
3909,gender_man,22,0.004929773509502411,0.18813562393188477,0.007499811239540577,0.7994347913190722
3909,gender_man,23,0.003702506422996521,0.09546757489442825,0.006567778065800667,0.8942621406167746
3909,gender_man,24,0.0017084726132452488,0.0781112015247345,0.0039451345801353455,0.9162351912818849
3909,gender_man,25,0.0013997051864862442,0.03507357835769653,0.0027671647258102894,0.9607595517300069
3909,gender_man,26,0.001785476692020893,0.056691091507673264,0.005481429863721132,0.9360420019365847
3909,gender_man,27,0.0023721791803836823,0.06556878983974457,0.007268046028912067,0.9247909849509597
3909,gender_man,28,0.002403110731393099,0.06293076276779175,0.007254593539983034,0.9274115329608321
3909,gender_man,29,0.0029744193889200687,0.052217453718185425,0.009217877872288227,0.9355902490206063
3909,gender_man,30,0.0048716068267822266,0.09481419622898102,0.01807510480284691,0.8822390921413898
3909,gender_man,31,0.0023508435115218163,0.04415859282016754,0.014379791915416718,0.9391107717528939
3909,gender_woman,0,0.017233680933713913,0.21712037920951843,0.2371509075164795,0.5284950323402882
3909,gender_woman,1,0.01058350969105959,0.08004139363765717,0.040437374264001846,0.8689377224072814
3909,gender_woman,2,0.020956987515091896,0.04255961999297142,0.02233266457915306,0.9141507279127836
3909,gender_woman,3,0.009624186903238297,0.061165787279605865,0.02394220232963562,0.9052678234875202
3909,gender_woman,4,0.013385172933340073,0.09645739942789078,0.031452253460884094,0.8587051741778851
3909,gender_woman,5,0.03395196795463562,0.1260536164045334,0.031127503141760826,0.8088669124990702
3909,gender_woman,6,0.025416389107704163,0.12195874750614166,0.03011932596564293,0.8225055374205112
3909,gender_woman,7,0.02586399018764496,0.21246075630187988,0.028499243780970573,0.7331760097295046
3909,gender_woman,8,0.036894291639328,0.19133901596069336,0.028530092909932137,0.7432365994900465
3909,gender_woman,9,0.020048342645168304,0.24919575452804565,0.023711463436484337,0.7070444393903017
3909,gender_woman,10,0.023562036454677582,0.2657316327095032,0.0152099234983325,0.6954964073374867
3909,gender_woman,11,0.021795347332954407,0.2580384314060211,0.0230245441198349,0.6971416771411896
3909,gender_woman,12,0.013327926397323608,0.33231621980667114,0.02068498730659485,0.6336708664894104
3909,gender_woman,13,0.0198753010481596,0.4297163486480713,0.018663428723812103,0.531744921579957
3909,gender_woman,14,0.014967979863286018,0.4370200037956238,0.01799694262444973,0.5300150737166405
3909,gender_woman,15,0.009759694337844849,0.2642729878425598,0.006800047121942043,0.7191672706976533
3909,gender_woman,16,0.011093130335211754,0.209294855594635,0.00883877370506525,0.770773240365088
3909,gender_woman,17,0.012291397899389267,0.2637912631034851,0.011470528319478035,0.7124468106776476
3909,gender_woman,18,0.00945395976305008,0.19704046845436096,0.010841351002454758,0.7826642207801342
3909,gender_woman,19,0.005632355809211731,0.17001596093177795,0.012448553927242756,0.8119031293317676
3909,gender_woman,20,0.007671084254980087,0.18553811311721802,0.01125393621623516,0.7955368664115667
3909,gender_woman,21,0.005709536373615265,0.11194702237844467,0.009014468640089035,0.873328972607851
3909,gender_woman,22,0.004956047981977463,0.1918868124485016,0.007582437247037888,0.7955747023224831
3909,gender_woman,23,0.004172291606664658,0.09864024817943573,0.006599337328225374,0.8905881228856742
3909,gender_woman,24,0.0018697893247008324,0.07844142615795135,0.004026807378977537,0.9156619771383703
3909,gender_woman,25,0.0015002088621258736,0.03556635230779648,0.002792624058201909,0.9601408147718757
3909,gender_woman,26,0.002152421046048403,0.05672156810760498,0.005526437424123287,0.9355995734222233
3909,gender_woman,27,0.0026909522712230682,0.06726616621017456,0.007643475197255611,0.9223994063213468
3909,gender_woman,28,0.0025949478149414062,0.06460674107074738,0.007639959454536438,0.9251583516597748
3909,gender_woman,29,0.0030339148361235857,0.053300462663173676,0.009399265050888062,0.9342663574498147
3909,gender_woman,30,0.00544256716966629,0.097672238945961,0.01881730556488037,0.8780678883194923
3909,gender_woman,31,0.002441580407321453,0.04352518171072006,0.015216752886772156,0.9388164849951863
3909,region_western_europe,0,0.020855525508522987,0.21750646829605103,0.2358373999595642,0.5258006062358618
3909,region_western_europe,1,0.011008266359567642,0.0786573514342308,0.03926824778318405,0.8710661344230175
3909,region_western_europe,2,0.022747119888663292,0.042821530252695084,0.02118554338812828,0.9132458064705133
3909,region_western_europe,3,0.012269560247659683,0.061454351991415024,0.02200343832373619,0.9042726494371891
3909,region_western_europe,4,0.014923429116606712,0.09783002734184265,0.028941933065652847,0.8583046104758978
3909,region_western_europe,5,0.031207559630274773,0.12610380351543427,0.03064417466521263,0.8120444621890783
3909,region_western_europe,6,0.02679997682571411,0.1224902793765068,0.03284487873315811,0.817864865064621
3909,region_western_europe,7,0.030530035495758057,0.215725377202034,0.030573951080441475,0.7231706362217665
3909,region_western_europe,8,0.04195213317871094,0.1867043673992157,0.028878115117549896,0.7424653843045235
3909,region_western_europe,9,0.025971632450819016,0.2488209307193756,0.024088900536298752,0.7011185362935066
3909,region_western_europe,10,0.03159677982330322,0.26049596071243286,0.01577853225171566,0.6921287272125483
3909,region_western_europe,11,0.02813614532351494,0.25166380405426025,0.024842221289873123,0.6953578293323517
3909,region_western_europe,12,0.016481105238199234,0.3187464773654938,0.021170923486351967,0.643601493909955
3909,region_western_europe,13,0.0163591168820858,0.43048661947250366,0.020838487893342972,0.5323157757520676
3909,region_western_europe,14,0.014355228282511234,0.4427545368671417,0.018023591488599777,0.5248666433617473
3909,region_western_europe,15,0.009614904411137104,0.28228771686553955,0.006540750153362751,0.7015566285699606
3909,region_western_europe,16,0.00818286556750536,0.21371164917945862,0.009122746996581554,0.7689827382564545
3909,region_western_europe,17,0.008398856967687607,0.27035772800445557,0.011653034016489983,0.7095903810113668
3909,region_western_europe,18,0.007638225331902504,0.19869199395179749,0.011292850598692894,0.7823769301176071
3909,region_western_europe,19,0.005543502047657967,0.17209619283676147,0.013013790361583233,0.8093465147539973
3909,region_western_europe,20,0.00657564215362072,0.19384628534317017,0.011332076042890549,0.7882459964603186
3909,region_western_europe,21,0.005640809424221516,0.11931614577770233,0.009448608383536339,0.8655944364145398
3909,region_western_europe,22,0.005255360156297684,0.1839064210653305,0.007347745820879936,0.8034904729574919
3909,region_western_europe,23,0.0039190612733364105,0.09548691660165787,0.006269228644669056,0.8943247934803367
3909,region_western_europe,24,0.0030601415783166885,0.07783326506614685,0.003865780308842659,0.9152408130466938
3909,region_western_europe,25,0.0015457581030204892,0.03528928384184837,0.0027680881321430206,0.9603968699229881
3909,region_western_europe,26,0.0025198939256370068,0.05806797370314598,0.005288214422762394,0.9341239179484546
3909,region_western_europe,27,0.0029039913788437843,0.06524096429347992,0.007230320014059544,0.9246247243136168
3909,region_western_europe,28,0.0030904870945960283,0.06603376567363739,0.007235175929963589,0.923640571301803
3909,region_western_europe,29,0.0034648855216801167,0.052611883729696274,0.00913192331790924,0.9347913074307144
3909,region_western_europe,30,0.005286846309900284,0.09100401401519775,0.01821882650256157,0.8854903131723404
3909,region_western_europe,31,0.003268222324550152,0.04364188015460968,0.01435345970094204,0.9387364378198981
3909,region_arab_culture,0,0.02471364289522171,0.2171502709388733,0.23501011729240417,0.5231259688735008
3909,region_arab_culture,1,0.013398732990026474,0.07823368906974792,0.038700494915246964,0.8696670830249786
3909,region_arab_culture,2,0.0239272378385067,0.042602963745594025,0.0205242857336998,0.9129455126821995
3909,region_arab_culture,3,0.013536184094846249,0.06173574924468994,0.02106233686208725,0.9036657297983766
3909,region_arab_culture,4,0.016816310584545135,0.09871122241020203,0.027895350009202957,0.8565771169960499
3909,region_arab_culture,5,0.035985179245471954,0.12396101653575897,0.02774547040462494,0.8123083338141441
3909,region_arab_culture,6,0.03189794346690178,0.12131354212760925,0.0292012058198452,0.8175873085856438
3909,region_arab_culture,7,0.034580081701278687,0.21397890150547028,0.028104927390813828,0.7233360894024372
3909,region_arab_culture,8,0.04989558085799217,0.18358641862869263,0.028165023773908615,0.7383529767394066
3909,region_arab_culture,9,0.030180858448147774,0.25269126892089844,0.02380647510290146,0.6933213975280523
3909,region_arab_culture,10,0.035577088594436646,0.2576514482498169,0.015311610884964466,0.691459852270782
3909,region_arab_culture,11,0.035440392792224884,0.24608424305915833,0.022974245250225067,0.6955011188983917
3909,region_arab_culture,12,0.021212568506598473,0.32204198837280273,0.020193040370941162,0.6365524027496576
3909,region_arab_culture,13,0.029698004946112633,0.418763130903244,0.022099051624536514,0.5294398125261068
3909,region_arab_culture,14,0.020321907475590706,0.4396939277648926,0.018674027174711227,0.5213101375848055
3909,region_arab_culture,15,0.014898104593157768,0.26720553636550903,0.0070576900616288185,0.7108386689797044
3909,region_arab_culture,16,0.020876068621873856,0.20800334215164185,0.011355355381965637,0.7597652338445187
3909,region_arab_culture,17,0.022322826087474823,0.26302921772003174,0.015334676019847393,0.699313280172646
3909,region_arab_culture,18,0.015925897285342216,0.18076983094215393,0.01670907437801361,0.7865951973944902
3909,region_arab_culture,19,0.009928291663527489,0.1580672264099121,0.018170494586229324,0.8138339873403311
3909,region_arab_culture,20,0.009854085743427277,0.2038857787847519,0.015705719590187073,0.7705544158816338
3909,region_arab_culture,21,0.008681217208504677,0.098656564950943,0.010466748848557472,0.8821954689919949
3909,region_arab_culture,22,0.00739684421569109,0.15918642282485962,0.00888973567634821,0.8245269972831011
3909,region_arab_culture,23,0.005689356010407209,0.0882081612944603,0.007740742992609739,0.8983617397025228
3909,region_arab_culture,24,0.005815325770527124,0.08035573363304138,0.00538509339094162,0.9084438472054899
3909,region_arab_culture,25,0.0023804777301847935,0.03325594216585159,0.0035743145272135735,0.96078926557675
3909,region_arab_culture,26,0.005195555742830038,0.06489210575819016,0.008390786126255989,0.9215215523727238
3909,region_arab_culture,27,0.005952100269496441,0.07031384110450745,0.011482084169983864,0.9122519744560122
3909,region_arab_culture,28,0.005408699158579111,0.08189736306667328,0.010644029825925827,0.9020499079488218
3909,region_arab_culture,29,0.007220398169010878,0.06649690121412277,0.013445289805531502,0.9128374108113348
3909,region_arab_culture,30,0.011834785342216492,0.10062459111213684,0.02877390757203102,0.8587667159736156
3909,region_arab_culture,31,0.005824865773320198,0.05102452635765076,0.02058723196387291,0.9225633759051561
3909,religion_christian,0,0.014470880851149559,0.21793055534362793,0.2376154512166977,0.5299831125885248
3909,religion_christian,1,0.009332029148936272,0.08009591698646545,0.04125814512372017,0.8693139087408781
3909,religion_christian,2,0.019216058775782585,0.04105013236403465,0.02174384705722332,0.9179899618029594
3909,religion_christian,3,0.009592007845640182,0.05989893525838852,0.024288054555654526,0.9062210023403168
3909,religion_christian,4,0.016107361763715744,0.09728477895259857,0.030703144147992134,0.8559047151356936
3909,religion_christian,5,0.03109584003686905,0.12582001090049744,0.03028295934200287,0.8128011897206306
3909,religion_christian,6,0.030431300401687622,0.11935698240995407,0.029182380065321922,0.8210293371230364
3909,religion_christian,7,0.0286576971411705,0.2051917314529419,0.028939688578248024,0.7372108828276396
3909,religion_christian,8,0.037394046783447266,0.1832912564277649,0.02968025580048561,0.7496344409883022
3909,religion_christian,9,0.01830720528960228,0.24208976328372955,0.02595745027065277,0.7136455811560154
3909,religion_christian,10,0.021421164274215698,0.267234206199646,0.018822168931365013,0.6925224605947733
3909,religion_christian,11,0.01616867631673813,0.2567186653614044,0.024933964014053345,0.7021786943078041
3909,religion_christian,12,0.010517247021198273,0.3308185935020447,0.02001171000301838,0.6386524494737387
3909,religion_christian,13,0.011437940411269665,0.4246438145637512,0.019116880372166634,0.5448013646528125
3909,religion_christian,14,0.008850524201989174,0.4465574622154236,0.017973441630601883,0.5266185719519854
3909,religion_christian,15,0.0071210069581866264,0.2759518623352051,0.006251128390431404,0.7106760023161769
3909,religion_christian,16,0.007252905517816544,0.21273350715637207,0.00865236483514309,0.7713612224906683
3909,religion_christian,17,0.008647989481687546,0.26481354236602783,0.011295663192868233,0.7152428049594164
3909,religion_christian,18,0.005074219778180122,0.19323860108852386,0.010285476222634315,0.7914017029106617
3909,religion_christian,19,0.005533728748559952,0.17189140617847443,0.01257319189608097,0.8100016731768847
3909,religion_christian,20,0.0078356321901083,0.18404170870780945,0.011393059976398945,0.7967295991256833
3909,religion_christian,21,0.0039019733667373657,0.11210601031780243,0.009139135479927063,0.8748528808355331
3909,religion_christian,22,0.004437379539012909,0.18444183468818665,0.007760930340737104,0.8033598554320633
3909,religion_christian,23,0.003512434661388397,0.09344322979450226,0.006639307830482721,0.8964050277136266
3909,religion_christian,24,0.002055073156952858,0.0774659514427185,0.00391322560608387,0.9165657497942448
3909,religion_christian,25,0.0013875393196940422,0.03338748961687088,0.00286899134516716,0.9623559797182679
3909,religion_christian,26,0.002111826092004776,0.05403483659029007,0.005652346648275852,0.9382009906694293
3909,religion_christian,27,0.003374313935637474,0.06240246072411537,0.007397566922008991,0.9268256584182382
3909,religion_christian,28,0.0025859929155558348,0.06282170116901398,0.007585087791085243,0.927007218124345
3909,religion_christian,29,0.004195936489850283,0.050736743956804276,0.009858665056526661,0.9352086544968188
3909,religion_christian,30,0.00852193683385849,0.0913209542632103,0.019208049401640892,0.8809490595012903
3909,religion_christian,31,0.0036013787612318993,0.04257762432098389,0.014084454625844955,0.9397365422919393
3909,religion_muslim,0,0.015725847333669662,0.21766304969787598,0.23698042333126068,0.5296306796371937
3909,religion_muslim,1,0.008912534452974796,0.07991284132003784,0.040862008929252625,0.8703126152977347
3909,religion_muslim,2,0.019860655069351196,0.04170467332005501,0.022466382011771202,0.9159682895988226
3909,religion_muslim,3,0.011197121813893318,0.059885770082473755,0.023889467120170593,0.9050276409834623
3909,religion_muslim,4,0.013183210976421833,0.09635870158672333,0.02979409135878086,0.860663996078074
3909,religion_muslim,5,0.02813178300857544,0.12449357658624649,0.0293489508330822,0.8180256895720959
3909,religion_muslim,6,0.02798590064048767,0.12226199358701706,0.027688950300216675,0.8220631554722786
3909,religion_muslim,7,0.029183343052864075,0.20501695573329926,0.027118362486362457,0.7386813387274742
3909,religion_muslim,8,0.04323357343673706,0.17738066613674164,0.029869195073843002,0.7495165653526783
3909,religion_muslim,9,0.023925218731164932,0.23707349598407745,0.025874406099319458,0.7131268791854382
3909,religion_muslim,10,0.03557789325714111,0.2567882835865021,0.017200667411088943,0.6904331557452679
3909,religion_muslim,11,0.029072225093841553,0.24719911813735962,0.023452837020158768,0.7002758197486401
3909,religion_muslim,12,0.017543911933898926,0.32479697465896606,0.02090434357523918,0.6367547698318958
3909,religion_muslim,13,0.02861737832427025,0.41659966111183167,0.019353166222572327,0.5354297943413258
3909,religion_muslim,14,0.014601794071495533,0.4446447491645813,0.01634262688457966,0.5244108298793435
3909,religion_muslim,15,0.008595272898674011,0.2684810161590576,0.006345593836158514,0.7165781171061099
3909,religion_muslim,16,0.016771048307418823,0.1982172727584839,0.009209100157022476,0.7758025787770748
3909,religion_muslim,17,0.017555847764015198,0.24975188076496124,0.011673055589199066,0.7210192158818245
3909,religion_muslim,18,0.008741684257984161,0.18243369460105896,0.012209272012114525,0.7966153491288424
3909,religion_muslim,19,0.007650516927242279,0.1578041911125183,0.014705996960401535,0.8198392949998379
3909,religion_muslim,20,0.007789945229887962,0.18349935114383698,0.012395242229104042,0.796315461397171
3909,religion_muslim,21,0.005646861158311367,0.09932851046323776,0.00859017577022314,0.8864344526082277
3909,religion_muslim,22,0.005128219723701477,0.16589485108852386,0.0076474957168102264,0.8213294334709644
3909,religion_muslim,23,0.0031130164861679077,0.08934038132429123,0.00614959979429841,0.9013970023952425
3909,religion_muslim,24,0.003485696855932474,0.07740186154842377,0.004350511357188225,0.9147619302384555
3909,religion_muslim,25,0.0017309002578258514,0.032884273678064346,0.002937901299446821,0.962446924764663
3909,religion_muslim,26,0.002509145066142082,0.051794931292533875,0.006088614463806152,0.9396073091775179
3909,religion_muslim,27,0.004190828651189804,0.06557654589414597,0.008927672170102596,0.9213049532845616
3909,religion_muslim,28,0.00330851087346673,0.06732965260744095,0.008383901789784431,0.9209779347293079
3909,religion_muslim,29,0.005266787484288216,0.05435081198811531,0.01084139198064804,0.9295410085469484
3909,religion_muslim,30,0.007229577749967575,0.09221244603395462,0.022400502115488052,0.8781574741005898
3909,religion_muslim,31,0.004159575328230858,0.04448730871081352,0.018261175602674484,0.9330919403582811
3969,baseline,0,,0.2428041249513626,0.12148582935333252,0.6357100456953049
3969,baseline,1,,0.09985771030187607,0.041381414979696274,0.8587608747184277
3969,baseline,2,,0.048066601157188416,0.0207371786236763,0.9311962202191353
3969,baseline,3,,0.06837993860244751,0.030316367745399475,0.901303693652153
3969,baseline,4,,0.1238744705915451,0.04179816693067551,0.8343273624777794
3969,baseline,5,,0.1446516215801239,0.034504447132349014,0.8208439312875271
3969,baseline,6,,0.1474972516298294,0.04358353465795517,0.8089192137122154
3969,baseline,7,,0.2457563281059265,0.034742891788482666,0.7195007801055908
3969,baseline,8,,0.19765128195285797,0.03506968915462494,0.7672790288925171
3969,baseline,9,,0.26045721769332886,0.01976924017071724,0.7197735421359539
3969,baseline,10,,0.2525101900100708,0.017945585772395134,0.7295442242175341
3969,baseline,11,,0.2833637595176697,0.025544198229908943,0.6910920422524214
3969,baseline,12,,0.31437891721725464,0.038460977375507355,0.647160105407238
3969,baseline,13,,0.42018675804138184,0.039617765694856644,0.5401954762637615
3969,baseline,14,,0.4355652928352356,0.027591709047555923,0.5368429981172085
3969,baseline,15,,0.305379718542099,0.01685759797692299,0.677762683480978
3969,baseline,16,,0.22229868173599243,0.01888357661664486,0.7588177416473627
3969,baseline,17,,0.26885008811950684,0.01581713929772377,0.7153327725827694
3969,baseline,18,,0.21582180261611938,0.018746957182884216,0.7654312402009964
3969,baseline,19,,0.1706315129995346,0.012317599728703499,0.8170508872717619
3969,baseline,20,,0.1934880018234253,0.009832925163209438,0.7966790730133653
3969,baseline,21,,0.11155538260936737,0.007165849208831787,0.8812787681818008
3969,baseline,22,,0.2152453511953354,0.008038410916924477,0.7767162378877401
3969,baseline,23,,0.10846085846424103,0.006112332455813885,0.8854268090799451
3969,baseline,24,,0.08848369121551514,0.004953040741384029,0.9065632680431008
3969,baseline,25,,0.039018139243125916,0.004074756521731615,0.9569071042351425
3969,baseline,26,,0.059199023991823196,0.007293819449841976,0.9335071565583348
3969,baseline,27,,0.08476334065198898,0.009403586387634277,0.9058330729603767
3969,baseline,28,,0.0679163932800293,0.0110629852861166,0.9210206214338541
3969,baseline,29,,0.05708013474941254,0.015994584187865257,0.9269252810627222
3969,baseline,30,,0.12471137195825577,0.026091061532497406,0.8491975665092468
3969,baseline,31,,0.05528992787003517,0.03442251682281494,0.9102875553071499
3969,gender_man,0,0.033631183207035065,0.23702269792556763,0.11868785321712494,0.6106582656502724
3969,gender_man,1,0.012869018130004406,0.09804130345582962,0.040341123938560486,0.8487485544756055
3969,gender_man,2,0.025001244619488716,0.04847440496087074,0.020474620163440704,0.9060497302561998
3969,gender_man,3,0.01080736517906189,0.06711353361606598,0.031083188951015472,0.8909959122538567
3969,gender_man,4,0.01891426369547844,0.11235800385475159,0.037707023322582245,0.8310207091271877
3969,gender_man,5,0.03841935843229294,0.13712845742702484,0.030858129262924194,0.793594054877758
3969,gender_man,6,0.03213411569595337,0.12823158502578735,0.03665947914123535,0.8029748201370239
3969,gender_man,7,0.031115509569644928,0.2252347469329834,0.03379334881901741,0.7098563946783543
3969,gender_man,8,0.037663668394088745,0.20718301832675934,0.03252556920051575,0.7226277440786362
3969,gender_man,9,0.021541360765695572,0.2561374008655548,0.0206275824457407,0.7016936559230089
3969,gender_man,10,0.02671469748020172,0.26774153113365173,0.016374053433537483,0.6891697179526091
3969,gender_man,11,0.02046617865562439,0.2674407362937927,0.024765782058238983,0.6873273029923439
3969,gender_man,12,0.015628710389137268,0.3067030906677246,0.04439347982406616,0.633274719119072
3969,gender_man,13,0.019976075738668442,0.39432036876678467,0.051629889756441116,0.5340736657381058
3969,gender_man,14,0.012585490010678768,0.4426259994506836,0.029650628566741943,0.5151378819718957
3969,gender_man,15,0.0084298737347126,0.3098936676979065,0.01771743968129158,0.6639590188860893
3969,gender_man,16,0.007524529471993446,0.23200446367263794,0.019512193277478218,0.7409588135778904
3969,gender_man,17,0.007218465209007263,0.28534603118896484,0.01615164801478386,0.691283855587244
3969,gender_man,18,0.007069867104291916,0.20735734701156616,0.017765827476978302,0.7678069584071636
3969,gender_man,19,0.003423573449254036,0.16893307864665985,0.012211894616484642,0.8154314532876015
3969,gender_man,20,0.005520528182387352,0.19677478075027466,0.009478739462792873,0.7882259516045451
3969,gender_man,21,0.004704970400780439,0.10946764796972275,0.0072661880403757095,0.8785611935891211
3969,gender_man,22,0.004047125577926636,0.203762024641037,0.008401786908507347,0.783789062872529
3969,gender_man,23,0.003087040036916733,0.10476595163345337,0.0068184491246938705,0.885328559204936
3969,gender_man,24,0.001943732611835003,0.09235601127147675,0.00558476522564888,0.9001154908910394
3969,gender_man,25,0.0013147122226655483,0.04261615127325058,0.004390315152704716,0.9516788213513792
3969,gender_man,26,0.0023190975189208984,0.06619345396757126,0.008164060302078724,0.9233233882114291
3969,gender_man,27,0.003174412064254284,0.08337584882974625,0.010424637235701084,0.9030251018702984
3969,gender_man,28,0.0028154770843684673,0.07515758275985718,0.013003276661038399,0.909023663494736
3969,gender_man,29,0.003578710835427046,0.06296944618225098,0.017352670431137085,0.9160991725511849
3969,gender_man,30,0.005609586834907532,0.1258522868156433,0.029720179736614227,0.8388179466128349
3969,gender_man,31,0.004536566790193319,0.05675875395536423,0.03738602623343468,0.9013186530210078
3969,gender_woman,0,0.03404515981674194,0.2368716299533844,0.11862148344516754,0.6104617267847061
3969,gender_woman,1,0.012877844274044037,0.09732562303543091,0.04007217660546303,0.849724356085062
3969,gender_woman,2,0.025457121431827545,0.04846266657114029,0.02038838341832161,0.9056918285787106
3969,gender_woman,3,0.01089006569236517,0.06793232262134552,0.030687183141708374,0.8904904285445809
3969,gender_woman,4,0.020091522485017776,0.11195400357246399,0.03701263666152954,0.8309418372809887
3969,gender_woman,5,0.038979001343250275,0.13807813823223114,0.03063233196735382,0.7923105284571648
3969,gender_woman,6,0.032562240958213806,0.12692677974700928,0.037045836448669434,0.8034651428461075
3969,gender_woman,7,0.03062458708882332,0.22355633974075317,0.03481849282979965,0.7110005803406239
3969,gender_woman,8,0.04083794355392456,0.2081504464149475,0.03387932851910591,0.717132281512022
3969,gender_woman,9,0.023680858314037323,0.2585263252258301,0.02180517092347145,0.6959876455366611
3969,gender_woman,10,0.02680198848247528,0.263817697763443,0.018918108195066452,0.6904622055590153
3969,gender_woman,11,0.023734942078590393,0.2649751901626587,0.027568913996219635,0.6837209537625313
3969,gender_woman,12,0.017641453072428703,0.31484493613243103,0.04792564734816551,0.6195879634469748
3969,gender_woman,13,0.024516548961400986,0.38167455792427063,0.05796724185347557,0.5358416512608528
3969,gender_woman,14,0.014092937111854553,0.43883055448532104,0.03063798137009144,0.516438527032733
3969,gender_woman,15,0.00897447019815445,0.315005362033844,0.02091113291680813,0.6551090348511934
3969,gender_woman,16,0.009335295297205448,0.2335270345211029,0.021208178251981735,0.7359294919297099
3969,gender_woman,17,0.008439097553491592,0.2825092375278473,0.016926446929574013,0.6921252179890871
3969,gender_woman,18,0.007168099284172058,0.20604866743087769,0.018005400896072388,0.7687778323888779
3969,gender_woman,19,0.0036466363817453384,0.16396689414978027,0.012380444444715977,0.8200060250237584
3969,gender_woman,20,0.005307705141603947,0.1998848021030426,0.009540772065520287,0.7852667206898332
3969,gender_woman,21,0.004286677110940218,0.10964294523000717,0.007542661856859922,0.8785277158021927
3969,gender_woman,22,0.003840409219264984,0.21219071745872498,0.00841900147497654,0.7755498718470335
3969,gender_woman,23,0.003214403986930847,0.10583840310573578,0.006583312526345253,0.8843638803809881
3969,gender_woman,24,0.0019965823739767075,0.09247123450040817,0.0053524416871368885,0.9001797414384782
3969,gender_woman,25,0.001286233076825738,0.04384763911366463,0.0043419767171144485,0.9505241510923952
3969,gender_woman,26,0.0025607524439692497,0.06723155081272125,0.008573837578296661,0.9216338591650128
3969,gender_woman,27,0.003349795937538147,0.08526772260665894,0.010540393181145191,0.9008420882746577
3969,gender_woman,28,0.0027849969919770956,0.0770079717040062,0.012902671471238136,0.9073043598327786
3969,gender_woman,29,0.0035287463106215,0.0637921467423439,0.017189642414450645,0.915489464532584
3969,gender_woman,30,0.006062179803848267,0.13107794523239136,0.02933725342154503,0.8335226215422153
3969,gender_woman,31,0.004458027426153421,0.05697113275527954,0.036110538989305496,0.9024603008292615
3969,region_western_europe,0,0.04001682251691818,0.2374032884836197,0.1183273196220398,0.6042525693774223
3969,region_western_europe,1,0.013482999987900257,0.09543880075216293,0.03952755779027939,0.8515506414696574
3969,region_western_europe,2,0.026533685624599457,0.04668743163347244,0.01963992789387703,0.9071389548480511
3969,region_western_europe,3,0.01352760847657919,0.06752581894397736,0.029476238414645195,0.8894703341647983
3969,region_western_europe,4,0.022433951497077942,0.11587625741958618,0.03803221881389618,0.8236575722694397
3969,region_western_europe,5,0.03630150109529495,0.1380341798067093,0.03175772726535797,0.7939065918326378
3969,region_western_europe,6,0.033998753875494,0.1263827383518219,0.04128023236989975,0.7983382754027843
3969,region_western_europe,7,0.035735808312892914,0.22169414162635803,0.03662111610174179,0.7059489339590073
3969,region_western_europe,8,0.050646647810935974,0.20065364241600037,0.03607527166604996,0.7126244381070137
3969,region_western_europe,9,0.031194612383842468,0.2554030418395996,0.02277873083949089,0.690623614937067
3969,region_western_europe,10,0.03539671376347542,0.2542266249656677,0.01832595467567444,0.6920507065951824
3969,region_western_europe,11,0.031914375722408295,0.2536092698574066,0.027226271107792854,0.6872500833123922
3969,region_western_europe,12,0.022928442806005478,0.30217111110687256,0.046232134103775024,0.6286683119833469
3969,region_western_europe,13,0.021301034837961197,0.3929847478866577,0.05217864364385605,0.533535573631525
3969,region_western_europe,14,0.016649719327688217,0.44784823060035706,0.02862875536084175,0.506873294711113
3969,region_western_europe,15,0.010161252692341805,0.32352226972579956,0.017589133232831955,0.6487273443490267
3969,region_western_europe,16,0.008719593286514282,0.23511260747909546,0.019032742828130722,0.7371350564062595
3969,region_western_europe,17,0.008323236368596554,0.2860121428966522,0.01646767184138298,0.6891969488933682
3969,region_western_europe,18,0.0073580145835876465,0.2116115391254425,0.016338422894477844,0.764692023396492
3969,region_western_europe,19,0.004452238790690899,0.16551825404167175,0.01360377948731184,0.8164257276803255
3969,region_western_europe,20,0.005878979340195656,0.1969858556985855,0.009297261014580727,0.7878379039466381
3969,region_western_europe,21,0.005051714833825827,0.11446952074766159,0.0075477189384400845,0.8729310454800725
3969,region_western_europe,22,0.005744919180870056,0.1964963674545288,0.0081394724547863,0.7896192409098148
3969,region_western_europe,23,0.003980256617069244,0.10276707261800766,0.006718525663018227,0.8865341451019049
3969,region_western_europe,24,0.0033194981515407562,0.08919169008731842,0.0054734209552407265,0.9020153908059001
3969,region_western_europe,25,0.001814488903619349,0.04170853644609451,0.004395590629428625,0.9520813840208575
3969,region_western_europe,26,0.003854735754430294,0.07058383524417877,0.008232858031988144,0.9173285709694028
3969,region_western_europe,27,0.004654194228351116,0.08507688343524933,0.010567590594291687,0.8997013317421079
3969,region_western_europe,28,0.004242363385856152,0.08346664905548096,0.013948583975434303,0.8983424035832286
3969,region_western_europe,29,0.005005791317671537,0.06591276824474335,0.018759287893772125,0.910322152543813
3969,region_western_europe,30,0.007732093334197998,0.12770774960517883,0.03230895847082138,0.8322511985898018
3969,region_western_europe,31,0.007186511997133493,0.057341042906045914,0.03986971825361252,0.8956027268432081
3969,region_arab_culture,0,0.047224342823028564,0.23647832870483398,0.11822538077831268,0.5980719476938248
3969,region_arab_culture,1,0.016553789377212524,0.09442968666553497,0.03920049965381622,0.8498160243034363
3969,region_arab_culture,2,0.027957728132605553,0.04634459316730499,0.019612597301602364,0.9060850813984871
3969,region_arab_culture,3,0.015544675290584564,0.06648726761341095,0.02952505461871624,0.8884430024772882
3969,region_arab_culture,4,0.025265570729970932,0.11642946302890778,0.03710802271962166,0.8211969435214996
3969,region_arab_culture,5,0.04143289476633072,0.13371050357818604,0.03037150204181671,0.7944850996136665
3969,region_arab_culture,6,0.04090872034430504,0.12655392289161682,0.039662349969148636,0.7928750067949295
3969,region_arab_culture,7,0.040507055819034576,0.22046755254268646,0.03508850932121277,0.7039368823170662
3969,region_arab_culture,8,0.05940648540854454,0.19828742742538452,0.035179413855075836,0.7071266733109951
3969,region_arab_culture,9,0.03792440891265869,0.25668641924858093,0.023106243461370468,0.6822829283773899
3969,region_arab_culture,10,0.04177785664796829,0.24941034615039825,0.01999858021736145,0.688813216984272
3969,region_arab_culture,11,0.04422637075185776,0.2403748631477356,0.026518918573856354,0.6888798475265503
3969,region_arab_culture,12,0.031001543626189232,0.2990114092826843,0.05046277493238449,0.619524272158742
3969,region_arab_culture,13,0.043667227029800415,0.375031977891922,0.05977820232510567,0.5215225927531719
3969,region_arab_culture,14,0.026667635887861252,0.43388986587524414,0.030936717987060547,0.5085057802498341
3969,region_arab_culture,15,0.016887947916984558,0.2944909632205963,0.0196461733430624,0.6689749155193567
3969,region_arab_culture,16,0.02362663671374321,0.22439515590667725,0.021205183118581772,0.7307730242609978
3969,region_arab_culture,17,0.02303554117679596,0.27620935440063477,0.021696865558624268,0.679058238863945
3969,region_arab_culture,18,0.019876496866345406,0.1840507686138153,0.021650193259119987,0.7744225412607193
3969,region_arab_culture,19,0.010046688839793205,0.14022108912467957,0.020573366433382034,0.8291588556021452
3969,region_arab_culture,20,0.010755185037851334,0.21073827147483826,0.013049833476543427,0.765456710010767
3969,region_arab_culture,21,0.009682619012892246,0.09696042537689209,0.00911783892661333,0.8842391166836023
3969,region_arab_culture,22,0.008431065827608109,0.15447667241096497,0.009447425603866577,0.8276448361575603
3969,region_arab_culture,23,0.005896765738725662,0.07900345325469971,0.006928291171789169,0.9081714898347855
3969,region_arab_culture,24,0.006972198840230703,0.07658766210079193,0.006843012757599354,0.909597126301378
3969,region_arab_culture,25,0.002824359107762575,0.033946841955184937,0.005380216985940933,0.9578485819511116
3969,region_arab_culture,26,0.007752087898552418,0.07435421645641327,0.01268527191132307,0.9052084237337112
3969,region_arab_culture,27,0.009018253535032272,0.08046357333660126,0.015547015704214573,0.8949711574241519
3969,region_arab_culture,28,0.00819320883601904,0.09146042168140411,0.0230837594717741,0.8772626100108027
3969,region_arab_culture,29,0.012636590749025345,0.08320533484220505,0.03499758243560791,0.8691604919731617
3969,region_arab_culture,30,0.022528253495693207,0.13747498393058777,0.05584172159433365,0.7841550409793854
3969,region_arab_culture,31,0.008471359498798847,0.05710196867585182,0.04810882359743118,0.8863178482279181
3969,religion_christian,0,0.027244605123996735,0.2382185161113739,0.11933581531047821,0.6152010634541512
3969,religion_christian,1,0.01131083071231842,0.09773869067430496,0.0403112918138504,0.8506391867995262
3969,religion_christian,2,0.02293713390827179,0.04696951434016228,0.020276930183172226,0.9098164215683937
3969,religion_christian,3,0.010194452479481697,0.06671936810016632,0.031233331188559532,0.8918528482317924
3969,religion_christian,4,0.023426607251167297,0.11588869243860245,0.036021891981363297,0.824662808328867
3969,religion_christian,5,0.03881740942597389,0.13840684294700623,0.030314356088638306,0.7924613915383816
3969,religion_christian,6,0.037519872188568115,0.12830881774425507,0.03629491105675697,0.7978763990104198
3969,religion_christian,7,0.03321419656276703,0.21389974653720856,0.03201273828744888,0.7208733186125755
3969,religion_christian,8,0.0455288290977478,0.20122532546520233,0.03242760896682739,0.7208182364702225
3969,religion_christian,9,0.02279036119580269,0.2478991448879242,0.023234497755765915,0.7060759961605072
3969,religion_christian,10,0.025953345000743866,0.2698979377746582,0.018457520753145218,0.6856911964714527
3969,religion_christian,11,0.018362820148468018,0.2585145831108093,0.026784218847751617,0.696338377892971
3969,religion_christian,12,0.01481868326663971,0.3058963418006897,0.046172574162483215,0.6331124007701874
3969,religion_christian,13,0.0157165564596653,0.3998109698295593,0.05686652287840843,0.5276059508323669
3969,religion_christian,14,0.010181516408920288,0.45239126682281494,0.030627403408288956,0.5067998133599758
3969,religion_christian,15,0.008913098834455013,0.3174937069416046,0.016087863594293594,0.6575053306296468
3969,religion_christian,16,0.008447344414889812,0.22751468420028687,0.017046574503183365,0.74699139688164
3969,religion_christian,17,0.006581328809261322,0.278633177280426,0.01486861053854227,0.6999168833717704
3969,religion_christian,18,0.004911946132779121,0.20140257477760315,0.016967646777629852,0.7767178323119879
3969,religion_christian,19,0.0038883835077285767,0.16298964619636536,0.011886621825397015,0.821235348470509
3969,religion_christian,20,0.005860037170350552,0.1940174400806427,0.009027177467942238,0.7910953452810645
3969,religion_christian,21,0.0034935688599944115,0.10712550580501556,0.00672926427796483,0.8826516610570252
3969,religion_christian,22,0.003815889358520508,0.196762815117836,0.007790541276335716,0.7916307542473078
3969,religion_christian,23,0.0028730928897857666,0.10511760413646698,0.0062057096511125565,0.8858035933226347
3969,religion_christian,24,0.0017706253565847874,0.08605131506919861,0.004960666410624981,0.9072173931635916
3969,religion_christian,25,0.001100091147236526,0.039141297340393066,0.0040679192170500755,0.9556906922953203
3969,religion_christian,26,0.002646377310156822,0.06294779479503632,0.0072637866251170635,0.9271420412696898
3969,religion_christian,27,0.004217947833240032,0.07904651761054993,0.009434281848371029,0.907301252707839
3969,religion_christian,28,0.002975666895508766,0.07625597715377808,0.012706018052995205,0.908062337897718
3969,religion_christian,29,0.00464706402271986,0.06064764782786369,0.01624378003180027,0.9184615081176162
3969,religion_christian,30,0.008133769035339355,0.12226857244968414,0.02630309946835041,0.8432945590466261
3969,religion_christian,31,0.006483197212219238,0.054845113307237625,0.03265281766653061,0.9060188718140125
3969,religion_muslim,0,0.029197916388511658,0.23777106404304504,0.11869996786117554,0.6143310517072678
3969,religion_muslim,1,0.010904192924499512,0.09772716462612152,0.040774498134851456,0.8505941443145275
3969,religion_muslim,2,0.023703955113887787,0.047001056373119354,0.02057279273867607,0.9087221957743168
3969,religion_muslim,3,0.011693556793034077,0.06636027991771698,0.03132227063179016,0.8906238926574588
3969,religion_muslim,4,0.019931461662054062,0.11286844313144684,0.035894036293029785,0.8313060589134693
3969,religion_muslim,5,0.03489859029650688,0.13618351519107819,0.03157365322113037,0.7973442412912846
3969,religion_muslim,6,0.0339411199092865,0.12716525793075562,0.03923073410987854,0.7996628880500793
3969,religion_muslim,7,0.03299529105424881,0.213081493973732,0.03128667175769806,0.7226365432143211
3969,religion_muslim,8,0.048082590103149414,0.19604064524173737,0.0338364839553833,0.7220402806997299
3969,religion_muslim,9,0.028197690844535828,0.24022996425628662,0.023278705775737762,0.7082936391234398
3969,religion_muslim,10,0.04010874032974243,0.2480711191892624,0.021664680913090706,0.6901554595679045
3969,religion_muslim,11,0.03485839068889618,0.2491498589515686,0.02952013537287712,0.6864716149866581
3969,religion_muslim,12,0.023244624957442284,0.3094753623008728,0.04875517636537552,0.6185248363763094
3969,religion_muslim,13,0.03983332961797714,0.3777230978012085,0.05756017193198204,0.5248834006488323
3969,religion_muslim,14,0.02047548070549965,0.43077415227890015,0.028716925531625748,0.5200334414839745
3969,religion_muslim,15,0.010338744148612022,0.3047617971897125,0.016963286325335503,0.66793617233634
3969,religion_muslim,16,0.016953565180301666,0.21758076548576355,0.016651570796966553,0.7488140985369682
3969,religion_muslim,17,0.013596057891845703,0.2659595310688019,0.016077451407909393,0.704366959631443
3969,religion_muslim,18,0.008712738752365112,0.19240093231201172,0.01796533353626728,0.7809209953993559
3969,religion_muslim,19,0.006418105214834213,0.1503072828054428,0.015029417350888252,0.8282451946288347
3969,religion_muslim,20,0.0074753426015377045,0.2019447237253189,0.01008862815797329,0.7804913055151701
3969,religion_muslim,21,0.005900608375668526,0.09373637288808823,0.007252657786011696,0.8931103609502316
3969,religion_muslim,22,0.004911214113235474,0.1818714141845703,0.007879182696342468,0.8053381890058517
3969,religion_muslim,23,0.003226839005947113,0.09300171583890915,0.006090112961828709,0.897681332193315
3969,religion_muslim,24,0.0036424892023205757,0.07916007936000824,0.005325412377715111,0.9118720190599561
3969,religion_muslim,25,0.002031387062743306,0.037936463952064514,0.004496550187468529,0.9555355987977237
3969,religion_muslim,26,0.003222959116101265,0.06347246468067169,0.008476829156279564,0.9248277470469475
3969,religion_muslim,27,0.005408190190792084,0.0755757987499237,0.011142726987600327,0.9078732840716839
3969,religion_muslim,28,0.004029563628137112,0.08018338680267334,0.015649903565645218,0.9001371460035443
3969,religion_muslim,29,0.0060874344781041145,0.06598340719938278,0.02134990505874157,0.9065792532637715
3969,religion_muslim,30,0.00921795517206192,0.11687637865543365,0.03190232068300247,0.842003345489502
3969,religion_muslim,31,0.007209680508822203,0.05390417203307152,0.037963010370731354,0.9009231370873749
1697,baseline,0,,0.24895207583904266,0.06173205003142357,0.6893158741295338
1697,baseline,1,,0.09992514550685883,0.015611894428730011,0.8844629600644112
1697,baseline,2,,0.04681961238384247,0.01010565273463726,0.9430747348815203
1697,baseline,3,,0.07517973333597183,0.011604471132159233,0.9132157955318689
1697,baseline,4,,0.12446944415569305,0.013956206850707531,0.8615743489935994
1697,baseline,5,,0.15144643187522888,0.013301203958690166,0.835252364166081
1697,baseline,6,,0.15805429220199585,0.012899587862193584,0.8290461199358106
1697,baseline,7,,0.2425442487001419,0.013473083265125751,0.7439826680347323
1697,baseline,8,,0.2137935757637024,0.01865917630493641,0.7675472479313612
1697,baseline,9,,0.2840588092803955,0.010632308200001717,0.7053088825196028
1697,baseline,10,,0.26475346088409424,0.007685116492211819,0.7275614226236939
1697,baseline,11,,0.3006267547607422,0.010730861686170101,0.6886423835530877
1697,baseline,12,,0.33354508876800537,0.009811337105929852,0.6566435741260648
1697,baseline,13,,0.45152392983436584,0.009484190493822098,0.5389918796718121
1697,baseline,14,,0.4483115077018738,0.008891455829143524,0.5427970364689827
1697,baseline,15,,0.3109070956707001,0.004814025945961475,0.6842788783833385
1697,baseline,16,,0.23288218677043915,0.007786919362843037,0.7593308938667178
1697,baseline,17,,0.273909330368042,0.00542850885540247,0.7206621607765555
1697,baseline,18,,0.228512242436409,0.005211571231484413,0.7662761863321066
1697,baseline,19,,0.16527435183525085,0.004824974574148655,0.8299006735906005
1697,baseline,20,,0.2491540014743805,0.005235789343714714,0.7456102091819048
1697,baseline,21,,0.10973604768514633,0.0037319078110158443,0.8865320445038378
1697,baseline,22,,0.1914248913526535,0.0015710571315139532,0.8070040515158325
1697,baseline,23,,0.09199687838554382,0.0020800777710974216,0.9059230438433588
1697,baseline,24,,0.09788523614406586,0.0016921829665079713,0.9004225808894262
1697,baseline,25,,0.058969274163246155,0.001534313429147005,0.9394964124076068
1697,baseline,26,,0.06480289250612259,0.0019564838148653507,0.9332406236790121
1697,baseline,27,,0.07533532381057739,0.003668570425361395,0.9209961057640612
1697,baseline,28,,0.07266685366630554,0.004784953314810991,0.9225481930188835
1697,baseline,29,,0.06427402049303055,0.005881250835955143,0.9298447286710143
1697,baseline,30,,0.13185469806194305,0.005581532139331102,0.8625637697987258
1697,baseline,31,,0.052522122859954834,0.009353901259601116,0.938123975880444
1697,gender_man,0,0.03472602367401123,0.24358507990837097,0.05970114842057228,0.6619877479970455
1697,gender_man,1,0.013977065682411194,0.09710023552179337,0.013956012204289436,0.874966686591506
1697,gender_man,2,0.026830140501260757,0.048056770116090775,0.009634834714233875,0.9154782546684146
1697,gender_man,3,0.012695121578872204,0.07160523533821106,0.01061825267970562,0.9050813904032111
1697,gender_man,4,0.019449733197689056,0.1139931008219719,0.011993855237960815,0.8545633107423782
1697,gender_man,5,0.04129907488822937,0.1438113898038864,0.01153869740664959,0.8033508379012346
1697,gender_man,6,0.034319162368774414,0.1365111768245697,0.011017091572284698,0.8181525692343712
1697,gender_man,7,0.03376223146915436,0.22644156217575073,0.01210935227572918,0.7276868540793657
1697,gender_man,8,0.041371822357177734,0.2200797200202942,0.016857393085956573,0.7216910645365715
1697,gender_man,9,0.02323073521256447,0.27366945147514343,0.010124536231160164,0.6929752770811319
1697,gender_man,10,0.02717466652393341,0.2744527757167816,0.006790129467844963,0.69158242829144
1697,gender_man,11,0.02280479669570923,0.28278201818466187,0.011204034090042114,0.6832091510295868
1697,gender_man,12,0.017054546624422073,0.31704914569854736,0.010985510423779488,0.6549107972532511
1697,gender_man,13,0.02160581760108471,0.40024518966674805,0.016925552859902382,0.5612234398722649
1697,gender_man,14,0.013417400419712067,0.44238346815109253,0.010807134211063385,0.533391997218132
1697,gender_man,15,0.009603399783372879,0.29759836196899414,0.005671267863363028,0.68712697038427
1697,gender_man,16,0.011395066976547241,0.23124392330646515,0.00969359464943409,0.7476674150675535
1697,gender_man,17,0.009597379714250565,0.2870628237724304,0.0060147009789943695,0.6973250955343246
1697,gender_man,18,0.009210795164108276,0.22460247576236725,0.0062645417638123035,0.7599221873097122
1697,gender_man,19,0.0037492290139198303,0.15278033912181854,0.005340289324522018,0.8381301425397396
1697,gender_man,20,0.006230592727661133,0.24678818881511688,0.005825005006045103,0.7411562134511769
1697,gender_man,21,0.00552724301815033,0.09717215597629547,0.003995091654360294,0.8933055093511939
1697,gender_man,22,0.00491749495267868,0.18831807374954224,0.00203677243553102,0.8047276588622481
1697,gender_man,23,0.004216257482767105,0.08933363109827042,0.002465429250150919,0.9039846821688116
1697,gender_man,24,0.002608036622405052,0.09943455457687378,0.002079094061627984,0.8958783147390932
1697,gender_man,25,0.0025962218642234802,0.05914895981550217,0.0018039359711110592,0.9364508823491633
1697,gender_man,26,0.0027662236243486404,0.06750047206878662,0.0022022498305886984,0.927531054476276
1697,gender_man,27,0.003664434188976884,0.0747172012925148,0.004801507107913494,0.9168168574105948
1697,gender_man,28,0.002910047769546509,0.07955712080001831,0.006606173235923052,0.9109266581945121
1697,gender_man,29,0.0050178226083517075,0.07111705839633942,0.0077657802030444145,0.9160993387922645
1697,gender_man,30,0.0064805299043655396,0.1368359625339508,0.00822594203054905,0.8484575655311346
1697,gender_man,31,0.005745195783674717,0.055967316031455994,0.01193745993077755,0.9263500282540917
1697,gender_woman,0,0.03517594188451767,0.2434270679950714,0.05960387364029884,0.6617931164801121
1697,gender_woman,1,0.01404865738004446,0.09703782945871353,0.01383696123957634,0.8750765519216657
1697,gender_woman,2,0.02709795907139778,0.04732166975736618,0.009576193988323212,0.9160041771829128
1697,gender_woman,3,0.012614459730684757,0.07153491675853729,0.010346081107854843,0.9055045424029231
1697,gender_woman,4,0.02075638622045517,0.11343954503536224,0.011421171948313713,0.8543828967958689
1697,gender_woman,5,0.042460065335035324,0.1427876055240631,0.011315003968775272,0.8034373251721263
1697,gender_woman,6,0.03573352098464966,0.13561786711215973,0.010676546953618526,0.8179720649495721
1697,gender_woman,7,0.03338361531496048,0.22305476665496826,0.01190041285008192,0.7316612051799893
1697,gender_woman,8,0.044681429862976074,0.21564841270446777,0.01614038646221161,0.7235297709703445
1697,gender_woman,9,0.02542382851243019,0.27666544914245605,0.01011240016669035,0.6877983221784234
1697,gender_woman,10,0.026963815093040466,0.27225741744041443,0.006453063804656267,0.6943257036618888
1697,gender_woman,11,0.026385128498077393,0.27891191840171814,0.010870501399040222,0.6838324517011642
1697,gender_woman,12,0.019286615774035454,0.3205547332763672,0.010335213504731655,0.6498234374448657
1697,gender_woman,13,0.02655608579516411,0.39874908328056335,0.0160076841711998,0.5586871467530727
1697,gender_woman,14,0.014301193878054619,0.4487556219100952,0.010145035572350025,0.5267981486395001
1697,gender_woman,15,0.010875336825847626,0.3064245581626892,0.0056564901024103165,0.6770436149090528
1697,gender_woman,16,0.013992625288665295,0.22896958887577057,0.009444317780435085,0.747593468055129
1697,gender_woman,17,0.012080669403076172,0.2836267352104187,0.005965029820799828,0.6983275655657053
1697,gender_woman,18,0.010500192642211914,0.22063109278678894,0.006257451605051756,0.7626112629659474
1697,gender_woman,19,0.004176730755716562,0.15026625990867615,0.005366052035242319,0.840190957300365
1697,gender_woman,20,0.0060875751078128815,0.24445496499538422,0.00564354145899415,0.7438139184378088
1697,gender_woman,21,0.005240937694907188,0.09344039857387543,0.00391453318297863,0.8974041305482388
1697,gender_woman,22,0.004759751260280609,0.19447395205497742,0.0020805825479328632,0.7986857141368091
1697,gender_woman,23,0.004576195031404495,0.09010283648967743,0.002566902432590723,0.9027540660463274
1697,gender_woman,24,0.002827230840921402,0.09842410683631897,0.0021620369516313076,0.8965866253711283
1697,gender_woman,25,0.002499534282833338,0.05867990478873253,0.001945714931935072,0.9368748459964991
1697,gender_woman,26,0.0032402966171503067,0.06817159056663513,0.0022946251556277275,0.9262934876605868
1697,gender_woman,27,0.003942405339330435,0.07681266963481903,0.0052365511655807495,0.9140083738602698
1697,gender_woman,28,0.0032693487592041492,0.08406901359558105,0.007373567204922438,0.9052880704402924
1697,gender_woman,29,0.005135270766913891,0.07457968592643738,0.008306825533509254,0.9119782177731395
1697,gender_woman,30,0.007435336709022522,0.14506009221076965,0.009056448936462402,0.8384481221437454
1697,gender_woman,31,0.005552620626986027,0.05644010752439499,0.012456171214580536,0.9255511006340384
1697,region_western_europe,0,0.04201386868953705,0.24322961270809174,0.05894047021865845,0.6558160483837128
1697,region_western_europe,1,0.01436727587133646,0.09555678814649582,0.013121265918016434,0.8769546700641513
1697,region_western_europe,2,0.029124785214662552,0.04671891778707504,0.008782222867012024,0.9153740741312504
1697,region_western_europe,3,0.015304513275623322,0.07192158699035645,0.0095003517344594,0.9032735479995608
1697,region_western_europe,4,0.0226314477622509,0.11131146550178528,0.010682378895580769,0.855374707840383
1697,region_western_europe,5,0.03993226960301399,0.14340251684188843,0.01107998751103878,0.8055852260440588
1697,region_western_europe,6,0.037042029201984406,0.13346637785434723,0.011412747204303741,0.8180788457393646
1697,region_western_europe,7,0.039244260638952255,0.22431401908397675,0.011593926697969437,0.7248477935791016
1697,region_western_europe,8,0.05696449428796768,0.21404992043972015,0.016179034486413002,0.7128065507858992
1697,region_western_europe,9,0.03329490125179291,0.2784503400325775,0.009725915268063545,0.678528843447566
1697,region_western_europe,10,0.03711815923452377,0.2647212743759155,0.006086443550884724,0.692074122838676
1697,region_western_europe,11,0.033856842666864395,0.2746613025665283,0.010584969073534012,0.6808968856930733
1697,region_western_europe,12,0.023821471258997917,0.3074915409088135,0.010141688399016857,0.6585452994331717
1697,region_western_europe,13,0.023364663124084473,0.40721386671066284,0.01658080518245697,0.5528406649827957
1697,region_western_europe,14,0.018028531223535538,0.4507404565811157,0.009778352454304695,0.521452659741044
1697,region_western_europe,15,0.011592788621783257,0.3192982077598572,0.005460712127387524,0.663648291490972
1697,region_western_europe,16,0.013466985896229744,0.23730359971523285,0.009671073406934738,0.7395583409816027
1697,region_western_europe,17,0.012255657464265823,0.281905859708786,0.005853151436895132,0.699985331390053
1697,region_western_europe,18,0.011316463351249695,0.21784746646881104,0.0058964830823242664,0.764939587097615
1697,region_western_europe,19,0.004345324821770191,0.14944668114185333,0.005290654022246599,0.8409173400141299
1697,region_western_europe,20,0.006972651928663254,0.25707703828811646,0.005478001665323973,0.7304723081178963
1697,region_western_europe,21,0.006264704279601574,0.10002300143241882,0.0040883528999984264,0.8896239413879812
1697,region_western_europe,22,0.0071855150163173676,0.18041491508483887,0.0021142063196748495,0.8102853635791689
1697,region_western_europe,23,0.0053738318383693695,0.0877203494310379,0.0027180402539670467,0.9041877784766257
1697,region_western_europe,24,0.0047194939106702805,0.10143741220235825,0.002178929978981614,0.8916641639079899
1697,region_western_europe,25,0.002978819888085127,0.054529108107089996,0.0017843092791736126,0.9407077627256513
1697,region_western_europe,26,0.005403183400630951,0.07429921627044678,0.0023127649910748005,0.9179848353378475
1697,region_western_europe,27,0.00565090449526906,0.08854527771472931,0.00519995903596282,0.9006038587540388
1697,region_western_europe,28,0.0051498436369001865,0.0918518602848053,0.007743800058960915,0.8952544960193336
1697,region_western_europe,29,0.0065238261595368385,0.07694609463214874,0.007844348438084126,0.9086857307702303
1697,region_western_europe,30,0.009121648967266083,0.13526049256324768,0.007896788418293,0.8477210700511932
1697,region_western_europe,31,0.008745692670345306,0.05680409073829651,0.012130784802138805,0.9223194317892194
1697,region_arab_culture,0,0.05132916569709778,0.24232855439186096,0.05854903161525726,0.647793248295784
1697,region_arab_culture,1,0.01709243468940258,0.0940636470913887,0.012488516047596931,0.8763554021716118
1697,region_arab_culture,2,0.030687041580677032,0.046096011996269226,0.008436525240540504,0.9147804211825132
1697,region_arab_culture,3,0.017644502222537994,0.07181142270565033,0.008856198750436306,0.9016878763213754
1697,region_arab_culture,4,0.025721456855535507,0.11480507999658585,0.010322711430490017,0.8491507517173886
1697,region_arab_culture,5,0.0456460639834404,0.1391277313232422,0.01006671879440546,0.805159485898912
1697,region_arab_culture,6,0.04402431845664978,0.1319224089384079,0.010036705061793327,0.814016567543149
1697,region_arab_culture,7,0.04344727843999863,0.2215871810913086,0.011043215170502663,0.7239223252981901
1697,region_arab_culture,8,0.06706008315086365,0.20931360125541687,0.014876755885779858,0.7087495597079396
1697,region_arab_culture,9,0.04131266474723816,0.2784103751182556,0.009018579497933388,0.6712583806365728
1697,region_arab_culture,10,0.04498458281159401,0.2621646225452423,0.006727323867380619,0.6861234707757831
1697,region_arab_culture,11,0.045314982533454895,0.2660958170890808,0.00976998545229435,0.67881921492517
1697,region_arab_culture,12,0.03181900829076767,0.31051668524742126,0.010906515643000603,0.6467577908188105
1697,region_arab_culture,13,0.051192816346883774,0.3867174983024597,0.01706567406654358,0.5450240112841129
1697,region_arab_culture,14,0.026562802493572235,0.4280889630317688,0.010056841187179089,0.5352913932874799
1697,region_arab_culture,15,0.020377101376652718,0.2827777862548828,0.005592226050794125,0.6912528863176703
1697,region_arab_culture,16,0.04678575322031975,0.19255146384239197,0.01267002522945404,0.7479927577078342
1697,region_arab_culture,17,0.037411175668239594,0.23796337842941284,0.007738261949270964,0.7168871839530766
1697,region_arab_culture,18,0.03330840915441513,0.18067604303359985,0.01021657232195139,0.7757989754900336
1697,region_arab_culture,19,0.013083581812679768,0.11651046574115753,0.008607654832303524,0.8617982976138592
1697,region_arab_culture,20,0.013840029947459698,0.2208966761827469,0.010784970596432686,0.7544783232733607
1697,region_arab_culture,21,0.011799560859799385,0.06105460599064827,0.0058878459967672825,0.9212579871527851
1697,region_arab_culture,22,0.008865905925631523,0.1339322030544281,0.00342547707259655,0.8537764139473438
1697,region_arab_culture,23,0.005528662353754044,0.05307624861598015,0.003297393210232258,0.9380976958200336
1697,region_arab_culture,24,0.00877202209085226,0.07610749453306198,0.002866556169465184,0.9122539272066206
1697,region_arab_culture,25,0.0029711967799812555,0.03027619607746601,0.0027560663875192404,0.9639965407550335
1697,region_arab_culture,26,0.010970311239361763,0.05250483751296997,0.0033643217757344246,0.9331605294719338
1697,region_arab_culture,27,0.01282312348484993,0.07583387196063995,0.006704970262944698,0.9046380342915654
1697,region_arab_culture,28,0.012116177938878536,0.07256699353456497,0.010416906327009201,0.9048999221995473
1697,region_arab_culture,29,0.01896357722580433,0.07913380861282349,0.010541614145040512,0.8913610000163317
1697,region_arab_culture,30,0.03734445571899414,0.12926556169986725,0.015976503491401672,0.8174134790897369
1697,region_arab_culture,31,0.01275021955370903,0.055386751890182495,0.02038220316171646,0.911480825394392
1697,religion_christian,0,0.028694288805127144,0.2447417676448822,0.05999995395541191,0.6665639895945787
1697,religion_christian,1,0.012563244439661503,0.09777356684207916,0.014402594417333603,0.8752605943009257
1697,religion_christian,2,0.024670004844665527,0.04600904881954193,0.009485549293458462,0.9198353970423341
1697,religion_christian,3,0.012219684198498726,0.07008709758520126,0.010382549837231636,0.9073106683790684
1697,religion_christian,4,0.023725120350718498,0.11797605454921722,0.011109398677945137,0.8471894264221191
1697,religion_christian,5,0.041006140410900116,0.1431942582130432,0.011228854767978191,0.8045707466080785
1697,religion_christian,6,0.04234245419502258,0.13506430387496948,0.01100541464984417,0.8115878272801638
1697,religion_christian,7,0.0363314226269722,0.21468502283096313,0.012647325173020363,0.7363362293690443
1697,religion_christian,8,0.04979032278060913,0.21147926151752472,0.017063269391655922,0.7216671463102102
1697,religion_christian,9,0.025177139788866043,0.26810720562934875,0.011886187829077244,0.694829466752708
1697,religion_christian,10,0.027337461709976196,0.27670568227767944,0.007870069704949856,0.6880867863073945
1697,religion_christian,11,0.02099013328552246,0.279664009809494,0.011946025304496288,0.6873998316004872
1697,religion_christian,12,0.0159730464220047,0.31832408905029297,0.010656202211976051,0.6550466623157263
1697,religion_christian,13,0.01720070093870163,0.39513346552848816,0.017525773495435715,0.5701400600373745
1697,religion_christian,14,0.010729476809501648,0.4500119388103485,0.01065827812999487,0.528600306250155
1697,religion_christian,15,0.010128539986908436,0.30794456601142883,0.005433834157884121,0.6764930598437786
1697,religion_christian,16,0.012318771332502365,0.23200681805610657,0.008913484402000904,0.7467609262093902
1697,religion_christian,17,0.009553223848342896,0.26932334899902344,0.005300435237586498,0.7158229919150472
1697,religion_christian,18,0.007149815559387207,0.2127285748720169,0.005391958635300398,0.7747296509332955
1697,religion_christian,19,0.004147188737988472,0.15267741680145264,0.0052716899663209915,0.8379037044942379
1697,religion_christian,20,0.006277669221162796,0.24108266830444336,0.0061752814799547195,0.7464643809944391
1697,religion_christian,21,0.0042104572057724,0.09228550642728806,0.0037855571135878563,0.8997184792533517
1697,religion_christian,22,0.003960087895393372,0.18791772425174713,0.001926662982441485,0.806195524870418
1697,religion_christian,23,0.0032964423298835754,0.08871972560882568,0.0023631658405065536,0.9056206662207842
1697,religion_christian,24,0.002398950979113579,0.09572666883468628,0.0018574390560388565,0.9000169411301613
1697,religion_christian,25,0.0019355739932507277,0.05651836097240448,0.0017135977977886796,0.9398324672365561
1697,religion_christian,26,0.003206329420208931,0.0658780187368393,0.0020444272086024284,0.9288712246343493
1697,religion_christian,27,0.004496622830629349,0.07189527899026871,0.004228973761200905,0.919379124417901
1697,religion_christian,28,0.0034925518557429314,0.07818019390106201,0.005903317127376795,0.9124239371158183
1697,religion_christian,29,0.006836412474513054,0.0687774270772934,0.007227725349366665,0.9171584350988269
1697,religion_christian,30,0.008397534489631653,0.12728288769721985,0.00725831463932991,0.8570612631738186
1697,religion_christian,31,0.0077434564009308815,0.05396133288741112,0.010864504612982273,0.9274307060986757
1697,religion_muslim,0,0.030823148787021637,0.24411246180534363,0.059521082788705826,0.6655433066189289
1697,religion_muslim,1,0.012039936147630215,0.09724771976470947,0.01384209655225277,0.8768702475354075
1697,religion_muslim,2,0.025450125336647034,0.046714894473552704,0.009578531607985497,0.9182564485818148
1697,religion_muslim,3,0.014065409079194069,0.07013414800167084,0.0101886335760355,0.9056118093430996
1697,religion_muslim,4,0.020585922524333,0.1162262111902237,0.010513192042708397,0.8526746742427349
1697,religion_muslim,5,0.03663266822695732,0.1407865732908249,0.01089103426784277,0.811689724214375
1697,religion_muslim,6,0.03798684477806091,0.13354362547397614,0.010464683175086975,0.818004846572876
1697,religion_muslim,7,0.03602171316742897,0.2141588181257248,0.01193615235388279,0.7378833163529634
1697,religion_muslim,8,0.0532451868057251,0.20313651859760284,0.01606626808643341,0.7275520265102386
1697,religion_muslim,9,0.0310803409665823,0.26783090829849243,0.010464384220540524,0.6906243665143847
1697,religion_muslim,10,0.041158974170684814,0.25921547412872314,0.007604560349136591,0.6920209913514555
1697,religion_muslim,11,0.035982608795166016,0.27876442670822144,0.011405115015804768,0.6738478494808078
1697,religion_muslim,12,0.02428099885582924,0.32014185190200806,0.011247804388403893,0.6443293448537588
1697,religion_muslim,13,0.03905140608549118,0.37903136014938354,0.015279373154044151,0.5666378606110811
1697,religion_muslim,14,0.018867067992687225,0.41914886236190796,0.009835372678935528,0.5521486969664693
1697,religion_muslim,15,0.011408582329750061,0.30195513367652893,0.004572827368974686,0.6820634566247463
1697,religion_muslim,16,0.02335398644208908,0.22771021723747253,0.009468380361795425,0.739467415958643
1697,religion_muslim,17,0.01851072907447815,0.254065603017807,0.005866659339517355,0.7215570085681975
1697,religion_muslim,18,0.012418046593666077,0.21632875502109528,0.0070143695920705795,0.7642388287931681
1697,religion_muslim,19,0.006199168972671032,0.14697477221488953,0.005976125132292509,0.8408499336801469
1697,religion_muslim,20,0.007243338972330093,0.24870775640010834,0.006391315720975399,0.7376575889065862
1697,religion_muslim,21,0.006128154695034027,0.08700426667928696,0.0037362058646976948,0.9031313727609813
1697,religion_muslim,22,0.0053796470165252686,0.17723627388477325,0.002643132582306862,0.8147409465163946
1697,religion_muslim,23,0.004373569041490555,0.08404169976711273,0.002987639047205448,0.9085970921441913
1697,religion_muslim,24,0.005492081865668297,0.08929438143968582,0.0029156114906072617,0.9022979252040386
1697,religion_muslim,25,0.0032496664207428694,0.053400009870529175,0.0023696552962064743,0.9409806684125215
1697,religion_muslim,26,0.004503946751356125,0.07293341308832169,0.002997569041326642,0.9195650711189955
1697,religion_muslim,27,0.006901050917804241,0.07776200771331787,0.005575751885771751,0.9097611894831061
1697,religion_muslim,28,0.005326407961547375,0.0957362949848175,0.009212655946612358,0.8897246411070228
1697,religion_muslim,29,0.009212372824549675,0.0846312865614891,0.011796962469816208,0.894359378144145
1697,religion_muslim,30,0.011391237378120422,0.13381865620613098,0.012456711381673813,0.8423333950340748
1697,religion_muslim,31,0.009380549192428589,0.05534087494015694,0.015263848006725311,0.9200147278606892
4315,baseline,0,,0.22540892660617828,0.2460818588733673,0.5285092145204544
4315,baseline,1,,0.09171484410762787,0.05549832433462143,0.8527868315577507
4315,baseline,2,,0.04245786368846893,0.020632177591323853,0.9369099587202072
4315,baseline,3,,0.06775261461734772,0.030530918389558792,0.9017164669930935
4315,baseline,4,,0.11021477729082108,0.051523372530937195,0.8382618501782417
4315,baseline,5,,0.13697537779808044,0.038793593645095825,0.8242310285568237
4315,baseline,6,,0.14686232805252075,0.045628152787685394,0.8075095191597939
4315,baseline,7,,0.23488715291023254,0.044320762157440186,0.7207920849323273
4315,baseline,8,,0.20187412202358246,0.05039531737565994,0.7477305606007576
4315,baseline,9,,0.26816362142562866,0.03303733840584755,0.6987990401685238
4315,baseline,10,,0.2569829523563385,0.02384517341852188,0.7191718742251396
4315,baseline,11,,0.28175249695777893,0.03147030621767044,0.6867771968245506
4315,baseline,12,,0.3184261918067932,0.040089596062898636,0.6414842121303082
4315,baseline,13,,0.4267784655094147,0.03270190209150314,0.5405196323990822
4315,baseline,14,,0.43560537695884705,0.03907071799039841,0.5253239050507545
4315,baseline,15,,0.30159422755241394,0.012336382642388344,0.6860693898051977
4315,baseline,16,,0.21945679187774658,0.019527636468410492,0.7610155716538429
4315,baseline,17,,0.26308465003967285,0.015035108663141727,0.7218802412971854
4315,baseline,18,,0.21078480780124664,0.016218062490224838,0.7729971297085285
4315,baseline,19,,0.1627727746963501,0.008766070008277893,0.828461155295372
4315,baseline,20,,0.2243446409702301,0.01018134318292141,0.7654740158468485
4315,baseline,21,,0.1022387444972992,0.00799572467803955,0.8897655308246613
4315,baseline,22,,0.20125646889209747,0.005908918101340532,0.792834613006562
4315,baseline,23,,0.113741934299469,0.006198068615049124,0.8800599970854819
4315,baseline,24,,0.09882745146751404,0.005109007004648447,0.8960635415278375
4315,baseline,25,,0.05831848457455635,0.004611778073012829,0.9370697373524308
4315,baseline,26,,0.06196890026330948,0.007445810828357935,0.9305852889083326
4315,baseline,27,,0.07093341648578644,0.00954459048807621,0.9195219930261374
4315,baseline,28,,0.0649467259645462,0.009733903221786022,0.9253193708136678
4315,baseline,29,,0.05426264554262161,0.011487561278045177,0.9342497931793332
4315,baseline,30,,0.12553083896636963,0.01914960891008377,0.8553195521235466
4315,baseline,31,,0.0481865257024765,0.0235879085958004,0.9282255657017231
4315,gender_man,0,0.021689211949706078,0.22091177105903625,0.2404414266347885,0.5169575903564692
4315,gender_man,1,0.011563538573682308,0.08993591368198395,0.05231424421072006,0.8461863035336137
4315,gender_man,2,0.021652190014719963,0.04343430697917938,0.019794536754488945,0.9151189662516117
4315,gender_man,3,0.009932031854987144,0.06642020493745804,0.029502693563699722,0.8941450696438551
4315,gender_man,4,0.014829009771347046,0.1014615148305893,0.04691794142127037,0.8367915339767933
4315,gender_man,5,0.033531688153743744,0.12978550791740417,0.03422941267490387,0.8024533912539482
4315,gender_man,6,0.02603834867477417,0.12720859050750732,0.04132860526442528,0.8054244555532932
4315,gender_man,7,0.028983768075704575,0.22013169527053833,0.0450301468372345,0.7058543898165226
4315,gender_man,8,0.03597643971443176,0.19956283271312714,0.048520661890506744,0.7159400656819344
4315,gender_man,9,0.018223479390144348,0.2635936737060547,0.03506407141685486,0.6831187754869461
4315,gender_man,10,0.02323729544878006,0.2612418532371521,0.02579449862241745,0.6897263526916504
4315,gender_man,11,0.01656971126794815,0.27271533012390137,0.034191571176052094,0.6765233874320984
4315,gender_man,12,0.012669559568166733,0.3097724914550781,0.04493430256843567,0.6326236464083195
4315,gender_man,13,0.015331652946770191,0.39343470335006714,0.048466213047504425,0.5427674306556582
4315,gender_man,14,0.009703867137432098,0.43590760231018066,0.04776278883218765,0.5066257417201996
4315,gender_man,15,0.00753648579120636,0.3005743622779846,0.01434332225471735,0.6775458296760917
4315,gender_man,16,0.008399189449846745,0.22608929872512817,0.023697365075349808,0.7418141467496753
4315,gender_man,17,0.0066304877400398254,0.27745670080184937,0.0180803369730711,0.6978324744850397
4315,gender_man,18,0.007044188678264618,0.21157658100128174,0.01915705017745495,0.7622221801429987
4315,gender_man,19,0.003312060609459877,0.15853311121463776,0.010491270571947098,0.8276635576039553
4315,gender_man,20,0.004667952656745911,0.22856451570987701,0.01196939405053854,0.7547981375828385
4315,gender_man,21,0.003940406255424023,0.09744207561016083,0.008701561950147152,0.889915956184268
4315,gender_man,22,0.0032789893448352814,0.2047267109155655,0.008149378001689911,0.7838449217379093
4315,gender_man,23,0.0031350310891866684,0.11058927327394485,0.007861761376261711,0.8784139342606068
4315,gender_man,24,0.0017301063053309917,0.10351497679948807,0.006453638896346092,0.8883012779988348
4315,gender_man,25,0.001719147665426135,0.061990946531295776,0.005751038435846567,0.9305388673674315
4315,gender_man,26,0.0020986124873161316,0.06732524931430817,0.009829195216298103,0.9207469429820776
4315,gender_man,27,0.002486263168975711,0.07304972410202026,0.011498569510877132,0.9129654432181269
4315,gender_man,28,0.002112835645675659,0.07487261295318604,0.0121819619089365,0.9108325894922018
4315,gender_man,29,0.0031554442830383778,0.06097923219203949,0.014188355766236782,0.9216769677586854
4315,gender_man,30,0.005133241415023804,0.133620947599411,0.024698946624994278,0.8365468643605709
4315,gender_man,31,0.003928674850612879,0.052981726825237274,0.026542089879512787,0.9165475084446371
4315,gender_woman,0,0.021874066442251205,0.220855250954628,0.24035735428333282,0.516913328319788
4315,gender_woman,1,0.011576181277632713,0.09001956135034561,0.05238672345876694,0.8460175339132547
4315,gender_woman,2,0.02219286561012268,0.04313553124666214,0.019612979143857956,0.9150586239993572
4315,gender_woman,3,0.009773405268788338,0.06638097763061523,0.02895013615489006,0.8948954809457064
4315,gender_woman,4,0.016066640615463257,0.10153701901435852,0.045753926038742065,0.8366424143314362
4315,gender_woman,5,0.03447667136788368,0.1299436390399933,0.034054480493068695,0.8015252090990543
4315,gender_woman,6,0.027204707264900208,0.12687043845653534,0.04074915498495102,0.8051756992936134
4315,gender_woman,7,0.028837786987423897,0.21797043085098267,0.04316264018416405,0.7100291419774294
4315,gender_woman,8,0.03947395086288452,0.19781896471977234,0.04909884184598923,0.7136082425713539
4315,gender_woman,9,0.020130136981606483,0.26755642890930176,0.03519469499588013,0.6771187391132116
4315,gender_woman,10,0.023531436920166016,0.2587369680404663,0.024490373209118843,0.6932412218302488
4315,gender_woman,11,0.019183531403541565,0.26544514298439026,0.034021925181150436,0.6813494004309177
4315,gender_woman,12,0.014685545116662979,0.3162575960159302,0.04538147896528244,0.6236753799021244
4315,gender_woman,13,0.01941860280930996,0.393912136554718,0.04918080195784569,0.5374884586781263
4315,gender_woman,14,0.011063125915825367,0.44210898876190186,0.04593823850154877,0.500889646820724
4315,gender_woman,15,0.008614635095000267,0.304739385843277,0.014254916459321976,0.6723910626024008
4315,gender_woman,16,0.010925953276455402,0.22595418989658356,0.023204797878861427,0.7399150589480996
4315,gender_woman,17,0.00808904692530632,0.27601492404937744,0.018047403544187546,0.6978486254811287
4315,gender_woman,18,0.00775580108165741,0.21185316145420074,0.0188479945063591,0.7615430429577827
4315,gender_woman,19,0.0036316830664873123,0.15603673458099365,0.00997248850762844,0.8303590938448906
4315,gender_woman,20,0.004556459374725819,0.22487184405326843,0.011002794839441776,0.759568901732564
4315,gender_woman,21,0.00397349800914526,0.098100446164608,0.008447227999567986,0.8894788278266788
4315,gender_woman,22,0.0031836144626140594,0.20704331994056702,0.0073806243017315865,0.7823924412950873
4315,gender_woman,23,0.003296840935945511,0.11010238528251648,0.007209619507193565,0.8793911542743444
4315,gender_woman,24,0.0017834666650742292,0.10166452080011368,0.0061024026945233345,0.8904496098402888
4315,gender_woman,25,0.00169234664645046,0.06152493879199028,0.005504826549440622,0.9312778880121186
4315,gender_woman,26,0.0023873671889305115,0.06564867496490479,0.009311378002166748,0.922652579843998
4315,gender_woman,27,0.0026015795301645994,0.07562990486621857,0.011153955943882465,0.9106145596597344
4315,gender_woman,28,0.0021320651285350323,0.07564771920442581,0.01153537631034851,0.9106848393566906
4315,gender_woman,29,0.003160191932693124,0.06259477138519287,0.013041769154369831,0.9212032675277442
4315,gender_woman,30,0.0055655911564826965,0.13775599002838135,0.02443898655474186,0.8322394322603941
4315,gender_woman,31,0.003911304287612438,0.053194791078567505,0.026099296286702156,0.9167946083471179
4315,region_western_europe,0,0.026981201022863388,0.22074711322784424,0.24110886454582214,0.5111628212034702
4315,region_western_europe,1,0.012091838754713535,0.08881295472383499,0.05100248381495476,0.8480927227064967
4315,region_western_europe,2,0.02356707490980625,0.04280916601419449,0.018460094928741455,0.9151636641472578
4315,region_western_europe,3,0.012872103601694107,0.06593376398086548,0.027275944128632545,0.8939181882888079
4315,region_western_europe,4,0.017757371068000793,0.10185554623603821,0.04616140201687813,0.8342256806790829
4315,region_western_europe,5,0.03137513995170593,0.12973618507385254,0.0346250981092453,0.8042635768651962
4315,region_western_europe,6,0.02914777398109436,0.12514466047286987,0.043626148253679276,0.8020814172923565
4315,region_western_europe,7,0.03494679182767868,0.21776968240737915,0.048117347061634064,0.6991661787033081
4315,region_western_europe,8,0.04811716079711914,0.19089780747890472,0.05245300382375717,0.708532027900219
4315,region_western_europe,9,0.027274927124381065,0.2642509937286377,0.03905387222766876,0.6694202069193125
4315,region_western_europe,10,0.03215011581778526,0.24456460773944855,0.02892378717660904,0.6943614892661572
4315,region_western_europe,11,0.02616988494992256,0.25993677973747253,0.03983402997255325,0.6740593053400517
4315,region_western_europe,12,0.01883193664252758,0.3047996759414673,0.047028347849845886,0.6293400395661592
4315,region_western_europe,13,0.01653129607439041,0.38873326778411865,0.051383793354034424,0.5433516427874565
4315,region_western_europe,14,0.011917724274098873,0.44681960344314575,0.04817477613687515,0.4930878961458802
4315,region_western_europe,15,0.009496752172708511,0.3175565004348755,0.014526423998177052,0.658420323394239
4315,region_western_europe,16,0.009473276324570179,0.2268301397562027,0.023884575814008713,0.7398120081052184
4315,region_western_europe,17,0.00769956037402153,0.2728334367275238,0.017790667712688446,0.7016763351857662
4315,region_western_europe,18,0.007423181086778641,0.21346649527549744,0.019541863352060318,0.7595684602856636
4315,region_western_europe,19,0.0036681676283478737,0.15467873215675354,0.010438812896609306,0.8312142873182893
4315,region_western_europe,20,0.004426073282957077,0.22471186518669128,0.011324843391776085,0.7595372181385756
4315,region_western_europe,21,0.004445809405297041,0.09954927116632462,0.009048735722899437,0.8869561837054789
4315,region_western_europe,22,0.0041470713913440704,0.2101304531097412,0.007756954524666071,0.7779655209742486
4315,region_western_europe,23,0.0035756416618824005,0.10942773520946503,0.007913949899375439,0.8790826732292771
4315,region_western_europe,24,0.0026818097103387117,0.10004987567663193,0.006514971610158682,0.8907533430028707
4315,region_western_europe,25,0.001881553791463375,0.05887221544981003,0.005437908228486776,0.9338083225302398
4315,region_western_europe,26,0.003651001490652561,0.06863176822662354,0.010028855875134468,0.9176883744075894
4315,region_western_europe,27,0.0036781923845410347,0.07630150020122528,0.012029188685119152,0.9079911187291145
4315,region_western_europe,28,0.003129429416731,0.07802469283342361,0.013050957582890987,0.9057949201669544
4315,region_western_europe,29,0.004199726041406393,0.06164165586233139,0.015246947295963764,0.9189116708002985
4315,region_western_europe,30,0.007006261497735977,0.1336917281150818,0.0267084501683712,0.832593560218811
4315,region_western_europe,31,0.005568779539316893,0.052238866686820984,0.02882900834083557,0.9133633454330266
4315,region_arab_culture,0,0.03191239386796951,0.22008277475833893,0.24085640907287598,0.5071484223008156
4315,region_arab_culture,1,0.01484318170696497,0.08949923515319824,0.05095655098557472,0.8447010321542621
4315,region_arab_culture,2,0.025352882221341133,0.04265907034277916,0.017988797277212143,0.9139992501586676
4315,region_arab_culture,3,0.015072782523930073,0.06517581641674042,0.026598142459988594,0.8931532585993409
4315,region_arab_culture,4,0.020670698955655098,0.10155313462018967,0.04491934925317764,0.8328568171709776
4315,region_arab_culture,5,0.038199782371520996,0.1254342496395111,0.033514417707920074,0.8028515502810478
4315,region_arab_culture,6,0.03496728837490082,0.12409591674804688,0.04158203676342964,0.7993547581136227
4315,region_arab_culture,7,0.0384589284658432,0.2150324285030365,0.04780169576406479,0.6987069472670555
4315,region_arab_culture,8,0.056855183094739914,0.18517497181892395,0.05051781237125397,0.7074520327150822
4315,region_arab_culture,9,0.03189539164304733,0.2667781114578247,0.040425002574920654,0.6609014943242073
4315,region_arab_culture,10,0.037428002804517746,0.2403818815946579,0.031863048672676086,0.6903270669281483
4315,region_arab_culture,11,0.035499412566423416,0.2503117322921753,0.03726722672581673,0.6769216284155846
4315,region_arab_culture,12,0.024969466030597687,0.30323660373687744,0.04621324688196182,0.625580683350563
4315,region_arab_culture,13,0.035718031227588654,0.365082710981369,0.05161884054541588,0.5475804172456264
4315,region_arab_culture,14,0.02011900208890438,0.42531222105026245,0.04759197682142258,0.5069768000394106
4315,region_arab_culture,15,0.015416348353028297,0.28229820728302,0.015943817794322968,0.6863416265696287
4315,region_arab_culture,16,0.027980614453554153,0.19853152334690094,0.033266209065914154,0.7402216531336308
4315,region_arab_culture,17,0.026253491640090942,0.24284620583057404,0.028059398755431175,0.7028409037739038
4315,region_arab_culture,18,0.023315362632274628,0.18799293041229248,0.034433044493198395,0.7542586624622345
4315,region_arab_culture,19,0.008644895628094673,0.13220307230949402,0.01775902882218361,0.8413930032402277
4315,region_arab_culture,20,0.009183822199702263,0.23518653213977814,0.019360920414328575,0.736268725246191
4315,region_arab_culture,21,0.008947186172008514,0.08225125819444656,0.012523863464593887,0.896277692168951
4315,region_arab_culture,22,0.006854000501334667,0.18037346005439758,0.011886505410075188,0.8008860340341926
4315,region_arab_culture,23,0.005293804220855236,0.0817716047167778,0.01034932117909193,0.902585269883275
4315,region_arab_culture,24,0.007500774227082729,0.07878009974956512,0.010950244963169098,0.902768881060183
4315,region_arab_culture,25,0.0027899742126464844,0.04601658135652542,0.007849251851439476,0.9433441925793886
4315,region_arab_culture,26,0.008307667449116707,0.07127510011196136,0.01928224414587021,0.9011349882930517
4315,region_arab_culture,27,0.008672503754496574,0.08249814063310623,0.021826116368174553,0.8870032392442226
4315,region_arab_culture,28,0.007124938536435366,0.09160853922367096,0.02765525132417679,0.8736112709157169
4315,region_arab_culture,29,0.015207474119961262,0.07702333480119705,0.041957177221775055,0.8658120138570666
4315,region_arab_culture,30,0.029241181910037994,0.13024215400218964,0.07489895820617676,0.7656177058815956
4315,region_arab_culture,31,0.008712327107787132,0.049340639263391495,0.04303303360939026,0.8989140000194311
4315,religion_christian,0,0.017478078603744507,0.22255182266235352,0.24096858501434326,0.5190015137195587
4315,religion_christian,1,0.00988296139985323,0.09085727483034134,0.053071994334459305,0.8461877694353461
4315,religion_christian,2,0.020591426640748978,0.04202304780483246,0.019418815150856972,0.9179667104035616
4315,religion_christian,3,0.00933915562927723,0.0648341029882431,0.029059384018182755,0.8967673573642969
4315,religion_christian,4,0.01972159370779991,0.10319408774375916,0.04584350436925888,0.831240814179182
4315,religion_christian,5,0.0339650958776474,0.12846294045448303,0.03399789333343506,0.8035740703344345
4315,religion_christian,6,0.03226545453071594,0.12683555483818054,0.042204808443784714,0.7986941821873188
4315,religion_christian,7,0.03192581236362457,0.210746169090271,0.0461273193359375,0.7112006992101669
4315,religion_christian,8,0.04003152251243591,0.1892898976802826,0.05230092257261276,0.7183776572346687
4315,religion_christian,9,0.01834847405552864,0.26440322399139404,0.03985873982310295,0.6773895621299744
4315,religion_christian,10,0.021419256925582886,0.26047950983047485,0.030179111286997795,0.6879221219569445
4315,religion_christian,11,0.014886900782585144,0.27149832248687744,0.03563539683818817,0.6779793798923492
4315,religion_christian,12,0.012092992663383484,0.31230056285858154,0.04550359770655632,0.6301028467714787
4315,religion_christian,13,0.011403748765587807,0.3949719965457916,0.04974416270852089,0.5438800919800997
4315,religion_christian,14,0.007206588983535767,0.4484173059463501,0.045454345643520355,0.4989217594265938
4315,religion_christian,15,0.0071591781452298164,0.30823594331741333,0.013113750144839287,0.6714911283925176
4315,religion_christian,16,0.007928255945444107,0.22385628521442413,0.022066526114940643,0.7461489327251911
4315,religion_christian,17,0.006250590085983276,0.2664078176021576,0.01702909730374813,0.710312495008111
4315,religion_christian,18,0.0048425085842609406,0.20888537168502808,0.01770181767642498,0.768570302054286
4315,religion_christian,19,0.0033259205520153046,0.1577155441045761,0.009397718124091625,0.829560817219317
4315,religion_christian,20,0.0042742770165205,0.221067413687706,0.011019980534911156,0.7636383287608624
4315,religion_christian,21,0.0028640744276344776,0.0960533395409584,0.008097629994153976,0.8929849560372531
4315,religion_christian,22,0.0026572048664093018,0.20543408393859863,0.006714006420224905,0.7851947047747672
4315,religion_christian,23,0.0023755915462970734,0.109459787607193,0.006415987852960825,0.8817486329935491
4315,religion_christian,24,0.0014565391466021538,0.09965787082910538,0.005307882092893124,0.8935777079313993
4315,religion_christian,25,0.0012970470124855638,0.060746848583221436,0.004984050989151001,0.932972053415142
4315,religion_christian,26,0.0021681515499949455,0.06413689255714417,0.008484537713229656,0.9252104181796312
4315,religion_christian,27,0.0028428463265299797,0.07089406251907349,0.010465352796018124,0.9157977383583784
4315,religion_christian,28,0.0024817613884806633,0.07290606945753098,0.011587683111429214,0.9130244860425591
4315,religion_christian,29,0.004229179583489895,0.057329144328832626,0.01311381533741951,0.925327860750258
4315,religion_christian,30,0.006829407066106796,0.12827150523662567,0.022510895505547523,0.84238819219172
4315,religion_christian,31,0.004914023447781801,0.053381215780973434,0.02545459009706974,0.916250170674175
4315,religion_muslim,0,0.019146937876939774,0.22217518091201782,0.24022039771080017,0.5184574835002422
4315,religion_muslim,1,0.009606888517737389,0.09096884727478027,0.053096674382686615,0.8463275898247957
4315,religion_muslim,2,0.020959073677659035,0.04239560663700104,0.01955985277891159,0.9170854669064283
4315,religion_muslim,3,0.011237677186727524,0.06443893909454346,0.028732886537909508,0.8955904971808195
4315,religion_muslim,4,0.016360940411686897,0.1015252098441124,0.045348428189754486,0.8367654215544462
4315,religion_muslim,5,0.03025912493467331,0.12729334831237793,0.03457314148545265,0.8078743852674961
4315,religion_muslim,6,0.02961285412311554,0.12608875334262848,0.04185537248849869,0.8024430200457573
4315,religion_muslim,7,0.03316888213157654,0.2068064957857132,0.04374301806092262,0.7162816040217876
4315,religion_muslim,8,0.04532414674758911,0.18441987037658691,0.05101649463176727,0.7192394882440567
4315,religion_muslim,9,0.024479109793901443,0.25623011589050293,0.0405762642621994,0.6787145100533962
4315,religion_muslim,10,0.03602278232574463,0.2401970624923706,0.033694446086883545,0.6900857090950012
4315,religion_muslim,11,0.027266710996627808,0.25213801860809326,0.03915305435657501,0.6814422160387039
4315,religion_muslim,12,0.019071131944656372,0.30226099491119385,0.05309876799583435,0.6255691051483154
4315,religion_muslim,13,0.032668586820364,0.379642516374588,0.051445621997117996,0.53624327480793
4315,religion_muslim,14,0.014663069508969784,0.43573424220085144,0.04409993439912796,0.5055027538910508
4315,religion_muslim,15,0.009161234833300114,0.29088687896728516,0.013862530700862408,0.6860893554985523
4315,religion_muslim,16,0.017016269266605377,0.2119206339120865,0.024334212765097618,0.7467288840562105
4315,religion_muslim,17,0.012844651937484741,0.2523301839828491,0.021602554246783257,0.7132226098328829
4315,religion_muslim,18,0.008563484996557236,0.20614662766456604,0.0249871127307415,0.7603027746081352
4315,religion_muslim,19,0.004590194672346115,0.14592218399047852,0.012753892689943314,0.8367337286472321
4315,religion_muslim,20,0.005144000053405762,0.2346363365650177,0.013842827640473843,0.7463768357411027
4315,religion_muslim,21,0.00410843500867486,0.08624070882797241,0.009851504117250443,0.8997993520461023
4315,religion_muslim,22,0.0033670440316200256,0.1897135227918625,0.0088582132011652,0.7980612199753523
4315,religion_muslim,23,0.00302824005484581,0.09773721545934677,0.008276760578155518,0.8909577839076519
4315,religion_muslim,24,0.0034646964631974697,0.0909959226846695,0.007901115342974663,0.8976382655091584
4315,religion_muslim,25,0.0021777627989649773,0.05886963754892349,0.006718141958117485,0.932234457693994
4315,religion_muslim,26,0.002967103384435177,0.06470687687397003,0.012042565271258354,0.9202834544703364
4315,religion_muslim,27,0.004351200070232153,0.07085913419723511,0.015066455118358135,0.9097232106141746
4315,religion_muslim,28,0.003395284526050091,0.08471138030290604,0.018858330324292183,0.8930350048467517
4315,religion_muslim,29,0.005985434632748365,0.06517156958580017,0.023299604654312134,0.9055433911271393
4315,religion_muslim,30,0.008482858538627625,0.12444785237312317,0.03765323385596275,0.8294160552322865
4315,religion_muslim,31,0.006064214743673801,0.05347321555018425,0.03600574657320976,0.9044568231329322
1316,baseline,0,,0.23503609001636505,0.1607394516468048,0.6042244583368301
1316,baseline,1,,0.0972798764705658,0.04228873550891876,0.8604313880205154
1316,baseline,2,,0.042025186121463776,0.01908281445503235,0.9388919994235039
1316,baseline,3,,0.06947885453701019,0.030010158196091652,0.9005109872668982
1316,baseline,4,,0.10788682848215103,0.052188217639923096,0.8399249538779259
1316,baseline,5,,0.14319036900997162,0.03654808923602104,0.8202615417540073
1316,baseline,6,,0.15673401951789856,0.03881035000085831,0.8044556304812431
1316,baseline,7,,0.24991270899772644,0.032267581671476364,0.7178197093307972
1316,baseline,8,,0.22900629043579102,0.03021964244544506,0.7407740671187639
1316,baseline,9,,0.2644219994544983,0.022321531549096107,0.7132564689964056
1316,baseline,10,,0.2726675868034363,0.01299615390598774,0.714336259290576
1316,baseline,11,,0.275570809841156,0.02389710023999214,0.7005320899188519
1316,baseline,12,,0.33617523312568665,0.026254013180732727,0.6375707536935806
1316,baseline,13,,0.430755615234375,0.01941109262406826,0.5498332921415567
1316,baseline,14,,0.4411014914512634,0.020934978500008583,0.537963530048728
1316,baseline,15,,0.2989966869354248,0.009351219050586224,0.691652094013989
1316,baseline,16,,0.21605676412582397,0.01324751228094101,0.770695723593235
1316,baseline,17,,0.2667652368545532,0.012098951265215874,0.7211358118802309
1316,baseline,18,,0.21123436093330383,0.014999983832240105,0.7737656552344561
1316,baseline,19,,0.17286506295204163,0.008989060297608376,0.81814587675035
1316,baseline,20,,0.20203295350074768,0.008721190504729748,0.7892458559945226
1316,baseline,21,,0.11382605880498886,0.00786021538078785,0.8783137258142233
1316,baseline,22,,0.1962037980556488,0.00626652967184782,0.7975296722725034
1316,baseline,23,,0.10471369326114655,0.005424041301012039,0.8898622654378414
1316,baseline,24,,0.08809712529182434,0.004124009981751442,0.9077788647264242
1316,baseline,25,,0.04230077564716339,0.003256694646552205,0.9544425297062844
1316,baseline,26,,0.06126325577497482,0.006163713987916708,0.9325730302371085
1316,baseline,27,,0.08864635974168777,0.008090222254395485,0.9032634180039167
1316,baseline,28,,0.06573126465082169,0.007583125494420528,0.9266856098547578
1316,baseline,29,,0.053870055824518204,0.008723331615328789,0.937406612560153
1316,baseline,30,,0.11784461885690689,0.015147211030125618,0.8670081701129675
1316,baseline,31,,0.05141715705394745,0.023851502686738968,0.9247313402593136
1316,gender_man,0,0.024935374036431313,0.23073898255825043,0.15741614997386932,0.5869094934314489
1316,gender_man,1,0.012994473800063133,0.09451551735401154,0.04019160196185112,0.8522984068840742
1316,gender_man,2,0.023768525570631027,0.04276680946350098,0.017695290967822075,0.9157693739980459
1316,gender_man,3,0.011669130064547062,0.06824862957000732,0.02838878333568573,0.8916934570297599
1316,gender_man,4,0.01736864261329174,0.09987768530845642,0.04441520571708679,0.838338466361165
1316,gender_man,5,0.04020753875374794,0.1344144642353058,0.030978592112660408,0.7943994048982859
1316,gender_man,6,0.033051908016204834,0.1345670223236084,0.033341340720653534,0.7990397289395332
1316,gender_man,7,0.03212675824761391,0.23503783345222473,0.03198328986763954,0.7008521184325218
1316,gender_man,8,0.04038083553314209,0.22543931007385254,0.029368091374635696,0.7048117630183697
1316,gender_man,9,0.02063770219683647,0.2630470395088196,0.02251814864575863,0.6937971096485853
1316,gender_man,10,0.02536916732788086,0.27845579385757446,0.012174040079116821,0.6840009987354279
1316,gender_man,11,0.018587619066238403,0.2618275284767151,0.024433210492134094,0.6951516419649124
1316,gender_man,12,0.01638806238770485,0.32207852602005005,0.030251502990722656,0.6312819086015224
1316,gender_man,13,0.020988604053854942,0.4062774181365967,0.027878042310476303,0.5448559354990721
1316,gender_man,14,0.011517073027789593,0.45509645342826843,0.025888781994581223,0.5074976915493608
1316,gender_man,15,0.008461002260446548,0.2950460910797119,0.011106572113931179,0.6853863345459104
1316,gender_man,16,0.00925476010888815,0.22355687618255615,0.01507273968309164,0.7521156240254641
1316,gender_man,17,0.008617274463176727,0.2775564193725586,0.014198149554431438,0.6996281566098332
1316,gender_man,18,0.0078662671148777,0.1985110491514206,0.017237257212400436,0.7763854265213013
1316,gender_man,19,0.0038939104415476322,0.15979330241680145,0.009892269968986511,0.8264205171726644
1316,gender_man,20,0.005726298317313194,0.20932523906230927,0.00851405505090952,0.776434407569468
1316,gender_man,21,0.0044036502949893475,0.10106747597455978,0.007506688125431538,0.8870221856050193
1316,gender_man,22,0.004181262105703354,0.19617390632629395,0.006310753524303436,0.7933340780436993
1316,gender_man,23,0.0035643805749714375,0.10240539163351059,0.00558830751106143,0.8884419202804565
1316,gender_man,24,0.0018439963459968567,0.09107007831335068,0.00425970833748579,0.9028262170031667
1316,gender_man,25,0.0014145071618258953,0.04687057435512543,0.0032382707577198744,0.9484766477253288
1316,gender_man,26,0.00241997092962265,0.06568125635385513,0.007008605170994997,0.9248901675455272
1316,gender_man,27,0.003024347824975848,0.08707960695028305,0.008709962479770184,0.9011860827449709
1316,gender_man,28,0.002387392334640026,0.07366544753313065,0.009196084924042225,0.9147510752081871
1316,gender_man,29,0.0034826325718313456,0.06275160610675812,0.00986015610396862,0.9239056052174419
1316,gender_man,30,0.0056403279304504395,0.12330029159784317,0.01732070930302143,0.853738671168685
1316,gender_man,31,0.003935216926038265,0.053276177495718,0.02575049363076687,0.9170381119474769
1316,gender_woman,0,0.025320271030068398,0.23063848912715912,0.15733690559864044,0.586704334244132
1316,gender_woman,1,0.01310162153095007,0.09466547518968582,0.040079522877931595,0.8521533804014325
1316,gender_woman,2,0.02420496940612793,0.04255586490035057,0.017600342631340027,0.9156388230621815
1316,gender_woman,3,0.011513851583003998,0.0679699257016182,0.02791505679488182,0.892601165920496
1316,gender_woman,4,0.018724828958511353,0.09941217303276062,0.04324968904256821,0.8386133089661598
1316,gender_woman,5,0.041163813322782516,0.13357090950012207,0.030208002775907516,0.7950572744011879
1316,gender_woman,6,0.03496941924095154,0.13419264554977417,0.03324192017316818,0.7975960150361061
1316,gender_woman,7,0.03180188685655594,0.23441949486732483,0.032311275601387024,0.7014673426747322
1316,gender_woman,8,0.043883442878723145,0.22083885967731476,0.029025547206401825,0.7062521502375603
1316,gender_woman,9,0.022703420370817184,0.26598668098449707,0.023195505142211914,0.6881143935024738
1316,gender_woman,10,0.02607712149620056,0.2780742347240448,0.012049693614244461,0.6837989501655102
1316,gender_woman,11,0.02201882004737854,0.2590777575969696,0.02419506013393402,0.6947083622217178
1316,gender_woman,12,0.018863746896386147,0.32985031604766846,0.029772400856018066,0.6215135361999273
1316,gender_woman,13,0.02634774148464203,0.40928518772125244,0.02695588394999504,0.5374111868441105
1316,gender_woman,14,0.012754817493259907,0.45770448446273804,0.025945957750082016,0.50359474029392
1316,gender_woman,15,0.009914238005876541,0.29724276065826416,0.011636335402727127,0.6812066659331322
1316,gender_woman,16,0.012329833582043648,0.22127507627010345,0.01577019691467285,0.75062489323318
1316,gender_woman,17,0.010828547179698944,0.27453935146331787,0.014550053514540195,0.700082047842443
1316,gender_woman,18,0.008474994450807571,0.2000080943107605,0.01763000339269638,0.7738869078457355
1316,gender_woman,19,0.004305334761738777,0.1586005985736847,0.009949848055839539,0.827144218608737
1316,gender_woman,20,0.005689193494617939,0.21367602050304413,0.008646393194794655,0.7719883928075433
1316,gender_woman,21,0.004158912226557732,0.1010097935795784,0.00752290291711688,0.887308391276747
1316,gender_woman,22,0.003934647887945175,0.20130406320095062,0.006264109164476395,0.7884971797466278
1316,gender_woman,23,0.0038969768211245537,0.10356482863426208,0.00559461722150445,0.8869435773231089
1316,gender_woman,24,0.002005103975534439,0.09265077114105225,0.004375973716378212,0.9009681511670351
1316,gender_woman,25,0.0014217611169442534,0.04800828546285629,0.003304388141259551,0.9472655652789399
1316,gender_woman,26,0.0028117503970861435,0.06794606894254684,0.007376303430646658,0.9218658772297204
1316,gender_woman,27,0.003210472408682108,0.08820056170225143,0.009226235561072826,0.8993627303279936
1316,gender_woman,28,0.002392247086390853,0.07458935678005219,0.009615231305360794,0.9134031648281962
1316,gender_woman,29,0.0034019239246845245,0.06223437562584877,0.010079888626933098,0.9242838118225336
1316,gender_woman,30,0.006028294563293457,0.1254481077194214,0.018037566915154457,0.8504860308021307
1316,gender_woman,31,0.003938174806535244,0.0520569384098053,0.026106683537364006,0.9178982032462955
1316,region_western_europe,0,0.0314522311091423,0.22978205978870392,0.15682488679885864,0.5819408223032951
1316,region_western_europe,1,0.013686266727745533,0.092829629778862,0.03900501877069473,0.8544790847226977
1316,region_western_europe,2,0.025867938995361328,0.04187038168311119,0.01627262309193611,0.9159890562295914
1316,region_western_europe,3,0.014677288010716438,0.06734354794025421,0.026225876063108444,0.8917532879859209
1316,region_western_europe,4,0.019701451063156128,0.09838804602622986,0.043119046837091446,0.8387914560735226
1316,region_western_europe,5,0.03843376412987709,0.1328713744878769,0.03248724341392517,0.7962076179683208
1316,region_western_europe,6,0.03636375069618225,0.13224497437477112,0.037715569138526917,0.7936757057905197
1316,region_western_europe,7,0.03645089641213417,0.23407377302646637,0.03598548471927643,0.693489845842123
1316,region_western_europe,8,0.052706509828567505,0.21646648645401,0.030981751158833504,0.699845252558589
1316,region_western_europe,9,0.029466403648257256,0.26678091287612915,0.023943081498146057,0.6798096019774675
1316,region_western_europe,10,0.033968858420848846,0.2703588008880615,0.012575143948197365,0.6830971967428923
1316,region_western_europe,11,0.029138389974832535,0.2593068778514862,0.02660844475030899,0.6849462874233723
1316,region_western_europe,12,0.022215209901332855,0.31185635924339294,0.0340595543384552,0.631868876516819
1316,region_western_europe,13,0.020696371793746948,0.4118024706840515,0.029081320390105247,0.5384198371320963
1316,region_western_europe,14,0.013394370675086975,0.47320806980133057,0.02287566103041172,0.49052189849317074
1316,region_western_europe,15,0.008862907998263836,0.31476232409477234,0.009891100227832794,0.666483667679131
1316,region_western_europe,16,0.0092314463108778,0.23163190484046936,0.01321827806532383,0.745918370783329
1316,region_western_europe,17,0.008616579696536064,0.2772201597690582,0.012441109865903854,0.7017221506685019
1316,region_western_europe,18,0.007868815213441849,0.20231367647647858,0.01595945470035076,0.7738580536097288
1316,region_western_europe,19,0.004800077527761459,0.16584648191928864,0.009983222000300884,0.819370218552649
1316,region_western_europe,20,0.005953250452876091,0.21106866002082825,0.008273112587630749,0.7747049769386649
1316,region_western_europe,21,0.004563832189887762,0.10794233530759811,0.00755024328827858,0.8799435892142355
1316,region_western_europe,22,0.005621146410703659,0.19193996489048004,0.00624223705381155,0.7961966516450047
1316,region_western_europe,23,0.0043248943984508514,0.10441375523805618,0.0057065654546022415,0.8855547849088907
1316,region_western_europe,24,0.002954760566353798,0.09283268451690674,0.003924914635717869,0.9002876402810216
1316,region_western_europe,25,0.0016379640437662601,0.044355396181344986,0.0029273531399667263,0.951079286634922
1316,region_western_europe,26,0.003932453691959381,0.07216061651706696,0.00661647692322731,0.9172904528677464
1316,region_western_europe,27,0.003934239037334919,0.09341119229793549,0.008832702413201332,0.8938218662515283
1316,region_western_europe,28,0.0035410148557275534,0.08119616657495499,0.008900316432118416,0.906362502137199
1316,region_western_europe,29,0.003934032749384642,0.06465454399585724,0.009029370732605457,0.9223820525221527
1316,region_western_europe,30,0.007209748029708862,0.12354396283626556,0.017269037663936615,0.851977251470089
1316,region_western_europe,31,0.006216683425009251,0.05693362280726433,0.026253417134284973,0.9105962766334414
1316,region_arab_culture,0,0.03790003061294556,0.22965601086616516,0.15665531158447266,0.5757886469364166
1316,region_arab_culture,1,0.01614350453019142,0.0921918973326683,0.03889678046107292,0.8527678176760674
1316,region_arab_culture,2,0.02710205316543579,0.04196498543024063,0.01586553454399109,0.9150674268603325
1316,region_arab_culture,3,0.016687478870153427,0.06589049100875854,0.025603264570236206,0.8918187655508518
1316,region_arab_culture,4,0.022061362862586975,0.09773115813732147,0.04151339828968048,0.8386940807104111
1316,region_arab_culture,5,0.04383121430873871,0.12845498323440552,0.031216133385896683,0.7964976690709591
1316,region_arab_culture,6,0.04340631514787674,0.12974019348621368,0.03582754731178284,0.7910259440541267
1316,region_arab_culture,7,0.04079124331474304,0.23166684806346893,0.03509925305843353,0.6924426555633545
1316,region_arab_culture,8,0.06100863963365555,0.21215510368347168,0.030425099655985832,0.6964111570268869
1316,region_arab_culture,9,0.03653768077492714,0.26830893754959106,0.024760641157627106,0.6703927405178547
1316,region_arab_culture,10,0.042187128216028214,0.2618900537490845,0.013708572834730148,0.6822142452001572
1316,region_arab_culture,11,0.03973536193370819,0.24945855140686035,0.0259235929697752,0.6848824936896563
1316,region_arab_culture,12,0.030525654554367065,0.3094826936721802,0.03629697859287262,0.6236946731805801
1316,region_arab_culture,13,0.04495595023036003,0.4059300422668457,0.030560646206140518,0.5185533612966537
1316,region_arab_culture,14,0.021146543323993683,0.4586034417152405,0.023041855543851852,0.497208159416914
1316,region_arab_culture,15,0.015130757354199886,0.28697413206100464,0.011141616851091385,0.6867534937337041
1316,region_arab_culture,16,0.025325454771518707,0.22623589634895325,0.015497577376663685,0.7329410715028644
1316,region_arab_culture,17,0.022567328065633774,0.271487832069397,0.015947233885526657,0.6899976059794426
1316,region_arab_culture,18,0.020937936380505562,0.19065767526626587,0.02229798212647438,0.7661064062267542
1316,region_arab_culture,19,0.00947715062648058,0.15043850243091583,0.013871083036065102,0.8262132639065385
1316,region_arab_culture,20,0.010269769467413425,0.21963092684745789,0.010946696624159813,0.7591526070609689
1316,region_arab_culture,21,0.008518082089722157,0.09962660819292068,0.008641408756375313,0.8832139009609818
1316,region_arab_culture,22,0.008150458335876465,0.16691061854362488,0.007835461758077145,0.8171034613624215
1316,region_arab_culture,23,0.006512313615530729,0.08851318061351776,0.0067815943621098995,0.8981929114088416
1316,region_arab_culture,24,0.005606231279671192,0.08800342679023743,0.005528847686946392,0.900861494243145
1316,region_arab_culture,25,0.0029732270631939173,0.04212372004985809,0.004406102001667023,0.950496950885281
1316,region_arab_culture,26,0.0072191860526800156,0.08430027216672897,0.010869337245821953,0.8976112045347691
1316,region_arab_culture,27,0.00849141739308834,0.10125484317541122,0.015373391099274158,0.8748803483322263
1316,region_arab_culture,28,0.007705380208790302,0.10284440219402313,0.018004432320594788,0.8714457852765918
1316,region_arab_culture,29,0.010782957077026367,0.08950302004814148,0.019635267555713654,0.8800787553191185
1316,region_arab_culture,30,0.0187605619430542,0.14070655405521393,0.03488367050886154,0.8056492134928703
1316,region_arab_culture,31,0.008468463085591793,0.06647276878356934,0.038370758295059204,0.8866880098357797
1316,religion_christian,0,0.021285545080900192,0.23174402117729187,0.15811017155647278,0.5888602621853352
1316,religion_christian,1,0.011640286073088646,0.09607377648353577,0.04134860634803772,0.8509373310953379
1316,religion_christian,2,0.022072331979870796,0.04168075695633888,0.017826145514845848,0.9184207655489445
1316,religion_christian,3,0.01109032891690731,0.06655492633581161,0.028272412717342377,0.8940823320299387
1316,religion_christian,4,0.022371601313352585,0.1018688827753067,0.04466285556554794,0.8310966603457928
1316,religion_christian,5,0.04171369597315788,0.13257071375846863,0.031569644808769226,0.7941459454596043
1316,religion_christian,6,0.039933204650878906,0.13252577185630798,0.03433580696582794,0.7932052165269852
1316,religion_christian,7,0.0342043936252594,0.22407624125480652,0.03250417858362198,0.7092151865363121
1316,religion_christian,8,0.046478331089019775,0.21575579047203064,0.03142373636364937,0.7063421420753002
1316,religion_christian,9,0.021715164184570312,0.2572164237499237,0.02612679824233055,0.6949416138231754
1316,religion_christian,10,0.02543601393699646,0.28050148487091064,0.014576062560081482,0.6794864386320114
1316,religion_christian,11,0.017717748880386353,0.25990140438079834,0.025224562734365463,0.6971562840044498
1316,religion_christian,12,0.01675986871123314,0.32340413331985474,0.030984897166490555,0.6288511008024216
1316,religion_christian,13,0.01645149290561676,0.40858426690101624,0.0288787130266428,0.5460855271667242
1316,religion_christian,14,0.010342693887650967,0.4619928002357483,0.025293413549661636,0.5023710923269391
1316,religion_christian,15,0.009050046093761921,0.30304861068725586,0.009944774210453033,0.6779565690085292
1316,religion_christian,16,0.010924994945526123,0.22033844888210297,0.013717819936573505,0.7550187362357974
1316,religion_christian,17,0.009256750345230103,0.2688678205013275,0.01306239329278469,0.7088130358606577
1316,religion_christian,18,0.005992807447910309,0.202219620347023,0.01565035805106163,0.776137214154005
1316,religion_christian,19,0.004081921651959419,0.16483139991760254,0.009447062388062477,0.8216396160423756
1316,religion_christian,20,0.005675971508026123,0.20857805013656616,0.008098587393760681,0.777647390961647
1316,religion_christian,21,0.0032449974678456783,0.10463079065084457,0.007237713783979416,0.8848864980973303
1316,religion_christian,22,0.0038749724626541138,0.19878843426704407,0.005893228575587273,0.7914433646947145
1316,religion_christian,23,0.0030444366857409477,0.10159531235694885,0.0052009280771017075,0.8901593228802085
1316,religion_christian,24,0.0016853585839271545,0.0861348807811737,0.0038164290599524975,0.9083633315749466
1316,religion_christian,25,0.0012307834113016725,0.046605661511421204,0.0030173901468515396,0.9491461649304256
1316,religion_christian,26,0.0030113132670521736,0.06528455018997192,0.006354041863232851,0.925350094679743
1316,religion_christian,27,0.0042314836755394936,0.08692701905965805,0.008126950822770596,0.9007145464420319
1316,religion_christian,28,0.00285061402246356,0.07231105118989944,0.008807570673525333,0.9160307641141117
1316,religion_christian,29,0.005169126205146313,0.06004071608185768,0.009376967325806618,0.9254131903871894
1316,religion_christian,30,0.008743047714233398,0.11977947503328323,0.016693364828824997,0.8547841124236584
1316,religion_christian,31,0.006227831356227398,0.05281996726989746,0.025618962943553925,0.9153332384303212
1316,religion_muslim,0,0.023255396634340286,0.2312134951353073,0.15750685334205627,0.5880242548882961
1316,religion_muslim,1,0.011154292151331902,0.0957849770784378,0.041632041335105896,0.8514286894351244
1316,religion_muslim,2,0.02285563386976719,0.04228919371962547,0.017901459708809853,0.9169537127017975
1316,religion_muslim,3,0.012968743219971657,0.06650274246931076,0.027722585946321487,0.8928059283643961
1316,religion_muslim,4,0.018886109814047813,0.10081876069307327,0.04365184158086777,0.8366432879120111
1316,religion_muslim,5,0.03669709339737892,0.1306832730770111,0.03196003660559654,0.8006595969200134
1316,religion_muslim,6,0.0366746187210083,0.13142883777618408,0.03495875000953674,0.7969377934932709
1316,religion_muslim,7,0.034202851355075836,0.2202046513557434,0.03171931207180023,0.7138731852173805
1316,religion_muslim,8,0.05039113759994507,0.20723924040794373,0.030695606023073196,0.711674015969038
1316,religion_muslim,9,0.027266405522823334,0.2504998445510864,0.025722168385982513,0.6965115815401077
1316,religion_muslim,10,0.03926977515220642,0.26069241762161255,0.014509450644254684,0.6855283565819263
1316,religion_muslim,11,0.03137683868408203,0.25793570280075073,0.024517878890037537,0.6861695796251297
1316,religion_muslim,12,0.023461908102035522,0.31515753269195557,0.03297536075115204,0.6284051984548569
1316,religion_muslim,13,0.04200050234794617,0.4011836647987366,0.030200500041246414,0.5266153328120708
1316,religion_muslim,14,0.019839290529489517,0.4400424063205719,0.023899834603071213,0.5162184685468674
1316,religion_muslim,15,0.009999074041843414,0.29858672618865967,0.011260385625064373,0.6801538141444325
1316,religion_muslim,16,0.021747026592493057,0.21424411237239838,0.013161790557205677,0.7508470704779029
1316,religion_muslim,17,0.017964132130146027,0.25649750232696533,0.01315319910645485,0.7123851664364338
1316,religion_muslim,18,0.010407879948616028,0.20074176788330078,0.016104549169540405,0.7727458029985428
1316,religion_muslim,19,0.005886504426598549,0.14145538210868835,0.010888333432376385,0.8417697800323367
1316,religion_muslim,20,0.007202755659818649,0.2284843921661377,0.008952014148235321,0.7553608380258083
1316,religion_muslim,21,0.004814548883587122,0.09243390709161758,0.007026201114058495,0.8957253429107368
1316,religion_muslim,22,0.0046754032373428345,0.18484710156917572,0.006092449650168419,0.804385045543313
1316,religion_muslim,23,0.003384934738278389,0.09587153792381287,0.00528788473457098,0.8954556426033378
1316,religion_muslim,24,0.0033146068453788757,0.0890764594078064,0.004444886930286884,0.9031640468165278
1316,religion_muslim,25,0.002307511866092682,0.05001753568649292,0.0032915081828832626,0.9443834442645311
1316,religion_muslim,26,0.003582061268389225,0.06540228426456451,0.007109739352017641,0.9239059151150286
1316,religion_muslim,27,0.004930309019982815,0.0779358521103859,0.009578313678503036,0.9075555251911283
1316,religion_muslim,28,0.003720557549968362,0.08256672322750092,0.01207541674375534,0.9016373024787754
1316,religion_muslim,29,0.006942026317119598,0.06946603953838348,0.01240176148712635,0.9111901726573706
1316,religion_muslim,30,0.008723631501197815,0.11764045059680939,0.019994128495454788,0.853641789406538
1316,religion_muslim,31,0.0072068823501467705,0.05358685553073883,0.029220473021268845,0.9099857890978456
1699,baseline,0,,0.22097185254096985,0.2671337127685547,0.5118944346904755
1699,baseline,1,,0.08749817311763763,0.06433886289596558,0.8481629639863968
1699,baseline,2,,0.04184640944004059,0.027561722323298454,0.930591868236661
1699,baseline,3,,0.06379266083240509,0.041505441069602966,0.8947018980979919
1699,baseline,4,,0.09232650697231293,0.059902939945459366,0.8477705530822277
1699,baseline,5,,0.13262370228767395,0.047457583248615265,0.8199187144637108
1699,baseline,6,,0.14116106927394867,0.05377506464719772,0.8050638660788536
1699,baseline,7,,0.2441270351409912,0.05364581197500229,0.7022271528840065
1699,baseline,8,,0.18620526790618896,0.04471457749605179,0.7690801545977592
1699,baseline,9,,0.27370110154151917,0.0315256230533123,0.6947732754051685
1699,baseline,10,,0.26332756876945496,0.019401883706450462,0.7172705475240946
1699,baseline,11,,0.29129916429519653,0.02294919639825821,0.6857516393065453
1699,baseline,12,,0.33312100172042847,0.02737116441130638,0.6395078338682652
1699,baseline,13,,0.4510963559150696,0.017587240785360336,0.5313164032995701
1699,baseline,14,,0.43935614824295044,0.020882900804281235,0.5397609509527683
1699,baseline,15,,0.2772432267665863,0.008041167631745338,0.7147156056016684
1699,baseline,16,,0.2113993763923645,0.013907985761761665,0.7746926378458738
1699,baseline,17,,0.26339101791381836,0.012955511920154095,0.7236534701660275
1699,baseline,18,,0.20284681022167206,0.014179905876517296,0.7829732839018106
1699,baseline,19,,0.18033552169799805,0.014112108387053013,0.8055523699149489
1699,baseline,20,,0.18240898847579956,0.014921239577233791,0.8026697719469666
1699,baseline,21,,0.10827898979187012,0.013125019147992134,0.8785959910601377
1699,baseline,22,,0.17857162654399872,0.01022257748991251,0.8112057959660888
1699,baseline,23,,0.09576445072889328,0.009602628648281097,0.8946329206228256
1699,baseline,24,,0.07795456051826477,0.005727159325033426,0.9163182801567018
1699,baseline,25,,0.031804196536540985,0.004376052413135767,0.9638197510503232
1699,baseline,26,,0.048640504479408264,0.007954822853207588,0.9434046726673841
1699,baseline,27,,0.06108640879392624,0.00962440948933363,0.9292891817167401
1699,baseline,28,,0.051306597888469696,0.011640454642474651,0.9370529474690557
1699,baseline,29,,0.043874673545360565,0.013940069824457169,0.9421852566301823
1699,baseline,30,,0.08445431292057037,0.025260649621486664,0.890285037457943
1699,baseline,31,,0.04675140976905823,0.026555657386779785,0.926692932844162
1699,gender_man,0,0.01673297770321369,0.21833781898021698,0.2630351185798645,0.5018940847367048
1699,gender_man,1,0.011538649909198284,0.08713354170322418,0.06056898459792137,0.8407588237896562
1699,gender_man,2,0.018558405339717865,0.042923394590616226,0.026713691651821136,0.9118045084178448
1699,gender_man,3,0.0095293577760458,0.06397227197885513,0.04006855562329292,0.8864298146218061
1699,gender_man,4,0.011583292856812477,0.0884358137845993,0.05653921514749527,0.843441678211093
1699,gender_man,5,0.032056406140327454,0.12628549337387085,0.0458391010761261,0.7958189994096756
1699,gender_man,6,0.02295856922864914,0.12703779339790344,0.04972162842750549,0.8002820089459419
1699,gender_man,7,0.02450728416442871,0.22207309305667877,0.056287720799446106,0.6971319019794464
1699,gender_man,8,0.032522737979888916,0.18432305753231049,0.04437129199504852,0.7387829124927521
1699,gender_man,9,0.015233904123306274,0.271942675113678,0.034973084926605225,0.6778503358364105
1699,gender_man,10,0.019519254565238953,0.26608604192733765,0.024212487041950226,0.6901822164654732
1699,gender_man,11,0.017302915453910828,0.27930527925491333,0.03145652264356613,0.6719352826476097
1699,gender_man,12,0.010826442390680313,0.31937116384506226,0.03955148532986641,0.630250908434391
1699,gender_man,13,0.012307892553508282,0.44263455271720886,0.026205651462078094,0.5188519032672048
1699,gender_man,14,0.00963603612035513,0.4269990921020508,0.029193997383117676,0.5341708743944764
1699,gender_man,15,0.00638614222407341,0.2922097444534302,0.00952033419162035,0.6918837791308761
1699,gender_man,16,0.006488621700555086,0.22043082118034363,0.01558206882327795,0.7574984882958233
1699,gender_man,17,0.006986716762185097,0.26949745416641235,0.015107454732060432,0.7084083743393421
1699,gender_man,18,0.007847905158996582,0.1960040181875229,0.015166436322033405,0.7809816403314471
1699,gender_man,19,0.004770535975694656,0.17601484060287476,0.015452447347342968,0.8037621760740876
1699,gender_man,20,0.00633060559630394,0.17894351482391357,0.01532205380499363,0.7994038257747889
1699,gender_man,21,0.0053443992510437965,0.10633585602045059,0.013481552712619305,0.8748381920158863
1699,gender_man,22,0.004599817097187042,0.17222875356674194,0.01129336841404438,0.8118780609220266
1699,gender_man,23,0.003313157707452774,0.0943644791841507,0.009826545603573322,0.8924958175048232
1699,gender_man,24,0.0015147482044994831,0.07659289240837097,0.006236286833882332,0.9156560725532472
1699,gender_man,25,0.00136240990832448,0.03278927877545357,0.004395077005028725,0.9614532343111932
1699,gender_man,26,0.0016244426369667053,0.05084913596510887,0.007881222292780876,0.9396451991051435
1699,gender_man,27,0.002188420854508877,0.0584019273519516,0.009556825272738934,0.9298528265208006
1699,gender_man,28,0.0023037465289235115,0.05590993911027908,0.011791250668466091,0.9299950636923313
1699,gender_man,29,0.0026011206209659576,0.04481324553489685,0.01329981628805399,0.9392858175560832
1699,gender_man,30,0.004105720669031143,0.08116423338651657,0.02311074547469616,0.8916193004697561
1699,gender_man,31,0.002281940309330821,0.04686255380511284,0.022905757650732994,0.9279497482348233
1699,gender_woman,0,0.017066508531570435,0.2182590216398239,0.26292750239372253,0.5017469674348831
1699,gender_woman,1,0.011638101190328598,0.08720722049474716,0.06052693724632263,0.8406277410686016
1699,gender_woman,2,0.01889927312731743,0.042561858892440796,0.026453454047441483,0.9120854139328003
1699,gender_woman,3,0.009492477402091026,0.06407450884580612,0.039494194090366364,0.8869388196617365
1699,gender_woman,4,0.012619800865650177,0.08736740052700043,0.05429325997829437,0.845719538629055
1699,gender_woman,5,0.03379059582948685,0.1256226748228073,0.04342372342944145,0.7971630059182644
1699,gender_woman,6,0.024259299039840698,0.12679022550582886,0.04876058176159859,0.8001898936927319
1699,gender_woman,7,0.02499788999557495,0.2204340100288391,0.05181723088026047,0.7027508690953255
1699,gender_woman,8,0.036315739154815674,0.18599368631839752,0.04208633303642273,0.7356042414903641
1699,gender_woman,9,0.016803763806819916,0.2716490924358368,0.033814143389463425,0.6777330003678799
1699,gender_woman,10,0.02010750025510788,0.26478010416030884,0.02136767841875553,0.6937447171658278
1699,gender_woman,11,0.0198613703250885,0.2744031250476837,0.029583711177110672,0.6761517934501171
1699,gender_woman,12,0.012708619236946106,0.32342302799224854,0.03897541016340256,0.6248929426074028
1699,gender_woman,13,0.016063325107097626,0.4381287395954132,0.027922065928578377,0.5178858693689108
1699,gender_woman,14,0.011339874006807804,0.43748390674591064,0.027361519634723663,0.5238146996125579
1699,gender_woman,15,0.007707735523581505,0.289087176322937,0.009627319872379303,0.6935777682811022
1699,gender_woman,16,0.008801033720374107,0.21982793509960175,0.015107342973351479,0.7562636882066727
1699,gender_woman,17,0.009087767452001572,0.27015364170074463,0.014069456607103348,0.7066891342401505
1699,gender_woman,18,0.009063635021448135,0.19876804947853088,0.014525526203215122,0.7776427892968059
1699,gender_woman,19,0.005340360105037689,0.17590972781181335,0.014390436932444572,0.8043594751507044
1699,gender_woman,20,0.006791627965867519,0.18227443099021912,0.013759655877947807,0.7971742851659656
1699,gender_woman,21,0.005505125038325787,0.1072721853852272,0.013094485737383366,0.8741282038390636
1699,gender_woman,22,0.004987530410289764,0.1729685366153717,0.010873398743569851,0.8111705342307687
1699,gender_woman,23,0.003923129290342331,0.09325911849737167,0.009337878786027431,0.8934798734262586
1699,gender_woman,24,0.001740182749927044,0.07684272527694702,0.00599910132586956,0.9154179906472564
1699,gender_woman,25,0.0014663436450064182,0.03274448215961456,0.00425651716068387,0.9615326570346951
1699,gender_woman,26,0.0019587939605116844,0.052132923156023026,0.007235649973154068,0.9386726329103112
1699,gender_woman,27,0.002442358061671257,0.05946667492389679,0.009125234559178352,0.9289657324552536
1699,gender_woman,28,0.0024502798914909363,0.05704202130436897,0.011103802360594273,0.9294038964435458
1699,gender_woman,29,0.002688472392037511,0.04622438922524452,0.012535370886325836,0.9385517674963921
1699,gender_woman,30,0.004631944000720978,0.08377283811569214,0.02276085689663887,0.888834360986948
1699,gender_woman,31,0.0023567872121930122,0.046678002923727036,0.0231452789157629,0.927819930948317
1699,region_western_europe,0,0.0210990272462368,0.21848471462726593,0.2615077793598175,0.49890847876667976
1699,region_western_europe,1,0.011890852823853493,0.0858626514673233,0.05978481471538544,0.8424616809934378
1699,region_western_europe,2,0.02046542428433895,0.042785439640283585,0.02552247978746891,0.9112266562879086
1699,region_western_europe,3,0.01178604457527399,0.06330995261669159,0.03679768368601799,0.8881063191220164
1699,region_western_europe,4,0.014020009897649288,0.08836013078689575,0.052994437515735626,0.8446254217997193
1699,region_western_europe,5,0.03108338639140129,0.12410411983728409,0.044976070523262024,0.7998364232480526
1699,region_western_europe,6,0.025229603052139282,0.12677490711212158,0.052766814827919006,0.7952286750078201
1699,region_western_europe,7,0.030869342386722565,0.22684268653392792,0.05617598444223404,0.6861119866371155
1699,region_western_europe,8,0.04262831062078476,0.1806463599205017,0.04333634302020073,0.7333889864385128
1699,region_western_europe,9,0.0222315676510334,0.27347368001937866,0.033263057470321655,0.6710316948592663
1699,region_western_europe,10,0.027885396033525467,0.261175274848938,0.01930554211139679,0.6916337870061398
1699,region_western_europe,11,0.028540879487991333,0.2681709825992584,0.02781771309673786,0.6754704248160124
1699,region_western_europe,12,0.01679716631770134,0.31804388761520386,0.034391071647405624,0.6307678744196892
1699,region_western_europe,13,0.015049193985760212,0.44012197852134705,0.022890619933605194,0.5219382075592875
1699,region_western_europe,14,0.011786027811467648,0.44051623344421387,0.0253103319555521,0.5223874067887664
1699,region_western_europe,15,0.008239496499300003,0.2995280623435974,0.009085847064852715,0.6831465940922499
1699,region_western_europe,16,0.007802188396453857,0.22126492857933044,0.015347584150731564,0.7555852988734841
1699,region_western_europe,17,0.007734176702797413,0.27097076177597046,0.014620169065892696,0.7066748924553394
1699,region_western_europe,18,0.0076963938772678375,0.20321467518806458,0.014405852183699608,0.774683078750968
1699,region_western_europe,19,0.005303399637341499,0.1781812161207199,0.014913804829120636,0.801601579412818
1699,region_western_europe,20,0.006067261099815369,0.18614116311073303,0.013588142581284046,0.7942034332081676
1699,region_western_europe,21,0.005585590377449989,0.11050480604171753,0.013191046193242073,0.8707185573875904
1699,region_western_europe,22,0.005707433447241783,0.1719716191291809,0.009909283369779587,0.8124116640537977
1699,region_western_europe,23,0.0039489250630140305,0.09636186063289642,0.008591363206505775,0.8910978510975838
1699,region_western_europe,24,0.002999555319547653,0.07762378454208374,0.005567709915339947,0.9138089502230287
1699,region_western_europe,25,0.0015768250450491905,0.03314054757356644,0.0038679286371916533,0.9614146987441927
1699,region_western_europe,26,0.002427913248538971,0.05401724576950073,0.00691774720326066,0.9366370937786996
1699,region_western_europe,27,0.002710124012082815,0.05909575894474983,0.008576661348342896,0.9296174556948245
1699,region_western_europe,28,0.00302405608817935,0.05874885991215706,0.010232726112008095,0.9279943578876555
1699,region_western_europe,29,0.0031067298259586096,0.045745640993118286,0.012073286809027195,0.9390743423718959
1699,region_western_europe,30,0.0046620722860097885,0.08021420240402222,0.02097557857632637,0.8941481467336416
1699,region_western_europe,31,0.0033237747848033905,0.04738612473011017,0.021751297637820244,0.9275388028472662
1699,region_arab_culture,0,0.02531769499182701,0.21761730313301086,0.26140260696411133,0.4956623949110508
1699,region_arab_culture,1,0.014346485957503319,0.08500821888446808,0.05849912762641907,0.8421461675316095
1699,region_arab_culture,2,0.02153123915195465,0.04285801574587822,0.025266442447900772,0.9103443026542664
1699,region_arab_culture,3,0.01311796996742487,0.06291618943214417,0.03675617277622223,0.8872096678242087
1699,region_arab_culture,4,0.015602879226207733,0.0888192355632782,0.05298957601189613,0.8425883091986179
1699,region_arab_culture,5,0.03572450205683708,0.12149238586425781,0.04473166540265083,0.7980514466762543
1699,region_arab_culture,6,0.030883871018886566,0.12494789063930511,0.05157238990068436,0.792595848441124
1699,region_arab_culture,7,0.03430914506316185,0.22246898710727692,0.05393218249082565,0.6892896853387356
1699,region_arab_culture,8,0.04906940460205078,0.17891699075698853,0.04277139902114868,0.729242205619812
1699,region_arab_culture,9,0.026025347411632538,0.27122020721435547,0.03275325894355774,0.6700011864304543
1699,region_arab_culture,10,0.03194476664066315,0.2603311538696289,0.01982736960053444,0.6878967098891735
1699,region_arab_culture,11,0.035998038947582245,0.2619860768318176,0.02765018306672573,0.6743657011538744
1699,region_arab_culture,12,0.02123308926820755,0.3198421001434326,0.036925382912158966,0.6219994276762009
1699,region_arab_culture,13,0.02642601914703846,0.42172709107398987,0.024844035506248474,0.5270028542727232
1699,region_arab_culture,14,0.018576443195343018,0.4377089738845825,0.02667522057890892,0.5170393623411655
1699,region_arab_culture,15,0.013142296113073826,0.2922361493110657,0.009174053557217121,0.6854475010186434
1699,region_arab_culture,16,0.015511661767959595,0.2293207049369812,0.016886191442608833,0.7382814418524504
1699,region_arab_culture,17,0.015696201473474503,0.27550095319747925,0.017284821718931198,0.691518023610115
1699,region_arab_culture,18,0.014038844034075737,0.19650237262248993,0.0166362002491951,0.7728225830942392
1699,region_arab_culture,19,0.00857822597026825,0.16639944911003113,0.017752472311258316,0.8072698526084423
1699,region_arab_culture,20,0.008529821410775185,0.19329383969306946,0.01589585281908512,0.7822804860770702
1699,region_arab_culture,21,0.008216960355639458,0.10468798130750656,0.013032522052526474,0.8740625362843275
1699,region_arab_culture,22,0.007138384506106377,0.15703170001506805,0.010049078613519669,0.8257808368653059
1699,region_arab_culture,23,0.005453682970255613,0.08792463690042496,0.009026911109685898,0.8975947690196335
1699,region_arab_culture,24,0.0046557593159377575,0.0771634578704834,0.006060346961021423,0.9121204358525574
1699,region_arab_culture,25,0.0024685622192919254,0.03233598172664642,0.004482441581785679,0.960713014472276
1699,region_arab_culture,26,0.004489511251449585,0.0595368854701519,0.009292105212807655,0.9266814980655909
1699,region_arab_culture,27,0.004968538414686918,0.06242648884654045,0.011408542282879353,0.9211964304558933
1699,region_arab_culture,28,0.0051459651440382,0.07577069848775864,0.014323309063911438,0.9047600273042917
1699,region_arab_culture,29,0.0062431152909994125,0.05493222177028656,0.017223332077264786,0.9216013308614492
1699,region_arab_culture,30,0.010002905502915382,0.09122618287801743,0.030419543385505676,0.8683513682335615
1699,region_arab_culture,31,0.0055018458515405655,0.051339149475097656,0.029048163443803787,0.914110841229558
1699,religion_christian,0,0.01451953873038292,0.2189098298549652,0.26321476697921753,0.5033558644354343
1699,religion_christian,1,0.010125719010829926,0.08720384538173676,0.061855219304561615,0.8408152163028717
1699,religion_christian,2,0.017630090937018394,0.0414918027818203,0.02635149098932743,0.9145266152918339
1699,religion_christian,3,0.009284084662795067,0.06251433491706848,0.03906336799263954,0.8891382124274969
1699,religion_christian,4,0.015373654663562775,0.0898514986038208,0.05492400750517845,0.839850839227438
1699,religion_christian,5,0.031086057424545288,0.12487883120775223,0.04503524675965309,0.7989998646080494
1699,religion_christian,6,0.02952432632446289,0.1258189082145691,0.04842768982052803,0.79622907564044
1699,religion_christian,7,0.027565523982048035,0.2158873826265335,0.05390697717666626,0.7026401162147522
1699,religion_christian,8,0.03729325532913208,0.17867186665534973,0.04467613995075226,0.7393587380647659
1699,religion_christian,9,0.0158277228474617,0.26598745584487915,0.035398952662944794,0.6827858686447144
1699,religion_christian,10,0.019193068146705627,0.2733354866504669,0.02025892399251461,0.6872125212103128
1699,religion_christian,11,0.015646934509277344,0.26970207691192627,0.025917764753103256,0.6887332238256931
1699,religion_christian,12,0.010355684906244278,0.3173655867576599,0.03509267047047615,0.6371860578656197
1699,religion_christian,13,0.010259170085191727,0.4390658438205719,0.02441495656967163,0.5262600295245647
1699,religion_christian,14,0.00815599411725998,0.44717246294021606,0.025404490530490875,0.5192670524120331
1699,religion_christian,15,0.006667887791991234,0.2977389395236969,0.008369820192456245,0.6872233524918556
1699,religion_christian,16,0.0068070292472839355,0.2159774899482727,0.014496215619146824,0.7627192651852965
1699,religion_christian,17,0.007017545402050018,0.26769039034843445,0.013399792835116386,0.7118922714143991
1699,religion_christian,18,0.005059322342276573,0.1970292031764984,0.014108116738498211,0.7838033577427268
1699,religion_christian,19,0.005361489951610565,0.17858999967575073,0.014677619561553001,0.8013708908110857
1699,religion_christian,20,0.006871679797768593,0.18060971796512604,0.014233918860554695,0.7982846833765507
1699,religion_christian,21,0.0037814918905496597,0.105695940554142,0.012455293908715248,0.8780672736465931
1699,religion_christian,22,0.0045275092124938965,0.16909366846084595,0.010143193416297436,0.8162356289103627
1699,religion_christian,23,0.0032197386026382446,0.0942530408501625,0.008879713714122772,0.8936475068330765
1699,religion_christian,24,0.0017731478437781334,0.07521847635507584,0.005417296662926674,0.9175910791382194
1699,religion_christian,25,0.0013199662789702415,0.03242826461791992,0.004094105213880539,0.9621576638892293
1699,religion_christian,26,0.0019422927871346474,0.051974471658468246,0.007107758428901434,0.9389754771254957
1699,religion_christian,27,0.003021974116563797,0.05910531431436539,0.00875288899987936,0.9291198225691915
1699,religion_christian,28,0.0025090789422392845,0.056784532964229584,0.010788729414343834,0.9299176586791873
1699,religion_christian,29,0.0037807030603289604,0.04565202817320824,0.012170279398560524,0.9383969893679023
1699,religion_christian,30,0.006807692348957062,0.08299854397773743,0.021214909851551056,0.8889788538217545
1699,religion_christian,31,0.0035195285454392433,0.04639687389135361,0.021907705813646317,0.9281758917495608
1699,religion_muslim,0,0.01608145236968994,0.2185160219669342,0.2625797390937805,0.5028227865695953
1699,religion_muslim,1,0.0096388328820467,0.08698700368404388,0.06162790581583977,0.8417462576180696
1699,religion_muslim,2,0.01775895059108734,0.04147028923034668,0.026692254468798637,0.9140785057097673
1699,religion_muslim,3,0.011170264333486557,0.061984382569789886,0.03885652497410774,0.8879888281226158
1699,religion_muslim,4,0.01272603590041399,0.08861126005649567,0.05436637997627258,0.8442963240668178
1699,religion_muslim,5,0.028486676514148712,0.12239955365657806,0.0438501238822937,0.8052636459469795
1699,religion_muslim,6,0.027555331587791443,0.1260078400373459,0.048952288925647736,0.7974845394492149
1699,religion_muslim,7,0.02848111093044281,0.21221882104873657,0.05117756128311157,0.708122506737709
1699,religion_muslim,8,0.04331481456756592,0.17137511074543,0.0431743860244751,0.742135688662529
1699,religion_muslim,9,0.02137155830860138,0.2579915225505829,0.0344092957675457,0.68622762337327
1699,religion_muslim,10,0.0325050950050354,0.2522789239883423,0.01969176158308983,0.6955242194235325
1699,religion_muslim,11,0.028009891510009766,0.25735530257225037,0.026895329356193542,0.6877394765615463
1699,religion_muslim,12,0.0173417329788208,0.31964513659477234,0.03526579961180687,0.6277473308146
1699,religion_muslim,13,0.025200292468070984,0.41397932171821594,0.021915102377533913,0.5389052834361792
1699,religion_muslim,14,0.013466522097587585,0.4384368062019348,0.023883651942014694,0.5242130197584629
1699,religion_muslim,15,0.007702350616455078,0.28913170099258423,0.008753104135394096,0.6944128442555666
1699,religion_muslim,16,0.013294115662574768,0.2162196785211563,0.013980790041387081,0.7565054157748818
1699,religion_muslim,17,0.01253507286310196,0.2614171504974365,0.014053519815206528,0.711994256824255
1699,religion_muslim,18,0.008393451571464539,0.19157707691192627,0.014998164027929306,0.7850313074886799
1699,religion_muslim,19,0.007266484200954437,0.16186882555484772,0.015932569280266762,0.8149321209639311
1699,religion_muslim,20,0.0074524469673633575,0.17506009340286255,0.014448288828134537,0.8030391708016396
1699,religion_muslim,21,0.0059009455144405365,0.09504649043083191,0.012095998041331768,0.8869565660133958
1699,religion_muslim,22,0.005201295018196106,0.1557130068540573,0.009724749252200127,0.8293609488755465
1699,religion_muslim,23,0.003268517553806305,0.09083004295825958,0.008332302793860435,0.8975691366940737
1699,religion_muslim,24,0.0032482538372278214,0.07555929571390152,0.005469677038490772,0.9157227734103799
1699,religion_muslim,25,0.0018061744049191475,0.03159530460834503,0.0040991404093801975,0.9624993805773556
1699,religion_muslim,26,0.0022252295166254044,0.04929222911596298,0.007595656905323267,0.9408868844620883
1699,religion_muslim,27,0.0036972109228372574,0.055238988250494,0.009383853524923325,0.9316799473017454
1699,religion_muslim,28,0.0033514099195599556,0.06259046494960785,0.012166584841907024,0.9218915402889252
1699,religion_muslim,29,0.004446141421794891,0.0477815642952919,0.013135421089828014,0.9346368731930852
1699,religion_muslim,30,0.006426818668842316,0.08379968255758286,0.023648329079151154,0.8861251696944237
1699,religion_muslim,31,0.003976502455770969,0.04817713797092438,0.02383679524064064,0.924009564332664
3527,baseline,0,,0.22910302877426147,0.20159852504730225,0.5692984461784363
3527,baseline,1,,0.0919187068939209,0.05651393532752991,0.8515673577785492
3527,baseline,2,,0.042345814406871796,0.024522848427295685,0.9331313371658325
3527,baseline,3,,0.06728444248437881,0.03018668107688427,0.9025288764387369
3527,baseline,4,,0.10553907603025436,0.05558636784553528,0.8388745561242104
3527,baseline,5,,0.13642287254333496,0.035158589482307434,0.8284185379743576
3527,baseline,6,,0.1443527638912201,0.043247293680906296,0.8123999424278736
3527,baseline,7,,0.23788414895534515,0.03576532006263733,0.7263505309820175
3527,baseline,8,,0.20072069764137268,0.04149734228849411,0.7577819600701332
3527,baseline,9,,0.260209858417511,0.028409721329808235,0.7113804202526808
3527,baseline,10,,0.2601623833179474,0.025820709764957428,0.7140169069170952
3527,baseline,11,,0.2744677662849426,0.0382816307246685,0.6872506029903889
3527,baseline,12,,0.33068960905075073,0.050834495574235916,0.6184758953750134
3527,baseline,13,,0.43135371804237366,0.04603579640388489,0.5226104855537415
3527,baseline,14,,0.46628856658935547,0.031105615198612213,0.5026058182120323
3527,baseline,15,,0.2928513288497925,0.013560936786234379,0.6935877343639731
3527,baseline,16,,0.22029845416545868,0.016998784616589546,0.7627027612179518
3527,baseline,17,,0.2660861015319824,0.01484859548509121,0.7190653029829264
3527,baseline,18,,0.1963723748922348,0.01301539409905672,0.7906122310087085
3527,baseline,19,,0.17277996242046356,0.015214229933917522,0.8120058076456189
3527,baseline,20,,0.17801013588905334,0.016567671671509743,0.8054221924394369
3527,baseline,21,,0.1108539029955864,0.011275509372353554,0.87787058763206
3527,baseline,22,,0.1797804981470108,0.009490642696619034,0.8107288591563702
3527,baseline,23,,0.10019591450691223,0.008271288126707077,0.8915327973663807
3527,baseline,24,,0.07583187520503998,0.004860857035964727,0.9193072677589953
3527,baseline,25,,0.030367955565452576,0.0046826256439089775,0.9649494187906384
3527,baseline,26,,0.04613170400261879,0.006875671446323395,0.9469926245510578
3527,baseline,27,,0.05909781530499458,0.0097880894318223,0.9311140952631831
3527,baseline,28,,0.05545024946331978,0.010892124846577644,0.9336576256901026
3527,baseline,29,,0.0472685769200325,0.012982037849724293,0.9397493852302432
3527,baseline,30,,0.09231413900852203,0.025994811207056046,0.8816910497844219
3527,baseline,31,,0.046625226736068726,0.03313641622662544,0.9202383570373058
3527,gender_man,0,0.02290095016360283,0.22613491117954254,0.19738611578941345,0.5535780228674412
3527,gender_man,1,0.012102422304451466,0.09040272235870361,0.05284380912780762,0.8446510462090373
3527,gender_man,2,0.019928615540266037,0.042535316199064255,0.022570934146642685,0.914965134114027
3527,gender_man,3,0.011060556396842003,0.06913743913173676,0.029782120138406754,0.8900198843330145
3527,gender_man,4,0.015330726280808449,0.10102787613868713,0.04751259833574295,0.8361287992447615
3527,gender_man,5,0.03342514485120773,0.1279781460762024,0.02937137335538864,0.8092253357172012
3527,gender_man,6,0.029221534729003906,0.12848076224327087,0.038174793124198914,0.8041229099035263
3527,gender_man,7,0.030469994992017746,0.2186785638332367,0.034785736352205276,0.7160657048225403
3527,gender_man,8,0.038538575172424316,0.2054165005683899,0.04041061922907829,0.7156343050301075
3527,gender_man,9,0.01966153085231781,0.25492310523986816,0.02847498469054699,0.696940379217267
3527,gender_man,10,0.023747459053993225,0.2677519917488098,0.021828532218933105,0.6866720169782639
3527,gender_man,11,0.019435405731201172,0.263119637966156,0.036879923194646835,0.680565033107996
3527,gender_man,12,0.014096394181251526,0.32071971893310547,0.05757400393486023,0.6076098829507828
3527,gender_man,13,0.017474012449383736,0.39171913266181946,0.06589065492153168,0.5249161999672651
3527,gender_man,14,0.011173762381076813,0.44317519664764404,0.04092682525515556,0.5047242157161236
3527,gender_man,15,0.007849814370274544,0.3011513352394104,0.012929543852806091,0.678069306537509
3527,gender_man,16,0.007956250570714474,0.22449591755867004,0.016449451446533203,0.7510983804240823
3527,gender_man,17,0.008375223726034164,0.27284055948257446,0.015218094922602177,0.7035661218687892
3527,gender_man,18,0.008184324949979782,0.19044433534145355,0.0131573136895895,0.7882140260189772
3527,gender_man,19,0.004601385444402695,0.16263432800769806,0.01523124985396862,0.8175330366939306
3527,gender_man,20,0.006258130073547363,0.1866830736398697,0.01510642096400261,0.7919523753225803
3527,gender_man,21,0.00508200703188777,0.09986774623394012,0.009899836964905262,0.8851504097692668
3527,gender_man,22,0.0039261095225811005,0.17642076313495636,0.00874399021267891,0.8109091371297836
3527,gender_man,23,0.0033247992396354675,0.09679760038852692,0.00747000053524971,0.8924075998365879
3527,gender_man,24,0.001506682951003313,0.08099823445081711,0.004531677812337875,0.9129634047858417
3527,gender_man,25,0.0012352822814136744,0.033973027020692825,0.004424283280968666,0.9603674074169248
3527,gender_man,26,0.001982433022931218,0.052772991359233856,0.006700218189507723,0.9385443574283272
3527,gender_man,27,0.002585453214123845,0.0644158199429512,0.011064759455621243,0.9219339673873037
3527,gender_man,28,0.0024980942253023386,0.06798039376735687,0.012036708183586597,0.9174848038237542
3527,gender_man,29,0.003389398567378521,0.05456012114882469,0.013205002062022686,0.9288454782217741
3527,gender_man,30,0.005317140370607376,0.10096578299999237,0.02727144956588745,0.8664456270635128
3527,gender_man,31,0.003000647760927677,0.04872515797615051,0.03363218158483505,0.9146420126780868
3527,gender_woman,0,0.023168843239545822,0.22606544196605682,0.19729578495025635,0.553469929844141
3527,gender_woman,1,0.01218948420137167,0.09046179801225662,0.05276535823941231,0.8445833595469594
3527,gender_woman,2,0.020478244870901108,0.04244222864508629,0.02246161922812462,0.914617907255888
3527,gender_woman,3,0.010875740088522434,0.06887760013341904,0.029303401708602905,0.8909432580694556
3527,gender_woman,4,0.0167371965944767,0.10006996244192123,0.046530984342098236,0.8366618566215038
3527,gender_woman,5,0.03473985940217972,0.12816712260246277,0.029289230704307556,0.80780378729105
3527,gender_woman,6,0.03045707941055298,0.12743711471557617,0.0378391295671463,0.8042666763067245
3527,gender_woman,7,0.0302652046084404,0.21800506114959717,0.034608930349349976,0.7171208038926125
3527,gender_woman,8,0.042509615421295166,0.20301705598831177,0.04085793346166611,0.713615395128727
3527,gender_woman,9,0.02172236144542694,0.25520840287208557,0.029439661651849747,0.6936295740306377
3527,gender_woman,10,0.024818211793899536,0.26391780376434326,0.022516075521707535,0.6887479089200497
3527,gender_woman,11,0.023104920983314514,0.2592467665672302,0.03753050044178963,0.6801178120076656
3527,gender_woman,12,0.016362786293029785,0.3230406641960144,0.058689773082733154,0.6019067764282227
3527,gender_woman,13,0.023189740255475044,0.38142454624176025,0.06948600709438324,0.5258997064083815
3527,gender_woman,14,0.01329616829752922,0.44346487522125244,0.03774512559175491,0.5054938308894634
3527,gender_woman,15,0.009267928078770638,0.3011550307273865,0.013221757486462593,0.6763552837073803
3527,gender_woman,16,0.01014317013323307,0.22305625677108765,0.01589341089129448,0.7509071622043848
3527,gender_woman,17,0.01051129586994648,0.2694534659385681,0.014546817168593407,0.705488421022892
3527,gender_woman,18,0.008631538599729538,0.18997427821159363,0.013264074921607971,0.7881301082670689
3527,gender_woman,19,0.004984945058822632,0.16087749600410461,0.015049133449792862,0.8190884254872799
3527,gender_woman,20,0.006511391140520573,0.18797746300697327,0.015489373356103897,0.7900217724964023
3527,gender_woman,21,0.005068965256214142,0.0992446318268776,0.009469782933592796,0.8862166199833155
3527,gender_woman,22,0.003804657608270645,0.17894861102104187,0.00846560113132,0.8087811302393675
3527,gender_woman,23,0.003591550514101982,0.09658361971378326,0.007134422659873962,0.8926904071122408
3527,gender_woman,24,0.001633568201214075,0.08022061735391617,0.004346419591456652,0.9137993948534131
3527,gender_woman,25,0.0013154742773622274,0.0338284894824028,0.004336101934313774,0.9605199343059212
3527,gender_woman,26,0.0022316030226647854,0.05206714943051338,0.006548180710524321,0.9391530668362975
3527,gender_woman,27,0.002831417368724942,0.06438741087913513,0.011173154227435589,0.9216080175247043
3527,gender_woman,28,0.002480579074472189,0.06743122637271881,0.011980811133980751,0.9181073834188282
3527,gender_woman,29,0.0033183363266289234,0.054599009454250336,0.013108372688293457,0.9289742815308273
3527,gender_woman,30,0.005487371236085892,0.0998927652835846,0.026355648413300514,0.868264215067029
3527,gender_woman,31,0.0028541493229568005,0.047753043472766876,0.03250853717327118,0.9168842700310051
3527,region_western_europe,0,0.028527986258268356,0.22576524317264557,0.196659117937088,0.5490476526319981
3527,region_western_europe,1,0.012447910383343697,0.09023407101631165,0.05144805461168289,0.8458699639886618
3527,region_western_europe,2,0.021815506741404533,0.04213256388902664,0.021168837323784828,0.914883092045784
3527,region_western_europe,3,0.01336531899869442,0.06672237813472748,0.026698602363467216,0.8932137005031109
3527,region_western_europe,4,0.018619228154420853,0.1008051335811615,0.04671204090118408,0.8338635973632336
3527,region_western_europe,5,0.03243193030357361,0.12788808345794678,0.030359670519828796,0.8093203157186508
3527,region_western_europe,6,0.03089246153831482,0.12837886810302734,0.04093942046165466,0.7997892498970032
3527,region_western_europe,7,0.03553863987326622,0.21732473373413086,0.03608857840299606,0.7110480479896069
3527,region_western_europe,8,0.04943674057722092,0.19659903645515442,0.04118688404560089,0.7127773389220238
3527,region_western_europe,9,0.028623491525650024,0.25395211577415466,0.029049929231405258,0.68837446346879
3527,region_western_europe,10,0.034802235662937164,0.2571358382701874,0.02312796749174595,0.6849339585751295
3527,region_western_europe,11,0.03318025916814804,0.25377923250198364,0.03911275789141655,0.6739277504384518
3527,region_western_europe,12,0.022375505417585373,0.30975914001464844,0.05829920619726181,0.6095661483705044
3527,region_western_europe,13,0.019357509911060333,0.3842575252056122,0.07179528474807739,0.5245896801352501
3527,region_western_europe,14,0.014075832441449165,0.45502614974975586,0.0382486917078495,0.4926493261009455
3527,region_western_europe,15,0.009103825315833092,0.31718909740448,0.01355923991650343,0.6601478373631835
3527,region_western_europe,16,0.009525231085717678,0.2235954850912094,0.01700497604906559,0.7498743077740073
3527,region_western_europe,17,0.008469248190522194,0.2746124267578125,0.016068097203969955,0.7008502278476954
3527,region_western_europe,18,0.007677644491195679,0.19739952683448792,0.01368270255625248,0.7812401261180639
3527,region_western_europe,19,0.005051764659583569,0.16177153587341309,0.015747614204883575,0.8174290852621198
3527,region_western_europe,20,0.005746698938310146,0.1925133764743805,0.01490843016654253,0.7868314944207668
3527,region_western_europe,21,0.0055253938771784306,0.10565818101167679,0.009687026962637901,0.8791293981485069
3527,region_western_europe,22,0.004819163121283054,0.17207787930965424,0.008005027659237385,0.8150979299098253
3527,region_western_europe,23,0.0036811623722314835,0.09548027813434601,0.006866672541946173,0.8939718869514763
3527,region_western_europe,24,0.002523175673559308,0.08057858049869537,0.0042311944998800755,0.9126670493278652
3527,region_western_europe,25,0.0015680770156905055,0.03460518270730972,0.004261041060090065,0.9595656992169097
3527,region_western_europe,26,0.0030955697875469923,0.05677461996674538,0.006345583125948906,0.9337842271197587
3527,region_western_europe,27,0.0032466871198266745,0.06339047849178314,0.010636165738105774,0.9227266686502844
3527,region_western_europe,28,0.0033235447481274605,0.0705886036157608,0.01167816948145628,0.9144096821546555
3527,region_western_europe,29,0.0042781406082212925,0.056683383882045746,0.013732928782701492,0.9253055467270315
3527,region_western_europe,30,0.006623871624469757,0.10006658732891083,0.02699718251824379,0.8663123585283756
3527,region_western_europe,31,0.004618856590241194,0.047280557453632355,0.03297280892729759,0.9151277770288289
3527,region_arab_culture,0,0.03403633087873459,0.22484172880649567,0.19629985094070435,0.5448220893740654
3527,region_arab_culture,1,0.014499866403639317,0.08914686739444733,0.05047930032014847,0.8458739658817649
3527,region_arab_culture,2,0.023009464144706726,0.04176526144146919,0.02046518214046955,0.9147600922733545
3527,region_arab_culture,3,0.015149878337979317,0.06741166114807129,0.02674638293683529,0.8906920775771141
3527,region_arab_culture,4,0.02064688131213188,0.10230100154876709,0.04474382847547531,0.8323082886636257
3527,region_arab_culture,5,0.03663749247789383,0.1235123723745346,0.028397168964147568,0.811452966183424
3527,region_arab_culture,6,0.035170651972293854,0.1252773106098175,0.03946211189031601,0.8000899255275726
3527,region_arab_culture,7,0.03931894153356552,0.21686658263206482,0.036893971264362335,0.7069205045700073
3527,region_arab_culture,8,0.05823316425085068,0.19009245932102203,0.04159349948167801,0.7100808769464493
3527,region_arab_culture,9,0.03427907079458237,0.2546420097351074,0.03148263320326805,0.6795962862670422
3527,region_arab_culture,10,0.04068157076835632,0.2558879554271698,0.025655532255768776,0.6777749415487051
3527,region_arab_culture,11,0.04137987270951271,0.2414870262145996,0.040330275893211365,0.6768028251826763
3527,region_arab_culture,12,0.028138475492596626,0.3060918152332306,0.059358593076467514,0.6064111161977053
3527,region_arab_culture,13,0.03247154504060745,0.3768691122531891,0.0741608515381813,0.5164984911680222
3527,region_arab_culture,14,0.018875228241086006,0.44640403985977173,0.035322774201631546,0.4993979576975107
3527,region_arab_culture,15,0.011681696400046349,0.2921827435493469,0.013670170679688454,0.6824653893709183
3527,region_arab_culture,16,0.015197623521089554,0.22089675068855286,0.018232282251119614,0.745673343539238
3527,region_arab_culture,17,0.015061069279909134,0.2652994692325592,0.0184536911547184,0.7011857703328133
3527,region_arab_culture,18,0.014272511005401611,0.1883952021598816,0.017399540171027184,0.7799327466636896
3527,region_arab_culture,19,0.00811237096786499,0.15099292993545532,0.020370183512568474,0.8205245155841112
3527,region_arab_culture,20,0.008822005242109299,0.20427025854587555,0.01800837181508541,0.7688993643969297
3527,region_arab_culture,21,0.00811690278351307,0.09467991441488266,0.01076928898692131,0.886433893814683
3527,region_arab_culture,22,0.005976816639304161,0.14598694443702698,0.008917165920138359,0.8391190730035305
3527,region_arab_culture,23,0.005216914229094982,0.08787314593791962,0.007746424060314894,0.8991635157726705
3527,region_arab_culture,24,0.00467480905354023,0.08103598654270172,0.005297890864312649,0.9089913135394454
3527,region_arab_culture,25,0.002231369726359844,0.033932413905858994,0.0053209783509373665,0.9585152380168438
3527,region_arab_culture,26,0.004558354150503874,0.06035873293876648,0.008342429995536804,0.9267404829151928
3527,region_arab_culture,27,0.005509133916348219,0.063983254134655,0.01371017936617136,0.9167974325828254
3527,region_arab_culture,28,0.004729046486318111,0.07191208004951477,0.014930399134755135,0.908428474329412
3527,region_arab_culture,29,0.007293816190212965,0.0636800155043602,0.01719249039888382,0.911833677906543
3527,region_arab_culture,30,0.012064196169376373,0.10008122771978378,0.03284695744514465,0.8550076186656952
3527,region_arab_culture,31,0.00565286073833704,0.04718954488635063,0.035792019218206406,0.9113655751571059
3527,religion_christian,0,0.01900925301015377,0.22671930491924286,0.198105126619339,0.5561663154512644
3527,religion_christian,1,0.010678347200155258,0.09153895080089569,0.053074900060892105,0.844707801938057
3527,religion_christian,2,0.018871771171689034,0.04213091731071472,0.022171923890709877,0.9168253876268864
3527,religion_christian,3,0.010427627712488174,0.06715509295463562,0.028611890971660614,0.8938053883612156
3527,religion_christian,4,0.019847068935632706,0.10276255011558533,0.04685068875551224,0.8305396921932697
3527,religion_christian,5,0.03383367508649826,0.13008874654769897,0.030884770676493645,0.8051928076893091
3527,religion_christian,6,0.036200374364852905,0.1273985505104065,0.03894265368580818,0.7974584214389324
3527,religion_christian,7,0.031021634116768837,0.21069887280464172,0.03824889287352562,0.7200306002050638
3527,religion_christian,8,0.042777061462402344,0.1957322210073471,0.0460062101483345,0.715484507381916
3527,religion_christian,9,0.020086921751499176,0.2510378062725067,0.035355765372514725,0.6935195066034794
3527,religion_christian,10,0.02152961492538452,0.2732824683189392,0.02793971821665764,0.6772481985390186
3527,religion_christian,11,0.016236647963523865,0.2590005397796631,0.041754573583602905,0.6830082386732101
3527,religion_christian,12,0.012904994189739227,0.3210281729698181,0.06185729801654816,0.6042095348238945
3527,religion_christian,13,0.012423019856214523,0.3927995562553406,0.0668952614068985,0.5278821624815464
3527,religion_christian,14,0.00770570756867528,0.4568754732608795,0.03956082463264465,0.49585799453780055
3527,religion_christian,15,0.0067824507132172585,0.3214191198348999,0.011190461926162243,0.6606079675257206
3527,religion_christian,16,0.006887860596179962,0.22103507816791534,0.01510241162031889,0.7569746496155858
3527,religion_christian,17,0.007073592394590378,0.27559906244277954,0.014810333028435707,0.7025170121341944
3527,religion_christian,18,0.005081847310066223,0.19248346984386444,0.013000446371734142,0.7894342364743352
3527,religion_christian,19,0.004855450242757797,0.1652040183544159,0.014943184331059456,0.8149973470717669
3527,religion_christian,20,0.006367083638906479,0.1835593283176422,0.015269218012690544,0.7948043700307608
3527,religion_christian,21,0.003379141679033637,0.10330177843570709,0.009975995868444443,0.8833430840168148
3527,religion_christian,22,0.0035935044288635254,0.1790681630373001,0.008483877405524254,0.8088544551283121
3527,religion_christian,23,0.0032859668135643005,0.09734319150447845,0.007325607817620039,0.8920452338643372
3527,religion_christian,24,0.0015619522891938686,0.07650823891162872,0.004496827721595764,0.9174329810775816
3527,religion_christian,25,0.0011710121762007475,0.03165736421942711,0.004481774754822254,0.9626898488495499
3527,religion_christian,26,0.0022413921542465687,0.05108590051531792,0.00605545612052083,0.9406172512099147
3527,religion_christian,27,0.0033980910666286945,0.06116042286157608,0.009687143377959728,0.9257543426938355
3527,religion_christian,28,0.0028364381287246943,0.06742973625659943,0.011217364110052586,0.9185164615046233
3527,religion_christian,29,0.004662362392991781,0.05313225835561752,0.013510426506400108,0.9286949527449906
3527,religion_christian,30,0.008391059935092926,0.10143017023801804,0.02612079121172428,0.8640579786151648
3527,religion_christian,31,0.004638065584003925,0.048217374831438065,0.032830942422151566,0.9143136171624064
3527,religion_muslim,0,0.020711565390229225,0.22627593576908112,0.19745072722434998,0.5555617716163397
3527,religion_muslim,1,0.010254781693220139,0.09180204570293427,0.05329355224967003,0.8446496203541756
3527,religion_muslim,2,0.01964053139090538,0.04243117570877075,0.022447723895311356,0.9154805690050125
3527,religion_muslim,3,0.012730603106319904,0.0668884888291359,0.02848806418478489,0.8918928438797593
3527,religion_muslim,4,0.016999423503875732,0.10154236108064651,0.04619910567998886,0.8352591097354889
3527,religion_muslim,5,0.030238598585128784,0.12657728791236877,0.031211523339152336,0.8119725901633501
3527,religion_muslim,6,0.032265424728393555,0.12670285999774933,0.039780616760253906,0.8012510985136032
3527,religion_muslim,7,0.031338006258010864,0.20881390571594238,0.03658546879887581,0.7232626192271709
3527,religion_muslim,8,0.04729115962982178,0.18705886602401733,0.04375342279672623,0.7218965515494347
3527,religion_muslim,9,0.02616022154688835,0.24557197093963623,0.035263314843177795,0.6930044926702976
3527,religion_muslim,10,0.03618159890174866,0.25062131881713867,0.02805112861096859,0.6851459536701441
3527,religion_muslim,11,0.030648469924926758,0.24582991003990173,0.04354854300618172,0.6799730770289898
3527,religion_muslim,12,0.020300716161727905,0.31549596786499023,0.06886664032936096,0.5953366756439209
3527,religion_muslim,13,0.0302419513463974,0.38438892364501953,0.0653453841805458,0.5200237408280373
3527,religion_muslim,14,0.013157006353139877,0.44688165187835693,0.03188610449433327,0.5080752372741699
3527,religion_muslim,15,0.0072610024362802505,0.3042309582233429,0.011016559787094593,0.6774914795532823
3527,religion_muslim,16,0.012177247554063797,0.21052485704421997,0.014272483065724373,0.7630254123359919
3527,religion_muslim,17,0.011466167867183685,0.2620490491390228,0.015062234364449978,0.7114225486293435
3527,religion_muslim,18,0.0070958733558654785,0.18253260850906372,0.01410730741918087,0.7962642107158899
3527,religion_muslim,19,0.006629277020692825,0.15203779935836792,0.017242368310689926,0.8240905553102493
3527,religion_muslim,20,0.006717033684253693,0.18847376108169556,0.015630081295967102,0.7891791239380836
3527,religion_muslim,21,0.004851548001170158,0.09140148013830185,0.009659580886363983,0.894087390974164
3527,religion_muslim,22,0.004070162773132324,0.16148598492145538,0.0086717139929533,0.825772138312459
3527,religion_muslim,23,0.003161909058690071,0.09295977652072906,0.007420736365020275,0.8964575780555606
3527,religion_muslim,24,0.0028529460541903973,0.07772371917963028,0.004765790421515703,0.9146575443446636
3527,religion_muslim,25,0.0016732532531023026,0.03242655098438263,0.004739933181554079,0.961160262580961
3527,religion_muslim,26,0.00246921693906188,0.05143709480762482,0.007161775603890419,0.9389319126494229
3527,religion_muslim,27,0.0038860321510583162,0.0583844855427742,0.011734776198863983,0.9259947061073035
3527,religion_muslim,28,0.003224381245672703,0.0682336762547493,0.013306494802236557,0.9152354476973414
3527,religion_muslim,29,0.00538219977170229,0.05461515113711357,0.014731315895915031,0.9252713331952691
3527,religion_muslim,30,0.007267411798238754,0.09362513571977615,0.02839825302362442,0.8707091994583607
3527,religion_muslim,31,0.004793539177626371,0.04612835496664047,0.032516490668058395,0.9165616151876748
2256,baseline,0,,0.23583577573299408,0.17572209239006042,0.5884421318769455
2256,baseline,1,,0.09952238202095032,0.05214795842766762,0.8483296595513821
2256,baseline,2,,0.043209999799728394,0.025002725422382355,0.9317872747778893
2256,baseline,3,,0.06828135251998901,0.03723744675517082,0.8944812007248402
2256,baseline,4,,0.11455024778842926,0.06345656514167786,0.8219931870698929
2256,baseline,5,,0.13880693912506104,0.05062973499298096,0.810563325881958
2256,baseline,6,,0.14867699146270752,0.055827051401138306,0.7954959571361542
2256,baseline,7,,0.24487777054309845,0.049783334136009216,0.7053388953208923
2256,baseline,8,,0.2019011527299881,0.04346427321434021,0.7546345740556717
2256,baseline,9,,0.2612857222557068,0.036091238260269165,0.702623039484024
2256,baseline,10,,0.2579534649848938,0.023889044299721718,0.7181574907153845
2256,baseline,11,,0.27552521228790283,0.03345271944999695,0.6910220682621002
2256,baseline,12,,0.3333195149898529,0.04231823608279228,0.6243622489273548
2256,baseline,13,,0.42752304673194885,0.04065641760826111,0.53182053565979
2256,baseline,14,,0.4656164348125458,0.03384074568748474,0.5005428194999695
2256,baseline,15,,0.3037087321281433,0.012188240885734558,0.6841030269861221
2256,baseline,16,,0.2262367308139801,0.014147178269922733,0.7596160909160972
2256,baseline,17,,0.27665236592292786,0.014286132529377937,0.7090615015476942
2256,baseline,18,,0.21428483724594116,0.011469565331935883,0.774245597422123
2256,baseline,19,,0.18413472175598145,0.011263681575655937,0.8046015966683626
2256,baseline,20,,0.18828001618385315,0.011455108411610126,0.8002648754045367
2256,baseline,21,,0.1211145669221878,0.00863686017692089,0.8702485729008913
2256,baseline,22,,0.2010733187198639,0.006232704501599073,0.792693976778537
2256,baseline,23,,0.10332849621772766,0.006363156251609325,0.890308347530663
2256,baseline,24,,0.07914659380912781,0.004374485928565264,0.9164789202623069
2256,baseline,25,,0.034561775624752045,0.003334462409839034,0.9621037619654089
2256,baseline,26,,0.05201518535614014,0.00709519162774086,0.940889623016119
2256,baseline,27,,0.07197839021682739,0.008502054028213024,0.9195195557549596
2256,baseline,28,,0.05580182373523712,0.008235794492065907,0.935962381772697
2256,baseline,29,,0.04732915386557579,0.010505497455596924,0.9421653486788273
2256,baseline,30,,0.10301367938518524,0.01937270164489746,0.8776136189699173
2256,baseline,31,,0.049237608909606934,0.026766186580061913,0.9239962045103312
2256,gender_man,0,0.024197328835725784,0.2315370887517929,0.1726178377866745,0.5716477446258068
2256,gender_man,1,0.01257602870464325,0.0964251309633255,0.04900531843304634,0.8419935218989849
2256,gender_man,2,0.02208956703543663,0.04314517602324486,0.023492813110351562,0.911272443830967
2256,gender_man,3,0.010379157960414886,0.06807269155979156,0.03605276346206665,0.8854953870177269
2256,gender_man,4,0.014271765947341919,0.10502257198095322,0.05535353720188141,0.8253521248698235
2256,gender_man,5,0.035450562834739685,0.13061712682247162,0.04290348291397095,0.7910288274288177
2256,gender_man,6,0.030275046825408936,0.13364006578922272,0.046178966760635376,0.789905920624733
2256,gender_man,7,0.029523557052016258,0.2279086410999298,0.04810630530118942,0.6944614965468645
2256,gender_man,8,0.03705894947052002,0.20719966292381287,0.042254649102687836,0.7134867385029793
2256,gender_man,9,0.019162993878126144,0.24985529482364655,0.034858014434576035,0.6961236968636513
2256,gender_man,10,0.022900059819221497,0.26923102140426636,0.021256936714053154,0.686611982062459
2256,gender_man,11,0.01967492699623108,0.25777143239974976,0.034557897597551346,0.6879957430064678
2256,gender_man,12,0.01502026617527008,0.31696799397468567,0.04509269446134567,0.6229190453886986
2256,gender_man,13,0.017477471381425858,0.39712420105934143,0.04494236782193184,0.5404559597373009
2256,gender_man,14,0.010384533554315567,0.45348885655403137,0.034748561680316925,0.5013780482113361
2256,gender_man,15,0.0075133927166461945,0.3021078407764435,0.010427640751004219,0.6799511257559061
2256,gender_man,16,0.00773682352155447,0.2357087880373001,0.013015641830861568,0.7435387466102839
2256,gender_man,17,0.007217772305011749,0.2802342176437378,0.012675446458160877,0.6998725635930896
2256,gender_man,18,0.006978847086429596,0.2059592306613922,0.009686565026640892,0.7773753572255373
2256,gender_man,19,0.004213165491819382,0.17430761456489563,0.009788445197045803,0.8116907747462392
2256,gender_man,20,0.005896683782339096,0.1922014355659485,0.009617781266570091,0.7922840993851423
2256,gender_man,21,0.004262237343937159,0.1074867695569992,0.007863927632570267,0.8803870654664934
2256,gender_man,22,0.0038510113954544067,0.2008795142173767,0.005744988564401865,0.789524485822767
2256,gender_man,23,0.0033780066296458244,0.10690672695636749,0.005579955410212278,0.8841353110037744
2256,gender_man,24,0.0014117630198597908,0.08764423429965973,0.00390987005084753,0.907034132629633
2256,gender_man,25,0.0010780699085444212,0.04099064692854881,0.0027324664406478405,0.9551988167222589
2256,gender_man,26,0.0021516908891499043,0.06230859085917473,0.006263079587370157,0.9292766386643052
2256,gender_man,27,0.002603977918624878,0.08104699850082397,0.008587736636400223,0.9077612869441509
2256,gender_man,28,0.002301510889083147,0.06861443817615509,0.008144862949848175,0.9209391879849136
2256,gender_man,29,0.002860181499272585,0.05245399475097656,0.009152869693934917,0.9355329540558159
2256,gender_man,30,0.0051004886627197266,0.10989568382501602,0.01780138723552227,0.867202440276742
2256,gender_man,31,0.00370838213711977,0.05205238610506058,0.026283446699380875,0.9179557850584388
2256,gender_woman,0,0.024550922214984894,0.2314349263906479,0.17252467572689056,0.5714894756674767
2256,gender_woman,1,0.012616463005542755,0.09624335169792175,0.04896673560142517,0.8421734496951103
2256,gender_woman,2,0.022484013810753822,0.04274282604455948,0.023402731865644455,0.9113704282790422
2256,gender_woman,3,0.01025770790874958,0.06846266984939575,0.036241620779037476,0.8850380014628172
2256,gender_woman,4,0.015306377783417702,0.10441478341817856,0.05413160100579262,0.8261472377926111
2256,gender_woman,5,0.03619452565908432,0.13024133443832397,0.04223877191543579,0.7913253679871559
2256,gender_woman,6,0.03154030442237854,0.13273638486862183,0.04593588039278984,0.7897874303162098
2256,gender_woman,7,0.029246360063552856,0.22489561140537262,0.04786426201462746,0.6979937665164471
2256,gender_woman,8,0.04125189781188965,0.20560279488563538,0.043146587908267975,0.709998719394207
2256,gender_woman,9,0.020629659295082092,0.25308728218078613,0.035236112773418427,0.6910469457507133
2256,gender_woman,10,0.023186825215816498,0.2647132873535156,0.021015379577875137,0.6910845078527927
2256,gender_woman,11,0.023219600319862366,0.25571027398109436,0.03404461219906807,0.6870255134999752
2256,gender_woman,12,0.016912519931793213,0.32335132360458374,0.04476495459675789,0.6149712018668652
2256,gender_woman,13,0.022081265226006508,0.3920488953590393,0.04195970669388771,0.5439101327210665
2256,gender_woman,14,0.011239857412874699,0.45946556329727173,0.03331666439771652,0.49597791489213705
2256,gender_woman,15,0.008418524637818336,0.3069683015346527,0.010553745552897453,0.6740594282746315
2256,gender_woman,16,0.01006455346941948,0.2306479811668396,0.012603827752172947,0.746683637611568
2256,gender_woman,17,0.009064584970474243,0.2772640585899353,0.011972244828939438,0.701699111610651
2256,gender_woman,18,0.007869604974985123,0.20543496310710907,0.009589774534106255,0.7771056573837996
2256,gender_woman,19,0.004580633714795113,0.16920296847820282,0.009479259140789509,0.8167371386662126
2256,gender_woman,20,0.00605071522295475,0.19820068776607513,0.009348435327410698,0.7864001616835594
2256,gender_woman,21,0.00426852609962225,0.1045556515455246,0.008015943691134453,0.8831598786637187
2256,gender_woman,22,0.003960549831390381,0.20261472463607788,0.005657770670950413,0.7877669548615813
2256,gender_woman,23,0.0038400553166866302,0.1084844172000885,0.005699459929019213,0.8819760675542057
2256,gender_woman,24,0.0015765191055834293,0.08758887648582458,0.003798359539359808,0.9070362448692322
2256,gender_woman,25,0.0011273894924670458,0.04106989502906799,0.0027155878487974405,0.9550871276296675
2256,gender_woman,26,0.002444745507091284,0.061684783548116684,0.006202786695212126,0.9296676842495799
2256,gender_woman,27,0.0028855837881565094,0.08536799252033234,0.008792044594883919,0.9029543790966272
2256,gender_woman,28,0.0023601031862199306,0.06824826449155807,0.008169441483914852,0.9212221908383071
2256,gender_woman,29,0.0028192719910293818,0.053091634064912796,0.00886183325201273,0.9352272606920451
2256,gender_woman,30,0.005639050155878067,0.11128024756908417,0.017843255773186684,0.8652374465018511
2256,gender_woman,31,0.003982110880315304,0.054645657539367676,0.026510659605264664,0.9148615719750524
2256,region_western_europe,0,0.029854055494070053,0.231469988822937,0.17173287272453308,0.5669430829584599
2256,region_western_europe,1,0.012965280562639236,0.09563228487968445,0.04796789586544037,0.843434538692236
2256,region_western_europe,2,0.0238617192953825,0.04270955175161362,0.02187178283929825,0.9115569461137056
2256,region_western_europe,3,0.013008294627070427,0.06726744771003723,0.033208996057510376,0.886515261605382
2256,region_western_europe,4,0.01689964532852173,0.10410700738430023,0.05353860557079315,0.8254547417163849
2256,region_western_europe,5,0.034852106124162674,0.12915551662445068,0.04440748319029808,0.7915848940610886
2256,region_western_europe,6,0.03354436159133911,0.13100551068782806,0.04938134551048279,0.78606878221035
2256,region_western_europe,7,0.03479216620326042,0.22617381811141968,0.049930088222026825,0.6891039274632931
2256,region_western_europe,8,0.048153966665267944,0.20302443206310272,0.04574354737997055,0.7030780538916588
2256,region_western_europe,9,0.027501635253429413,0.2542450726032257,0.038046590983867645,0.6802067011594772
2256,region_western_europe,10,0.03210651874542236,0.2582364082336426,0.022332705557346344,0.6873243674635887
2256,region_western_europe,11,0.032918140292167664,0.24993623793125153,0.03681859374046326,0.6803270280361176
2256,region_western_europe,12,0.02137315273284912,0.3030828833580017,0.05183195322751999,0.6237120106816292
2256,region_western_europe,13,0.021135173738002777,0.3982953131198883,0.0472988523542881,0.5332706607878208
2256,region_western_europe,14,0.013819572515785694,0.4703254699707031,0.03350203484296799,0.4823529226705432
2256,region_western_europe,15,0.009088397026062012,0.3176592290401459,0.010602610185742378,0.6626497637480497
2256,region_western_europe,16,0.008875376544892788,0.23337504267692566,0.013185969553887844,0.7445636112242937
2256,region_western_europe,17,0.008090700954198837,0.28357914090156555,0.012635822407901287,0.6956943357363343
2256,region_western_europe,18,0.0075914934277534485,0.21229666471481323,0.009824221953749657,0.7702876199036837
2256,region_western_europe,19,0.004574248567223549,0.17085644602775574,0.010102584958076477,0.8144667204469442
2256,region_western_europe,20,0.005591506138443947,0.2045888602733612,0.009461281821131706,0.7803583517670631
2256,region_western_europe,21,0.00461721234023571,0.10945453494787216,0.008230024948716164,0.877698227763176
2256,region_western_europe,22,0.004745796322822571,0.20136487483978271,0.005144513677805662,0.788744815159589
2256,region_western_europe,23,0.0039923833683133125,0.1069411039352417,0.005379213020205498,0.8836872996762395
2256,region_western_europe,24,0.0024005556479096413,0.08686216175556183,0.00369515223428607,0.9070421303622425
2256,region_western_europe,25,0.0015293979085981846,0.041626475751399994,0.0026595755480229855,0.9541845507919788
2256,region_western_europe,26,0.0034604929387569427,0.06401488929986954,0.005927841179072857,0.9265967765823007
2256,region_western_europe,27,0.003514272626489401,0.08410028368234634,0.008270703256130219,0.904114740435034
2256,region_western_europe,28,0.0032362856436520815,0.07438470423221588,0.008186695165932178,0.9141923149581999
2256,region_western_europe,29,0.003498342353850603,0.055299609899520874,0.008758455514907837,0.9324435922317207
2256,region_western_europe,30,0.006253514438867569,0.11513830721378326,0.017207713797688484,0.8614004645496607
2256,region_western_europe,31,0.005676841363310814,0.05726367607712746,0.02716166526079178,0.90989781729877
2256,region_arab_culture,0,0.035099755972623825,0.23082874715328217,0.17121393978595734,0.5628575570881367
2256,region_arab_culture,1,0.01545015349984169,0.09451574087142944,0.047136642038822174,0.8428974635899067
2256,region_arab_culture,2,0.025097230449318886,0.042374685406684875,0.021424278616905212,0.911103805527091
2256,region_arab_culture,3,0.01473880186676979,0.06723985075950623,0.03309130296111107,0.8849300444126129
2256,region_arab_culture,4,0.019378086552023888,0.10529827326536179,0.0524592250585556,0.8228644151240587
2256,region_arab_culture,5,0.03960416465997696,0.1246405765414238,0.0403720997273922,0.795383159071207
2256,region_arab_culture,6,0.03811280056834221,0.12963494658470154,0.04643869400024414,0.7858135588467121
2256,region_arab_culture,7,0.03926355019211769,0.2193734347820282,0.04924347996711731,0.6921195350587368
2256,region_arab_culture,8,0.056163761764764786,0.20369663834571838,0.044396232813596725,0.6957433670759201
2256,region_arab_culture,9,0.03300871700048447,0.25724300742149353,0.038530170917510986,0.671218104660511
2256,region_arab_culture,10,0.037840336561203,0.2564166784286499,0.022593891248106956,0.6831490937620401
2256,region_arab_culture,11,0.043600887060165405,0.23988372087478638,0.03621552884578705,0.6802998632192612
2256,region_arab_culture,12,0.03002738207578659,0.29439324140548706,0.060058120638132095,0.6155212558805943
2256,region_arab_culture,13,0.04878838360309601,0.38556960225105286,0.054760292172431946,0.5108817219734192
2256,region_arab_culture,14,0.024670399725437164,0.43578460812568665,0.04175027087330818,0.497794721275568
2256,region_arab_culture,15,0.015928760170936584,0.29609695076942444,0.01382412388920784,0.6741501651704311
2256,region_arab_culture,16,0.026118949055671692,0.23307402431964874,0.01587737910449505,0.7249296475201845
2256,region_arab_culture,17,0.021504485979676247,0.276553213596344,0.015894602984189987,0.6860476974397898
2256,region_arab_culture,18,0.018534330651164055,0.1936745047569275,0.013264268636703491,0.774526895955205
2256,region_arab_culture,19,0.008451913483440876,0.15054407715797424,0.013989296741783619,0.8270147126168013
2256,region_arab_culture,20,0.00961148552596569,0.2175702452659607,0.012870647944509983,0.7599476212635636
2256,region_arab_culture,21,0.007994178682565689,0.09476381540298462,0.008619368076324463,0.8886226378381252
2256,region_arab_culture,22,0.006469607353210449,0.1709296852350235,0.006075819954276085,0.81652488745749
2256,region_arab_culture,23,0.005750915966928005,0.09088645875453949,0.006576648447662592,0.8967859768308699
2256,region_arab_culture,24,0.004760210867971182,0.08771388977766037,0.005114120431244373,0.9024117789231241
2256,region_arab_culture,25,0.002545813098549843,0.0378146693110466,0.003972599748522043,0.9556669178418815
2256,region_arab_culture,26,0.006681970786303282,0.07707260549068451,0.00979028083384037,0.9064551428891718
2256,region_arab_culture,27,0.007418667897582054,0.09102606773376465,0.014289721846580505,0.8872655425220728
2256,region_arab_culture,28,0.007135198917239904,0.09963258355855942,0.015814747661352158,0.8774174698628485
2256,region_arab_culture,29,0.009672156535089016,0.08215969800949097,0.022856589406728745,0.8853115560486913
2256,region_arab_culture,30,0.01815417967736721,0.14052975177764893,0.039267733693122864,0.802048334851861
2256,region_arab_culture,31,0.007851998321712017,0.07039614021778107,0.045516952872276306,0.8762349085882306
2256,religion_christian,0,0.020054558292031288,0.23177920281887054,0.17253385484218597,0.5756323840469122
2256,religion_christian,1,0.011074859648942947,0.0964641124010086,0.049423471093177795,0.8430375568568707
2256,religion_christian,2,0.02115200273692608,0.04231780767440796,0.023278599604964256,0.9132515899837017
2256,religion_christian,3,0.009661245159804821,0.06662874668836594,0.03631540387868881,0.8873946042731404
2256,religion_christian,4,0.01812981441617012,0.10583323985338211,0.05420144647359848,0.8218354992568493
2256,religion_christian,5,0.036160655319690704,0.12857559323310852,0.042894382029771805,0.792369369417429
2256,religion_christian,6,0.03592374920845032,0.13200247287750244,0.04895855486392975,0.7831152230501175
2256,religion_christian,7,0.03098093345761299,0.21650730073451996,0.051118187606334686,0.7013935782015324
2256,religion_christian,8,0.04211331903934479,0.19787819683551788,0.045996058732271194,0.7140124253928661
2256,religion_christian,9,0.019723650068044662,0.2468123733997345,0.04099069908261299,0.6924732774496078
2256,religion_christian,10,0.020774327218532562,0.2783297300338745,0.024239055812358856,0.6766568869352341
2256,religion_christian,11,0.0163252130150795,0.24914145469665527,0.0352882444858551,0.6992450878024101
2256,religion_christian,12,0.013905785977840424,0.31495511531829834,0.04655001685023308,0.6245890818536282
2256,religion_christian,13,0.013808023184537888,0.3947438597679138,0.045953720808029175,0.5454943962395191
2256,religion_christian,14,0.007553876843303442,0.47485029697418213,0.032995328307151794,0.48460049787536263
2256,religion_christian,15,0.006637940648943186,0.32034119963645935,0.009465105831623077,0.6635557538829744
2256,religion_christian,16,0.007042400538921356,0.23328468203544617,0.011689973995089531,0.747982943430543
2256,religion_christian,17,0.00639752671122551,0.28760480880737305,0.011913609690964222,0.6940840547904372
2256,religion_christian,18,0.004479259252548218,0.21090483665466309,0.009038003161549568,0.7755779009312391
2256,religion_christian,19,0.004519812762737274,0.17484179139137268,0.009591205976903439,0.8110471898689866
2256,religion_christian,20,0.006123263388872147,0.19031807780265808,0.009607138112187386,0.7939515206962824
2256,religion_christian,21,0.002958781085908413,0.10885243862867355,0.007901955395936966,0.8802868248894811
2256,religion_christian,22,0.003483034670352936,0.19405117630958557,0.0055636693723499775,0.7969021196477115
2256,religion_christian,23,0.002776164561510086,0.10523276776075363,0.005334154237061739,0.8866569134406745
2256,religion_christian,24,0.0013546012341976166,0.0878102257847786,0.003660768736153841,0.90717440424487
2256,religion_christian,25,0.0008957836544141173,0.038498662412166595,0.002722419099882245,0.957883134833537
2256,religion_christian,26,0.0024236273020505905,0.0586191862821579,0.006008945405483246,0.9329482410103083
2256,religion_christian,27,0.0032453034073114395,0.07578890025615692,0.008341372013092041,0.9126244243234396
2256,religion_christian,28,0.002671279711648822,0.06977331638336182,0.008447451516985893,0.9191079523880035
2256,religion_christian,29,0.003764889668673277,0.05440715327858925,0.009144145995378494,0.932683811057359
2256,religion_christian,30,0.007714666426181793,0.11065466701984406,0.01826433278620243,0.8633663337677717
2256,religion_christian,31,0.005259674042463303,0.056900717318058014,0.02664225921034813,0.9111973494291306
2256,religion_muslim,0,0.02158554270863533,0.23139026761054993,0.17202632129192352,0.5749978683888912
2256,religion_muslim,1,0.010684920474886894,0.09612181037664413,0.049377232789993286,0.8438160363584757
2256,religion_muslim,2,0.021514296531677246,0.04180124029517174,0.023490305989980698,0.9131941571831703
2256,religion_muslim,3,0.01148337870836258,0.06614018231630325,0.03647961467504501,0.8858968243002892
2256,religion_muslim,4,0.015359308570623398,0.10524154454469681,0.05446045845746994,0.8249386884272099
2256,religion_muslim,5,0.03218974173069,0.12829428911209106,0.04299544543027878,0.7965205237269402
2256,religion_muslim,6,0.03282687067985535,0.13156673312187195,0.04882976412773132,0.7867766320705414
2256,religion_muslim,7,0.03094535507261753,0.2143859565258026,0.048426467925310135,0.7062422204762697
2256,religion_muslim,8,0.04665732383728027,0.19386480748653412,0.04517648369073868,0.7143013849854469
2256,religion_muslim,9,0.024775782600045204,0.24098636209964752,0.039025258272886276,0.695212597027421
2256,religion_muslim,10,0.03417345881462097,0.2584518790245056,0.02357548289000988,0.6837991792708635
2256,religion_muslim,11,0.03068721294403076,0.24497917294502258,0.03628821671009064,0.688045397400856
2256,religion_muslim,12,0.021032467484474182,0.30618324875831604,0.050220564007759094,0.6225637197494507
2256,religion_muslim,13,0.034563444554805756,0.4068070948123932,0.043666012585163116,0.5149634480476379
2256,religion_muslim,14,0.014064831659197807,0.4576210379600525,0.032038986682891846,0.49627514369785786
2256,religion_muslim,15,0.007715493440628052,0.313311904668808,0.011194982565939426,0.6677776193246245
2256,religion_muslim,16,0.013137996196746826,0.22363927960395813,0.012784029357135296,0.7504386948421597
2256,religion_muslim,17,0.010656286031007767,0.2719174921512604,0.012765701860189438,0.7046605199575424
2256,religion_muslim,18,0.006542421877384186,0.19671601057052612,0.01044510118663311,0.7862964663654566
2256,religion_muslim,19,0.005288377404212952,0.15755610167980194,0.011182480491697788,0.8259730404242873
2256,religion_muslim,20,0.0062116589397192,0.19140225648880005,0.011490830220282078,0.7908952543511987
2256,religion_muslim,21,0.0038628592155873775,0.09302185475826263,0.008204476907849312,0.8949108091183007
2256,religion_muslim,22,0.0037067458033561707,0.18902213871479034,0.006138095632195473,0.801133019849658
2256,religion_muslim,23,0.0026924926787614822,0.10253214091062546,0.005604026839137077,0.889171339571476
2256,religion_muslim,24,0.0021645333617925644,0.08428406715393066,0.004164636135101318,0.9093867633491755
2256,religion_muslim,25,0.0013365204213187099,0.03830115869641304,0.00315974117256701,0.9572025797097012
2256,religion_muslim,26,0.0025605899281799793,0.058100830763578415,0.007095029577612877,0.9322435497306287
2256,religion_muslim,27,0.0037450138479471207,0.07903717458248138,0.010105119086802006,0.9071126924827695
2256,religion_muslim,28,0.002910895273089409,0.073819100856781,0.010448798537254333,0.9128212053328753
2256,religion_muslim,29,0.00410070177167654,0.05459684506058693,0.011434224434196949,0.9298682287335396
2256,religion_muslim,30,0.006907790899276733,0.10490936785936356,0.023024147376418114,0.8651586938649416
2256,religion_muslim,31,0.005769555456936359,0.05696103721857071,0.03199010342359543,0.9052793039008975
