item_id,condition,prefix_type,category,entropy,predicted,prob_yes,pct_demographic,pct_instruction,pct_item_text,pct_other_scaffolding,pct_demographic_norm,pct_instruction_norm,pct_item_text_norm,baseline_pred,baseline_prob_yes,flipped_vs_baseline,delta_prob_yes
899,baseline,none,random,2.292092170106137,1,0.970687747001648,,0.1767364740371704,0.013725955039262772,0.8095375709235668,,0.9279335294324399,0.07206647056756008,1,0.970687747001648,False,0.0
899,gender_man,demographic,random,2.292092170106137,1,0.9975274205207825,0.012920746579766273,0.17196539044380188,0.014035673812031746,0.8010781891644001,0.06495389583219058,0.864487356722907,0.07055874744490241,1,0.970687747001648,False,0.02683967351913452
899,gender_woman,demographic,random,2.292092170106137,1,0.9971990585327148,0.013923808000981808,0.17245104908943176,0.013736499473452568,0.7998886434361339,0.06958029888992323,0.8617754236971228,0.06864427741295394,1,0.970687747001648,False,0.026511311531066895
899,region_western_europe,demographic,random,2.292092170106137,1,0.9947799444198608,0.0154127087444067,0.17256741225719452,0.014048018492758274,0.7979718605056405,0.07628991081629505,0.8541751297076737,0.06953495947603124,1,0.970687747001648,False,0.02409219741821289
899,region_arab_culture,demographic,random,2.292092170106137,1,0.9947799444198608,0.021321121603250504,0.16963179409503937,0.014246108941733837,0.7948009753599763,0.10390459526137463,0.826669592570534,0.06942581216809136,1,0.970687747001648,False,0.02409219741821289
899,placebo,placebo,random,2.292092170106137,1,0.851952850818634,0.016216522082686424,0.1766451895236969,0.014053224585950375,0.7930850638076663,0.07837289265388109,0.8537092235792,0.06791788376691897,1,0.970687747001648,False,-0.11873489618301392
3969,baseline,none,social-group,2.2854752972273342,1,0.9525741338729858,,0.17728734016418457,0.02498805522918701,0.7977246046066284,,0.8764651766934287,0.12353482330657134,1,0.9525741338729858,False,0.0
3969,gender_man,demographic,social-group,2.2854752972273342,1,0.957912266254425,0.013555828481912613,0.17560440301895142,0.025341305881738663,0.7854984626173973,0.06319688262995204,0.818662677954279,0.1181404394157689,1,0.9525741338729858,False,0.005338132381439209
3969,gender_woman,demographic,social-group,2.2854752972273342,1,0.9241418242454529,0.014283573254942894,0.1758815348148346,0.026057718321681023,0.7837771736085415,0.06605950672887485,0.8134272303721143,0.12051326289901086,1,0.9525741338729858,False,-0.02843230962753296
3969,region_western_europe,demographic,social-group,2.2854752972273342,1,0.9859364032745361,0.01654820330440998,0.17529450356960297,0.026074964553117752,0.7820823285728693,0.07593786770956536,0.8044070149135176,0.11965511737691699,1,0.9525741338729858,False,0.03336226940155029
3969,region_arab_culture,demographic,social-group,2.2854752972273342,1,0.9890130758285522,0.023334423080086708,0.16839797794818878,0.029393041506409645,0.7788745574653149,0.10552572699284268,0.7615495350417415,0.13292473796541587,1,0.9525741338729858,False,0.036438941955566406
3969,placebo,placebo,social-group,2.2854752972273342,1,0.9149009585380554,0.018517080694437027,0.17786729335784912,0.028529392555356026,0.7750862333923578,0.08232969005734418,0.7908243947918726,0.12684591515078317,1,0.9525741338729858,False,-0.03767317533493042
3263,baseline,none,social-group,2.267117875964918,1,0.9525741338729858,,0.17548978328704834,0.02996288239955902,0.7945473343133926,,0.854161627451144,0.14583837254885607,1,0.9525741338729858,False,0.0
3263,gender_man,demographic,social-group,2.267117875964918,1,0.9859364032745361,0.011409858241677284,0.17414486408233643,0.0299812164157629,0.7844640612602234,0.052937149639127094,0.8079620739842698,0.13910077637660315,1,0.9525741338729858,False,0.03336226940155029
3263,gender_woman,demographic,social-group,2.267117875964918,1,0.9740425944328308,0.012203685939311981,0.17460717260837555,0.03042467311024666,0.7827644683420658,0.056177209345883085,0.803768938146442,0.1400538525076749,1,0.9525741338729858,False,0.02146846055984497
3263,region_western_europe,demographic,social-group,2.267117875964918,1,0.9924227595329285,0.013860823586583138,0.173501119017601,0.02989066392183304,0.7827473934739828,0.0638004938501082,0.7986146716118838,0.13758483453800802,1,0.9525741338729858,False,0.03984862565994263
3263,region_arab_culture,demographic,social-group,2.267117875964918,1,0.9959298968315125,0.017522523179650307,0.1712040901184082,0.02929660677909851,0.781976779922843,0.08036998615766339,0.7852562220566239,0.13437379178571268,1,0.9525741338729858,False,0.04335576295852661
3263,placebo,placebo,social-group,2.267117875964918,1,0.9399133324623108,0.013937421143054962,0.17532135546207428,0.030723366886377335,0.7800178565084934,0.06335705672216564,0.7969799397324419,0.13966300354539254,1,0.9525741338729858,False,-0.012660801410675049
2635,baseline,none,social-group,2.261996198187296,0,0.24508501589298248,,0.17439258098602295,0.027789488434791565,0.7978179305791855,,0.8625521614532913,0.1374478385467087,0,0.24508501589298248,False,0.0
2635,gender_man,demographic,social-group,2.261996198187296,0,0.24508501589298248,0.01187419705092907,0.17119471728801727,0.03021247498691082,0.7867186106741428,0.05567385456584468,0.8026706775923205,0.14165546784183486,0,0.24508501589298248,False,0.0
2635,gender_woman,demographic,social-group,2.261996198187296,0,0.2018132209777832,0.012805921956896782,0.17198240756988525,0.030029205605387688,0.7851824648678303,0.05961301971469762,0.8005976209720054,0.13978935931329706,0,0.24508501589298248,False,-0.04327179491519928
2635,region_western_europe,demographic,social-group,2.261996198187296,1,0.562176525592804,0.0146466800943017,0.17103013396263123,0.03082006238400936,0.7835031235590577,0.06765307811864499,0.7899889216613533,0.14235800022000178,0,0.24508501589298248,True,0.31709150969982147
2635,region_arab_culture,demographic,social-group,2.261996198187296,1,0.9399133324623108,0.020687922835350037,0.16780494153499603,0.033465102314949036,0.7780420333147049,0.09320648924795105,0.7560212595248704,0.15077225122717852,0,0.24508501589298248,True,0.6948283165693283
2635,placebo,placebo,social-group,2.261996198187296,0,0.43782350420951843,0.015586372464895248,0.17346230149269104,0.031378746032714844,0.7795725800096989,0.07070977134142864,0.7869361329925444,0.14235409566602703,0,0.24508501589298248,False,0.19273848831653595
2871,baseline,none,social-group,2.241781258077324,1,0.9525741338729858,,0.17436006665229797,0.03662894666194916,0.7890109866857529,,0.8263940567967205,0.17360594320327943,1,0.9525741338729858,False,0.0
2871,gender_man,demographic,social-group,2.241781258077324,1,0.977022647857666,0.009562495164573193,0.17077545821666718,0.03690393269062042,0.7827581139281392,0.04401773220386258,0.7861074183464641,0.16987484944967327,1,0.9525741338729858,False,0.024448513984680176
2871,gender_woman,demographic,social-group,2.241781258077324,1,0.977022647857666,0.010482415556907654,0.17163841426372528,0.036646608263254166,0.7812325619161129,0.04791579427322332,0.7845702073720403,0.16751399835473643,1,0.9525741338729858,False,0.024448513984680176
2871,region_western_europe,demographic,social-group,2.241781258077324,1,0.9859364032745361,0.011253314092755318,0.1712188422679901,0.036989372223615646,0.7805384714156389,0.05127693297930138,0.7801770240663094,0.16854604295438924,1,0.9525741338729858,False,0.03336226940155029
2871,region_arab_culture,demographic,social-group,2.241781258077324,1,0.9796676635742188,0.01470309216529131,0.16832350194454193,0.03751082345843315,0.7794625824317336,0.06666937668633954,0.7632423731108492,0.17008825020281124,1,0.9525741338729858,False,0.02709352970123291
2871,placebo,placebo,social-group,2.241781258077324,1,0.9399133324623108,0.012857139110565186,0.17207539081573486,0.03642052784562111,0.7786469422280788,0.05808430766659202,0.7773797775725273,0.16453591476088064,1,0.9525741338729858,False,-0.012660801410675049
79,baseline,none,random,2.2020097833002965,1,0.977022647857666,,0.18001538515090942,0.02095622941851616,0.7990283854305744,,0.8957254263821579,0.10427457361784212,1,0.977022647857666,False,0.0
79,gender_man,demographic,random,2.2020097833002965,1,0.9669140577316284,0.012922556139528751,0.17832094430923462,0.021084658801555634,0.787671840749681,0.06086124508946562,0.839836529167135,0.09930222574339939,1,0.977022647857666,False,-0.010108590126037598
79,gender_woman,demographic,random,2.2020097833002965,1,0.9465966820716858,0.013861464336514473,0.17924027144908905,0.021038461476564407,0.7858598027378321,0.06473079091985769,0.8370230052120876,0.09824620386805474,1,0.977022647857666,False,-0.030425965785980225
79,region_western_europe,demographic,random,2.2020097833002965,1,0.9525741338729858,0.015285283327102661,0.17979353666305542,0.02178390510380268,0.7831372749060392,0.07048368187976961,0.8290661135294493,0.10045020459078112,1,0.977022647857666,False,-0.024448513984680176
79,region_arab_culture,demographic,random,2.2020097833002965,1,0.9241418242454529,0.02123277820646763,0.17596130073070526,0.024340923875570297,0.7784649971872568,0.09584389797044872,0.7942821608169974,0.10987394121255385,1,0.977022647857666,False,-0.052880823612213135
79,placebo,placebo,random,2.2020097833002965,1,0.8670357465744019,0.0180911086499691,0.1813921481370926,0.02622564509510994,0.7742910981178284,0.08015239318922976,0.8036552684651578,0.1161923383456125,1,0.977022647857666,False,-0.10998690128326416
4506,baseline,none,moral,2.190515847687587,1,0.5926666259765625,,0.177321195602417,0.032565951347351074,0.7901128530502319,,0.8448406592751245,0.1551593407248755,1,0.5926666259765625,False,0.0
4506,gender_man,demographic,moral,2.190515847687587,1,0.7549149990081787,0.011176074855029583,0.172733873128891,0.03335301950573921,0.7827370325103402,0.0514403120981098,0.7950451709498625,0.15351451695202767,1,0.5926666259765625,False,0.1622483730316162
4506,gender_woman,demographic,moral,2.190515847687587,1,0.6513549089431763,0.011938905343413353,0.1726590394973755,0.033629678189754486,0.7817723769694567,0.054708497382764294,0.7911878299348474,0.15410367268238837,1,0.5926666259765625,False,0.05868828296661377
4506,region_western_europe,demographic,moral,2.190515847687587,1,0.8807970285415649,0.013796254992485046,0.17403608560562134,0.03330954536795616,0.7788581140339375,0.062386439964622,0.7869883393882682,0.1506252206471098,1,0.5926666259765625,False,0.28813040256500244
4506,region_arab_culture,demographic,moral,2.190515847687587,1,0.7772998809814453,0.01998259127140045,0.16908404231071472,0.03863602131605148,0.7722973451018333,0.08775739255362253,0.7425650894862539,0.16967751796012354,1,0.5926666259765625,False,0.1846332550048828
4506,placebo,placebo,moral,2.190515847687587,1,0.622459352016449,0.01684635877609253,0.17549356818199158,0.037180665880441666,0.7704794071614742,0.073398027461285,0.7646092492687846,0.16199272326993036,1,0.5926666259765625,False,0.029792726039886475
2904,baseline,none,social-group,2.186704345910025,0,0.3775406777858734,,0.17382676899433136,0.02453778125345707,0.8016354497522116,,0.8762995644997782,0.12370043550022185,0,0.3775406777858734,False,0.0
2904,gender_man,demographic,social-group,2.186704345910025,0,0.29421496391296387,0.013780009932816029,0.17342588305473328,0.027126086875796318,0.7856680201366544,0.06429283180980237,0.8091460880700427,0.12656108012015493,0,0.3775406777858734,False,-0.08332571387290955
2904,gender_woman,demographic,social-group,2.186704345910025,0,0.24508501589298248,0.014834651723504066,0.17371688783168793,0.02674121968448162,0.7847072407603264,0.0689045547834215,0.8068868105234253,0.12420863469315328,0,0.3775406777858734,False,-0.13245566189289093
2904,region_western_europe,demographic,social-group,2.186704345910025,0,0.3775406777858734,0.01674271747469902,0.17345425486564636,0.027964400127530098,0.7818386275321245,0.0767446467965561,0.7950731740614976,0.12818217914194635,0,0.3775406777858734,False,0.0
2904,region_arab_culture,demographic,social-group,2.186704345910025,1,0.562176525592804,0.025704357773065567,0.16387489438056946,0.03393597900867462,0.7764847688376904,0.11500047508798128,0.7331710395233366,0.15182848538868204,0,0.3775406777858734,True,0.18463584780693054
2904,placebo,placebo,social-group,2.186704345910025,0,0.07585817575454712,0.02224287949502468,0.16853351891040802,0.03817794471979141,0.7710456568747759,0.09714984739494187,0.7361009911842137,0.16674916142084448,0,0.3775406777858734,False,-0.3016825020313263
95,baseline,none,random,2.155764140580779,1,0.9465966820716858,,0.17639827728271484,0.025966068729758263,0.7976356539875269,,0.8716865433985205,0.12831345660147958,1,0.9465966820716858,False,0.0
95,gender_man,demographic,random,2.155764140580779,1,0.9840936064720154,0.012475293129682541,0.17240741848945618,0.02619345113635063,0.7889238372445107,0.05910327801502589,0.8168019365084486,0.1240947854765255,1,0.9465966820716858,False,0.03749692440032959
95,gender_woman,demographic,random,2.155764140580779,1,0.9626730680465698,0.013654500246047974,0.17301152646541595,0.026274360716342926,0.7870596125721931,0.06412358130360431,0.8124880796700533,0.12338833902634237,1,0.9465966820716858,False,0.016076385974884033
95,region_western_europe,demographic,random,2.155764140580779,1,0.9840936064720154,0.014885038137435913,0.173778235912323,0.02611153945326805,0.785225186496973,0.06930532446825348,0.8091183182886285,0.12157635724311801,1,0.9465966820716858,False,0.03749692440032959
95,region_arab_culture,demographic,random,2.155764140580779,1,0.977022647857666,0.01955346390604973,0.17426925897598267,0.027507495135068893,0.7786697819828987,0.08834520690951884,0.7873721922711773,0.12428260081930385,1,0.9465966820716858,False,0.030425965785980225
95,placebo,placebo,random,2.155764140580779,1,0.8175744414329529,0.016050633043050766,0.17815260589122772,0.027150414884090424,0.7786463461816311,0.07251126315819058,0.8048324607165072,0.12265627612530226,1,0.9465966820716858,False,-0.1290222406387329
3759,baseline,none,social-group,2.14853573331382,1,0.8354835510253906,,0.1732088178396225,0.018881943076848984,0.8079092390835285,,0.9017030127489599,0.09829698725104007,1,0.8354835510253906,False,0.0
3759,gender_man,demographic,social-group,2.14853573331382,1,0.9046505093574524,0.014497368596494198,0.1697780340909958,0.01962387003004551,0.7961007272824645,0.07110063907181075,0.8326563985649506,0.09624296236323869,1,0.8354835510253906,False,0.06916695833206177
3759,gender_woman,demographic,social-group,2.14853573331382,1,0.9399133324623108,0.015565295703709126,0.16952501237392426,0.0192046407610178,0.7957050511613488,0.07619031107813802,0.8298052073123567,0.09400448160950524,1,0.8354835510253906,False,0.10442978143692017
3759,region_western_europe,demographic,social-group,2.14853573331382,1,0.8807970285415649,0.01851542294025421,0.16951042413711548,0.020766932517290115,0.7912072204053402,0.08867846376775651,0.8118596077230008,0.09946192850924267,1,0.8354835510253906,False,0.045313477516174316
3759,region_arab_culture,demographic,social-group,2.14853573331382,1,0.9399133324623108,0.026684680953621864,0.15926039218902588,0.023215074092149734,0.7908398527652025,0.12758014041588128,0.7614279980891604,0.11099186149495834,1,0.8354835510253906,False,0.10442978143692017
3759,placebo,placebo,social-group,2.14853573331382,1,0.6791787147521973,0.022794734686613083,0.16603069007396698,0.024860017001628876,0.7863145582377911,0.10667425210922542,0.7769864371889565,0.11633931070181806,1,0.8354835510253906,False,-0.15630483627319336
3605,baseline,none,social-group,2.140336064760444,1,0.9796676635742188,,0.16898012161254883,0.041064683347940445,0.7899551950395107,,0.8044956010425254,0.19550439895747465,1,0.9796676635742188,False,0.0
3605,gender_man,demographic,social-group,2.140336064760444,1,0.9740425944328308,0.009646471589803696,0.1662645787000656,0.04571880027651787,0.7783701494336128,0.043525145936576734,0.7501903659419857,0.20628448812143751,1,0.9796676635742188,False,-0.0056250691413879395
3605,gender_woman,demographic,social-group,2.140336064760444,1,0.9525741338729858,0.010576829314231873,0.16645130515098572,0.04613678902387619,0.7768350765109062,0.047394676317708904,0.7458667901235846,0.20673853355870653,1,0.9796676635742188,False,-0.02709352970123291
3605,region_western_europe,demographic,social-group,2.140336064760444,1,0.9669140577316284,0.011600872501730919,0.1666664034128189,0.0467279814183712,0.775004742667079,0.05156052016049981,0.7407551847468764,0.20768429509262382,1,0.9796676635742188,False,-0.012753605842590332
3605,region_arab_culture,demographic,social-group,2.140336064760444,1,0.9399133324623108,0.016968347132205963,0.1619683802127838,0.056370992213487625,0.7646922804415226,0.07211130669255023,0.6883258250800068,0.23956286822744297,1,0.9796676635742188,False,-0.03975433111190796
3605,placebo,placebo,social-group,2.140336064760444,1,0.8670357465744019,0.01372529473155737,0.16672652959823608,0.05637599527835846,0.7631721803918481,0.057954740090361105,0.7039989215544724,0.23804633835516648,1,0.9796676635742188,False,-0.1126319169998169
951,baseline,none,random,2.1356362109162186,1,0.9669140577316284,,0.17226573824882507,0.029469899833202362,0.7982643619179726,,0.8539182262817656,0.1460817737182344,1,0.9669140577316284,False,0.0
951,gender_man,demographic,random,2.1356362109162186,1,0.9914224743843079,0.01203559897840023,0.1699323207139969,0.03268969804048538,0.7853423822671175,0.05606881836067515,0.7916435601435712,0.15228762149575362,1,0.9669140577316284,False,0.024508416652679443
951,gender_woman,demographic,random,2.1356362109162186,1,0.970687747001648,0.012950827367603779,0.17092961072921753,0.032488010823726654,0.783631551079452,0.05985543378535479,0.7899932341428584,0.15015133207178688,1,0.9669140577316284,False,0.0037736892700195312
951,region_western_europe,demographic,random,2.1356362109162186,1,0.9859364032745361,0.014141442254185677,0.17058736085891724,0.0324094295501709,0.7828617673367262,0.06512645000715032,0.7856164193960944,0.1492571305967553,1,0.9669140577316284,False,0.019022345542907715
951,region_arab_culture,demographic,random,2.1356362109162186,1,0.9924227595329285,0.020179172977805138,0.16593876481056213,0.03596557676792145,0.7779164854437113,0.09086299367209706,0.7471908265775563,0.16194617975034659,1,0.9669140577316284,False,0.02550870180130005
951,placebo,placebo,random,2.1356362109162186,1,0.9914224743843079,0.01618444174528122,0.1714288294315338,0.03429483249783516,0.7780918963253498,0.07293308120468635,0.772521717741654,0.15454520105365963,1,0.9669140577316284,False,0.024508416652679443
677,baseline,none,random,2.133341067193524,1,0.970687747001648,,0.1735284924507141,0.03330328315496445,0.7931682243943214,,0.8389837197043813,0.16101628029561868,1,0.970687747001648,False,0.0
677,gender_man,demographic,random,2.133341067193524,1,0.9669140577316284,0.011139988899230957,0.1699400246143341,0.03351982310414314,0.7854001633822918,0.051910519014401316,0.7918926094853844,0.15619687150021425,1,0.970687747001648,False,-0.0037736892700195312
677,gender_woman,demographic,random,2.133341067193524,1,0.9149009585380554,0.012082591652870178,0.17111457884311676,0.033733874559402466,0.7830689549446106,0.055697844675874346,0.7887970981720286,0.15550505715209703,1,0.970687747001648,False,-0.05578678846359253
677,region_western_europe,demographic,random,2.133341067193524,1,0.9902915358543396,0.012916320003569126,0.17104659974575043,0.034806109964847565,0.7812309702858329,0.05904089815841372,0.7818592968539995,0.15909980498758677,1,0.970687747001648,False,0.01960378885269165
677,region_arab_culture,demographic,random,2.133341067193524,1,0.977022647857666,0.01831660233438015,0.16935516893863678,0.03692624717950821,0.7754019815474749,0.08155282250743391,0.7540367902864404,0.16441038720612564,1,0.970687747001648,False,0.006334900856018066
677,placebo,placebo,random,2.133341067193524,1,0.9324532747268677,0.014308025129139423,0.17303164303302765,0.03545757383108139,0.7772027580067515,0.06421993827721174,0.7766327872149832,0.15914727450780508,1,0.970687747001648,False,-0.03823447227478027
1791,baseline,none,social-group,2.128331049767102,0,0.4687906503677368,,0.1745004653930664,0.02824866585433483,0.7972508687525988,,0.8606718278863308,0.13932817211366924,0,0.4687906503677368,False,0.0
1791,gender_man,demographic,social-group,2.128331049767102,1,0.531209409236908,0.010784017853438854,0.17086467146873474,0.02845694310963154,0.7898943675681949,0.05132664807041319,0.8132322274805889,0.13544112444899795,0,0.4687906503677368,True,0.06241875886917114
1791,gender_woman,demographic,social-group,2.128331049767102,0,0.43782350420951843,0.011805916205048561,0.17131252586841583,0.028735067695379257,0.7881464902311563,0.055726790733512804,0.8086367134315469,0.13563649583494036,0,0.4687906503677368,False,-0.030967146158218384
1791,region_western_europe,demographic,social-group,2.128331049767102,1,0.531209409236908,0.013483978807926178,0.16949929296970367,0.02913626655936241,0.7878804616630077,0.06356783026042755,0.7990744006826084,0.13735776905696404,0,0.4687906503677368,True,0.06241875886917114
1791,region_arab_culture,demographic,social-group,2.128331049767102,1,0.531209409236908,0.01902524009346962,0.16429506242275238,0.03209095075726509,0.7845887467265129,0.08832054873806935,0.7627041759706148,0.1489752752913158,0,0.4687906503677368,True,0.06241875886917114
1791,placebo,placebo,social-group,2.128331049767102,0,0.4687906503677368,0.014891412109136581,0.17215675115585327,0.030802294611930847,0.7821495421230793,0.06835612031419187,0.7902519592275401,0.14139192045826807,0,0.4687906503677368,False,0.0
2806,baseline,none,social-group,2.127065630893372,1,0.531209409236908,,0.17429232597351074,0.02645869553089142,0.7992489784955978,,0.8682014401091791,0.13179855989082087,1,0.531209409236908,False,0.0
2806,gender_man,demographic,social-group,2.127065630893372,1,0.9740425944328308,0.012448502704501152,0.1713891476392746,0.02648243121802807,0.7896799184381962,0.05918836951783458,0.8148967343801209,0.12591489610204457,1,0.531209409236908,False,0.44283318519592285
2806,gender_woman,demographic,social-group,2.127065630893372,1,0.9399133324623108,0.013419341295957565,0.17135339975357056,0.02626030519604683,0.788966953754425,0.06358881480742948,0.8119742514362893,0.12443693375628116,1,0.531209409236908,False,0.40870392322540283
2806,region_western_europe,demographic,social-group,2.127065630893372,1,0.9902915358543396,0.014926925301551819,0.17277491092681885,0.02616492658853531,0.786133237183094,0.0697954422882014,0.8078623749251473,0.1223421827866513,1,0.531209409236908,False,0.45908212661743164
2806,region_arab_culture,demographic,social-group,2.127065630893372,1,0.9399133324623108,0.01927189715206623,0.1727106124162674,0.028121355921030045,0.7798961345106363,0.08755819489684305,0.7846777794305184,0.12776402567263856,1,0.531209409236908,False,0.40870392322540283
2806,placebo,placebo,social-group,2.127065630893372,1,0.9241418242454529,0.017381487414240837,0.1719089150428772,0.029413480311632156,0.7812961172312498,0.07947498322478075,0.7860350390973517,0.13448997767786747,1,0.531209409236908,False,0.3929324150085449
628,baseline,none,random,2.1220658663709395,0,0.3775406777858734,,0.17208212614059448,0.02856527641415596,0.7993525974452496,,0.8576344570104196,0.14236554298958035,0,0.3775406777858734,False,0.0
628,gender_man,demographic,random,2.1220658663709395,1,0.5926666259765625,0.013500111177563667,0.1713925153017044,0.02907300367951393,0.786034369841218,0.06309476511505775,0.80102825474594,0.1358769801390023,0,0.3775406777858734,True,0.2151259481906891
628,gender_woman,demographic,random,2.1220658663709395,1,0.562176525592804,0.014475126750767231,0.17162556946277618,0.028996776789426804,0.7849025269970298,0.06729566158393385,0.797896725920189,0.13480761249587714,0,0.3775406777858734,True,0.18463584780693054
628,region_western_europe,demographic,random,2.1220658663709395,1,0.7057850360870361,0.016669534146785736,0.17046670615673065,0.03018937073647976,0.7826743889600039,0.07670303590550084,0.7843838806709179,0.13891308342358127,0,0.3775406777858734,True,0.3282443583011627
628,region_arab_culture,demographic,random,2.1220658663709395,1,0.562176525592804,0.024744847789406776,0.16476818919181824,0.03398770093917847,0.7764992620795965,0.11071483709471819,0.737215414700322,0.1520697482049598,0,0.3775406777858734,True,0.18463584780693054
628,placebo,placebo,random,2.1220658663709395,1,0.622459352016449,0.01872919872403145,0.17561878263950348,0.03115115687251091,0.7745008617639542,0.08305663103876822,0.7788002384987872,0.1381431304624446,0,0.3775406777858734,True,0.24491867423057556
2147,baseline,none,social-group,2.1216535224393334,1,0.9626730680465698,,0.17982372641563416,0.02399154007434845,0.7961847335100174,,0.8822878163764655,0.1177121836235345,1,0.9626730680465698,False,0.0
2147,gender_man,demographic,social-group,2.1216535224393334,1,0.9241418242454529,0.012339972890913486,0.17870348691940308,0.023839637637138367,0.7851169025525451,0.057426447391614704,0.8316311940872929,0.11094235852109234,1,0.9626730680465698,False,-0.03853124380111694
2147,gender_woman,demographic,social-group,2.1216535224393334,1,0.851952850818634,0.013268662616610527,0.18005074560642242,0.023914195597171783,0.7827663961797953,0.06108015695210972,0.8288346850584083,0.11008515798948203,1,0.9626730680465698,False,-0.11072021722793579
2147,region_western_europe,demographic,social-group,2.1216535224393334,1,0.851952850818634,0.014742549508810043,0.17949965596199036,0.02388130873441696,0.7818764857947826,0.06758807991209878,0.8229266643536264,0.10948525573427488,1,0.9626730680465698,False,-0.11072021722793579
2147,region_arab_culture,demographic,social-group,2.1216535224393334,1,0.9046505093574524,0.02051524817943573,0.17694643139839172,0.028387948870658875,0.7741503715515137,0.09083587305575319,0.7834701018281779,0.12569402511606892,1,0.9626730680465698,False,-0.05802255868911743
2147,placebo,placebo,social-group,2.1216535224393334,1,0.7310585379600525,0.017711840569972992,0.1800752878189087,0.028489045798778534,0.7737238258123398,0.07827532277120713,0.7958208082021255,0.12590386902666734,1,0.9626730680465698,False,-0.23161453008651733
3108,baseline,none,random,2.1137392619169884,1,0.977022647857666,,0.17585624754428864,0.017635498195886612,0.8065082542598248,,0.9088565864738855,0.09114341352611458,1,0.977022647857666,False,0.0
3108,gender_man,demographic,random,2.1137392619169884,1,0.9820137619972229,0.015710368752479553,0.16980336606502533,0.017483945935964584,0.7970023192465305,0.07739186326743806,0.8364793402307046,0.0861287965018574,1,0.977022647857666,False,0.004991114139556885
3108,gender_woman,demographic,random,2.1137392619169884,1,0.9626730680465698,0.016824942082166672,0.16921013593673706,0.01747269742190838,0.7964922245591879,0.08267468918925908,0.8314676703148862,0.08585764049585472,1,0.977022647857666,False,-0.014349579811096191
3108,region_western_europe,demographic,random,2.1137392619169884,1,0.9465966820716858,0.02054065465927124,0.16944798827171326,0.018633728846907616,0.7913776282221079,0.09845854250540138,0.812223477413604,0.08931798008099459,1,0.977022647857666,False,-0.030425965785980225
3108,region_arab_culture,demographic,random,2.1137392619169884,1,0.8670357465744019,0.02936277911067009,0.16016148030757904,0.020772285759449005,0.7897034548223019,0.13962558959710386,0.7615982477136961,0.09877616268919999,1,0.977022647857666,False,-0.10998690128326416
3108,placebo,placebo,random,2.1137392619169884,1,0.9046505093574524,0.023259414359927177,0.17380781471729279,0.02173825539648533,0.7811945155262947,0.1063017886223156,0.7943485289473169,0.0993496824303675,1,0.977022647857666,False,-0.07237213850021362
2718,baseline,none,random,2.103701696057348,0,0.08509904146194458,,0.1735045313835144,0.027933742851018906,0.7985617257654667,,0.8613285238013119,0.13867147619868816,0,0.08509904146194458,False,0.0
2718,gender_man,demographic,random,2.103701696057348,0,0.2018132209777832,0.012201542034745216,0.17282938957214355,0.031129373237490654,0.7838396951556206,0.056446728475561175,0.7995426805886902,0.14401059093574867,0,0.08509904146194458,False,0.11671417951583862
2718,gender_woman,demographic,random,2.103701696057348,0,0.24508501589298248,0.013300827704370022,0.17317627370357513,0.030211083590984344,0.7833118150010705,0.06138233934829318,0.7991957369730642,0.13942192367864265,0,0.08509904146194458,False,0.1599859744310379
2718,region_western_europe,demographic,random,2.103701696057348,0,0.43782350420951843,0.014929012395441532,0.17349174618721008,0.03072681650519371,0.7808524249121547,0.06812310101746386,0.7916662829495873,0.14021061603294885,0,0.08509904146194458,False,0.35272446274757385
2718,region_arab_culture,demographic,random,2.103701696057348,1,0.7549149990081787,0.020219501107931137,0.17234349250793457,0.03389281779527664,0.7735441885888577,0.08928673979234553,0.7610468966726402,0.14966636353501417,0,0.08509904146194458,True,0.6698159575462341
2718,placebo,placebo,random,2.103701696057348,0,0.16451644897460938,0.016127459704875946,0.17632834613323212,0.03330095857381821,0.7742432355880737,0.07143732657086206,0.7810545415662284,0.14750813186290945,0,0.08509904146194458,False,0.0794174075126648
989,baseline,none,random,2.1029334343823503,1,0.7549149990081787,,0.17377588152885437,0.03743902966380119,0.7887850888073444,,0.8227443817654905,0.17725561823450955,1,0.7549149990081787,False,0.0
989,gender_man,demographic,random,2.1029334343823503,1,0.531209409236908,0.010928226634860039,0.16998973488807678,0.03789156302809715,0.781190475448966,0.04994401709561412,0.7768845311321413,0.1731714517722446,1,0.7549149990081787,False,-0.22370558977127075
989,gender_woman,demographic,random,2.1029334343823503,0,0.4073334336280823,0.011842659674584866,0.17059870064258575,0.03786538913846016,0.7796932505443692,0.05375531936196965,0.7743689245296768,0.1718757561083536,1,0.7549149990081787,True,-0.34758156538009644
989,region_western_europe,demographic,random,2.1029334343823503,1,0.7057850360870361,0.013174137100577354,0.16990137100219727,0.03753765672445297,0.7793868351727724,0.05971600611819622,0.7701325128772569,0.17015148100454683,1,0.7549149990081787,False,-0.04912996292114258
989,region_arab_culture,demographic,random,2.1029334343823503,1,0.622459352016449,0.01883041113615036,0.1700553596019745,0.0399855300784111,0.771128699183464,0.0822751086264192,0.7430174032099004,0.17470748816368045,1,0.7549149990081787,False,-0.13245564699172974
989,placebo,placebo,random,2.1029334343823503,0,0.4073334336280823,0.013963183388113976,0.17410461604595184,0.03754261136054993,0.7743895892053843,0.06189068730886425,0.7717047073880284,0.16640460530310727,1,0.7549149990081787,True,-0.34758156538009644
2739,baseline,none,social-group,2.1023037954930768,1,0.9241418242454529,,0.1697814166545868,0.027094533666968346,0.8031240496784449,,0.8623776361576152,0.13762236384238485,1,0.9241418242454529,False,0.0
2739,gender_man,demographic,social-group,2.1023037954930768,1,0.9947799444198608,0.012316173873841763,0.16381646692752838,0.027237463742494583,0.7966298954561353,0.0605603950564194,0.8055090854919384,0.1339305194516422,1,0.9241418242454529,False,0.07063812017440796
2739,gender_woman,demographic,social-group,2.1023037954930768,1,0.9933071732521057,0.013449888676404953,0.16403043270111084,0.027071356773376465,0.7954483218491077,0.06575301067187204,0.8019021607835943,0.13234482854453364,1,0.9241418242454529,False,0.06916534900665283
2739,region_western_europe,demographic,social-group,2.1023037954930768,1,0.9992903470993042,0.01584208756685257,0.16401197016239166,0.026433851569890976,0.7937120907008648,0.07679600622584322,0.7950634175295276,0.12814057624462913,1,0.9241418242454529,False,0.07514852285385132
2739,region_arab_culture,demographic,social-group,2.1023037954930768,1,0.9875683188438416,0.020222336053848267,0.16342177987098694,0.029350142925977707,0.7870057411491871,0.09494310392663002,0.7672590836612742,0.13779781241209588,1,0.9241418242454529,False,0.06342649459838867
2739,placebo,placebo,social-group,2.1023037954930768,1,0.970687747001648,0.018110834062099457,0.16749030351638794,0.031200222671031952,0.7831986397504807,0.0835365333559507,0.7725519033811471,0.1439115632629022,1,0.9241418242454529,False,0.04654592275619507
589,baseline,none,random,2.101928088293572,1,0.9046505093574524,,0.17627477645874023,0.03285393491387367,0.7908712886273861,,0.8429008876962075,0.15709911230379248,1,0.9046505093574524,False,0.0
589,gender_man,demographic,random,2.101928088293572,1,0.9525741338729858,0.010966870002448559,0.1723206788301468,0.034329283982515335,0.7823831671848893,0.05039532034622577,0.7918536291563073,0.15775105049746688,1,0.9046505093574524,False,0.04792362451553345
589,gender_woman,demographic,random,2.101928088293572,1,0.9465966820716858,0.011901333928108215,0.17319157719612122,0.034020088613033295,0.7808870002627373,0.05431596455883057,0.7904212776229359,0.15526275781823357,1,0.9046505093574524,False,0.0419461727142334
589,region_western_europe,demographic,random,2.101928088293572,1,0.9626730680465698,0.012789912521839142,0.17328548431396484,0.03519744053483009,0.7787271626293659,0.05780154796142429,0.7831303940108565,0.1590680580277192,1,0.9046505093574524,False,0.05802255868911743
589,region_arab_culture,demographic,random,2.101928088293572,1,0.9796676635742188,0.018240410834550858,0.17025813460350037,0.037105001509189606,0.7743964530527592,0.08085161373290164,0.7546784476899939,0.16446993857710449,1,0.9046505093574524,False,0.07501715421676636
589,placebo,placebo,random,2.101928088293572,1,0.9241418242454529,0.014313384890556335,0.17401635646820068,0.03733890503644943,0.7743313536047935,0.06342655534650458,0.7711144602846214,0.16545898436887407,1,0.9046505093574524,False,0.01949131488800049
100,baseline,none,random,2.086605216789225,1,0.977022647857666,,0.17408807575702667,0.02088015154004097,0.8050317727029324,,0.8929048500388401,0.1070951499611599,1,0.977022647857666,False,0.0
100,gender_man,demographic,random,2.086605216789225,1,0.9820137619972229,0.013606918044388294,0.17117559909820557,0.02119593322277069,0.7940215496346354,0.06605991073460522,0.8310364448056304,0.10290364445976434,1,0.977022647857666,False,0.004991114139556885
100,gender_woman,demographic,random,2.086605216789225,1,0.9525741338729858,0.014755316078662872,0.171992227435112,0.021183092147111893,0.7920693643391132,0.07096268441523575,0.8271615526420716,0.10187576294269264,1,0.977022647857666,False,-0.024448513984680176
100,region_western_europe,demographic,random,2.086605216789225,1,0.9740425944328308,0.01671331748366356,0.17100796103477478,0.02228274755179882,0.7899959739297628,0.07958570031449629,0.8143080122548703,0.10610628743063343,1,0.977022647857666,False,-0.002980053424835205
100,region_arab_culture,demographic,random,2.086605216789225,1,0.9740425944328308,0.024277912452816963,0.16534551978111267,0.026849932968616486,0.7835266347974539,0.11215196118977971,0.7638146135271884,0.12403342528303192,1,0.977022647857666,False,-0.002980053424835205
100,placebo,placebo,random,2.086605216789225,1,0.7981867790222168,0.0189412459731102,0.1746140569448471,0.02443224936723709,0.7820124477148056,0.08689141088354098,0.8010276509568698,0.11208093815958921,1,0.977022647857666,False,-0.17883586883544922
942,baseline,none,random,2.085303094277156,1,0.9046505093574524,,0.17223934829235077,0.022275052964687347,0.8054855987429619,,0.8854837851555664,0.11451621484443363,1,0.9046505093574524,False,0.0
942,gender_man,demographic,random,2.085303094277156,1,0.9740425944328308,0.014664079062640667,0.16694238781929016,0.02407705783843994,0.7943164752796292,0.07129437850006051,0.8116468640171853,0.11705875748275411,1,0.9046505093574524,False,0.06939208507537842
942,gender_woman,demographic,random,2.085303094277156,1,0.9740425944328308,0.015799831598997116,0.168085515499115,0.02349075675010681,0.7926238961517811,0.07618925857803367,0.8105346391411559,0.11327610228081043,1,0.9046505093574524,False,0.06939208507537842
942,region_western_europe,demographic,random,2.085303094277156,1,0.9796676635742188,0.017910834401845932,0.1689409613609314,0.023533519357442856,0.7896146848797798,0.08513348182885849,0.803007383212054,0.11185913495908748,1,0.9046505093574524,False,0.07501715421676636
942,region_arab_culture,demographic,random,2.085303094277156,1,0.977022647857666,0.02315526083111763,0.16656698286533356,0.02582840621471405,0.7844493500888348,0.10742375789941062,0.7727510120427876,0.11982523005780171,1,0.9046505093574524,False,0.07237213850021362
942,placebo,placebo,random,2.085303094277156,1,0.7772998809814453,0.02072894759476185,0.17093518376350403,0.02557220682501793,0.7827636618167162,0.09542117938515743,0.7868627559873745,0.11771606462746799,1,0.9046505093574524,False,-0.12735062837600708
1347,baseline,none,social-group,2.083765141069552,0,0.29421496391296387,,0.17135173082351685,0.03720364719629288,0.7914446219801903,,0.8216126213117406,0.17838737868825935,0,0.29421496391296387,False,0.0
1347,gender_man,demographic,social-group,2.083765141069552,0,0.4073334336280823,0.009693559259176254,0.1689559817314148,0.04145274683833122,0.7798977121710777,0.04404115629507093,0.7676248320632556,0.18833401164167352,0,0.29421496391296387,False,0.11311846971511841
1347,gender_woman,demographic,social-group,2.083765141069552,0,0.43782350420951843,0.010783231817185879,0.16969488561153412,0.041738394647836685,0.7777834879234433,0.04852579007932095,0.7636466076520536,0.1878276022686254,0,0.29421496391296387,False,0.14360854029655457
1347,region_western_europe,demographic,social-group,2.083765141069552,1,0.531209409236908,0.012076669372618198,0.16966286301612854,0.04152801260352135,0.7767324550077319,0.05409057269401346,0.7599083109997204,0.18600111630626606,0,0.29421496391296387,True,0.2369944453239441
1347,region_arab_culture,demographic,social-group,2.083765141069552,1,0.7057850360870361,0.017531920224428177,0.16352809965610504,0.0463348850607872,0.7726050950586796,0.07709900197171222,0.7191370435423947,0.2037639544858931,0,0.29421496391296387,True,0.41157007217407227
1347,placebo,placebo,social-group,2.083765141069552,0,0.3208213150501251,0.013947173953056335,0.16742122173309326,0.04531870782375336,0.773312896490097,0.061526102442996035,0.7385564469298509,0.19991745062715305,0,0.29421496391296387,False,0.026606351137161255
1916,baseline,none,social-group,2.082737369647551,1,0.7772998809814453,,0.17540830373764038,0.03946269676089287,0.7851289995014668,,0.8163423790584423,0.18365762094155766,1,0.7772998809814453,False,0.0
1916,gender_man,demographic,social-group,2.082737369647551,1,0.9046505093574524,0.010924207046627998,0.17268675565719604,0.0399884395301342,0.7764005977660418,0.04885615496949181,0.7723041919249368,0.17883965310557132,1,0.7772998809814453,False,0.12735062837600708
1916,gender_woman,demographic,social-group,2.082737369647551,1,0.9241418242454529,0.011952832341194153,0.1731557846069336,0.03999881446361542,0.7748925685882568,0.05309834627063587,0.7692139860554625,0.1776876676739016,1,0.7772998809814453,False,0.14684194326400757
1916,region_western_europe,demographic,social-group,2.082737369647551,1,0.9840936064720154,0.01348991971462965,0.17037543654441833,0.040543802082538605,0.7755908416584134,0.0601130533812521,0.7592178403212925,0.1806691062974554,1,0.7772998809814453,False,0.20679372549057007
1916,region_arab_culture,demographic,social-group,2.082737369647551,1,0.9902915358543396,0.018392372876405716,0.16819141805171967,0.04227370396256447,0.7711425051093102,0.08036604999626751,0.7349176750014398,0.18471627500229273,1,0.7772998809814453,False,0.2129916548728943
1916,placebo,placebo,social-group,2.082737369647551,1,0.9399133324623108,0.01411520130932331,0.17492887377738953,0.03974831849336624,0.7712076064199209,0.06169436443429175,0.7645746916676366,0.17373094389807162,1,0.7772998809814453,False,0.16261345148086548
2900,baseline,none,social-group,2.071111001423678,1,0.9525741338729858,,0.175429105758667,0.02005801536142826,0.8045128788799047,,0.8973946966608309,0.10260530333916909,1,0.9525741338729858,False,0.0
2900,gender_man,demographic,social-group,2.071111001423678,1,0.9626730680465698,0.014345402829349041,0.17250247299671173,0.02137516811490059,0.7917769560590386,0.06889440552706776,0.8284504430048689,0.1026551514680633,1,0.9525741338729858,False,0.010098934173583984
2900,gender_woman,demographic,social-group,2.071111001423678,1,0.9669140577316284,0.0150381401181221,0.1730327308177948,0.021227937191724777,0.7907011918723583,0.07185009916038812,0.8267258297633024,0.10142407107630942,1,0.9525741338729858,False,0.014339923858642578
2900,region_western_europe,demographic,social-group,2.071111001423678,1,0.977022647857666,0.017527274787425995,0.17418016493320465,0.022059954702854156,0.7862326055765152,0.08199227405421573,0.8148116573294817,0.10319606861630258,1,0.9525741338729858,False,0.024448513984680176
2900,region_arab_culture,demographic,social-group,2.071111001423678,1,0.9740425944328308,0.022173389792442322,0.17339126765727997,0.025241272523999214,0.7791940700262785,0.10042026405305879,0.7852654486132485,0.11431428733369263,1,0.9525741338729858,False,0.02146846055984497
2900,placebo,placebo,social-group,2.071111001423678,1,0.8807970285415649,0.019322175532579422,0.17250174283981323,0.02458421140909195,0.7835918702185154,0.08928581173031598,0.7971130429064505,0.11360114536323357,1,0.9525741338729858,False,-0.0717771053314209
3058,baseline,none,social-group,2.069893616437476,1,0.9241418242454529,,0.17566367983818054,0.034535035490989685,0.7898012846708298,,0.8357029183698483,0.16429708163015164,1,0.9241418242454529,False,0.0
3058,gender_man,demographic,social-group,2.069893616437476,1,0.9149009585380554,0.011698913760483265,0.17261645197868347,0.03509457781910896,0.7805900564417243,0.05331988865571177,0.7867303057431224,0.1599498056011658,1,0.9241418242454529,False,-0.009240865707397461
3058,gender_woman,demographic,social-group,2.069893616437476,1,0.9149009585380554,0.012631932273507118,0.1721607744693756,0.03501284867525101,0.7801944445818663,0.05746866702016484,0.7832412340164744,0.1592900989633608,1,0.9241418242454529,False,-0.009240865707397461
3058,region_western_europe,demographic,social-group,2.069893616437476,1,0.9399133324623108,0.014090500771999359,0.1725681573152542,0.03565347194671631,0.7776878699660301,0.06338161021553927,0.7762426516667594,0.16037573811770128,1,0.9241418242454529,False,0.01577150821685791
3058,region_arab_culture,demographic,social-group,2.069893616437476,1,0.9626730680465698,0.01831045001745224,0.1697852462530136,0.03893066942691803,0.7729736343026161,0.08065340763926628,0.7478657632185763,0.1714808291421574,1,0.9241418242454529,False,0.03853124380111694
3058,placebo,placebo,social-group,2.069893616437476,1,0.7549149990081787,0.01615450158715248,0.1746082752943039,0.03806133568286896,0.7711758874356747,0.07059789899812786,0.7630676388845136,0.16633446211735853,1,0.9241418242454529,False,-0.16922682523727417
484,baseline,none,random,2.0676399875140663,1,0.851952850818634,,0.1749645471572876,0.03362257406115532,0.7914128787815571,,0.8388080056680773,0.1611919943319227,1,0.851952850818634,False,0.0
484,gender_man,demographic,random,2.0676399875140663,1,0.8354835510253906,0.010600559413433075,0.17231547832489014,0.03431221842765808,0.7827717438340187,0.04879917373793824,0.7932461520716076,0.15795467419045411,1,0.851952850818634,False,-0.016469299793243408
484,gender_woman,demographic,random,2.0676399875140663,1,0.8175744414329529,0.011726527474820614,0.17293086647987366,0.0343351811170578,0.7810074249282479,0.053547603022515544,0.7896654323700862,0.15678696460739827,1,0.851952850818634,False,-0.03437840938568115
484,region_western_europe,demographic,random,2.0676399875140663,1,0.8807970285415649,0.012555907480418682,0.1724923551082611,0.03474406152963638,0.7802076758816838,0.057126232823579974,0.7847969932535357,0.15807677392288433,1,0.851952850818634,False,0.028844177722930908
484,region_arab_culture,demographic,random,2.0676399875140663,1,0.7310585379600525,0.017161119729280472,0.16992850601673126,0.035551391541957855,0.7773589827120304,0.07707977594750136,0.7632398921216812,0.15968033193081746,1,0.851952850818634,False,-0.12089431285858154
484,placebo,placebo,random,2.0676399875140663,0,0.4687906503677368,0.013434244319796562,0.17517520487308502,0.0341302715241909,0.7772602792829275,0.060313644448090835,0.7864569655970581,0.153229389954851,1,0.851952850818634,True,-0.3831622004508972
2612,baseline,none,social-group,2.0668883271866694,1,0.8175744414329529,,0.1738210916519165,0.02634534239768982,0.7998335659503937,,0.8683828159162751,0.13161718408372491,1,0.8175744414329529,False,0.0
2612,gender_man,demographic,social-group,2.0668883271866694,1,0.970687747001648,0.011722800321877003,0.17254073917865753,0.02582457661628723,0.7899118838831782,0.05579944519735906,0.8212779588290201,0.12292259597362089,1,0.8175744414329529,False,0.15311330556869507
2612,gender_woman,demographic,social-group,2.0668883271866694,1,0.9626730680465698,0.012547077611088753,0.1730077564716339,0.026097696274518967,0.7883474696427584,0.0592814911775963,0.8174140709757619,0.1233044378466418,1,0.8175744414329529,False,0.14509862661361694
2612,region_western_europe,demographic,social-group,2.0668883271866694,1,0.9820137619972229,0.013786491937935352,0.17320899665355682,0.026390640065073967,0.7866138713434339,0.06460819184795275,0.8117162898265411,0.12367551832550619,1,0.8175744414329529,False,0.16443932056427002
2612,region_arab_culture,demographic,social-group,2.0668883271866694,1,0.9890130758285522,0.018196746706962585,0.1718897521495819,0.027350658550858498,0.782562842592597,0.08368738316822315,0.7905261188984328,0.12578649793334404,1,0.8175744414329529,False,0.17143863439559937
2612,placebo,placebo,social-group,2.0668883271866694,1,0.851952850818634,0.014371603727340698,0.17385995388031006,0.02596978284418583,0.7857986595481634,0.06709390191968556,0.811666040527896,0.12124005755241837,1,0.8175744414329529,False,0.03437840938568115
143,baseline,none,random,2.059343525558204,1,0.622459352016449,,0.17389865219593048,0.022752800956368446,0.8033485468477011,,0.8842988414697994,0.11570115853020056,1,0.622459352016449,False,0.0
143,gender_man,demographic,random,2.059343525558204,1,0.6791787147521973,0.013869347050786018,0.17155201733112335,0.02370082587003708,0.7908778097480536,0.06632173770787544,0.8203434419104005,0.11333482038172407,1,0.622459352016449,False,0.05671936273574829
143,gender_woman,demographic,random,2.059343525558204,0,0.4687906503677368,0.01500710379332304,0.1729256808757782,0.02415582165122032,0.7879113936796784,0.0707586515546126,0.815346396376452,0.11389495206893534,1,0.622459352016449,True,-0.15366870164871216
143,region_western_europe,demographic,random,2.059343525558204,1,0.6513549089431763,0.01647879183292389,0.17049233615398407,0.024333667010068893,0.7886952050030231,0.07798588684728926,0.8068550273855514,0.11515908576715941,1,0.622459352016449,False,0.028895556926727295
143,region_arab_culture,demographic,random,2.059343525558204,0,0.3486451506614685,0.02745535969734192,0.15377551317214966,0.030015554279088974,0.7887535728514194,0.1299683978940441,0.727943734944172,0.1420878671617839,1,0.622459352016449,True,-0.27381420135498047
143,placebo,placebo,random,2.059343525558204,0,0.2689414322376251,0.020981771871447563,0.1714819073677063,0.03090120106935501,0.7766351196914911,0.09393496346635959,0.7677209914596134,0.13834404507402706,1,0.622459352016449,True,-0.35351791977882385
3639,baseline,none,social-group,2.054258150862612,1,0.9525741338729858,,0.17104390263557434,0.027998901903629303,0.8009571954607964,,0.8593322578605718,0.14066774213942818,1,0.9525741338729858,False,0.0
3639,gender_man,demographic,social-group,2.054258150862612,1,0.9840936064720154,0.012925771996378899,0.16818493604660034,0.02903616800904274,0.789853123947978,0.06150827573177493,0.8003208955862188,0.13817082868200628,1,0.9525741338729858,False,0.03151947259902954
3639,gender_woman,demographic,social-group,2.054258150862612,1,0.9626730680465698,0.013932318426668644,0.17027589678764343,0.028368502855300903,0.787423281930387,0.0655401896933332,0.801009152525738,0.1334506577809288,1,0.9525741338729858,False,0.010098934173583984
3639,region_western_europe,demographic,social-group,2.054258150862612,1,0.9669140577316284,0.01508261263370514,0.16915756464004517,0.029797324910759926,0.7859624978154898,0.07046714935358958,0.7903174112647956,0.1392154393816148,1,0.9525741338729858,False,0.014339923858642578
3639,region_arab_culture,demographic,social-group,2.054258150862612,1,0.9875683188438416,0.01954718306660652,0.16929806768894196,0.0305525790899992,0.7806021701544523,0.0890946965171324,0.7716487797902327,0.13925652369263494,1,0.9525741338729858,False,0.03499418497085571
3639,placebo,placebo,social-group,2.054258150862612,1,0.7981867790222168,0.01584363728761673,0.17043229937553406,0.030042823404073715,0.7836812399327755,0.07324208627440851,0.7878757224873585,0.138882191238233,1,0.9525741338729858,False,-0.15438735485076904
1560,baseline,none,social-group,2.054258150862612,1,0.7057850360870361,,0.1734640896320343,0.029632356017827988,0.7969035543501377,,0.8540971215768389,0.14590287842316102,1,0.7057850360870361,False,0.0
1560,gender_man,demographic,social-group,2.054258150862612,1,0.8933094143867493,0.011878591030836105,0.17047204077243805,0.028985589742660522,0.7886637784540653,0.056207075833681695,0.806639011171047,0.13715391299527138,1,0.7057850360870361,False,0.18752437829971313
1560,gender_woman,demographic,social-group,2.054258150862612,1,0.8807970285415649,0.012543031945824623,0.17117837071418762,0.03031867928802967,0.7859599180519581,0.058601322853489825,0.7997491364993079,0.14164954064720228,1,0.7057850360870361,False,0.1750119924545288
1560,region_western_europe,demographic,social-group,2.054258150862612,1,0.8807970285415649,0.014876587316393852,0.16932454705238342,0.02990908734500408,0.7858897782862186,0.06948097665454106,0.790828881017803,0.13969014232765592,1,0.7057850360870361,False,0.1750119924545288
1560,region_arab_culture,demographic,social-group,2.054258150862612,1,0.9626730680465698,0.019227901473641396,0.16335883736610413,0.03349444270133972,0.7839188184589148,0.08898461835736232,0.7560067757915485,0.15500860585108914,1,0.7057850360870361,False,0.2568880319595337
1560,placebo,placebo,social-group,2.054258150862612,1,0.851952850818634,0.01620885729789734,0.16913986206054688,0.03316471725702286,0.7814865633845329,0.07417785170996677,0.7740478786125806,0.15177426967745267,1,0.7057850360870361,False,0.1461678147315979
1882,baseline,none,social-group,2.0527392854782978,1,0.8933094143867493,,0.1753731369972229,0.0267317034304142,0.7978951595723629,,0.8677334824151063,0.13226651758489372,1,0.8933094143867493,False,0.0
1882,gender_man,demographic,social-group,2.0527392854782978,1,0.8933094143867493,0.013539163395762444,0.1698077917098999,0.028032435104250908,0.7886206097900867,0.06405148289205105,0.8033318269168527,0.13261669019109623,1,0.8933094143867493,False,0.0
1882,gender_woman,demographic,social-group,2.0527392854782978,1,0.9324532747268677,0.014591178856790066,0.17106768488883972,0.027925904840230942,0.7864152314141393,0.06831563389748195,0.8009357877973906,0.13074857830512748,1,0.8933094143867493,False,0.03914386034011841
1882,region_western_europe,demographic,social-group,2.0527392854782978,1,0.8933094143867493,0.0179021954536438,0.1691468060016632,0.02901230752468109,0.7839386910200119,0.08285701654849238,0.782864858128439,0.1342781253230686,1,0.8933094143867493,False,0.0
1882,region_arab_culture,demographic,social-group,2.0527392854782978,1,0.8670357465744019,0.02691098302602768,0.15581563115119934,0.0330786406993866,0.7841947451233864,0.1247003139076201,0.7220196340459213,0.1532800520464586,1,0.8933094143867493,False,-0.026273667812347412
1882,placebo,placebo,social-group,2.0527392854782978,1,0.7981867790222168,0.024338334798812866,0.15667112171649933,0.040373072028160095,0.7786174714565277,0.10993792039028777,0.7076941561164536,0.18236792349325862,1,0.8933094143867493,False,-0.09512263536453247
3978,baseline,none,social-group,2.0454501601528423,1,0.977022647857666,,0.17299652099609375,0.0387517511844635,0.7882517278194427,,0.8169914172833487,0.18300858271665127,1,0.977022647857666,False,0.0
3978,gender_man,demographic,social-group,2.0454501601528423,1,0.9740425944328308,0.01035348605364561,0.16834796965122223,0.04015162214636803,0.7811469221487641,0.04730792984635717,0.7692282480288251,0.18346382212481774,1,0.977022647857666,False,-0.002980053424835205
3978,gender_woman,demographic,social-group,2.0454501601528423,1,0.970687747001648,0.011153948493301868,0.1699507236480713,0.04024656116962433,0.7786487666890025,0.05039027037012539,0.7677875614512222,0.1818221681786525,1,0.977022647857666,False,-0.006334900856018066
3978,region_western_europe,demographic,social-group,2.0454501601528423,1,0.9525741338729858,0.012723386287689209,0.16829274594783783,0.04137735813856125,0.7776065096259117,0.05721114528256735,0.756734136708554,0.18605471800887857,1,0.977022647857666,False,-0.024448513984680176
3978,region_arab_culture,demographic,social-group,2.0454501601528423,1,0.8807970285415649,0.01828613132238388,0.16605360805988312,0.04406697675585747,0.7715932838618755,0.08005951677588019,0.7270084298198372,0.19293205340428268,1,0.977022647857666,False,-0.09622561931610107
3978,placebo,placebo,social-group,2.0454501601528423,1,0.9241418242454529,0.01363089494407177,0.17303575575351715,0.04362139478325844,0.7697119545191526,0.05919063195664417,0.751388355362581,0.18942101268077483,1,0.977022647857666,False,-0.052880823612213135
1128,baseline,none,random,2.0404644153641924,0,0.042087726294994354,,0.1784249246120453,0.006642446853220463,0.8149326285347342,,0.9641079526843167,0.03589204731568334,0,0.042087726294994354,False,0.0
1128,gender_man,demographic,random,2.0404644153641924,0,0.4073334336280823,0.016212202608585358,0.17619258165359497,0.006408520042896271,0.8011866956949234,0.08154485770081026,0.8862212831754438,0.032233859123745934,0,0.042087726294994354,False,0.3652457073330879
1128,gender_woman,demographic,random,2.0404644153641924,0,0.43782350420951843,0.017206721007823944,0.17687705159187317,0.006226956844329834,0.799689270555973,0.0859001465152771,0.8830133666968555,0.031086486787867445,0,0.042087726294994354,False,0.3957357779145241
1128,region_western_europe,demographic,random,2.0404644153641924,0,0.3208213150501251,0.02021150290966034,0.17570309340953827,0.006417432799935341,0.797667970880866,0.09989275053313344,0.8683899142141432,0.03171733525272328,0,0.042087726294994354,False,0.27873358875513077
1128,region_arab_culture,demographic,random,2.0404644153641924,0,0.3486451506614685,0.02769092097878456,0.1716720014810562,0.006835761480033398,0.7938013160601258,0.13429242345144649,0.8325562423624118,0.033151334186141794,0,0.042087726294994354,False,0.30655742436647415
1128,placebo,placebo,random,2.0404644153641924,0,0.06008664518594742,0.024543771520256996,0.17827244102954865,0.007866720668971539,0.7893170667812228,0.11649624934151774,0.8461646052954235,0.03733914536305884,0,0.042087726294994354,False,0.017998918890953064
607,baseline,none,random,2.038078955766772,0,0.18242551386356354,,0.1754881739616394,0.024010848253965378,0.8005009777843952,,0.8796442810230112,0.12035571897698881,0,0.18242551386356354,False,0.0
607,gender_man,demographic,random,2.038078955766772,0,0.4687906503677368,0.013495848514139652,0.1734268069267273,0.025483712553977966,0.7875936320051551,0.06353787149388664,0.8164859112460148,0.11997621726009859,0,0.18242551386356354,False,0.2863651365041733
607,gender_woman,demographic,random,2.038078955766772,1,0.5926666259765625,0.014406285248696804,0.17388997972011566,0.025460466742515564,0.786243268288672,0.06739570320597928,0.8134947532550638,0.11910954353895695,0,0.18242551386356354,True,0.41024111211299896
607,region_western_europe,demographic,random,2.038078955766772,1,0.5926666259765625,0.016697200015187263,0.1738557666540146,0.026362530887126923,0.7830845024436712,0.07697559742522003,0.8014907584409343,0.12153364413384563,0,0.18242551386356354,True,0.41024111211299896
607,region_arab_culture,demographic,random,2.038078955766772,1,0.7549149990081787,0.024079008027911186,0.16953200101852417,0.030233770608901978,0.7761552203446627,0.1075701120436518,0.7573641041777222,0.13506578377862602,0,0.18242551386356354,True,0.5724894851446152
607,placebo,placebo,random,2.038078955766772,0,0.29421496391296387,0.018185753375291824,0.17624986171722412,0.029257314279675484,0.7763070706278086,0.0812978462320258,0.7879098468238611,0.13079230694411315,0,0.18242551386356354,False,0.11178945004940033
1778,baseline,none,random,2.034709089239382,0,0.29421496391296387,,0.1772404909133911,0.01682143285870552,0.8059380762279034,,0.9133192512382782,0.08668074876172183,0,0.29421496391296387,False,0.0
1778,gender_man,demographic,random,2.034709089239382,1,0.7310585379600525,0.014493340626358986,0.17462903261184692,0.01654399186372757,0.7943336348980665,0.07047015499678676,0.8490889238271719,0.08044092117604133,0,0.29421496391296387,True,0.4368435740470886
1778,gender_woman,demographic,random,2.034709089239382,1,0.7057850360870361,0.015591872856020927,0.17537173628807068,0.016246838495135307,0.7927895523607731,0.07524655746686991,0.8463460133699896,0.07840742916314045,0,0.29421496391296387,True,0.41157007217407227
1778,region_western_europe,demographic,random,2.034709089239382,0,0.4687906503677368,0.01789747178554535,0.17385266721248627,0.01751675456762314,0.7907331064343452,0.08552462112183191,0.8307700480006517,0.0837053308775164,0,0.29421496391296387,False,0.17457568645477295
1778,region_arab_culture,demographic,random,2.034709089239382,0,0.3486451506614685,0.02410414069890976,0.17162121832370758,0.018846869468688965,0.7854277715086937,0.1123357895305933,0.7998295936543394,0.08783461681506734,0,0.29421496391296387,False,0.05443018674850464
1778,placebo,placebo,random,2.034709089239382,0,0.07585817575454712,0.01840946450829506,0.17708677053451538,0.018318597227334976,0.7861851677298546,0.08610003484246373,0.8282249115008739,0.08567505365666238,0,0.29421496391296387,False,-0.21835678815841675
785,baseline,none,random,2.0320990256246265,0,0.24508501589298248,,0.17546193301677704,0.02087090164422989,0.8036671653389931,,0.8936963260360087,0.10630367396399129,0,0.24508501589298248,False,0.0
785,gender_man,demographic,random,2.0320990256246265,0,0.43782350420951843,0.01398822944611311,0.17324797809123993,0.021374166011810303,0.7913896264508367,0.06705433295634503,0.8304859204444618,0.10245974659919316,0,0.24508501589298248,False,0.19273848831653595
785,gender_woman,demographic,random,2.0320990256246265,1,0.531209409236908,0.014980869367718697,0.1740371286869049,0.020821580663323402,0.790160421282053,0.07139201031210145,0.8293818056165397,0.09922618407135884,0,0.24508501589298248,True,0.2861243933439255
785,region_western_europe,demographic,random,2.0320990256246265,0,0.4073334336280823,0.01612810045480728,0.17365731298923492,0.022891949862241745,0.787322636693716,0.0758336486971613,0.8165293677218721,0.10763698358096656,0,0.24508501589298248,False,0.1622484177350998
785,region_arab_culture,demographic,random,2.0320990256246265,1,0.8354835510253906,0.02252557873725891,0.17358851432800293,0.026184625923633575,0.7777012810111046,0.10133022286279635,0.780879508067135,0.11779026907006868,0,0.24508501589298248,True,0.5903985351324081
785,placebo,placebo,random,2.0320990256246265,0,0.22270014882087708,0.017550744116306305,0.1755775511264801,0.02352711372077465,0.7833445910364389,0.08100764342910145,0.8104000355514328,0.10859232101946571,0,0.24508501589298248,False,-0.022384867072105408
4417,baseline,none,social-group,2.0280916850766384,0,0.3486451506614685,,0.16690315306186676,0.047049880027770996,0.7860469669103622,,0.780092484091782,0.21990751590821794,0,0.3486451506614685,False,0.0
4417,gender_man,demographic,social-group,2.0280916850766384,0,0.3775406777858734,0.009583924897015095,0.16479617357254028,0.046746302396059036,0.7788735991343856,0.04334138691489648,0.74525779340429,0.2114008196808135,0,0.3486451506614685,False,0.028895527124404907
4417,gender_woman,demographic,social-group,2.0280916850766384,0,0.4073334336280823,0.010465623810887337,0.16527238488197327,0.0463857464492321,0.7778762448579073,0.04711618441797218,0.744055424311769,0.20882839127025882,0,0.3486451506614685,False,0.05868828296661377
4417,region_western_europe,demographic,social-group,2.0280916850766384,0,0.43782350420951843,0.011481834575533867,0.16433221101760864,0.047008149325847626,0.7771778050810099,0.05152913326120064,0.7375037799863416,0.21096708675245768,0,0.3486451506614685,False,0.08917835354804993
4417,region_arab_culture,demographic,social-group,2.0280916850766384,1,0.7981867790222168,0.016976293176412582,0.16139554977416992,0.051280342042446136,0.7703478150069714,0.07392175770906738,0.7027825569309052,0.22329568536002742,0,0.3486451506614685,True,0.4495416283607483
4417,placebo,placebo,social-group,2.0280916850766384,0,0.4687906503677368,0.01274824794381857,0.1662781536579132,0.0472579225897789,0.7737156758084893,0.05633730038245767,0.7348195870483163,0.20884311256922602,0,0.3486451506614685,False,0.12014549970626831
1877,baseline,none,social-group,2.023803940206665,0,0.10669060051441193,,0.17622652649879456,0.018831785768270493,0.804941687732935,,0.9034556100204186,0.0965443899795814,0,0.10669060051441193,False,0.0
1877,gender_man,demographic,social-group,2.023803940206665,0,0.5,0.014003433287143707,0.1729409247636795,0.019267302006483078,0.7937883399426937,0.0679080575911767,0.8386573519442071,0.09343459046461625,0,0.10669060051441193,False,0.3933093994855881
1877,gender_woman,demographic,social-group,2.023803940206665,1,0.531209409236908,0.014957419596612453,0.1732327938079834,0.019305264577269554,0.7925045220181346,0.07208552081274608,0.8348750319422552,0.09303944724499869,0,0.10669060051441193,True,0.42451880872249603
1877,region_western_europe,demographic,social-group,2.023803940206665,1,0.7310585379600525,0.017260855063796043,0.17448759078979492,0.019452808424830437,0.7887987457215786,0.0817270480839166,0.8261673984178722,0.09210555349821115,0,0.10669060051441193,True,0.6243679374456406
1877,region_arab_culture,demographic,social-group,2.023803940206665,1,0.562176525592804,0.02379319630563259,0.17163974046707153,0.022088080644607544,0.7824789825826883,0.10938343608418127,0.7890719825835615,0.10154458133225722,0,0.10669060051441193,True,0.45548592507839203
1877,placebo,placebo,social-group,2.023803940206665,0,0.11920291930437088,0.024098385125398636,0.17139945924282074,0.025009367614984512,0.7794927880167961,0.10928615399315927,0.7772963872758788,0.11341745873096198,0,0.10669060051441193,False,0.012512318789958954
4274,baseline,none,social-group,2.023803940206665,1,0.970687747001648,,0.1792798936367035,0.021425800397992134,0.7992943059653044,,0.8932476704209085,0.10675232957909155,1,0.970687747001648,False,0.0
4274,gender_man,demographic,social-group,2.023803940206665,1,0.9875683188438416,0.01412123441696167,0.17585867643356323,0.022959336638450623,0.7870607525110245,0.06631578998931499,0.8258631441001403,0.10782106591054472,1,0.970687747001648,False,0.016880571842193604
4274,gender_woman,demographic,social-group,2.023803940206665,1,0.9840936064720154,0.015156509354710579,0.177211195230484,0.02260907180607319,0.7850232236087322,0.07050300785571845,0.824327158520376,0.1051698336239056,1,0.970687747001648,False,0.013405859470367432
4274,region_western_europe,demographic,social-group,2.023803940206665,1,0.9875683188438416,0.01665385812520981,0.17635653913021088,0.023042071610689163,0.7839475311338902,0.0770824708118952,0.8162671783190824,0.10665035086902244,1,0.970687747001648,False,0.016880571842193604
4274,region_arab_culture,demographic,social-group,2.023803940206665,1,0.9840936064720154,0.022639364004135132,0.17465263605117798,0.02613404020667076,0.7765739597380161,0.10132822466704763,0.7817022395705738,0.11696953576237859,1,0.970687747001648,False,0.013405859470367432
4274,placebo,placebo,social-group,2.023803940206665,1,0.9149009585380554,0.019288234412670135,0.1797386258840561,0.026271184906363487,0.7747019547969103,0.08561208063426916,0.7977815596315311,0.1166063597341998,1,0.970687747001648,False,-0.05578678846359253
3788,baseline,none,random,2.020800094781482,0,0.10669060051441193,,0.17782102525234222,0.012064862996339798,0.810114111751318,,0.9364625612381517,0.06353743876184827,0,0.10669060051441193,False,0.0
3788,gender_man,demographic,random,2.020800094781482,0,0.4073334336280823,0.014570346102118492,0.17556007206439972,0.011862792074680328,0.7980067897588015,0.07213285082563,0.869138481708196,0.058728667466174035,0,0.10669060051441193,False,0.30064283311367035
3788,gender_woman,demographic,random,2.020800094781482,1,0.531209409236908,0.015604646876454353,0.1764623075723648,0.012040198780596256,0.7958928467705846,0.07645320915781334,0.8645571935150261,0.05898959732716047,0,0.10669060051441193,True,0.42451880872249603
3788,region_western_europe,demographic,random,2.020800094781482,1,0.622459352016449,0.01809060573577881,0.1757250279188156,0.012652016244828701,0.7935323501005769,0.08761956531491161,0.8511019910596977,0.061278443625390686,0,0.10669060051441193,True,0.515768751502037
3788,region_arab_culture,demographic,random,2.020800094781482,1,0.6791787147521973,0.025467483326792717,0.17034801840782166,0.014592207968235016,0.7895922902971506,0.1210387364738652,0.8096092041893214,0.06935205933681339,0,0.10669060051441193,True,0.5724881142377853
3788,placebo,placebo,random,2.020800094781482,0,0.13296423852443695,0.021133290603756905,0.17532020807266235,0.015646113082766533,0.7879003882408142,0.09963851620695692,0.8265937246114239,0.07376775918161914,0,0.10669060051441193,False,0.026273638010025024
1737,baseline,none,social-group,2.020727779800787,1,0.9626730680465698,,0.17347100377082825,0.0197141095995903,0.8068148866295815,,0.8979522321588521,0.10204776784114786,1,0.9626730680465698,False,0.0
1737,gender_man,demographic,social-group,2.020727779800787,1,0.9796676635742188,0.015408515930175781,0.16598501801490784,0.020693663507699966,0.7979128025472164,0.07624686830434117,0.8213534558699058,0.10239967582575295,1,0.9626730680465698,False,0.016994595527648926
1737,gender_woman,demographic,social-group,2.020727779800787,1,0.9840936064720154,0.016606654971837997,0.16616645455360413,0.020465126261115074,0.7967617642134428,0.0817102889501485,0.8175944546581962,0.10069525639165532,1,0.9626730680465698,False,0.021420538425445557
1737,region_western_europe,demographic,social-group,2.020727779800787,1,0.9796676635742188,0.019659966230392456,0.16678525507450104,0.021815191954374313,0.7917395867407322,0.09440087975777398,0.8008495347930887,0.10474958544913728,1,0.9626730680465698,False,0.016994595527648926
1737,region_arab_culture,demographic,social-group,2.020727779800787,1,0.9399133324623108,0.027027931064367294,0.16125671565532684,0.023258700966835022,0.7884566523134708,0.12776545024908104,0.7622868665871807,0.10994768316373822,1,0.9626730680465698,False,-0.022759735584259033
1737,placebo,placebo,social-group,2.020727779800787,1,0.9465966820716858,0.022244717925786972,0.15900182723999023,0.025139950215816498,0.7936135046184063,0.10778184824863708,0.7704080974193944,0.12181005433196851,1,0.9626730680465698,False,-0.016076385974884033
1578,baseline,none,social-group,2.017226962994477,1,0.6791787147521973,,0.17233406007289886,0.03541900962591171,0.7922469303011894,,0.8295139047655935,0.1704860952344065,1,0.6791787147521973,False,0.0
1578,gender_man,demographic,social-group,2.017226962994477,1,0.7057850360870361,0.011393791995942593,0.17052122950553894,0.03463996574282646,0.783445012755692,0.052613851756222116,0.7874269333412499,0.15995921490252796,1,0.6791787147521973,False,0.026606321334838867
1578,gender_woman,demographic,social-group,2.017226962994477,1,0.6791787147521973,0.01242576353251934,0.1708654761314392,0.034299418330192566,0.7824093420058489,0.057106144386278514,0.7852610847660202,0.1576327708477013,1,0.6791787147521973,False,0.0
1578,region_western_europe,demographic,social-group,2.017226962994477,1,0.7981867790222168,0.01358101237565279,0.1701485961675644,0.034275662153959274,0.7819947293028235,0.06229671572719773,0.7804792775121107,0.1572240067606916,1,0.6791787147521973,False,0.11900806427001953
1578,region_arab_culture,demographic,social-group,2.017226962994477,1,0.9046505093574524,0.018632620573043823,0.1681092381477356,0.037880972027778625,0.775377169251442,0.08295069789188575,0.7484067295720106,0.16864257253610362,1,0.6791787147521973,False,0.22547179460525513
1578,placebo,placebo,social-group,2.017226962994477,1,0.562176525592804,0.015723956748843193,0.17339381575584412,0.038598861545324326,0.7722833659499884,0.06905054088139148,0.7614455416452492,0.16950391747335927,1,0.6791787147521973,False,-0.11700218915939331
3143,baseline,none,random,2.0152756746782745,0,0.3486451506614685,,0.17392906546592712,0.028585024178028107,0.7974859103560448,,0.858849207833963,0.141150792166037,0,0.3486451506614685,False,0.0
3143,gender_man,demographic,random,2.0152756746782745,0,0.43782350420951843,0.011764761060476303,0.17220106720924377,0.02834387496113777,0.7876902967691422,0.055413204773235115,0.8110843008526963,0.13350249437406858,0,0.3486451506614685,False,0.08917835354804993
3143,gender_woman,demographic,random,2.0152756746782745,0,0.3486451506614685,0.012933816760778427,0.17279791831970215,0.02829425223171711,0.7859740126878023,0.06043105757018184,0.8073688643596512,0.132200078070167,0,0.3486451506614685,False,0.0
3143,region_western_europe,demographic,random,2.0152756746782745,0,0.4687906503677368,0.013878539204597473,0.17191959917545319,0.028891995549201965,0.7853098660707474,0.06464451323678853,0.8007801570989111,0.13457532966430036,0,0.3486451506614685,False,0.12014549970626831
3143,region_arab_culture,demographic,random,2.0152756746782745,0,0.5,0.020352041348814964,0.16751492023468018,0.034790195524692535,0.7773428428918123,0.09140528700330994,0.7523446468567178,0.15625006613997233,0,0.3486451506614685,False,0.1513548493385315
3143,placebo,placebo,random,2.0152756746782745,0,0.3486451506614685,0.017182160168886185,0.1742575764656067,0.03284459188580513,0.775715671479702,0.07660883077406444,0.7769494088831809,0.14644176034275463,0,0.3486451506614685,False,0.0
389,baseline,none,random,2.011437950840957,1,0.9796676635742188,,0.17570267617702484,0.029565218836069107,0.794732104986906,,0.8559676425084246,0.14403235749157536,1,0.9796676635742188,False,0.0
389,gender_man,demographic,random,2.011437950840957,1,0.957912266254425,0.011198034510016441,0.17303234338760376,0.02924182079732418,0.7865278013050556,0.05245664109179216,0.810561489718247,0.13698186918996075,1,0.9796676635742188,False,-0.0217553973197937
389,gender_woman,demographic,random,2.011437950840957,1,0.9399133324623108,0.012298055924475193,0.1733398288488388,0.02903868816792965,0.7853234270587564,0.05728643678246687,0.8074464133367799,0.1352671498807532,1,0.9796676635742188,False,-0.03975433111190796
389,region_western_europe,demographic,random,2.011437950840957,1,0.9740425944328308,0.013767542317509651,0.172382652759552,0.02923602983355522,0.7846137750893831,0.06392025452520486,0.8003420498738444,0.13573769560095073,1,0.9796676635742188,False,-0.0056250691413879395
389,region_arab_culture,demographic,random,2.011437950840957,1,0.9626730680465698,0.019160544499754906,0.1708797663450241,0.033359888941049576,0.7765998002141714,0.08576780378049759,0.7649042682542125,0.14932792796528988,1,0.9796676635742188,False,-0.016994595527648926
389,placebo,placebo,random,2.011437950840957,1,0.7981867790222168,0.01529689971357584,0.17666201293468475,0.03274506330490112,0.7752960240468383,0.0680757857028947,0.7861988742536045,0.14572534004350082,1,0.9796676635742188,False,-0.18148088455200195
1634,baseline,none,random,2.0060603254083382,1,0.531209409236908,,0.17555081844329834,0.016672445461153984,0.8077767360955477,,0.9132652046245491,0.08673479537545098,1,0.531209409236908,False,0.0
1634,gender_man,demographic,random,2.0060603254083382,1,0.622459352016449,0.014994103461503983,0.1722157597541809,0.01817227527499199,0.7946178615093231,0.07300587856224228,0.8385138114724542,0.08848030996530354,1,0.531209409236908,False,0.09124994277954102
1634,gender_woman,demographic,random,2.0060603254083382,1,0.562176525592804,0.01583278924226761,0.17343105375766754,0.01742515340447426,0.7933110035955906,0.07660199390241869,0.8390918567253135,0.08430614937226778,1,0.531209409236908,False,0.030967116355895996
1634,region_western_europe,demographic,random,2.0060603254083382,1,0.622459352016449,0.017796941101551056,0.17301441729068756,0.01765836402773857,0.7915302775800228,0.08536942868709656,0.8299258773997772,0.0847046939131263,1,0.531209409236908,False,0.09124994277954102
1634,region_arab_culture,demographic,random,2.0060603254083382,1,0.6791787147521973,0.024873612448573112,0.1700148582458496,0.02055010013282299,0.7845614291727543,0.11545570671520367,0.789157009318354,0.09538728396644236,1,0.531209409236908,False,0.1479693055152893
1634,placebo,placebo,random,2.0060603254083382,0,0.042087726294994354,0.018680842593312263,0.17980575561523438,0.018191084265708923,0.7833223175257444,0.0862148901538663,0.8298305278237315,0.08395458202240227,1,0.531209409236908,True,-0.4891216829419136
1336,baseline,none,social-group,2.0027395395328305,1,0.8933094143867493,,0.17478904128074646,0.021939609199762344,0.8032713495194912,,0.8884778137491669,0.11152218625083307,1,0.8933094143867493,False,0.0
1336,gender_man,demographic,social-group,2.0027395395328305,1,0.8354835510253906,0.01363430917263031,0.17299169301986694,0.023407861590385437,0.7899661362171173,0.06491481386413211,0.8236371502392243,0.11144803589664348,1,0.8933094143867493,False,-0.05782586336135864
1336,gender_woman,demographic,social-group,2.0027395395328305,1,0.5926666259765625,0.014415133744478226,0.17415666580200195,0.02327953279018402,0.7881486676633358,0.06804363033964955,0.8220701936641133,0.1098861759962372,1,0.8933094143867493,False,-0.30064278841018677
1336,region_western_europe,demographic,social-group,2.0027395395328305,1,0.8670357465744019,0.016452215611934662,0.17357364296913147,0.02372763305902481,0.7862465083599091,0.076968172476154,0.8120271703509171,0.11100465717292886,1,0.8933094143867493,False,-0.026273667812347412
1336,region_arab_culture,demographic,social-group,2.0027395395328305,1,0.9241418242454529,0.023242361843585968,0.16934463381767273,0.027204126119613647,0.7802088782191277,0.10574750087839385,0.7704798649078564,0.12377263421374979,1,0.8933094143867493,False,0.030832409858703613
1336,placebo,placebo,social-group,2.0027395395328305,1,0.6513549089431763,0.01925717107951641,0.17540398240089417,0.03199484199285507,0.7733440045267344,0.08496210761734656,0.7738775320487089,0.1411603603339445,1,0.8933094143867493,False,-0.241954505443573
451,baseline,none,random,2.001717954713981,1,0.6513549089431763,,0.17311793565750122,0.022687071934342384,0.8041949924081564,,0.884134362990176,0.11586563700982401,1,0.6513549089431763,False,0.0
451,gender_man,demographic,random,2.001717954713981,1,0.9149009585380554,0.014254855923354626,0.17167448997497559,0.024879369884729385,0.7891912842169404,0.06761986035731134,0.81436144296635,0.1180186966763386,1,0.6513549089431763,False,0.26354604959487915
451,gender_woman,demographic,random,2.001717954713981,1,0.9241418242454529,0.015232049860060215,0.17279762029647827,0.025011852383613586,0.7869584774598479,0.0714980332399259,0.8110983165918324,0.11740365016824167,1,0.6513549089431763,False,0.2727869153022766
451,region_western_europe,demographic,random,2.001717954713981,1,0.9465966820716858,0.017513735219836235,0.172431081533432,0.025707216933369637,0.7843479663133621,0.08121293790016047,0.7995801318710962,0.11920693022874328,1,0.6513549089431763,False,0.2952417731285095
451,region_arab_culture,demographic,random,2.001717954713981,1,0.977022647857666,0.02328377217054367,0.16924408078193665,0.02627340517938137,0.7811987418681383,0.10641516584201535,0.773505976277069,0.1200788578809157,1,0.6513549089431763,False,0.32566773891448975
451,placebo,placebo,random,2.001717954713981,0,0.24508501589298248,0.016917899250984192,0.1751740723848343,0.024691296741366386,0.7832167316228151,0.07804061345522503,0.8080608512648032,0.1138985352799718,1,0.6513549089431763,True,-0.4062698930501938
1082,baseline,none,random,1.9998428398862385,1,0.9669140577316284,,0.17045778036117554,0.039679862558841705,0.7898623570799828,,0.8111720393954134,0.18882796060458662,1,0.9669140577316284,False,0.0
1082,gender_man,demographic,random,1.9998428398862385,1,0.977022647857666,0.012144948355853558,0.16980142891407013,0.04233865439891815,0.7757149683311582,0.05414961607329037,0.7570787388290046,0.18877164509770505,1,0.9669140577316284,False,0.010108590126037598
1082,gender_woman,demographic,random,1.9998428398862385,1,0.9840936064720154,0.013225333765149117,0.1701199859380722,0.04239808768033981,0.7742565926164389,0.05858569212910799,0.753598910859979,0.18781539701091304,1,0.9669140577316284,False,0.017179548740386963
1082,region_western_europe,demographic,random,1.9998428398862385,1,0.9740425944328308,0.014564862474799156,0.16961169242858887,0.04323381558060646,0.7725896295160055,0.06404660633462296,0.7458397436651923,0.1901136500001847,1,0.9669140577316284,False,0.007128536701202393
1082,region_arab_culture,demographic,random,1.9998428398862385,1,0.8807970285415649,0.02275337465107441,0.15549878776073456,0.04938520863652229,0.7723626289516687,0.09995447824005789,0.6830986803468203,0.21694684141312184,1,0.9669140577316284,False,-0.08611702919006348
1082,placebo,placebo,random,1.9998428398862385,1,0.8354835510253906,0.016481434926390648,0.1696823537349701,0.04683820158243179,0.7669980097562075,0.07073516800927727,0.7282442246842166,0.20102060730650614,1,0.9669140577316284,False,-0.1314305067062378
1112,baseline,none,random,1.988798586939512,1,0.9324532747268677,,0.1680995672941208,0.021291937679052353,0.8106084950268269,,0.8875771240000004,0.1124228759999996,1,0.9324532747268677,False,0.0
1112,gender_man,demographic,random,1.988798586939512,1,0.9465966820716858,0.012567659839987755,0.16388344764709473,0.02178051695227623,0.8017683755606413,0.06339886421014697,0.8267270578576554,0.10987407793219763,1,0.9324532747268677,False,0.014143407344818115
1112,gender_woman,demographic,random,1.988798586939512,1,0.8670357465744019,0.01352896261960268,0.16506050527095795,0.02208523079752922,0.7993253013119102,0.06741738100541936,0.8225277344380754,0.11005488455650533,1,0.9324532747268677,False,-0.06541752815246582
1112,region_western_europe,demographic,random,1.988798586939512,1,0.9149009585380554,0.015176656655967236,0.1643960177898407,0.022408168762922287,0.7980191567912698,0.07513908950406469,0.8139188607107222,0.11094204978521319,1,0.9324532747268677,False,-0.017552316188812256
1112,region_arab_culture,demographic,random,1.988798586939512,1,0.8175744414329529,0.022522810846567154,0.1607702523469925,0.024637453258037567,0.7920694835484028,0.10831892899092611,0.7731921946359286,0.11848887637314534,1,0.9324532747268677,False,-0.1148788332939148
1112,placebo,placebo,random,1.988798586939512,0,0.5,0.017324835062026978,0.16655609011650085,0.024587633088231087,0.7915314417332411,0.08310526635799872,0.7989506499266601,0.11794408371534114,1,0.9324532747268677,True,-0.4324532747268677
3161,baseline,none,social-group,1.9836369220739456,1,0.5926666259765625,,0.17318476736545563,0.03884873166680336,0.787966500967741,,0.8167802170689412,0.1832197829310588,1,0.5926666259765625,False,0.0
3161,gender_man,demographic,social-group,1.9836369220739456,1,0.8670357465744019,0.010747433640062809,0.17117908596992493,0.03901918604969978,0.7790542943403125,0.04864287182216877,0.7747563387069589,0.17660078947087224,1,0.5926666259765625,False,0.27436912059783936
3161,gender_woman,demographic,social-group,1.9836369220739456,1,0.6791787147521973,0.011361991986632347,0.17088733613491058,0.03923901915550232,0.7785116527229548,0.051298373599855236,0.7715409782762017,0.17716064812394308,1,0.5926666259765625,False,0.08651208877563477
3161,region_western_europe,demographic,social-group,1.9836369220739456,1,0.8670357465744019,0.013201871886849403,0.1693708896636963,0.039460375905036926,0.7779668625444174,0.05945901606461971,0.7628180712330774,0.1777229127023029,1,0.5926666259765625,False,0.27436912059783936
3161,region_arab_culture,demographic,social-group,1.9836369220739456,1,0.9859364032745361,0.018358517438173294,0.16636405885219574,0.04007168114185333,0.7752057425677776,0.08166808906899485,0.7400725479046373,0.1782593630263679,1,0.5926666259765625,False,0.39326977729797363
3161,placebo,placebo,social-group,1.9836369220739456,1,0.7310585379600525,0.014459839090704918,0.1728925108909607,0.03910106047987938,0.773546589538455,0.06385348342174958,0.7634793865041847,0.1726671300740657,1,0.5926666259765625,False,0.13839191198349
1731,baseline,none,social-group,1.976648091673972,1,0.8175744414329529,,0.1758047640323639,0.03177396208047867,0.7924212738871574,,0.8469305469038965,0.1530694530961035,1,0.8175744414329529,False,0.0
1731,gender_man,demographic,social-group,1.976648091673972,1,0.531209409236908,0.010676270350813866,0.17385727167129517,0.03250397741794586,0.7829624805599451,0.04919089740040371,0.801047082181171,0.14976202041842523,1,0.8175744414329529,False,-0.2863650321960449
1731,gender_woman,demographic,social-group,1.976648091673972,0,0.4073334336280823,0.011723427101969719,0.1749771535396576,0.032714154571294785,0.7805852647870779,0.053430445729149394,0.7974722088279902,0.14909734544286038,1,0.8175744414329529,True,-0.4102410078048706
1731,region_western_europe,demographic,social-group,1.976648091673972,1,0.6513549089431763,0.012576710432767868,0.17404139041900635,0.03331252932548523,0.7800693698227406,0.057184896995163,0.7913467545595293,0.15146834844530765,1,0.8175744414329529,False,-0.1662195324897766
1731,region_arab_culture,demographic,social-group,1.976648091673972,1,0.531209409236908,0.018299829214811325,0.1730184704065323,0.037001729011535645,0.7716799713671207,0.0801499076729533,0.7577892813106311,0.1620608110164156,1,0.8175744414329529,False,-0.2863650321960449
1731,placebo,placebo,social-group,1.976648091673972,1,0.7057850360870361,0.015280316583812237,0.17774084210395813,0.03900840878486633,0.7679704325273633,0.06585504058923114,0.766026692373674,0.16811826703709476,1,0.8175744414329529,False,-0.11178940534591675
3167,baseline,none,social-group,1.976648091673972,1,0.7981867790222168,,0.17420469224452972,0.03858591988682747,0.7872093878686428,,0.8186671888372213,0.18133281116277863,1,0.7981867790222168,False,0.0
3167,gender_man,demographic,social-group,1.976648091673972,1,0.6791787147521973,0.010525030083954334,0.17288224399089813,0.038725875318050385,0.7778668506070971,0.047381627247979806,0.7782820549899506,0.17433631776206956,1,0.7981867790222168,False,-0.11900806427001953
3167,gender_woman,demographic,social-group,1.976648091673972,1,0.7057850360870361,0.01152859814465046,0.17413882911205292,0.038962602615356445,0.7753699701279402,0.051322604333964975,0.775225063235024,0.17345233243101096,1,0.7981867790222168,False,-0.09240174293518066
3167,region_western_europe,demographic,social-group,1.976648091673972,1,0.7057850360870361,0.012246761471033096,0.17299050092697144,0.03841898590326309,0.7763437516987324,0.05475707280279764,0.773465987384136,0.17177693981306644,1,0.7981867790222168,False,-0.09240174293518066
3167,region_arab_culture,demographic,social-group,1.976648091673972,1,0.8670357465744019,0.01838207244873047,0.16925890743732452,0.04299473017454147,0.7693642899394035,0.07970176189932089,0.7338798809293409,0.1864183571713382,1,0.7981867790222168,False,0.06884896755218506
3167,placebo,placebo,social-group,1.976648091673972,1,0.7310585379600525,0.01372872106730938,0.17612361907958984,0.04035896062850952,0.7697886992245913,0.059635304700801584,0.7650520130261278,0.1753126822730706,1,0.7981867790222168,False,-0.0671282410621643
1500,baseline,none,social-group,1.9698452580387984,1,0.9740425944328308,,0.171924889087677,0.03592535853385925,0.7921497523784637,,0.8271574898516654,0.17284251014833465,1,0.9740425944328308,False,0.0
1500,gender_man,demographic,social-group,1.9698452580387984,1,0.9324532747268677,0.011086272075772285,0.16972382366657257,0.037126291543245316,0.7820636127144098,0.050869302799098494,0.7787768980687082,0.1703537991321933,1,0.9740425944328308,False,-0.041589319705963135
1500,gender_woman,demographic,social-group,1.9698452580387984,1,0.8354835510253906,0.011832421645522118,0.17002277076244354,0.037103667855262756,0.7810411397367716,0.05403947404228079,0.776505552495319,0.16945497346240015,1,0.9740425944328308,False,-0.13855904340744019
1500,region_western_europe,demographic,social-group,1.9698452580387984,1,0.9465966820716858,0.013058115728199482,0.16849450767040253,0.038250382989645004,0.780196993611753,0.05940826716962369,0.7665705325830885,0.17402120024728776,1,0.9740425944328308,False,-0.02744591236114502
1500,region_arab_culture,demographic,social-group,1.9698452580387984,1,0.9149009585380554,0.017847049981355667,0.16510936617851257,0.04197528958320618,0.7750682942569256,0.07934430551885491,0.7340422090921535,0.1866134853889916,1,0.9740425944328308,False,-0.05914163589477539
1500,placebo,placebo,social-group,1.9698452580387984,1,0.7772998809814453,0.015201488509774208,0.16848714649677277,0.04395635798573494,0.7723550070077181,0.06677717049673744,0.7401311326117556,0.19309169689150701,1,0.9740425944328308,False,-0.1967427134513855
2196,baseline,none,random,1.968130013765764,1,0.9669140577316284,,0.17244760692119598,0.03518296405673027,0.7923694290220737,,0.8305501743263488,0.16944982567365122,1,0.9669140577316284,False,0.0
2196,gender_man,demographic,random,1.968130013765764,1,0.9820137619972229,0.011186429299414158,0.16925837099552155,0.034843944013118744,0.7847112556919456,0.05196012144233426,0.7861923833478794,0.16184749520978628,1,0.9669140577316284,False,0.015099704265594482
2196,gender_woman,demographic,random,1.968130013765764,1,0.9840936064720154,0.012068623676896095,0.1702316701412201,0.034844815731048584,0.7828548904508352,0.05557861147300481,0.783953506918272,0.1604678816087231,1,0.9669140577316284,False,0.017179548740386963
2196,region_western_europe,demographic,random,1.968130013765764,1,0.9924227595329285,0.013387711718678474,0.17009757459163666,0.03512387350201607,0.7813908401876688,0.06124039692651207,0.7780898784738016,0.16066972459968631,1,0.9669140577316284,False,0.02550870180130005
2196,region_arab_culture,demographic,random,1.968130013765764,1,0.998498797416687,0.01678301766514778,0.16675347089767456,0.03598225861787796,0.7804812528192997,0.07645368735332922,0.7596320270560255,0.16391428559064525,1,0.9669140577316284,False,0.031584739685058594
2196,placebo,placebo,random,1.968130013765764,1,0.9149009585380554,0.014372119680047035,0.16966228187084198,0.03626837953925133,0.7796972189098597,0.065238031081262,0.7701322744601303,0.16462969445860762,1,0.9669140577316284,False,-0.052013099193573
2509,baseline,none,social-group,1.967764837673932,1,0.9796676635742188,,0.17823831737041473,0.01213593129068613,0.8096257513388991,,0.9362522432732476,0.06374775672675242,1,0.9796676635742188,False,0.0
2509,gender_man,demographic,social-group,1.967764837673932,1,0.9914224743843079,0.014529919251799583,0.173211008310318,0.012264132499694824,0.7999949399381876,0.07264775824826157,0.8660331306457267,0.06131911110601173,1,0.9796676635742188,False,0.011754810810089111
2509,gender_woman,demographic,social-group,1.967764837673932,1,0.9902915358543396,0.01556059904396534,0.17387735843658447,0.012181544676423073,0.7983804978430271,0.07717804516673431,0.8624034707773979,0.06041848405586781,1,0.9796676635742188,False,0.01062387228012085
2509,region_western_europe,demographic,social-group,1.967764837673932,1,0.9924227595329285,0.017349183559417725,0.17397868633270264,0.012131547555327415,0.7965405825525522,0.0852709782475363,0.8551026465886751,0.05962637516378869,1,0.9796676635742188,False,0.012755095958709717
2509,region_arab_culture,demographic,social-group,1.967764837673932,1,0.9914224743843079,0.02452956885099411,0.17001111805438995,0.014599204063415527,0.7908601090312004,0.11728785329936668,0.8129062192145494,0.06980592748608394,1,0.9796676635742188,False,0.011754810810089111
2509,placebo,placebo,social-group,1.967764837673932,1,0.9840936064720154,0.018329139798879623,0.17524194717407227,0.013481073081493378,0.7929478399455547,0.08852426264985545,0.8463661868004257,0.06510955054971883,1,0.9796676635742188,False,0.004425942897796631
4306,baseline,none,social-group,1.9666647687885892,1,0.9324532747268677,,0.17959095537662506,0.01964159682393074,0.8007674477994442,,0.9014137167496671,0.09858628325033296,1,0.9324532747268677,False,0.0
4306,gender_man,demographic,social-group,1.9666647687885892,1,0.9820137619972229,0.014787384308874607,0.17516252398490906,0.020569873973727226,0.7894802177324891,0.07024225538141607,0.8320478108908891,0.09770993372769479,1,0.9324532747268677,False,0.049560487270355225
4306,gender_woman,demographic,social-group,1.9666647687885892,1,0.9875683188438416,0.01597772166132927,0.1747269481420517,0.02037832699716091,0.7889170031994581,0.07569402511575604,0.8277642007667533,0.09654177411749063,1,0.9324532747268677,False,0.05511504411697388
4306,region_western_europe,demographic,social-group,1.9666647687885892,1,0.9902915358543396,0.018249602988362312,0.17659002542495728,0.019915049895644188,0.7852453216910362,0.08497883786311249,0.8222872107628795,0.09273395137400806,1,0.9324532747268677,False,0.057838261127471924
4306,region_arab_culture,demographic,social-group,1.9666647687885892,1,0.957912266254425,0.02606942318379879,0.168827623128891,0.02372552827000618,0.781377425417304,0.11924396752512763,0.7722332583958772,0.10852277407899515,1,0.9324532747268677,False,0.025458991527557373
4306,placebo,placebo,social-group,1.9666647687885892,1,0.7549149990081787,0.02540137618780136,0.16651834547519684,0.028754543513059616,0.7793257348239422,0.11510801301427558,0.7545888748846431,0.13030311210108136,1,0.9324532747268677,False,-0.17753827571868896
551,baseline,none,random,1.9608643659259517,1,0.6513549089431763,,0.17704761028289795,0.029152248054742813,0.7938001416623592,,0.8586213963008276,0.14137860369917246,1,0.6513549089431763,False,0.0
551,gender_man,demographic,random,1.9608643659259517,1,0.6513549089431763,0.011842083185911179,0.17414700984954834,0.0283501036465168,0.7856608033180237,0.05524926550640084,0.8124832627227639,0.13226747177083523,1,0.6513549089431763,False,0.0
551,gender_woman,demographic,random,1.9608643659259517,1,0.6513549089431763,0.012722184881567955,0.1750500649213791,0.028507046401500702,0.7837207037955523,0.05882294378072017,0.8093704205320935,0.1318066356871863,1,0.6513549089431763,False,0.0
551,region_western_europe,demographic,random,1.9608643659259517,1,0.8933094143867493,0.014023872092366219,0.17348627746105194,0.0285505261272192,0.7839393243193626,0.06490710097146564,0.8029516565868965,0.1321412424416379,1,0.6513549089431763,False,0.241954505443573
551,region_arab_culture,demographic,random,1.9608643659259517,1,0.9324532747268677,0.01930489018559456,0.17120954394340515,0.030574088916182518,0.7789114769548178,0.08731746867588129,0.7743936301407031,0.13828890118341564,1,0.6513549089431763,False,0.2810983657836914
551,placebo,placebo,random,1.9608643659259517,0,0.3486451506614685,0.01765294373035431,0.17596997320652008,0.032800011336803436,0.7735770717263222,0.07796447058142965,0.7771738248779507,0.14486170454061967,1,0.6513549089431763,True,-0.30270975828170776
458,baseline,none,random,1.957789629136571,1,0.9241418242454529,,0.17638909816741943,0.021540038287639618,0.802070863544941,,0.8911729790094325,0.10882702099056754,1,0.9241418242454529,False,0.0
458,gender_man,demographic,random,1.957789629136571,1,0.9046505093574524,0.013323173858225346,0.1741029918193817,0.022132007405161858,0.7904418269172311,0.06357744802901631,0.8308098379470815,0.10561271402390213,1,0.9241418242454529,False,-0.01949131488800049
458,gender_woman,demographic,random,1.957789629136571,1,0.851952850818634,0.014046724885702133,0.17572279274463654,0.02143903821706772,0.7887914441525936,0.06650641982444398,0.8319870946496716,0.10150648552588447,1,0.9241418242454529,False,-0.07218897342681885
458,region_western_europe,demographic,random,1.957789629136571,1,0.9669140577316284,0.015588879585266113,0.17533379793167114,0.0218220017850399,0.7872553206980228,0.07327506209045406,0.8241512714063992,0.1025736665031467,1,0.9241418242454529,False,0.04277223348617554
458,region_arab_culture,demographic,random,1.957789629136571,1,0.8807970285415649,0.021758707240223885,0.17315377295017242,0.0254153273999691,0.7796721924096346,0.0987560647845132,0.7858915987223039,0.11535233649318295,1,0.9241418242454529,False,-0.04334479570388794
458,placebo,placebo,random,1.957789629136571,1,0.7772998809814453,0.017843253910541534,0.17932239174842834,0.02245863527059555,0.7803757190704346,0.08124444999896871,0.8164962042878032,0.10225934571322805,1,0.9241418242454529,False,-0.14684194326400757
1811,baseline,none,social-group,1.9575187496394224,1,0.9241418242454529,,0.17416101694107056,0.03954920917749405,0.7862897738814354,,0.8149400246502361,0.18505997534976396,1,0.9241418242454529,False,0.0
1811,gender_man,demographic,social-group,1.9575187496394224,1,0.8354835510253906,0.00982519332319498,0.1710347831249237,0.04067156836390495,0.7784684551879764,0.044351215676900375,0.7720561117833219,0.18359267253977773,1,0.9241418242454529,False,-0.08865827322006226
1811,gender_woman,demographic,social-group,1.9575187496394224,1,0.8933094143867493,0.010833331383764744,0.17258985340595245,0.04016812518239021,0.7764086900278926,0.04845148671080366,0.7718987532542418,0.17964976003495445,1,0.9241418242454529,False,-0.030832409858703613
1811,region_western_europe,demographic,social-group,1.9575187496394224,1,0.9241418242454529,0.011740605346858501,0.17160122096538544,0.04095310717821121,0.7757050665095448,0.05234449643668889,0.7650695372157744,0.18258596634753663,1,0.9241418242454529,False,0.0
1811,region_arab_culture,demographic,social-group,1.9575187496394224,1,0.9902915358543396,0.01552403811365366,0.17023569345474243,0.04182784631848335,0.7724124221131206,0.06821127171259653,0.748000813732271,0.18378791455513246,1,0.9241418242454529,False,0.06614971160888672
1811,placebo,placebo,social-group,1.9575187496394224,1,0.8933094143867493,0.012666784226894379,0.174579456448555,0.04213521629571915,0.7706185430288315,0.05522148300107142,0.761087922074269,0.18369059492465958,1,0.9241418242454529,False,-0.030832409858703613
43,baseline,none,random,1.9495127000009744,1,0.622459352016449,,0.17540234327316284,0.03103741630911827,0.7935602404177189,,0.8496538827020498,0.1503461172979502,1,0.622459352016449,False,0.0
43,gender_man,demographic,random,1.9495127000009744,1,0.7549149990081787,0.01002245582640171,0.1719268262386322,0.030885562300682068,0.787165155634284,0.04709029602868991,0.8077945448782288,0.1451151590930813,1,0.622459352016449,False,0.13245564699172974
43,gender_woman,demographic,random,1.9495127000009744,1,0.8175744414329529,0.01116134598851204,0.17191337049007416,0.03094819001853466,0.7859770935028791,0.05215024022983347,0.8032475275836273,0.1446022321865393,1,0.622459352016449,False,0.1951150894165039
43,region_western_europe,demographic,random,1.9495127000009744,1,0.8933094143867493,0.012230495922267437,0.17117662727832794,0.03117886185646057,0.785414014942944,0.05699578152326905,0.7977064636015909,0.14529775487514002,1,0.622459352016449,False,0.2708500623703003
43,region_arab_culture,demographic,random,1.9495127000009744,1,0.8933094143867493,0.016014108434319496,0.17003695666790009,0.03248806297779083,0.7814608719199896,0.07327799179493612,0.7780618425714915,0.14866016563357237,1,0.622459352016449,False,0.2708500623703003
43,placebo,placebo,random,1.9495127000009744,1,0.5926666259765625,0.012777388095855713,0.1745280921459198,0.0314086452126503,0.7812858745455742,0.05842049784991221,0.7979735729610514,0.14360592918903642,1,0.622459352016449,False,-0.029792726039886475
3246,baseline,none,social-group,1.9485863026426609,1,0.977022647857666,,0.17197848856449127,0.034472234547138214,0.7935492768883705,,0.8330243942594533,0.16697560574054668,1,0.977022647857666,False,0.0
3246,gender_man,demographic,social-group,1.9485863026426609,1,0.9914224743843079,0.01133398525416851,0.16976295411586761,0.04120435565710068,0.7776987049728632,0.050984791846511494,0.7636615616438235,0.18535364650966504,1,0.977022647857666,False,0.014399826526641846
3246,gender_woman,demographic,social-group,1.9485863026426609,1,0.9399133324623108,0.0121479332447052,0.16902443766593933,0.04098664969205856,0.7778409793972969,0.054681251347564644,0.7608263540565985,0.1844923945958369,1,0.977022647857666,False,-0.037109315395355225
3246,region_western_europe,demographic,social-group,1.9485863026426609,1,0.9525741338729858,0.013601791113615036,0.1695491224527359,0.03995906561613083,0.7768900208175182,0.060964512494934724,0.7599351811783442,0.179100306326721,1,0.977022647857666,False,-0.024448513984680176
3246,region_arab_culture,demographic,social-group,1.9485863026426609,1,0.9875683188438416,0.018272830173373222,0.1650240570306778,0.0442005880177021,0.7725025247782469,0.08032102402702176,0.7253885207729036,0.1942904552000746,1,0.977022647857666,False,0.010545670986175537
3246,placebo,placebo,social-group,1.9485863026426609,1,0.9902915358543396,0.014844491146504879,0.1656256467103958,0.04405546560883522,0.7754743965342641,0.0661149148131351,0.7376693087729363,0.19621577641392857,1,0.977022647857666,False,0.013268887996673584
2753,baseline,none,social-group,1.936482383665439,1,0.7772998809814453,,0.17330683767795563,0.03984273225069046,0.7868504300713539,,0.8130761780845807,0.18692382191541934,1,0.7772998809814453,False,0.0
2753,gender_man,demographic,social-group,1.936482383665439,1,0.7772998809814453,0.010242259129881859,0.16921617090702057,0.04061959683895111,0.7799219731241465,0.04653921736430115,0.7688917122220282,0.18456907041367063,1,0.7772998809814453,False,0.0
2753,gender_woman,demographic,social-group,1.936482383665439,1,0.8175744414329529,0.011072090826928616,0.17021413147449493,0.04051566869020462,0.7781981090083718,0.04991882971523686,0.7674151501301655,0.18266602015459765,1,0.7772998809814453,False,0.04027456045150757
2753,region_western_europe,demographic,social-group,1.936482383665439,1,0.8933094143867493,0.011862389743328094,0.16878436505794525,0.04036564752459526,0.7789875976741314,0.053672959609921626,0.7636873011727348,0.18263973921734358,1,0.7772998809814453,False,0.11600953340530396
2753,region_arab_culture,demographic,social-group,1.936482383665439,1,0.8933094143867493,0.01584954932332039,0.16713054478168488,0.041734855622053146,0.7752850502729416,0.07053179747307177,0.7437446640051484,0.1857235385217798,1,0.7772998809814453,False,0.11600953340530396
2753,placebo,placebo,social-group,1.936482383665439,1,0.8175744414329529,0.012746412307024002,0.17009256780147552,0.04212505370378494,0.7750359661877155,0.05665977841444612,0.7560878284366334,0.18725239314892053,1,0.7772998809814453,False,0.04027456045150757
2301,baseline,none,social-group,1.9338169454856056,0,0.2689414322376251,,0.17530836164951324,0.02980276383459568,0.7948888745158911,,0.8546994281063284,0.14530057189367168,0,0.2689414322376251,False,0.0
2301,gender_man,demographic,social-group,1.9338169454856056,0,0.22270014882087708,0.01095561496913433,0.17241379618644714,0.029778677970170975,0.7868519108742476,0.05139907664229995,0.8088920566617277,0.13970886669597232,0,0.2689414322376251,False,-0.04624128341674805
2301,gender_woman,demographic,social-group,1.9338169454856056,0,0.16451644897460938,0.011932129971683025,0.17285069823265076,0.02992522343993187,0.7852919483557343,0.05557374248569175,0.8050499127020847,0.13937634481222355,0,0.2689414322376251,False,-0.10442498326301575
2301,region_western_europe,demographic,social-group,1.9338169454856056,0,0.11920291930437088,0.013111531734466553,0.17274971306324005,0.029746312648057938,0.7843924425542355,0.06081202296336352,0.8012229028970598,0.13796507413957665,0,0.2689414322376251,False,-0.14973851293325424
2301,region_arab_culture,demographic,social-group,1.9338169454856056,0,0.4687906503677368,0.018671097233891487,0.17006362974643707,0.03252870589494705,0.7787365671247244,0.08438401678607342,0.7686025094001888,0.14701347381373775,0,0.2689414322376251,False,0.1998492181301117
2301,placebo,placebo,social-group,1.9338169454856056,0,0.13296423852443695,0.015014506876468658,0.17636753618717194,0.03081769496202469,0.7778002619743347,0.06757211781561327,0.7937342219854486,0.1386936601989381,0,0.2689414322376251,False,-0.13597719371318817
1742,baseline,none,social-group,1.9338169454856056,1,0.9740425944328308,,0.17888697981834412,0.027965452522039413,0.7931475676596165,,0.8648048166239535,0.13519518337604655,1,0.9740425944328308,False,0.0
1742,gender_man,demographic,social-group,1.9338169454856056,1,0.9980732202529907,0.012339468114078045,0.17503806948661804,0.029312267899513245,0.7833101944997907,0.05694530984322714,0.8077817462734718,0.13527294388330108,1,0.9740425944328308,False,0.024030625820159912
1742,gender_woman,demographic,social-group,1.9338169454856056,1,0.9959298968315125,0.013204785995185375,0.17579320073127747,0.02855527587234974,0.7824467374011874,0.06069679598203115,0.8080467221282526,0.1312564818897163,1,0.9740425944328308,False,0.02188730239868164
1742,region_western_europe,demographic,social-group,1.9338169454856056,1,0.9982993006706238,0.014910471625626087,0.1759958267211914,0.02917059324681759,0.7799231084063649,0.06775119149337039,0.7997015290735842,0.1325472794330454,1,0.9740425944328308,False,0.02425670623779297
1742,region_arab_culture,demographic,social-group,1.9338169454856056,1,0.999373733997345,0.018968842923641205,0.1720191389322281,0.029804347082972527,0.7792076710611582,0.08591259947665783,0.7790992547566106,0.13498814576673157,1,0.9740425944328308,False,0.02533113956451416
1742,placebo,placebo,social-group,1.9338169454856056,1,0.9947799444198608,0.015551787801086903,0.17731620371341705,0.029082562774419785,0.7780494457110763,0.07006870449551746,0.7988995759956337,0.13103171950884884,1,0.9740425944328308,False,0.02073734998703003
1263,baseline,none,social-group,1.9311422645161291,0,0.03308597952127457,,0.1724565476179123,0.02757892571389675,0.799964526668191,,0.8621298250028375,0.13787017499716253,0,0.03308597952127457,False,0.0
1263,gender_man,demographic,social-group,1.9311422645161291,0,0.3486451506614685,0.0122709134593606,0.16999617218971252,0.029106546193361282,0.7886263681575656,0.05805318928572786,0.804244932104085,0.1377018786101871,0,0.03308597952127457,False,0.31555917114019394
1263,gender_woman,demographic,social-group,1.9311422645161291,0,0.4073334336280823,0.013587062247097492,0.17077863216400146,0.028508413583040237,0.7871258920058608,0.0638267489415461,0.8022517805157559,0.13392147054269807,0,0.03308597952127457,False,0.3742474541068077
1263,region_western_europe,demographic,social-group,1.9311422645161291,0,0.3775406777858734,0.015120372176170349,0.17031767964363098,0.028414323925971985,0.7861476242542267,0.07070471919444736,0.7964264088704996,0.13286887193505298,0,0.03308597952127457,False,0.34445469826459885
1263,region_arab_culture,demographic,social-group,1.9311422645161291,1,0.562176525592804,0.022781766951084137,0.1681489497423172,0.031340282410383224,0.7777290008962154,0.10249545394109959,0.7565042242141709,0.14100032184472958,0,0.03308597952127457,True,0.5290905460715294
1263,placebo,placebo,social-group,1.9311422645161291,0,0.06754669547080994,0.018771976232528687,0.17351201176643372,0.0338229238986969,0.7738930881023407,0.08302256695728645,0.7673892421518227,0.14958819089089084,0,0.03308597952127457,False,0.03446071594953537
3060,baseline,none,social-group,1.9290908511188092,1,0.9046505093574524,,0.17415659129619598,0.03573792427778244,0.7901054844260216,,0.829733882373947,0.17026611762605307,1,0.9046505093574524,False,0.0
3060,gender_man,demographic,social-group,1.9290908511188092,1,0.9046505093574524,0.010540008544921875,0.17039287090301514,0.036746684461832047,0.7823204360902309,0.04841983489681577,0.7827692588250734,0.16881090627811077,1,0.9046505093574524,False,0.0
3060,gender_woman,demographic,social-group,1.9290908511188092,1,0.8354835510253906,0.011566339060664177,0.1707574427127838,0.036770254373550415,0.7809059638530016,0.05279166546050522,0.7793796933761183,0.1678286411633764,1,0.9046505093574524,False,-0.06916695833206177
3060,region_western_europe,demographic,social-group,1.9290908511188092,1,0.9324532747268677,0.012694571167230606,0.16990447044372559,0.037508733570575714,0.7798922248184681,0.05767434229327371,0.771914896252976,0.1704107614537502,1,0.9046505093574524,False,0.027802765369415283
3060,region_arab_culture,demographic,social-group,1.9290908511188092,1,0.8670357465744019,0.018507767468690872,0.16579310595989227,0.041850846260786057,0.7738482803106308,0.08183783653784382,0.7331056610474485,0.18505650241470772,1,0.9046505093574524,False,-0.03761476278305054
3060,placebo,placebo,social-group,1.9290908511188092,1,0.8354835510253906,0.01485370472073555,0.17318519949913025,0.040595684200525284,0.7713654115796089,0.06496700618816258,0.7574759387704458,0.17755705504139155,1,0.9046505093574524,False,-0.06916695833206177
3934,baseline,none,social-group,1.9274512249645188,1,0.7981867790222168,,0.17511571943759918,0.017009533941745758,0.8078747466206551,,0.911466433263924,0.08853356673607606,1,0.7981867790222168,False,0.0
3934,gender_man,demographic,social-group,1.9274512249645188,1,0.5926666259765625,0.01537280436605215,0.17150919139385223,0.01743190735578537,0.7956860968843102,0.07524110758800161,0.8394396503537875,0.08531924205821083,1,0.7981867790222168,False,-0.2055201530456543
3934,gender_woman,demographic,social-group,1.9274512249645188,0,0.4687906503677368,0.016341669484972954,0.1724068522453308,0.01733427308499813,0.7939172051846981,0.07929662201844113,0.8365902277278773,0.08411315025368163,1,0.7981867790222168,True,-0.32939612865448
3934,region_western_europe,demographic,social-group,1.9274512249645188,0,0.43782350420951843,0.01848386973142624,0.17238327860832214,0.017431749030947685,0.7917011026293039,0.08873724232217942,0.8275765296133218,0.08368622806449873,1,0.7981867790222168,True,-0.36036327481269836
3934,region_arab_culture,demographic,social-group,1.9274512249645188,0,0.3208213150501251,0.026001213118433952,0.16740570962429047,0.019091680645942688,0.7875013966113329,0.12235945415074967,0.7877967523301779,0.0898437935190725,1,0.7981867790222168,True,-0.4773654639720917
3934,placebo,placebo,social-group,1.9274512249645188,1,0.7772998809814453,0.020092949271202087,0.1775207817554474,0.018118754029273987,0.7842675149440765,0.09313826457797245,0.8228745972560849,0.08398713816594258,1,0.7981867790222168,False,-0.020886898040771484
2853,baseline,none,social-group,1.9257964794546465,1,0.9324532747268677,,0.18057046830654144,0.01821252331137657,0.801217008382082,,0.9083798711190393,0.09162012888096066,1,0.9324532747268677,False,0.0
2853,gender_man,demographic,social-group,1.9257964794546465,1,0.9947799444198608,0.01487669162452221,0.17646145820617676,0.01904878206551075,0.7896130681037903,0.07071110116222111,0.8387472387934749,0.09054166004430396,1,0.9324532747268677,False,0.062326669692993164
2853,gender_woman,demographic,social-group,1.9257964794546465,1,0.9875683188438416,0.015965061262249947,0.17799414694309235,0.018898405134677887,0.7871423866599798,0.07500347773207083,0.8362122648568989,0.0887842574110302,1,0.9324532747268677,False,0.05511504411697388
2853,region_western_europe,demographic,social-group,1.9257964794546465,1,0.9890130758285522,0.01853381283581257,0.17874163389205933,0.017633624374866486,0.7850909288972616,0.08624025379995423,0.8317081869783476,0.0820515592216982,1,0.9324532747268677,False,0.05655980110168457
2853,region_arab_culture,demographic,social-group,1.9257964794546465,1,0.9859364032745361,0.02645554021000862,0.17131344974040985,0.020000524818897247,0.7822304852306843,0.12148413077024624,0.7866732399247113,0.09184262930504253,1,0.9324532747268677,False,0.05348312854766846
2853,placebo,placebo,social-group,1.9257964794546465,1,0.9525741338729858,0.019253632053732872,0.18046486377716064,0.019901029765605927,0.7803804744035006,0.08766812514251128,0.821715934805922,0.09061594005156677,1,0.9324532747268677,False,0.020120859146118164
444,baseline,none,random,1.9251735116075488,1,0.9525741338729858,,0.17632000148296356,0.010702328756451607,0.8129776697605848,,0.9427751288161628,0.05722487118383727,1,0.9525741338729858,False,0.0
444,gender_man,demographic,random,1.9251735116075488,1,0.9740425944328308,0.015131945721805096,0.17190079391002655,0.0109475776553154,0.802019682712853,0.07643156617361108,0.868272140713386,0.0552962931130029,1,0.9525741338729858,False,0.02146846055984497
444,gender_woman,demographic,random,1.9251735116075488,1,0.9740425944328308,0.016260821372270584,0.1722344309091568,0.011061436496675014,0.8004433112218976,0.08148472232044224,0.8630852313884269,0.05543004629113088,1,0.9525741338729858,False,0.02146846055984497
444,region_western_europe,demographic,random,1.9251735116075488,1,0.9875683188438416,0.019054990261793137,0.17223264276981354,0.010528579354286194,0.7981837876141071,0.09441753978296888,0.8534133146869659,0.05216914553006521,1,0.9525741338729858,False,0.03499418497085571
444,region_arab_culture,demographic,random,1.9251735116075488,1,0.9740425944328308,0.026837587356567383,0.16450363397598267,0.0120701864361763,0.7965885922312737,0.13193747416113968,0.8087237376726637,0.05933878816619665,1,0.9525741338729858,False,0.02146846055984497
444,placebo,placebo,random,1.9251735116075488,1,0.8354835510253906,0.01902903988957405,0.1753540337085724,0.01083014439791441,0.7947867820039392,0.09272813942199046,0.8544967786233847,0.05277508195462487,1,0.9525741338729858,False,-0.11709058284759521
937,baseline,none,random,1.918682709744398,1,0.8933094143867493,,0.17768582701683044,0.01376798003911972,0.8085461929440498,,0.9280871963277482,0.0719128036722518,1,0.8933094143867493,False,0.0
937,gender_man,demographic,random,1.918682709744398,1,0.9324532747268677,0.013894825242459774,0.17692364752292633,0.01309552788734436,0.7960859993472695,0.06814061417059308,0.8676385483909502,0.06422083743845672,1,0.8933094143867493,False,0.03914386034011841
937,gender_woman,demographic,random,1.918682709744398,1,0.9465966820716858,0.014911442995071411,0.17688298225402832,0.012958420440554619,0.7952471543103456,0.07282654824574607,0.8638853426346581,0.06328810911959587,1,0.8933094143867493,False,0.05328726768493652
937,region_western_europe,demographic,random,1.918682709744398,1,0.977022647857666,0.016818733885884285,0.17796872556209564,0.012992296367883682,0.7922202441841364,0.08094500746641173,0.8565258191939219,0.06252917333966634,1,0.8933094143867493,False,0.08371323347091675
937,region_arab_culture,demographic,random,1.918682709744398,1,0.9525741338729858,0.022499602288007736,0.17505958676338196,0.013728992082178593,0.7887118188664317,0.10648774658050726,0.8285346857745725,0.06497756764492023,1,0.8933094143867493,False,0.05926471948623657
937,placebo,placebo,random,1.918682709744398,1,0.622459352016449,0.01785147190093994,0.17965559661388397,0.013162785209715366,0.7893301462754607,0.08473671759549223,0.8527826522763532,0.06248063012815457,1,0.8933094143867493,False,-0.2708500623703003
2083,baseline,none,random,1.9182958340544891,1,0.9324532747268677,,0.17541909217834473,0.03470984846353531,0.78987105935812,,0.8348164305330467,0.16518356946695337,1,0.9324532747268677,False,0.0
2083,gender_man,demographic,random,1.9182958340544891,1,0.9740425944328308,0.011118767783045769,0.17281529307365417,0.03529326617717743,0.7807726729661226,0.050717982714479644,0.7882926613749612,0.16098935591055916,1,0.9324532747268677,False,0.041589319705963135
2083,gender_woman,demographic,random,1.9182958340544891,1,0.9740425944328308,0.01220189593732357,0.17286765575408936,0.035480059683322906,0.7794503886252642,0.05532494871002665,0.7838039463165044,0.16087110497346893,1,0.9324532747268677,False,0.041589319705963135
2083,region_western_europe,demographic,random,1.9182958340544891,1,0.9953904151916504,0.013146357610821724,0.17220577597618103,0.03543110191822052,0.7792167644947767,0.059544184053370794,0.7799766842899944,0.16047913165663474,1,0.9324532747268677,False,0.06293714046478271
2083,region_arab_culture,demographic,random,1.9182958340544891,1,0.9796676635742188,0.018302494660019875,0.17176453769207,0.03672157973051071,0.7732113879173994,0.08070288226533072,0.7573772603251798,0.16191985740948947,1,0.9324532747268677,False,0.047214388847351074
2083,placebo,placebo,random,1.9182958340544891,1,0.9046505093574524,0.01434309408068657,0.17471358180046082,0.034876398742198944,0.7760669253766537,0.06405080671897861,0.7802044521307435,0.15574474115027792,1,0.9324532747268677,False,-0.027802765369415283
580,baseline,none,random,1.9173556051827527,1,0.8175744414329529,,0.17169760167598724,0.03808671981096268,0.7902156785130501,,0.8184482065151283,0.18155179348487177,1,0.8175744414329529,False,0.0
580,gender_man,demographic,random,1.9173556051827527,1,0.8807970285415649,0.010384595021605492,0.1692165732383728,0.03724261000752449,0.7831562217324972,0.04788975318809862,0.7803616713854887,0.1717485754264126,1,0.8175744414329529,False,0.06322258710861206
580,gender_woman,demographic,random,1.9173556051827527,1,0.7310585379600525,0.011514605022966862,0.17044031620025635,0.03640449419617653,0.7816405845806003,0.05273234955704075,0.7805494252349693,0.16671822520798998,1,0.8175744414329529,False,-0.08651590347290039
580,region_western_europe,demographic,random,1.9173556051827527,1,0.9149009585380554,0.012467860244214535,0.1695384681224823,0.0377289354801178,0.7802647361531854,0.05674037032538541,0.7715578517277667,0.17170177794684788,1,0.8175744414329529,False,0.09732651710510254
580,region_arab_culture,demographic,random,1.9173556051827527,1,0.8670357465744019,0.016926806420087814,0.16820818185806274,0.03809813782572746,0.776766873896122,0.07582569269854328,0.7535090548335094,0.1706652524679473,1,0.8175744414329529,False,0.049461305141448975
580,placebo,placebo,random,1.9173556051827527,1,0.7549149990081787,0.013032512739300728,0.1701889932155609,0.036356497555971146,0.7804219964891672,0.05935254228986454,0.7750730514642133,0.16557440624592215,1,0.8175744414329529,False,-0.06265944242477417
486,baseline,none,random,1.9067996227090789,1,0.8933094143867493,,0.1721383035182953,0.01478896476328373,0.813072731718421,,0.9208838555271333,0.07911614447286676,1,0.8933094143867493,False,0.0
486,gender_man,demographic,random,1.9067996227090789,1,0.8354835510253906,0.012494152411818504,0.1709045022726059,0.01504088006913662,0.801560465246439,0.06296201221865794,0.8612422040036001,0.07579578377774195,1,0.8933094143867493,False,-0.05782586336135864
486,gender_woman,demographic,random,1.9067996227090789,1,0.9324532747268677,0.013408235274255276,0.17131613194942474,0.014727050438523293,0.8005485823377967,0.06722557017350386,0.8589366471165961,0.07383778270990007,1,0.8933094143867493,False,0.03914386034011841
486,region_western_europe,demographic,random,1.9067996227090789,1,0.9149009585380554,0.014652857556939125,0.17019391059875488,0.015637798234820366,0.7995154336094856,0.07308720975757066,0.848912779985479,0.07800001025695036,1,0.8933094143867493,False,0.021591544151306152
486,region_arab_culture,demographic,random,1.9067996227090789,1,0.9324532747268677,0.02003016322851181,0.16727027297019958,0.017687449231743813,0.7950121145695448,0.09771388775707578,0.8160007730161605,0.08628533922676376,1,0.8933094143867493,False,0.03914386034011841
486,placebo,placebo,random,1.9067996227090789,1,0.9149009585380554,0.015090031549334526,0.17228277027606964,0.01646501198410988,0.796162186190486,0.07402959866630107,0.8451953396491364,0.08077506168456258,1,0.8933094143867493,False,0.021591544151306152
236,baseline,none,random,1.9039768438070084,1,0.6513549089431763,,0.17522846162319183,0.024781519547104836,0.7999900188297033,,0.8760985856700579,0.12390141432994205,1,0.6513549089431763,False,0.0
236,gender_man,demographic,random,1.9039768438070084,1,0.7772998809814453,0.012093642726540565,0.17325954139232635,0.02536332607269287,0.7892834898084402,0.05739295281393178,0.8222399907573367,0.12036705642873158,1,0.6513549089431763,False,0.12594497203826904
236,gender_woman,demographic,random,1.9039768438070084,1,0.7310585379600525,0.012975395657122135,0.17473763227462769,0.025226641446352005,0.7870603306218982,0.06093460976537278,0.8205968985720481,0.1184684916625791,1,0.6513549089431763,False,0.07970362901687622
236,region_western_europe,demographic,random,1.9039768438070084,1,0.7310585379600525,0.014524657279253006,0.17327183485031128,0.024588406085968018,0.7876151017844677,0.06838837130742273,0.8158387734069099,0.11577285528566739,1,0.6513549089431763,False,0.07970362901687622
236,region_arab_culture,demographic,random,1.9039768438070084,1,0.9525741338729858,0.020285485312342644,0.1698068082332611,0.026700502261519432,0.7832072041928768,0.09357084600906337,0.7832677631240814,0.12316139086685524,1,0.6513549089431763,False,0.30121922492980957
236,placebo,placebo,random,1.9039768438070084,1,0.622459352016449,0.0164561215788126,0.17642849683761597,0.026715725660324097,0.7803996559232473,0.07493668394736672,0.8034071967389647,0.12165611931366858,1,0.6513549089431763,False,-0.028895556926727295
2287,baseline,none,social-group,1.9031071683628116,1,0.6791787147521973,,0.17658743262290955,0.01996796950697899,0.8034445978701115,,0.8984104771957188,0.10158952280428128,1,0.6791787147521973,False,0.0
2287,gender_man,demographic,social-group,1.9031071683628116,1,0.9149009585380554,0.014568758197128773,0.17281165719032288,0.021497078239917755,0.7911225063726306,0.0697478600692086,0.8273349808506091,0.10291715908018237,1,0.6791787147521973,False,0.23572224378585815
2287,gender_woman,demographic,social-group,1.9031071683628116,1,0.8354835510253906,0.01575026661157608,0.17344410717487335,0.021618595346808434,0.7891870308667421,0.07471203824096853,0.8227392645147789,0.10254869724425263,1,0.6791787147521973,False,0.15630483627319336
2287,region_western_europe,demographic,social-group,1.9031071683628116,1,0.9241418242454529,0.017759941518306732,0.17420078814029694,0.021764572709798813,0.7862746976315975,0.0830970471043881,0.8150686241165008,0.10183432877911101,1,0.6791787147521973,False,0.24496310949325562
2287,region_arab_culture,demographic,social-group,1.9031071683628116,1,0.957912266254425,0.02381771244108677,0.17347979545593262,0.02379596419632435,0.7789065279066563,0.107726891325996,0.7846445840910715,0.10762852458293251,1,0.6791787147521973,False,0.2787335515022278
2287,placebo,placebo,social-group,1.9031071683628116,1,0.6513549089431763,0.021836979314684868,0.17396092414855957,0.02513662725687027,0.7790654692798853,0.09883914136694408,0.7873867592428888,0.11377409939016715,1,0.6791787147521973,False,-0.027823805809020996
3237,baseline,none,moral,1.901022377296114,1,0.5926666259765625,,0.1743556261062622,0.015811871737241745,0.809832502156496,,0.9168529222051713,0.08314707779482872,1,0.5926666259765625,False,0.0
3237,gender_man,demographic,moral,1.901022377296114,1,0.7981867790222168,0.014978325925767422,0.17148497700691223,0.0160941481590271,0.7974425489082932,0.07394606243828605,0.8465992047326532,0.07945473282906075,1,0.5926666259765625,False,0.2055201530456543
3237,gender_woman,demographic,moral,1.901022377296114,1,0.9149009585380554,0.015996314585208893,0.17159105837345123,0.01568811945617199,0.7967245075851679,0.07869278482702971,0.8441305753832772,0.0771766397896931,1,0.5926666259765625,False,0.3222343325614929
3237,region_western_europe,demographic,moral,1.901022377296114,1,0.8175744414329529,0.019073650240898132,0.17071720957756042,0.01701403595507145,0.79319510422647,0.09223016780891637,0.8254988787330797,0.08227095345800398,1,0.5926666259765625,False,0.22490781545639038
3237,region_arab_culture,demographic,moral,1.901022377296114,1,0.9324532747268677,0.026735680177807808,0.16364827752113342,0.019035274162888527,0.7905807681381702,0.12766583059309197,0.7814386294239919,0.09089553998291611,1,0.5926666259765625,False,0.3397866487503052
3237,placebo,placebo,moral,1.901022377296114,1,0.622459352016449,0.01999473199248314,0.17484408617019653,0.01741691492497921,0.7877442669123411,0.09420113983081707,0.8237425846018877,0.08205627556729526,1,0.5926666259765625,False,0.029792726039886475
441,baseline,none,random,1.896839543340587,1,0.9669140577316284,,0.1753525733947754,0.023831337690353394,0.8008160889148712,,0.8803551071945356,0.11964489280546443,1,0.9669140577316284,False,0.0
441,gender_man,demographic,random,1.896839543340587,1,0.9947799444198608,0.010909933596849442,0.17122064530849457,0.023517431691288948,0.794351989403367,0.05305149106571551,0.8325908177363032,0.11435769119798135,1,0.9669140577316284,False,0.027865886688232422
441,gender_woman,demographic,random,1.896839543340587,1,0.9924227595329285,0.012255431152880192,0.1705373078584671,0.02326422929763794,0.7939430316910148,0.0594759364531803,0.8276221341019833,0.11290192944483639,1,0.9669140577316284,False,0.02550870180130005
441,region_western_europe,demographic,random,1.896839543340587,1,0.9890130758285522,0.013958071358501911,0.16972514986991882,0.02447141893208027,0.791845359839499,0.06705625849963909,0.8153800930839182,0.11756364841644262,1,0.9669140577316284,False,0.022099018096923828
441,region_arab_culture,demographic,random,1.896839543340587,1,0.9324532747268677,0.018504543229937553,0.1668659895658493,0.02516213059425354,0.7894673366099596,0.08789393024328662,0.7925895529887795,0.11951651676793387,1,0.9669140577316284,False,-0.03446078300476074
441,placebo,placebo,random,1.896839543340587,1,0.7772998809814453,0.015761975198984146,0.17176896333694458,0.02725394442677498,0.7852151170372963,0.07338493743864243,0.7997255717795158,0.1268894907818419,1,0.9669140577316284,False,-0.1896141767501831
1057,baseline,none,random,1.8963517793760996,1,0.970687747001648,,0.17460466921329498,0.024022510275244713,0.8013728205114603,,0.8790572854273916,0.1209427145726084,1,0.970687747001648,False,0.0
1057,gender_man,demographic,random,1.8963517793760996,1,0.9859364032745361,0.013697220012545586,0.1723131686449051,0.025177791714668274,0.788811819627881,0.0648578911396023,0.8159224078794793,0.11921970098091836,1,0.970687747001648,False,0.015248656272888184
1057,gender_woman,demographic,random,1.8963517793760996,1,0.9669140577316284,0.014804515987634659,0.17329946160316467,0.025081824511289597,0.7868141978979111,0.06944419300749295,0.8129033917567186,0.11765241523578848,1,0.970687747001648,False,-0.0037736892700195312
1057,region_western_europe,demographic,random,1.8963517793760996,1,0.9875683188438416,0.016525477170944214,0.17262768745422363,0.02624528855085373,0.7846015468239784,0.0767205006687757,0.8014342020977928,0.12184529723343152,1,0.970687747001648,False,0.016880571842193604
1057,region_arab_culture,demographic,random,1.8963517793760996,1,0.9149009585380554,0.02404375746846199,0.16520923376083374,0.02981099858880043,0.7809360101819038,0.1097567769510049,0.754159704194278,0.13608351885471703,1,0.970687747001648,False,-0.05578678846359253
1057,placebo,placebo,random,1.8963517793760996,1,0.7981867790222168,0.018419437110424042,0.175998255610466,0.027948420494794846,0.7776338867843151,0.08283383130665253,0.7914796596716865,0.1256865090216609,1,0.970687747001648,False,-0.17250096797943115
1050,baseline,none,random,1.8904584591160487,1,0.851952850818634,,0.17308902740478516,0.025903701782226562,0.8010072708129883,,0.8698258881716101,0.13017411182838987,1,0.851952850818634,False,0.0
1050,gender_man,demographic,random,1.8904584591160487,1,0.9840936064720154,0.01231592707335949,0.1692817509174347,0.024452565237879753,0.7939497567713261,0.05977147554099856,0.8215556956638305,0.11867282879517095,1,0.851952850818634,False,0.13214075565338135
1050,gender_woman,demographic,random,1.8904584591160487,1,0.9399133324623108,0.01325138844549656,0.1708587408065796,0.024421075358986855,0.791468795388937,0.06354630938910112,0.8193437578095455,0.11710993280135336,1,0.851952850818634,False,0.08796048164367676
1050,region_western_europe,demographic,random,1.8904584591160487,1,0.9626730680465698,0.015001253224909306,0.1698242723941803,0.02506563812494278,0.7901088362559676,0.07147158059118541,0.8091063452355971,0.11942207417321753,1,0.851952850818634,False,0.11072021722793579
1050,region_arab_culture,demographic,random,1.8904584591160487,1,0.9399133324623108,0.01965916156768799,0.17019382119178772,0.02620936930179596,0.7839376479387283,0.0909883715517129,0.7877069723999098,0.12130465604837729,1,0.851952850818634,False,0.08796048164367676
1050,placebo,placebo,random,1.8904584591160487,1,0.7310585379600525,0.016266746446490288,0.17409957945346832,0.027266768738627434,0.782366905361414,0.07474390084607203,0.7999683124599595,0.12528778669396853,1,0.851952850818634,False,-0.12089431285858154
398,baseline,none,random,1.8862128166028191,0,0.2018132209777832,,0.177430659532547,0.019048340618610382,0.8035209998488426,,0.9030515189717175,0.09694848102828243,0,0.2018132209777832,False,0.0
398,gender_man,demographic,random,1.8862128166028191,0,0.43782350420951843,0.014950020238757133,0.17505940794944763,0.02064582146704197,0.7893447503447533,0.07096913209247799,0.8310232393256072,0.09800762858191485,0,0.2018132209777832,False,0.23601028323173523
398,gender_woman,demographic,random,1.8862128166028191,1,0.531209409236908,0.015841063112020493,0.17585152387619019,0.021190285682678223,0.7871171273291111,0.07441210705809266,0.826048247423135,0.09953964551877231,0,0.2018132209777832,True,0.32939618825912476
398,region_western_europe,demographic,random,1.8862128166028191,0,0.4073334336280823,0.01850385032594204,0.17465850710868835,0.02183663472533226,0.7850010078400373,0.08606482356054433,0.8123689574262732,0.10156621901318244,0,0.2018132209777832,False,0.20552021265029907
398,region_arab_culture,demographic,random,1.8862128166028191,0,0.43782350420951843,0.026918619871139526,0.1652439832687378,0.025732755661010742,0.7821046411991119,0.1235392071647458,0.7583639421146969,0.11809685072055727,0,0.2018132209777832,False,0.23601028323173523
398,placebo,placebo,random,1.8862128166028191,0,0.22270014882087708,0.019524235278367996,0.17717042565345764,0.024639565497636795,0.7786657735705376,0.08821155043813445,0.8004655606661021,0.11132288889576344,0,0.2018132209777832,False,0.020886927843093872
842,baseline,none,random,1.8819991186047165,0,0.03308597952127457,,0.17886507511138916,0.016861021518707275,0.8042739033699036,,0.9138539938771016,0.08614600612289831,0,0.03308597952127457,False,0.0
842,gender_man,demographic,random,1.8819991186047165,0,0.2689414322376251,0.013961379416286945,0.17703761160373688,0.01752273365855217,0.791478275321424,0.06695407606956826,0.8490127917205268,0.08403313220990492,0,0.03308597952127457,False,0.23585545271635056
842,gender_woman,demographic,random,1.8819991186047165,0,0.5,0.015321535989642143,0.17819248139858246,0.01730535738170147,0.7891806252300739,0.07267612858810071,0.8452376902884263,0.08208618112347292,0,0.03308597952127457,False,0.46691402047872543
842,region_western_europe,demographic,random,1.8819991186047165,0,0.5,0.01713879033923149,0.1772577464580536,0.01750599965453148,0.7880974635481834,0.0808805341654256,0.8365060155773989,0.08261345025717556,0,0.03308597952127457,False,0.46691402047872543
842,region_arab_culture,demographic,random,1.8819991186047165,1,0.8175744414329529,0.025303829461336136,0.17111212015151978,0.019858624786138535,0.7837254256010056,0.11699863255610589,0.7911800109977022,0.09182135644619198,0,0.03308597952127457,True,0.7844884619116783
842,placebo,placebo,random,1.8819991186047165,0,0.06754669547080994,0.018935687839984894,0.18190133571624756,0.019530650228261948,0.7796323262155056,0.08592770216607538,0.8254447333057366,0.08862756452818794,0,0.03308597952127457,False,0.03446071594953537
3371,baseline,none,social-group,1.8814099964358764,1,0.957912266254425,,0.17126870155334473,0.034790534526109695,0.7939407639205456,,0.8311624599409133,0.16883754005908672,1,0.957912266254425,False,0.0
3371,gender_man,demographic,social-group,1.8814099964358764,1,0.8354835510253906,0.012381813488900661,0.16846704483032227,0.039244696497917175,0.7799064451828599,0.05625704714155678,0.7654337945983444,0.17830915826009885,1,0.957912266254425,False,-0.12242871522903442
3371,gender_woman,demographic,social-group,1.8814099964358764,1,0.9241418242454529,0.013417396694421768,0.16819345951080322,0.037127695977687836,0.7812614478170872,0.061339880695570836,0.7689246263738504,0.16973549293057877,1,0.957912266254425,False,-0.03377044200897217
3371,region_western_europe,demographic,social-group,1.8814099964358764,1,0.8933094143867493,0.016093868762254715,0.16710440814495087,0.03764362260699272,0.7791581004858017,0.07287506943952912,0.7566698552790134,0.1704550752814574,1,0.957912266254425,False,-0.06460285186767578
3371,region_arab_culture,demographic,social-group,1.8814099964358764,1,0.7772998809814453,0.024243779480457306,0.15878868103027344,0.04350864887237549,0.7734588906168938,0.10701713056175767,0.7009265623474286,0.19205630709081378,1,0.957912266254425,False,-0.18061238527297974
3371,placebo,placebo,social-group,1.8814099964358764,1,0.8807970285415649,0.017493896186351776,0.16424939036369324,0.03956453502178192,0.7786921784281731,0.07904779895307051,0.7421761652937557,0.17877603575317372,1,0.957912266254425,False,-0.07711523771286011
1002,baseline,none,random,1.881242415200156,1,0.9669140577316284,,0.17826971411705017,0.020533589646220207,0.8011966962367296,,0.8967140421837705,0.10328595781622951,1,0.9669140577316284,False,0.0
1002,gender_man,demographic,random,1.881242415200156,1,0.9940890073776245,0.014650979079306126,0.17505362629890442,0.020776592195034027,0.7895188024267554,0.06960706822379127,0.8316829641658997,0.09870996761030904,1,0.9669140577316284,False,0.027174949645996094
1002,gender_woman,demographic,random,1.881242415200156,1,0.9875683188438416,0.015698950737714767,0.17598851025104523,0.020872922614216805,0.7874396163970232,0.07385642833161933,0.82794595713451,0.0981976145338707,1,0.9669140577316284,False,0.020654261112213135
1002,region_western_europe,demographic,random,1.881242415200156,1,0.9890130758285522,0.017812076956033707,0.1756839156150818,0.020637154579162598,0.7858668528497219,0.0831822498902201,0.8204424114300588,0.09637533867972106,1,0.9669140577316284,False,0.022099018096923828
1002,region_arab_culture,demographic,random,1.881242415200156,1,0.957912266254425,0.02577793225646019,0.16701756417751312,0.024307653307914734,0.782896850258112,0.11873587410918422,0.7693005116511611,0.11196361423965466,1,0.9669140577316284,False,-0.00900179147720337
1002,placebo,placebo,random,1.881242415200156,1,0.9324532747268677,0.019755136221647263,0.17781899869441986,0.0253063403069973,0.7771195247769356,0.08863556218585689,0.7978222341658869,0.11354220364825619,1,0.9669140577316284,False,-0.03446078300476074
2037,baseline,none,social-group,1.8804820237218405,1,0.9740425944328308,,0.177567720413208,0.03234870731830597,0.790083572268486,,0.845897209342375,0.15410279065762503,1,0.9740425944328308,False,0.0
2037,gender_man,demographic,social-group,1.8804820237218405,1,0.9914224743843079,0.01107284426689148,0.17240120470523834,0.031042801216244698,0.7854831498116255,0.051617596739687535,0.8036720870824227,0.14471031617788982,1,0.9740425944328308,False,0.01737987995147705
2037,gender_woman,demographic,social-group,1.8804820237218405,1,0.9890130758285522,0.011923841200768948,0.17288048565387726,0.030705440789461136,0.7844902323558927,0.05532854186200956,0.8021932719976385,0.14247818614035201,1,0.9740425944328308,False,0.014970481395721436
2037,region_western_europe,demographic,social-group,1.8804820237218405,1,0.9968273043632507,0.013697159476578236,0.17082783579826355,0.030598733574151993,0.7848762711510062,0.06367107687219835,0.7940910875442115,0.1422378355835901,1,0.9740425944328308,False,0.022784709930419922
2037,region_arab_culture,demographic,social-group,1.8804820237218405,1,0.9947799444198608,0.017778944224119186,0.17043815553188324,0.032482657581567764,0.7793002426624298,0.08055715347672762,0.7722625415994021,0.1471803049238703,1,0.9740425944328308,False,0.02073734998703003
2037,placebo,placebo,social-group,1.8804820237218405,1,0.9525741338729858,0.014603440649807453,0.1762371063232422,0.03293115645647049,0.7762282965704799,0.06526044368432402,0.7875754781423935,0.1471640781732825,1,0.9740425944328308,False,-0.02146846055984497
3007,baseline,none,social-group,1.874183826946252,1,0.9626730680465698,,0.1774074286222458,0.028635086491703987,0.7939574848860502,,0.8610234083200371,0.13897659167996293,1,0.9626730680465698,False,0.0
3007,gender_man,demographic,social-group,1.874183826946252,1,0.9820137619972229,0.012231211178004742,0.17506398260593414,0.028811531141400337,0.7838932750746608,0.05659801277461585,0.8100811423911747,0.13332084483420947,1,0.9626730680465698,False,0.019340693950653076
3007,gender_woman,demographic,social-group,1.874183826946252,1,0.9626730680465698,0.01332492008805275,0.17461420595645905,0.028606034815311432,0.7834548391401768,0.06153413927674148,0.806363925488469,0.13210193523478944,1,0.9626730680465698,False,0.0
3007,region_western_europe,demographic,social-group,1.874183826946252,1,0.9890130758285522,0.01495165005326271,0.17613542079925537,0.02941092476248741,0.7795020043849945,0.06780855314153798,0.7988073556314399,0.1333840912270221,1,0.9626730680465698,False,0.026340007781982422
3007,region_arab_culture,demographic,social-group,1.874183826946252,1,0.9991958737373352,0.018910786136984825,0.1734989583492279,0.02958565577864647,0.7780045997351408,0.08518548634081007,0.7815430326134192,0.13327148104577072,1,0.9626730680465698,False,0.03652280569076538
3007,placebo,placebo,social-group,1.874183826946252,1,0.9324532747268677,0.015676919370889664,0.1801794171333313,0.030534952878952026,0.773608710616827,0.06924700775194614,0.7958761029377464,0.13487688931030753,1,0.9626730680465698,False,-0.03021979331970215
2129,baseline,none,social-group,1.874183826946252,1,0.9740425944328308,,0.18158021569252014,0.024409007281064987,0.7940107770264149,,0.8815034741686701,0.11849652583132982,1,0.9740425944328308,False,0.0
2129,gender_man,demographic,social-group,1.874183826946252,1,0.9840936064720154,0.012376897037029266,0.17781975865364075,0.02507193759083748,0.7847314067184925,0.05749513595252585,0.8260367011415605,0.11646816290591362,1,0.9740425944328308,False,0.01005101203918457
2129,gender_woman,demographic,social-group,1.874183826946252,1,0.9740425944328308,0.01338711753487587,0.1783856749534607,0.024620765820145607,0.7836064416915178,0.06186467674694697,0.8243576026378802,0.11377772061517288,1,0.9740425944328308,False,0.0
2129,region_western_europe,demographic,social-group,1.874183826946252,1,0.9924227595329285,0.015182770788669586,0.1786297857761383,0.024911459535360336,0.7812759838998318,0.06941519755981615,0.8166903157737003,0.11389448666648351,1,0.9740425944328308,False,0.018380165100097656
2129,region_arab_culture,demographic,social-group,1.874183826946252,1,0.9975274205207825,0.02045978233218193,0.17374952137470245,0.027859635651111603,0.777931060642004,0.09213257104452073,0.7824125331395486,0.12545489581593064,1,0.9740425944328308,False,0.02348482608795166
2129,placebo,placebo,social-group,1.874183826946252,1,0.9525741338729858,0.01575905829668045,0.1805495023727417,0.025692036375403404,0.7779994029551744,0.07098655817352797,0.8132838594856833,0.11572958234078876,1,0.9740425944328308,False,-0.02146846055984497
745,baseline,none,random,1.8690165300771573,0,0.3486451506614685,,0.17756287753582,0.013694827444851398,0.8087422950193286,,0.9283959438589132,0.07160405614108672,0,0.3486451506614685,False,0.0
745,gender_man,demographic,random,1.8690165300771573,0,0.11920291930437088,0.013415978290140629,0.1735849380493164,0.014307321980595589,0.7986917616799474,0.06664396053583785,0.8622843232741426,0.07107171619001951,0,0.3486451506614685,False,-0.22944223135709763
745,gender_woman,demographic,random,1.8690165300771573,0,0.18242551386356354,0.014364698901772499,0.17502014338970184,0.014397300779819489,0.7962178569287062,0.07049046930842691,0.858859077404395,0.0706504532871781,0,0.3486451506614685,False,-0.16621963679790497
745,region_western_europe,demographic,random,1.8690165300771573,1,0.622459352016449,0.016094788908958435,0.17382363975048065,0.013872174546122551,0.7962093967944384,0.07897709048303751,0.8529521823690095,0.06807072714795304,0,0.3486451506614685,True,0.27381420135498047
745,region_arab_culture,demographic,random,1.8690165300771573,1,0.6513549089431763,0.02205810509622097,0.17029474675655365,0.016223670914769173,0.7914234772324562,0.1057554551372231,0.8164617210842336,0.07778282377854324,0,0.3486451506614685,True,0.30270975828170776
745,placebo,placebo,random,1.8690165300771573,0,0.04742587357759476,0.01901097781956196,0.17388691008090973,0.01768888346850872,0.7894132286310196,0.09027622056207796,0.8257257041860104,0.08399807525191161,0,0.3486451506614685,False,-0.30121927708387375
66,baseline,none,random,1.8690165300771573,1,0.6513549089431763,,0.1733277142047882,0.03164336830377579,0.795028917491436,,0.845620328894669,0.15437967110533107,1,0.6513549089431763,False,0.0
66,gender_man,demographic,random,1.8690165300771573,1,0.851952850818634,0.012104475870728493,0.17159980535507202,0.03495068848133087,0.7813450302928686,0.05535879603807472,0.7847971879391284,0.15984401602279685,1,0.6513549089431763,False,0.20059794187545776
66,gender_woman,demographic,random,1.8690165300771573,1,0.8175744414329529,0.013252520933747292,0.17251458764076233,0.03344888985157013,0.7807840015739202,0.060454168623172266,0.7869616673936995,0.1525841639831282,1,0.6513549089431763,False,0.1662195324897766
66,region_western_europe,demographic,random,1.8690165300771573,1,0.851952850818634,0.014511298388242722,0.172130286693573,0.03522662818431854,0.7781317867338657,0.06540503560479032,0.7758222061629898,0.15877275823221992,1,0.6513549089431763,False,0.20059794187545776
66,region_arab_culture,demographic,random,1.8690165300771573,1,0.7310585379600525,0.022017672657966614,0.16494548320770264,0.03875337541103363,0.7742834687232971,0.09754568056415612,0.730763857989197,0.17169046144664693,1,0.6513549089431763,False,0.07970362901687622
66,placebo,placebo,random,1.8690165300771573,0,0.43782350420951843,0.01829710602760315,0.16918200254440308,0.04080896079540253,0.7717119306325912,0.08014919955433865,0.7410899878088685,0.17876081263679286,1,0.6513549089431763,True,-0.21353140473365784
2455,baseline,none,social-group,1.8546890001763976,1,0.957912266254425,,0.17977440357208252,0.019255157560110092,0.8009704388678074,,0.9032547856178957,0.09674521438210422,1,0.957912266254425,False,0.0
2455,gender_man,demographic,social-group,1.8546890001763976,1,0.9669140577316284,0.01390816830098629,0.17619432508945465,0.019783105701208115,0.790114400908351,0.06626547205324516,0.8394779148831326,0.09425661306362226,1,0.957912266254425,False,0.00900179147720337
2455,gender_woman,demographic,social-group,1.8546890001763976,1,0.9820137619972229,0.014956199564039707,0.17562562227249146,0.01964147388935089,0.789776704274118,0.07114434921399791,0.835424169648145,0.09343148113785704,1,0.957912266254425,False,0.02410149574279785
2455,region_western_europe,demographic,social-group,1.8546890001763976,1,0.9859364032745361,0.017044996842741966,0.1764843910932541,0.020025309175252914,0.786445302888751,0.0798156026222292,0.8264130617614863,0.09377133561628452,1,0.957912266254425,False,0.028024137020111084
2455,region_arab_culture,demographic,social-group,1.8546890001763976,1,0.9953904151916504,0.02362765558063984,0.17280428111553192,0.022154424339532852,0.7814136389642954,0.10809300026171542,0.7905538126750072,0.10135318706327737,1,0.957912266254425,False,0.03747814893722534
2455,placebo,placebo,social-group,1.8546890001763976,1,0.970687747001648,0.020294267684221268,0.17465102672576904,0.024518536403775215,0.7805361691862345,0.09247203791609174,0.7958077924647906,0.11172016961911761,1,0.957912266254425,False,0.0127754807472229
2172,baseline,none,random,1.8546890001763976,0,0.3486451506614685,,0.17362511157989502,0.0326184406876564,0.7937564477324486,,0.8418450403465616,0.15815495965343837,0,0.3486451506614685,False,0.0
2172,gender_man,demographic,random,1.8546890001763976,1,0.7310585379600525,0.01159315463155508,0.17169158160686493,0.032681334763765335,0.7840339289978147,0.053680444237177286,0.7949933098756405,0.15132624588718213,0,0.3486451506614685,True,0.382413387298584
2172,gender_woman,demographic,random,1.8546890001763976,1,0.9149009585380554,0.01221663411706686,0.17139755189418793,0.03410220146179199,0.7822836125269532,0.056112607134726024,0.7872514966996083,0.15663589616566567,0,0.3486451506614685,True,0.5662558078765869
2172,region_western_europe,demographic,random,1.8546890001763976,1,0.8354835510253906,0.014121998101472855,0.17116639018058777,0.033510349690914154,0.7812012620270252,0.06454332521432163,0.7823006282683843,0.15315604651729403,0,0.3486451506614685,True,0.4868384003639221
2172,region_arab_culture,demographic,random,1.8546890001763976,1,0.7549149990081787,0.01879436895251274,0.17165064811706543,0.03466189280152321,0.7748930901288986,0.08349085758084725,0.7625294497417002,0.1539796926774526,0,0.3486451506614685,True,0.4062698483467102
2172,placebo,placebo,random,1.8546890001763976,0,0.5,0.014643341302871704,0.17340412735939026,0.03578992187976837,0.7761626094579697,0.06541954973390426,0.7746879417218272,0.1598925085442686,0,0.3486451506614685,False,0.1513548493385315
1307,baseline,none,social-group,1.848987989077528,1,0.9525741338729858,,0.16744665801525116,0.05033113807439804,0.7822222039103508,,0.7688876507241399,0.23111234927586008,1,0.9525741338729858,False,0.0
1307,gender_man,demographic,social-group,1.848987989077528,1,0.9399133324623108,0.014260359108448029,0.15902261435985565,0.06099015474319458,0.7657268717885017,0.06087065647398532,0.6787915266845816,0.260337816841433,1,0.9525741338729858,False,-0.012660801410675049
1307,gender_woman,demographic,social-group,1.848987989077528,1,0.9046505093574524,0.014952242374420166,0.16041666269302368,0.05978855490684509,0.7648425400257111,0.06358395934390079,0.6821670157117827,0.2542490249443165,1,0.9525741338729858,False,-0.04792362451553345
1307,region_western_europe,demographic,social-group,1.848987989077528,1,0.9324532747268677,0.01715100184082985,0.16058531403541565,0.06005396693944931,0.7622097171843052,0.07212658834391124,0.6753232812287844,0.25255013042730434,1,0.9525741338729858,False,-0.020120859146118164
1307,region_arab_culture,demographic,social-group,1.848987989077528,1,0.7057850360870361,0.028406795114278793,0.1406126767396927,0.06414710730314255,0.766833420842886,0.12183047509196211,0.6030567384399632,0.2751127864680747,1,0.9525741338729858,False,-0.2467890977859497
1307,placebo,placebo,social-group,1.848987989077528,1,0.531209409236908,0.020413486286997795,0.1482449471950531,0.0663360059261322,0.7650055605918169,0.08686795457121334,0.6308444896330209,0.28228755579576587,1,0.9525741338729858,False,-0.4213647246360779
1339,baseline,none,random,1.8454372523105549,1,0.8933094143867493,,0.17651063203811646,0.027275901287794113,0.7962134666740894,,0.8661545449415322,0.1338454550584678,1,0.8933094143867493,False,0.0
1339,gender_man,demographic,random,1.8454372523105549,1,0.9046505093574524,0.013209182769060135,0.17352740466594696,0.0282520093023777,0.7850114032626152,0.06144131814207597,0.8071470175598012,0.13141166429812276,1,0.8933094143867493,False,0.011341094970703125
1339,gender_woman,demographic,random,1.8454372523105549,1,0.8933094143867493,0.014224217273294926,0.1744377315044403,0.027940668165683746,0.783397383056581,0.06566964644296325,0.805335290801251,0.1289950627557857,1,0.8933094143867493,False,0.0
1339,region_western_europe,demographic,random,1.8454372523105549,1,0.9324532747268677,0.015784399583935738,0.172858327627182,0.028314797207713127,0.7830424755811691,0.07275340934230225,0.79673810848562,0.13050848217207783,1,0.8933094143867493,False,0.03914386034011841
1339,region_arab_culture,demographic,random,1.8454372523105549,1,0.970687747001648,0.020110977813601494,0.1719324290752411,0.030944067984819412,0.777012525126338,0.09018882260089169,0.7710407464484399,0.13877043095066838,1,0.8933094143867493,False,0.07737833261489868
1339,placebo,placebo,random,1.8454372523105549,1,0.7057850360870361,0.016966000199317932,0.1771712601184845,0.03393227979540825,0.7719304598867893,0.07438959271324104,0.7768299968094777,0.14878041047728127,1,0.8933094143867493,False,-0.18752437829971313
139,baseline,none,random,1.8441670948761435,0,0.042087726294994354,,0.17595961689949036,0.02042252942919731,0.8036178536713123,,0.8960061807501797,0.10399381924982032,0,0.042087726294994354,False,0.0
139,gender_man,demographic,random,1.8441670948761435,0,0.09534946084022522,0.015195466578006744,0.1722632348537445,0.021005971357226372,0.7915353272110224,0.07289228613516041,0.8263425766538453,0.10076513721099435,0,0.042087726294994354,False,0.053261734545230865
139,gender_woman,demographic,random,1.8441670948761435,0,0.06754669547080994,0.016268163919448853,0.17315766215324402,0.020961903035640717,0.7896122708916664,0.07732468042882859,0.8230406919981587,0.09963462757301278,0,0.042087726294994354,False,0.025458969175815582
139,region_western_europe,demographic,random,1.8441670948761435,0,0.5,0.018065620213747025,0.1714296191930771,0.0206085704267025,0.7898961901664734,0.08598425810584356,0.8159281801168071,0.09808756177734934,0,0.042087726294994354,False,0.45791227370500565
139,region_arab_culture,demographic,random,1.8441670948761435,0,0.3208213150501251,0.024338113144040108,0.16976448893547058,0.02225685305893421,0.7836405448615551,0.11248925141018933,0.7846409523764101,0.10286979621340057,0,0.042087726294994354,False,0.27873358875513077
139,placebo,placebo,random,1.8441670948761435,0,0.02931223064661026,0.018811704590916634,0.1758802831172943,0.021240338683128357,0.7840676736086607,0.08711851951626609,0.8145157608247238,0.09836571965901013,0,0.042087726294994354,False,-0.012775495648384094
2291,baseline,none,social-group,1.8429078545765156,1,0.9149009585380554,,0.17344477772712708,0.03625956177711487,0.7902956604957581,,0.8270919816784172,0.17290801832158273,1,0.9149009585380554,False,0.0
2291,gender_man,demographic,social-group,1.8429078545765156,1,0.9525741338729858,0.00967666506767273,0.1700683981180191,0.03717075288295746,0.7830841839313507,0.04461023286845192,0.7840294967896487,0.17136027034189935,1,0.9149009585380554,False,0.03767317533493042
2291,gender_woman,demographic,social-group,1.8429078545765156,1,0.8807970285415649,0.010638942942023277,0.17081165313720703,0.03738221526145935,0.7811671886593103,0.04861676307516814,0.7805577787477175,0.17082545817711442,1,0.9149009585380554,False,-0.03410392999649048
2291,region_western_europe,demographic,social-group,1.8429078545765156,1,0.957912266254425,0.011863470077514648,0.1701710969209671,0.03849383071064949,0.7794716022908688,0.05379565716140614,0.7716516271315609,0.17455271570703298,1,0.9149009585380554,False,0.04301130771636963
2291,region_arab_culture,demographic,social-group,1.8429078545765156,1,0.957912266254425,0.017339790239930153,0.1656353920698166,0.04102802276611328,0.77599679492414,0.07740867026459701,0.7394331345112816,0.18315819522412144,1,0.9149009585380554,False,0.04301130771636963
2291,placebo,placebo,social-group,1.8429078545765156,1,0.7310585379600525,0.01406763680279255,0.1710609346628189,0.038955021649599075,0.7759164068847895,0.06277852210072249,0.7633800060269004,0.17384147187237714,1,0.9149009585380554,False,-0.18384242057800293
2668,baseline,none,social-group,1.840725770865122,1,0.531209409236908,,0.17214474081993103,0.03248927742242813,0.7953659817576408,,0.8412322755449716,0.15876772445502838,1,0.531209409236908,False,0.0
2668,gender_man,demographic,social-group,1.840725770865122,1,0.9149009585380554,0.010697860270738602,0.17005673050880432,0.032244086265563965,0.7870013229548931,0.050225008057083416,0.7983933650103906,0.15138162693252602,1,0.531209409236908,False,0.38369154930114746
2668,gender_woman,demographic,social-group,1.840725770865122,1,0.9046505093574524,0.011627279222011566,0.17106172442436218,0.032705020159482956,0.7846059761941433,0.053981438373107794,0.7941804577574864,0.15183810386940588,1,0.531209409236908,False,0.37344110012054443
2668,region_western_europe,demographic,social-group,1.840725770865122,1,0.9046505093574524,0.013085847720503807,0.16946586966514587,0.033041857182979584,0.7844064254313707,0.0606968354538703,0.7860432297401345,0.1532599348059952,1,0.531209409236908,False,0.37344110012054443
2668,region_arab_culture,demographic,social-group,1.840725770865122,1,0.7057850360870361,0.018774626776576042,0.169157475233078,0.036532532423734665,0.7755353655666113,0.08364180319081638,0.753604128597267,0.16275406821191657,1,0.531209409236908,False,0.17457562685012817
2668,placebo,placebo,social-group,1.840725770865122,1,0.6791787147521973,0.014666371047496796,0.173051118850708,0.034888170659542084,0.7773943394422531,0.06588498697988923,0.7773886720450949,0.1567263409750159,1,0.531209409236908,False,0.1479693055152893
3005,baseline,none,moral,1.8383685150260665,1,0.9669140577316284,,0.17245832085609436,0.036019157618284225,0.7915225215256214,,0.8272275840926823,0.17277241590731776,1,0.9669140577316284,False,0.0
3005,gender_man,demographic,moral,1.8383685150260665,1,0.8933094143867493,0.01122092641890049,0.16992685198783875,0.03695829212665558,0.7818939294666052,0.051447107324701556,0.7791018909848306,0.1694510016904678,1,0.9669140577316284,False,-0.07360464334487915
3005,gender_woman,demographic,moral,1.8383685150260665,1,0.8807970285415649,0.012009305879473686,0.1708562970161438,0.03816878795623779,0.7789656091481447,0.054332295681185326,0.772985128502729,0.1726825758160856,1,0.9669140577316284,False,-0.08611702919006348
3005,region_western_europe,demographic,moral,1.8383685150260665,1,0.8354835510253906,0.013612840324640274,0.17079013586044312,0.03809528052806854,0.7775017432868481,0.06118178418894379,0.7676021303871531,0.1712160854239031,1,0.9669140577316284,False,-0.1314305067062378
3005,region_arab_culture,demographic,moral,1.8383685150260665,1,0.8670357465744019,0.018697421997785568,0.16994717717170715,0.04274532198905945,0.7686100788414478,0.08080482461884668,0.7344623150429122,0.18473286033824116,1,0.9669140577316284,False,-0.09987831115722656
3005,placebo,placebo,moral,1.8383685150260665,1,0.622459352016449,0.014343643561005592,0.17400909960269928,0.03954102843999863,0.7721062283962965,0.06294004202075566,0.7635535555806803,0.17350640239856405,1,0.9669140577316284,False,-0.34445470571517944
2884,baseline,none,moral,1.8333208226910545,1,0.8807970285415649,,0.17338410019874573,0.032918404787778854,0.7936974950134754,,0.8404362332394896,0.15956376676051046,1,0.8807970285415649,False,0.0
2884,gender_man,demographic,moral,1.8333208226910545,1,0.8807970285415649,0.011643562465906143,0.16945615410804749,0.03333628922700882,0.7855639941990376,0.05429854199351947,0.7902411419905626,0.15546031601591787,1,0.8807970285415649,False,0.0
2884,gender_woman,demographic,moral,1.8333208226910545,1,0.7549149990081787,0.012615608982741833,0.169684499502182,0.033447857946157455,0.7842520335689187,0.058473825693146325,0.7864940852473163,0.15503208905953728,1,0.8807970285415649,False,-0.12588202953338623
2884,region_western_europe,demographic,moral,1.8333208226910545,1,0.8175744414329529,0.014437440782785416,0.16962715983390808,0.03360233083367348,0.782333068549633,0.06632813117998809,0.7792968766713512,0.15437499214866074,1,0.8807970285415649,False,-0.06322258710861206
2884,region_arab_culture,demographic,moral,1.8333208226910545,1,0.9399133324623108,0.02083629183471203,0.16136667132377625,0.036235928535461426,0.7815611083060503,0.09538728050271073,0.7387268360153731,0.16588588348191607,1,0.8807970285415649,False,0.05911630392074585
2884,placebo,placebo,moral,1.8333208226910545,0,0.4687906503677368,0.01747114397585392,0.16563378274440765,0.04318122938275337,0.773713843896985,0.07720818753004192,0.7319660451035467,0.19082576736641135,1,0.8807970285415649,True,-0.4120063781738281
