item_id,axis,condition,prefix_type,category,predicted,prob_yes,pct_demographic,pct_instruction,pct_item_text,pct_other_scaffolding,pct_demographic_norm,pct_instruction_norm,pct_item_text_norm,baseline_pred,baseline_prob_yes,flipped_vs_baseline,delta_prob_yes,gap
103,region,baseline,none,random,1,0.9971990585327148,,0.1782880872488021,0.0180131085216999,0.8036988042294979,,0.9082373978874828,0.091762602112517,1,0.9971990585327148,False,0.0,0.875
103,region,region_western_europe,demographic,random,1,0.9996646642684937,0.0171295516192913,0.1774465143680572,0.0169372744858264,0.788486659526825,0.0809856795839491,0.8389376952351699,0.0800766251808809,1,0.9971990585327148,False,0.0024656057357788086,0.875
103,region,region_arab_culture,demographic,random,1,0.9990890026092528,0.0233002975583076,0.1764841675758361,0.018812108784914,0.7814034260809422,0.1065904059728553,0.8073510229908036,0.086058571036341,1,0.9971990585327148,False,0.001889944076537975,0.875
103,region,placebo,placebo,random,1,0.9924227595329284,0.018103864043951,0.1839862167835235,0.0191986598074436,0.7787112593650818,0.0818110491840104,0.8314305384703856,0.0867584123456038,1,0.9971990585327148,False,-0.004776298999786488,0.875
101,region,baseline,none,random,1,0.999619960784912,,0.1747340559959411,0.0272141695022583,0.7980517745018005,,0.8652418488198058,0.1347581511801941,1,0.999619960784912,False,0.0,0.8571428571428571
101,region,region_western_europe,demographic,random,1,0.9997040629386902,0.0139894261956214,0.1719514280557632,0.0290065929293632,0.785052552819252,0.0650830069354481,0.7999696219288911,0.1349473711356608,1,0.999619960784912,False,8.41021537781872e-05,0.8571428571428571
101,region,region_arab_culture,demographic,random,1,0.9980732202529908,0.0195356234908103,0.1688015311956405,0.030909139662981,0.780753705650568,0.0891035515504529,0.7699173739584707,0.1409790744910763,1,0.999619960784912,False,-0.0015467405319211647,0.8571428571428571
101,region,placebo,placebo,random,1,0.9964063763618468,0.015788247808814,0.175020545721054,0.0324295237660408,0.7767616827040911,0.0707237359610011,0.7840076374033013,0.1452686266356976,1,0.999619960784912,False,-0.0032135844230651855,0.8571428571428571
955,region,baseline,none,random,1,0.998830497264862,,0.1735202968120575,0.0235281586647033,0.8029515445232391,,0.8805970916758685,0.1194029083241314,1,0.998830497264862,False,0.0,0.8333333333333334
955,region,region_western_europe,demographic,random,1,0.9968273043632508,0.015465036034584,0.1717017441987991,0.023898534476757,0.7889346852898598,0.0732713286208226,0.8135005243973895,0.1132281469817877,1,0.998830497264862,False,-0.002003192901611106,0.8333333333333334
955,region,region_arab_culture,demographic,random,1,0.991422474384308,0.0215917229652404,0.1689726561307907,0.0269938595592975,0.7824417613446712,0.0992457150724024,0.7766778090095187,0.1240764759180789,1,0.998830497264862,False,-0.007408022880553977,0.8333333333333334
955,region,placebo,placebo,random,1,0.9626730680465698,0.0172416418790817,0.1750044524669647,0.027146503329277,0.7806074023246765,0.0785880748109716,0.797677106344088,0.1237348188449403,1,0.998830497264862,False,-0.036157429218292125,0.8333333333333334
210,region,baseline,none,random,1,0.9982993006706238,,0.1762356013059616,0.0266181416809558,0.7971462570130825,,0.8687816094047989,0.1312183905952011,1,0.9982993006706238,False,0.0,0.75
210,region,region_western_europe,demographic,random,1,0.9971990585327148,0.0139891291037201,0.1754590570926666,0.0283371116966009,0.7822147021070123,0.0642335788460521,0.8056515237262766,0.1301148974276711,1,0.9982993006706238,False,-0.0011002421379089355,0.75
210,region,region_arab_culture,demographic,random,1,0.985936403274536,0.0196405090391635,0.1716973930597305,0.0316934213042259,0.77696867659688,0.0880616620996512,0.7698353327231731,0.1421030051771757,1,0.9982993006706238,False,-0.012362897396087758,0.75
210,region,placebo,placebo,random,1,0.9046505093574524,0.0161674730479717,0.1788682341575622,0.0298189725726842,0.7751453202217817,0.071901874863882,0.795483706783359,0.1326144183527589,1,0.9982993006706238,False,-0.09364879131317139,0.75
99,region,baseline,none,random,1,0.9890130758285522,,0.1761696636676788,0.0272206310182809,0.7966097053140402,,0.8661655362645971,0.1338344637354028,1,0.9890130758285522,False,0.0,0.75
99,region,region_western_europe,demographic,random,1,0.9924227595329284,0.0141998548060655,0.1732543706893921,0.0261176079511642,0.7864281665533781,0.0664874884337898,0.8112229402792182,0.1222895712869919,1,0.9890130758285522,False,0.0034096837043761097,0.75
99,region,region_arab_culture,demographic,random,1,0.9953904151916504,0.0190940033644437,0.1723577380180359,0.026657311245799,0.7818909473717213,0.0875433785730366,0.7902365167381824,0.1222201046887809,1,0.9890130758285522,False,0.0063773393630981445,0.75
99,region,placebo,placebo,random,1,0.8354835510253906,0.0152063891291618,0.1781673431396484,0.0274451375007629,0.7791811302304268,0.0688636308347645,0.8068483609465437,0.1242880082186917,1,0.9890130758285522,False,-0.15352952480316162,0.75
555,region,baseline,none,random,1,0.998830497264862,,0.1740082651376724,0.0407073199748992,0.7852844148874283,,0.8104128307520987,0.1895871692479013,1,0.998830497264862,False,0.0,0.7321428571428572
555,region,region_western_europe,demographic,random,1,0.9968273043632508,0.0124250948429107,0.1720772534608841,0.0416387245059013,0.7738589271903038,0.0549439988434423,0.7609287924696976,0.18412720868686,1,0.998830497264862,False,-0.002003192901611106,0.7321428571428572
555,region,region_arab_culture,demographic,random,1,0.9924227595329284,0.0170794688165187,0.1703653633594513,0.0438471287488937,0.7687080390751362,0.0738437633034168,0.7365814301466155,0.1895748065499676,1,0.998830497264862,False,-0.006407737731933594,0.7321428571428572
555,region,placebo,placebo,random,1,0.9953904151916504,0.0130471354350447,0.1743712425231933,0.0434965044260025,0.7690851176157594,0.0565019252996194,0.7551321106841478,0.1883659640162328,1,0.998830497264862,False,-0.003440082073211559,0.7321428571428572
548,region,baseline,none,random,1,0.9875683188438416,,0.1785641014575958,0.0254225581884384,0.7960133403539658,,0.8753714667785009,0.1246285332214991,1,0.9875683188438416,False,0.0,0.7321428571428572
548,region,region_western_europe,demographic,random,1,0.977022647857666,0.0164637677371501,0.1760534048080444,0.0247442610561847,0.7827385663986206,0.0757786021395638,0.8103297575171974,0.1138916403432388,1,0.9875683188438416,False,-0.010545670986175537,0.7321428571428572
548,region,region_arab_culture,demographic,random,1,0.9740425944328308,0.0211689062416553,0.1733203828334808,0.0274664834141731,0.7780442275106907,0.0953744343039105,0.7808780140729566,0.1237475516231328,1,0.9875683188438416,False,-0.013525724411010742,0.7321428571428572
548,region,placebo,placebo,random,1,0.9241418242454528,0.0182960890233516,0.1746509969234466,0.0285717584192752,0.7784811556339264,0.08259382661421,0.7884250092729135,0.1289811641128764,1,0.9875683188438416,False,-0.06342649459838878,0.7321428571428572
780,region,baseline,none,random,1,0.7310585379600525,,0.1751726269721985,0.017959326505661,0.8068680465221405,,0.907010071703542,0.0929899282964579,1,0.7310585379600525,False,0.0,0.7321428571428571
780,region,region_western_europe,demographic,random,1,0.7549149990081787,0.0188130363821983,0.1721450388431549,0.0181185882538557,0.790923336520791,0.0899815219409656,0.823358456073092,0.0866600219859422,1,0.7310585379600525,False,0.02385646104812622,0.7321428571428571
780,region,region_arab_culture,demographic,random,1,0.6513549089431763,0.0265736915171146,0.1661490947008133,0.019872959703207,0.787404254078865,0.1249963464789765,0.7815259613070921,0.0934776922139314,1,0.7310585379600525,False,-0.07970362901687622,0.7321428571428571
780,region,placebo,placebo,random,1,0.531209409236908,0.0208966415375471,0.1777567267417907,0.019644908607006,0.781701723113656,0.0957251785749406,0.8142836914573496,0.0899911299677097,1,0.7310585379600525,False,-0.19984912872314453,0.7321428571428571
800,region,baseline,none,random,1,0.999841570854187,,0.172805055975914,0.0321451611816883,0.7950497828423977,,0.8431562472706756,0.1568437527293243,1,0.999841570854187,False,0.0,0.7321428571428571
800,region,region_western_europe,demographic,random,1,0.9997965693473816,0.0143331727012991,0.17068612575531,0.0333209559321403,0.7816597456112504,0.0656460382966272,0.781743734031781,0.1526102276715918,1,0.999841570854187,False,-4.500150680541992e-05,0.7321428571428571
800,region,region_arab_culture,demographic,random,1,0.9980732202529908,0.0197166856378316,0.1685007810592651,0.0360701903700828,0.7757123429328203,0.0879080280014073,0.7512708602096414,0.1608211117889512,1,0.999841570854187,False,-0.001768350601196178,0.7321428571428571
800,region,placebo,placebo,random,1,0.9933071732521056,0.0150199010968208,0.1761296242475509,0.0336141213774681,0.7752363532781601,0.0668253132385281,0.7836214922492479,0.1495531945122239,1,0.999841570854187,False,-0.00653439760208141,0.7321428571428571
180,region,baseline,none,random,0,0.0758581757545471,,0.1750016808509826,0.0150189343839883,0.809979384765029,,0.9209615526956556,0.0790384473043444,0,0.0758581757545471,False,0.0,0.7142857142857143
180,region,region_western_europe,demographic,random,0,0.5,0.0210636314004659,0.1701810657978058,0.0166785940527915,0.7920767087489367,0.1013048190692212,0.8184800498964565,0.0802151310343222,0,0.0758581757545471,False,0.4241418242454529,0.7142857142857143
180,region,region_arab_culture,demographic,random,1,0.562176525592804,0.026567593216896,0.1653843969106674,0.0190513264387846,0.7889966834336519,0.1259107849546152,0.7837999876113976,0.0902892274339872,0,0.0758581757545471,True,0.48631834983825684,0.7142857142857143
180,region,placebo,placebo,random,0,0.012431651353836,0.0221513342112302,0.1739022433757782,0.0188568513840436,0.7850895710289478,0.1030724023831063,0.8091847576145424,0.0877428400023512,0,0.0758581757545471,False,-0.0634265244007111,0.7142857142857143
165,region,baseline,none,random,1,0.9999151229858398,,0.1727125495672226,0.0299593694508075,0.7973280809819698,,0.8521779948797824,0.1478220051202175,1,0.9999151229858398,False,0.0,0.7083333333333334
165,region,region_western_europe,demographic,random,1,0.999619960784912,0.0145522514358162,0.1713079363107681,0.0308764986693859,0.7832633135840297,0.0671425390710596,0.7903965828008767,0.1424608781280637,1,0.9999151229858398,False,-0.0002951622009278454,0.7083333333333334
165,region,region_arab_culture,demographic,random,1,0.9990890026092528,0.0193376597017049,0.1671941727399826,0.0324110090732574,0.781057158485055,0.0883228680504038,0.7636430201741486,0.1480341117754474,1,0.9999151229858398,False,-0.0008261203765870251,0.7083333333333334
165,region,placebo,placebo,random,1,0.991422474384308,0.0174351073801517,0.170875146985054,0.0387131571769714,0.7729765884578228,0.0767987198400134,0.7526763245442122,0.1705249556157743,1,0.9999151229858398,False,-0.008492648601531871,0.7083333333333334
143,region,baseline,none,random,1,0.622459352016449,,0.1738986521959304,0.0227528009563684,0.8033485468477011,,0.8842988414697994,0.1157011585302005,1,0.622459352016449,False,0.0,0.7000000000000001
143,region,region_western_europe,demographic,random,1,0.6513549089431763,0.0164787918329238,0.170492336153984,0.0243336670100688,0.7886952050030231,0.0779858868472892,0.8068550273855514,0.1151590857671594,1,0.622459352016449,False,0.028895556926727295,0.7000000000000001
143,region,region_arab_culture,demographic,random,0,0.3486451506614685,0.0274553596973419,0.1537755131721496,0.0300155542790889,0.7887535728514194,0.1299683978940441,0.727943734944172,0.1420878671617839,1,0.622459352016449,True,-0.27381420135498047,0.7000000000000001
143,region,placebo,placebo,random,0,0.2689414322376251,0.0209817718714475,0.1714819073677063,0.030901201069355,0.7766351196914911,0.0939349634663595,0.7677209914596134,0.138344045074027,1,0.622459352016449,True,-0.35351791977882385,0.7000000000000001
1098,region,baseline,none,random,1,0.999841570854187,,0.1729648113250732,0.0312039759010076,0.7958312127739191,,0.8471657870678599,0.15283421293214,1,0.999841570854187,False,0.0,0.6904761904761905
1098,region,region_western_europe,demographic,random,1,0.9986749291419984,0.0142112430185079,0.1727712899446487,0.0330949574708938,0.7799225095659494,0.0645738143891029,0.7850475285041575,0.1503786571067396,1,0.999841570854187,False,-0.0011666417121886097,0.6904761904761905
1098,region,region_arab_culture,demographic,random,1,0.9990890026092528,0.0182881392538547,0.1703608185052871,0.0319656804203987,0.7793853618204594,0.0828963091695279,0.7722099490363106,0.1448937417941614,1,0.999841570854187,False,-0.000752568244934193,0.6904761904761905
1098,region,placebo,placebo,random,1,0.991422474384308,0.0146229388192296,0.1743343323469162,0.0322571583092212,0.7787855705246329,0.0661030062727346,0.7880784845743025,0.1458185091529628,1,0.999841570854187,False,-0.00841909646987904,0.6904761904761905
640,region,baseline,none,random,1,0.8933094143867493,,0.1768212467432022,0.0192234180867671,0.8039553351700306,,0.9019436815409398,0.0980563184590601,1,0.8933094143867493,False,0.0,0.675
640,region,region_western_europe,demographic,random,1,0.9669140577316284,0.0165604595094919,0.1754040122032165,0.0199254006147384,0.7881101276725531,0.0781559747409729,0.827807437309479,0.094036587949548,1,0.8933094143867493,False,0.07360464334487915,0.675
640,region,region_arab_culture,demographic,random,1,0.985936403274536,0.0228212364017963,0.1726270765066146,0.0219179540872573,0.7826337330043316,0.1049897793122201,0.7941760186278339,0.1008342020599459,1,0.8933094143867493,False,0.09262698888778675,0.675
640,region,placebo,placebo,random,1,0.851952850818634,0.017313664779067,0.1795498430728912,0.0204589087516069,0.7826775833964348,0.0796681035010311,0.826191084559961,0.0941408119390078,1,0.8933094143867493,False,-0.041356563568115234,0.675
316,region,baseline,none,random,1,0.9924227595329284,,0.1726603060960769,0.0287037901580333,0.7986359037458897,,0.8574532864001199,0.1425467135998801,1,0.9924227595329284,False,0.0,0.6666666666666666
316,region,region_western_europe,demographic,random,1,0.9947799444198608,0.0143997650593519,0.1707607209682464,0.0286001730710268,0.7862393409013748,0.0673639626677429,0.7988407300403235,0.1337953072919335,1,0.9924227595329284,False,0.002357184886932484,0.6666666666666666
316,region,region_arab_culture,demographic,random,1,0.9840936064720154,0.0196703914552927,0.1665740758180618,0.0294449031352996,0.7843106295913458,0.0911977786296299,0.772286902699301,0.136515318671069,1,0.9924227595329284,False,-0.008329153060912975,0.6666666666666666
316,region,placebo,placebo,random,1,0.8807970285415649,0.0169896371662616,0.1731296479701995,0.0312455687671899,0.7786351460963488,0.076749478820411,0.7821008842060991,0.1411496369734898,1,0.9924227595329284,False,-0.11162573099136341,0.6666666666666666
904,region,baseline,none,random,0,0.4687906503677368,,0.1786263734102249,0.0315798856317997,0.7897937409579754,,0.849767148819835,0.150232851180165,0,0.4687906503677368,False,0.0,0.6666666666666666
904,region,region_western_europe,demographic,random,1,0.7549149990081787,0.0135682709515094,0.1748386025428772,0.0342936925590038,0.7772994339466095,0.0609260730314291,0.785083781515675,0.1539901454528958,0,0.4687906503677368,True,0.2861243486404419,0.6666666666666666
904,region,region_arab_culture,demographic,random,1,0.7310585379600525,0.0186918582767248,0.1712825298309326,0.0386356487870216,0.7713899631053209,0.0817630692450138,0.7492345137490297,0.1690024170059564,0,0.4687906503677368,True,0.2622678875923157,0.6666666666666666
904,region,placebo,placebo,random,0,0.1824255138635635,0.0162780247628688,0.1756042242050171,0.0394792929291725,0.7686384581029415,0.0703575219519914,0.7590035178930042,0.1706389601550042,0,0.4687906503677368,False,-0.2863651365041733,0.6666666666666666
274,region,baseline,none,random,1,0.6791787147521973,,0.1766857802867889,0.0195188056677579,0.8037954140454531,,0.900518096593931,0.0994819034060689,1,0.6791787147521973,False,0.0,0.6666666666666666
274,region,region_western_europe,demographic,random,1,0.562176525592804,0.0192554891109466,0.1736202239990234,0.0207900591194629,0.7863342277705669,0.0901196710639747,0.8125785528839455,0.0973017760520797,1,0.6791787147521973,False,-0.11700218915939331,0.6666666666666666
274,region,region_arab_culture,demographic,random,1,0.7057850360870361,0.026382653042674,0.1700649261474609,0.0237258858978748,0.7798265349119902,0.1198266695404377,0.7724133608901552,0.1077599695694069,1,0.6791787147521973,False,0.026606321334838867,0.6666666666666666
274,region,placebo,placebo,random,1,0.6513549089431763,0.0185819007456302,0.1787313818931579,0.0206088870763778,0.7820778302848339,0.0852685193521963,0.8201615380700723,0.0945699425777312,1,0.6791787147521973,False,-0.027823805809020996,0.6666666666666666
973,region,baseline,none,random,1,0.9999724626541138,,0.1728241741657257,0.0318651273846626,0.7953106984496117,,0.8443244119584902,0.1556755880415098,1,0.9999724626541138,False,0.0,0.6333333333333333
973,region,region_western_europe,demographic,random,1,0.9998601675033568,0.0134046133607625,0.1707866340875625,0.0323094353079795,0.7834993172436953,0.0619148780045694,0.7888503256121443,0.1492347963832862,1,0.9999724626541138,False,-0.00011229515075694696,0.6333333333333333
973,region,region_arab_culture,demographic,random,1,0.9989677667617798,0.0182810556143522,0.1654433608055114,0.0340483374893665,0.7822272460907698,0.0839455592409505,0.759706427161544,0.1563480135975054,1,0.9999724626541138,False,-0.0010046958923339844,0.6333333333333333
973,region,placebo,placebo,random,1,0.9971990585327148,0.0146029107272624,0.1739785075187683,0.0328935831785202,0.778524998575449,0.065934803627204,0.7855446727608979,0.1485205236118981,1,0.9999724626541138,False,-0.0027734041213989258,0.6333333333333333
940,region,baseline,none,random,1,0.9959298968315125,,0.1807684749364853,0.0080326283350586,0.811198896728456,,0.9574545476913568,0.0425454523086431,1,0.9959298968315125,False,0.0,0.625
940,region,region_western_europe,demographic,random,1,0.9959298968315125,0.0176475550979375,0.1754895001649856,0.0080979596823453,0.7987649850547314,0.0876962446259033,0.8720624500299554,0.0402413053441412,1,0.9959298968315125,False,0.0,0.625
940,region,region_arab_culture,demographic,random,1,0.9933071732521056,0.0232957154512405,0.1728245168924331,0.0088665168732404,0.7950132507830858,0.1136449821280366,0.8431009201943713,0.043254097677592,1,0.9959298968315125,False,-0.0026227235794068493,0.625
940,region,placebo,placebo,random,1,0.9953904151916504,0.0183916203677654,0.1769729405641555,0.0083769280463457,0.7962585110217333,0.0902693921596267,0.8686151330867786,0.0411154747535946,1,0.9959298968315125,False,-0.0005394816398620605,0.625
86,region,baseline,none,random,1,0.9971990585327148,,0.1796103119850158,0.0291919987648725,0.7911976892501116,,0.8601931240126941,0.1398068759873058,1,0.9971990585327148,False,0.0,0.625
86,region,region_western_europe,demographic,random,1,0.9971990585327148,0.0140480818226933,0.1761021614074707,0.0296957604587078,0.7801539963111281,0.0638996460566748,0.8010250741545984,0.1350752797887267,1,0.9971990585327148,False,0.0,0.625
86,region,region_arab_culture,demographic,random,1,0.9964063763618468,0.0186122208833694,0.1747026443481445,0.0299554578959941,0.7767296768724918,0.0833618217712711,0.7824714091015716,0.1341667691271572,1,0.9971990585327148,False,-0.0007926821708680309,0.625
86,region,placebo,placebo,random,1,0.957912266254425,0.0146231409162282,0.1785471737384796,0.0298555959016084,0.7769740894436836,0.0655670046576754,0.800566953378247,0.1338660419640776,1,0.9971990585327148,False,-0.039286792278289795,0.625
334,region,baseline,none,random,0,0.3775406777858734,,0.1742221117019653,0.033169150352478,0.7926087379455566,,0.8400648608629875,0.1599351391370125,0,0.3775406777858734,False,0.0,0.625
334,region,region_western_europe,demographic,random,1,0.7549149990081787,0.0135468859225511,0.1717827022075653,0.0367326959967613,0.7779377158731222,0.061004893180379,0.7735789212607366,0.1654161855588843,0,0.3775406777858734,True,0.3773743212223053,0.625
334,region,region_arab_culture,demographic,random,1,0.6791787147521973,0.0193473845720291,0.1647884547710418,0.042485237121582,0.773378923535347,0.0853732798107452,0.7271541435676862,0.1874725766215686,0,0.3775406777858734,True,0.30163803696632385,0.625
334,region,placebo,placebo,random,1,0.5926666259765625,0.0137978726997971,0.1746799051761627,0.038728728890419,0.7727934932336211,0.0607283343077167,0.7688155927496139,0.1704560729426694,0,0.3775406777858734,True,0.2151259481906891,0.625
102,region,baseline,none,random,1,0.9626730680465698,,0.1727790087461471,0.0237248875200748,0.803496103733778,,0.8792650529029076,0.1207349470970923,1,0.9626730680465698,False,0.0,0.625
102,region,region_western_europe,demographic,random,1,0.9669140577316284,0.0138664478436112,0.1707091331481933,0.0240909364074468,0.7913334826007485,0.0664526729848081,0.8180954725073,0.1154518545078918,1,0.9626730680465698,False,0.004240989685058594,0.625
102,region,region_arab_culture,demographic,random,1,0.9399133324623108,0.0191071387380361,0.1678666174411773,0.0274243745952844,0.785601869225502,0.0891198942314141,0.782966795628167,0.1279133101404189,1,0.9626730680465698,False,-0.022759735584259033,0.625
102,region,placebo,placebo,random,1,0.7981867790222168,0.0151689294725656,0.1709136664867401,0.0246855355799198,0.7892318684607744,0.0719697487556015,0.8109084862050493,0.1171217650393491,1,0.9626730680465698,False,-0.16448628902435303,0.625
107,region,baseline,none,random,1,0.9990890026092528,,0.1737661808729171,0.0225615166127681,0.8036723025143147,,0.885082355155654,0.1149176448443459,1,0.9990890026092528,False,0.0,0.625
107,region,region_western_europe,demographic,random,1,0.9626730680465698,0.0176350846886634,0.1731614470481872,0.0236628279089927,0.7855406403541565,0.0822304268640264,0.8074324540283283,0.1103371191076452,1,0.9990890026092528,False,-0.036415934562682994,0.625
107,region,region_arab_culture,demographic,random,1,0.8670357465744019,0.0252205487340688,0.1643335223197937,0.0269737597554922,0.7834721691906452,0.1164771689615949,0.7589487305420967,0.1245741004963083,1,0.9990890026092528,False,-0.13205325603485096,0.625
107,region,placebo,placebo,random,1,0.7772998809814453,0.0178778525441885,0.1720423102378845,0.025674108415842,0.7844057288020849,0.0829235973889893,0.7979911028338506,0.11908529977716,1,0.9990890026092528,False,-0.2217891216278075,0.625
79,region,baseline,none,random,1,0.977022647857666,,0.1800153851509094,0.0209562294185161,0.7990283854305744,,0.8957254263821579,0.1042745736178421,1,0.977022647857666,False,0.0,0.625
79,region,region_western_europe,demographic,random,1,0.9525741338729858,0.0152852833271026,0.1797935366630554,0.0217839051038026,0.7831372749060392,0.0704836818797696,0.8290661135294493,0.1004502045907811,1,0.977022647857666,False,-0.024448513984680176,0.625
79,region,region_arab_culture,demographic,random,1,0.9241418242454528,0.0212327782064676,0.1759613007307052,0.0243409238755702,0.7784649971872568,0.0958438979704487,0.7942821608169974,0.1098739412125538,1,0.977022647857666,False,-0.052880823612213246,0.625
79,region,placebo,placebo,random,1,0.8670357465744019,0.0180911086499691,0.1813921481370926,0.0262256450951099,0.7742910981178284,0.0801523931892297,0.8036552684651578,0.1161923383456125,1,0.977022647857666,False,-0.10998690128326416,0.625
78,region,baseline,none,random,1,0.8670357465744019,,0.1784227043390274,0.0314294099807739,0.7901478856801987,,0.850230672763785,0.149769327236215,1,0.8670357465744019,False,0.0,0.625
78,region,region_western_europe,demographic,random,1,0.9149009585380554,0.0139111736789345,0.1750179231166839,0.0296875834465026,0.7813833197578788,0.063632718525996,0.8005698509502981,0.1357974305237059,1,0.8670357465744019,False,0.047865211963653564,0.625
78,region,region_arab_culture,demographic,random,1,0.9324532747268676,0.0182509273290634,0.1738691478967666,0.0308456569910049,0.777034267783165,0.0818553019228727,0.7798021075618843,0.138342590515243,1,0.8670357465744019,False,0.06541752815246571,0.625
78,region,placebo,placebo,random,1,0.622459352016449,0.0151945976540446,0.1787232309579849,0.0317097157239913,0.774372455663979,0.0673437177130099,0.7921161907954699,0.1405400914915201,1,0.8670357465744019,False,-0.24457639455795288,0.625
946,region,baseline,none,random,1,0.9959298968315125,,0.1709407418966293,0.0351353213191032,0.7939239367842674,,0.8295031418456325,0.1704968581543675,1,0.9959298968315125,False,0.0,0.6071428571428572
946,region,region_western_europe,demographic,random,1,0.9964063763618468,0.0139531586319208,0.1689312011003494,0.0380020998418331,0.7791135404258966,0.0631689179084324,0.7647874904875104,0.1720435916040571,1,0.9959298968315125,False,0.00047647953033436163,0.6071428571428572
946,region,region_arab_culture,demographic,random,1,0.9525741338729858,0.0214676484465599,0.1563986390829086,0.0416418239474296,0.7804918885231018,0.0977988845246807,0.7124959439112507,0.1897051715640685,1,0.9959298968315125,False,-0.04335576295852661,0.6071428571428572
946,region,placebo,placebo,random,1,0.7981867790222168,0.0178077667951583,0.1652847528457641,0.0476824790239334,0.769225001335144,0.0771650607656152,0.7162160277413746,0.2066189114930101,1,0.9959298968315125,False,-0.19774311780929565,0.6071428571428572
998,region,baseline,none,random,1,0.9992903470993042,,0.1731614768505096,0.0267171524465084,0.800121370702982,,0.866333121552445,0.1336668784475549,1,0.9992903470993042,False,0.0,0.6071428571428572
998,region,region_western_europe,demographic,random,1,0.9980732202529908,0.0157493315637111,0.1699266880750656,0.0274092629551887,0.7869147174060345,0.0739109307409163,0.7974585856258374,0.1286304836332463,1,0.9992903470993042,False,-0.0012171268463133655,0.6071428571428572
998,region,region_arab_culture,demographic,random,1,0.991422474384308,0.0226219184696674,0.1626863479614257,0.0298648755997419,0.7848268579691648,0.105133560146766,0.756071814660364,0.1387946251928699,1,0.9992903470993042,False,-0.007867872714996227,0.6071428571428572
998,region,placebo,placebo,random,1,0.9241418242454528,0.0170140694826841,0.1731234043836593,0.0292557310312986,0.7806067951023579,0.0775505763299371,0.7891010319322791,0.1333483917377837,1,0.9992903470993042,False,-0.07514852285385143,0.6071428571428572
444,region,baseline,none,random,1,0.9525741338729858,,0.1763200014829635,0.0107023287564516,0.8129776697605848,,0.9427751288161628,0.0572248711838372,1,0.9525741338729858,False,0.0,0.6000000000000001
444,region,region_western_europe,demographic,random,1,0.9875683188438416,0.0190549902617931,0.1722326427698135,0.0105285793542861,0.7981837876141071,0.0944175397829688,0.8534133146869659,0.0521691455300652,1,0.9525741338729858,False,0.03499418497085571,0.6000000000000001
444,region,region_arab_culture,demographic,random,1,0.9740425944328308,0.0268375873565673,0.1645036339759826,0.0120701864361763,0.7965885922312737,0.1319374741611396,0.8087237376726637,0.0593387881661966,1,0.9525741338729858,False,0.02146846055984497,0.6000000000000001
444,region,placebo,placebo,random,1,0.8354835510253906,0.019029039889574,0.1753540337085724,0.0108301443979144,0.7947867820039392,0.0927281394219904,0.8544967786233847,0.0527750819546248,1,0.9525741338729858,False,-0.11709058284759521,0.6000000000000001
1152,region,baseline,none,random,1,0.9902915358543396,,0.1750727146863937,0.0059393206611275,0.8189879646524787,,0.9671882554675176,0.0328117445324825,1,0.9902915358543396,False,0.0,0.6
1152,region,region_western_europe,demographic,random,1,0.9953904151916504,0.0203709732741117,0.1704037636518478,0.0053833480924367,0.8038419149816036,0.1038497764300731,0.8687062969434413,0.0274439266264855,1,0.9902915358543396,False,0.005098879337310791,0.6
1152,region,region_arab_culture,demographic,random,1,0.9924227595329284,0.0271700602024793,0.1609842926263809,0.0056557850912213,0.8061898620799184,0.1401890556090675,0.8306288533408064,0.0291820910501261,1,0.9902915358543396,False,0.002131223678588756,0.6
1152,region,placebo,placebo,random,1,0.9324532747268676,0.0217283517122268,0.1746752113103866,0.0063024065457284,0.797294030431658,0.1071914742249423,0.8617171545680365,0.0310913712070211,1,0.9902915358543396,False,-0.057838261127472035,0.6
179,region,baseline,none,random,1,0.991422474384308,,0.1761776506900787,0.019442269578576,0.8043800797313452,,0.9006120156276772,0.0993879843723227,1,0.991422474384308,False,0.0,0.6
179,region,region_western_europe,demographic,random,1,0.9964063763618468,0.0182001795619726,0.1711670309305191,0.0193194318562746,0.7913133576512337,0.0872129588991885,0.8202107667459483,0.0925762743548632,1,0.991422474384308,False,0.0049839019775388405,0.6
179,region,region_arab_culture,demographic,random,1,0.9890130758285522,0.0249058417975902,0.1652431935071945,0.0221274755895137,0.7877234891057014,0.1173273561576105,0.7784337174708703,0.1042389263715191,1,0.991422474384308,False,-0.0024093985557557263,0.6
179,region,placebo,placebo,random,1,0.9324532747268676,0.0197071693837642,0.1754327714443206,0.0215222090482711,0.7833378501236439,0.0909580625642765,0.8097065940887042,0.0993353433470192,1,0.991422474384308,False,-0.05896919965744041,0.6
700,region,baseline,none,random,0,0.0010322310263291,,0.176464557647705,0.0291704759001731,0.7943649664521217,,0.8581444251162514,0.1418555748837485,0,0.0010322310263291,False,0.0,0.6
700,region,region_western_europe,demographic,random,0,0.0024726232513785,0.0130585106089711,0.1723858714103698,0.0309610590338706,0.7835945589467883,0.0603428016662491,0.7965875098675643,0.1430696884661865,0,0.0010322310263291,False,0.0014403922250493999,0.6
700,region,region_arab_culture,demographic,random,0,0.0229773707687854,0.0173711236566305,0.1727965623140335,0.0317865945398807,0.7780457194894552,0.0782644228201998,0.7785232252181059,0.1432123519616942,0,0.0010322310263291,False,0.0219451397424563,0.6
700,region,placebo,placebo,random,0,0.0229773707687854,0.0133354868739843,0.1760332137346267,0.0322720669209957,0.7783592324703932,0.0601671209796861,0.7942275949351791,0.1456052840851347,0,0.0010322310263291,False,0.0219451397424563,0.6
1080,region,baseline,none,random,1,0.9999756813049316,,0.1714433431625366,0.0321604758501052,0.7963961809873581,,0.8420438476740536,0.1579561523259464,1,0.9999756813049316,False,0.0,0.5892857142857143
1080,region,region_western_europe,demographic,random,1,0.999925136566162,0.0132389664649963,0.1689339131116867,0.0339898876845836,0.7838372327387333,0.0612453598403233,0.7815125391483516,0.1572421010113251,1,0.9999756813049316,False,-5.054473876964227e-05,0.5892857142857143
1080,region,region_arab_culture,demographic,random,1,0.9986749291419984,0.0188838467001914,0.1642575860023498,0.0358569622039794,0.7810016050934792,0.0862282424866723,0.7500401364697808,0.1637316210435468,1,0.9999756813049316,False,-0.0013007521629332386,0.5892857142857143
1080,region,placebo,placebo,random,1,0.9968273043632508,0.0148321958258748,0.1704696416854858,0.0364672467112541,0.7782309157773852,0.0668812601984957,0.768680820787293,0.1644379190142112,1,0.9999756813049316,False,-0.003148376941680797,0.5892857142857143
785,region,baseline,none,random,0,0.2450850158929824,,0.175461933016777,0.0208709016442298,0.8036671653389931,,0.8936963260360087,0.1063036739639912,0,0.2450850158929824,False,0.0,0.5892857142857143
785,region,region_western_europe,demographic,random,0,0.4073334336280823,0.0161281004548072,0.1736573129892349,0.0228919498622417,0.787322636693716,0.0758336486971613,0.8165293677218721,0.1076369835809665,0,0.2450850158929824,False,0.16224841773509988,0.5892857142857143
785,region,region_arab_culture,demographic,random,1,0.8354835510253906,0.0225255787372589,0.1735885143280029,0.0261846259236335,0.7777012810111046,0.1013302228627963,0.780879508067135,0.1177902690700686,0,0.2450850158929824,True,0.5903985351324083,0.5892857142857143
785,region,placebo,placebo,random,0,0.222700148820877,0.0175507441163063,0.1755775511264801,0.0235271137207746,0.7833445910364389,0.0810076434291014,0.8104000355514328,0.1085923210194657,0,0.2450850158929824,False,-0.022384867072105408,0.5892857142857143
486,region,baseline,none,random,1,0.8933094143867493,,0.1721383035182953,0.0147889647632837,0.813072731718421,,0.9208838555271333,0.0791161444728667,1,0.8933094143867493,False,0.0,0.5833333333333333
486,region,region_western_europe,demographic,random,1,0.9149009585380554,0.0146528575569391,0.1701939105987548,0.0156377982348203,0.7995154336094856,0.0730872097575706,0.848912779985479,0.0780000102569503,1,0.8933094143867493,False,0.021591544151306152,0.5833333333333333
486,region,region_arab_culture,demographic,random,1,0.9324532747268676,0.0200301632285118,0.1672702729701995,0.0176874492317438,0.7950121145695448,0.0977138877570757,0.8160007730161605,0.0862853392267637,1,0.8933094143867493,False,0.0391438603401183,0.5833333333333333
486,region,placebo,placebo,random,1,0.9149009585380554,0.0150900315493345,0.1722827702760696,0.0164650119841098,0.796162186190486,0.074029598666301,0.8451953396491364,0.0807750616845625,1,0.8933094143867493,False,0.021591544151306152,0.5833333333333333
1131,region,baseline,none,random,1,0.998830497264862,,0.1756439805030822,0.030526852235198,0.7938291672617197,,0.8519341856956567,0.1480658143043432,1,0.998830497264862,False,0.0,0.5714285714285714
1131,region,region_western_europe,demographic,random,1,0.9875683188438416,0.0124758649617433,0.1748333573341369,0.031783141195774,0.7809076365083456,0.0569434039731767,0.7979892797167103,0.145067316310113,1,0.998830497264862,False,-0.011262178421020397,0.5714285714285714
1131,region,region_arab_culture,demographic,random,1,0.9959298968315125,0.0165178477764129,0.174037367105484,0.0330001451075077,0.7764446400105953,0.0738870576719601,0.7784978499899642,0.1476150923380756,1,0.998830497264862,False,-0.0029006004333494984,0.5714285714285714
1131,region,placebo,placebo,random,1,0.9399133324623108,0.013649895787239,0.1778863221406936,0.0330123379826545,0.7754514440894127,0.0607881699879393,0.7921953513320565,0.1470164786800041,1,0.998830497264862,False,-0.05891716480255116,0.5714285714285714
647,region,baseline,none,random,1,0.9902915358543396,,0.1756809204816818,0.0241142399609088,0.8002048395574093,,0.8793051848328534,0.1206948151671466,1,0.9902915358543396,False,0.0,0.5714285714285714
647,region,region_western_europe,demographic,random,1,0.9669140577316284,0.0155696226283907,0.1737899631261825,0.0251584891229867,0.7854819251224399,0.0725795373526329,0.8101413516104699,0.1172791110368971,1,0.9902915358543396,False,-0.02337747812271118,0.5714285714285714
647,region,region_arab_culture,demographic,random,1,0.9149009585380554,0.0212029498070478,0.1712738126516342,0.027324728667736,0.7801985088735819,0.0964640853817185,0.7792204310075705,0.1243154836107109,1,0.9902915358543396,False,-0.07539057731628418,0.5714285714285714
647,region,placebo,placebo,random,1,0.7772998809814453,0.0163049828261137,0.1756916046142578,0.0277253314852714,0.780278081074357,0.074207356761851,0.7996089123621497,0.1261837308759992,1,0.9902915358543396,False,-0.2129916548728943,0.5714285714285714
1136,region,baseline,none,random,1,0.9626730680465698,,0.1721747815608978,0.0303102601319551,0.797514958307147,,0.8503086456236486,0.1496913543763514,1,0.9626730680465698,False,0.0,0.5714285714285714
1136,region,region_western_europe,demographic,random,1,0.9626730680465698,0.0164137985557317,0.1703810393810272,0.0350157283246517,0.7781894337385893,0.0739991734045149,0.7681376151406053,0.1578632114548798,1,0.9626730680465698,False,0.0,0.5714285714285714
1136,region,region_arab_culture,demographic,random,1,0.991422474384308,0.0218926202505826,0.1657702028751373,0.0395962297916412,0.7727409470826387,0.0963333252055026,0.7294327805520545,0.1742338942424428,1,0.9626730680465698,False,0.028749406337738148,0.5714285714285714
1136,region,placebo,placebo,random,1,0.7772998809814453,0.0176283475011587,0.172762855887413,0.0401493310928344,0.7694594655185938,0.0764652842538651,0.749381692360685,0.1741530233854499,1,0.9626730680465698,False,-0.1853731870651245,0.5714285714285714
204,region,baseline,none,random,1,0.9992903470993042,,0.1717443317174911,0.0323642417788505,0.7958914265036583,,0.8414361473187669,0.158563852681233,1,0.9992903470993042,False,0.0,0.5714285714285714
204,region,region_western_europe,demographic,random,1,0.9964063763618468,0.013668792322278,0.1714360862970352,0.0323857478797435,0.7825093735009432,0.0628477306921422,0.78824586170282,0.1489064076050377,1,0.9992903470993042,False,-0.0028839707374573864,0.5714285714285714
204,region,region_arab_culture,demographic,random,1,0.9989677667617798,0.0176526755094528,0.1697880625724792,0.0331406071782112,0.7794186547398567,0.0800279619685612,0.7697299260381206,0.1502421119933181,1,0.9992903470993042,False,-0.00032258033752441406,0.5714285714285714
204,region,placebo,placebo,random,1,0.9740425944328308,0.0140974167734384,0.1743404567241668,0.0323973000049591,0.7791648264974356,0.0638368270318801,0.7894596406860085,0.1467035322821112,1,0.9992903470993042,False,-0.02524775266647339,0.5714285714285714
775,region,baseline,none,random,1,0.7310585379600525,,0.1704139858484268,0.0235774777829647,0.8060085363686085,,0.8784612614307353,0.1215387385692646,1,0.7310585379600525,False,0.0,0.5714285714285714
775,region,region_western_europe,demographic,random,1,0.6513549089431763,0.01273107342422,0.1678391993045807,0.0258908942341804,0.7935388330370188,0.0616632832773961,0.8129335011202106,0.1254032156023933,1,0.7310585379600525,False,-0.07970362901687622,0.5714285714285714
775,region,region_arab_culture,demographic,random,1,0.5926666259765625,0.0188392810523509,0.1618489176034927,0.0300914850085973,0.7892203163355589,0.0893790175828469,0.7678582432126352,0.1427627392045178,1,0.7310585379600525,False,-0.13839191198349,0.5714285714285714
775,region,placebo,placebo,random,1,0.8807970285415649,0.0124570438638329,0.1687415391206741,0.0263867378234863,0.7924146791920066,0.0600092714424404,0.8128779937997257,0.1271127347578339,1,0.7310585379600525,False,0.14973849058151245,0.5714285714285714
1143,region,baseline,none,random,1,0.9940890073776244,,0.1765646338462829,0.0193668249994516,0.8040685411542654,,0.9011551023324949,0.0988448976675051,1,0.9940890073776244,False,0.0,0.5714285714285714
1143,region,region_western_europe,demographic,random,1,0.970687747001648,0.0173198487609624,0.1758423596620559,0.0200137794017791,0.7868240121752024,0.0812467151562919,0.8248694492110202,0.0938838356326878,1,0.9940890073776244,False,-0.02340126037597645,0.5714285714285714
1143,region,region_arab_culture,demographic,random,1,0.9796676635742188,0.0209006946533918,0.1755075454711914,0.0207648240029811,0.7828269358724356,0.0962398110343696,0.8081460109993231,0.0956141779663071,1,0.9940890073776244,False,-0.01442134380340565,0.5714285714285714
1143,region,placebo,placebo,random,1,0.9525741338729858,0.019348919391632,0.1776555925607681,0.022341638803482,0.7806538492441177,0.0882118027827447,0.8099325743741318,0.1018556228431235,1,0.9940890073776244,False,-0.04151487350463856,0.5714285714285714
695,region,baseline,none,random,0,0.0293122306466102,,0.1789270043373108,0.0192523244768381,0.8018206711858511,,0.9028540232120132,0.0971459767879868,0,0.0293122306466102,False,0.0,0.5714285714285714
695,region,region_western_europe,demographic,random,0,0.2018132209777832,0.017182108014822,0.1764060109853744,0.0201127454638481,0.7862991355359554,0.0804026135220099,0.8254810359695807,0.0941163505084094,0,0.0293122306466102,False,0.172500990331173,0.5714285714285714
695,region,region_arab_culture,demographic,random,0,0.5,0.0239403396844863,0.1737046986818313,0.021496258676052,0.7808587029576302,0.1092461348344472,0.7926607217636685,0.0980931434018842,0,0.0293122306466102,False,0.4706877693533898,0.5714285714285714
695,region,placebo,placebo,random,0,0.0293122306466102,0.0194205623120069,0.180034339427948,0.0224210917949676,0.7781240064650774,0.0875289029813413,0.8114187414313985,0.1010523555872602,0,0.0293122306466102,False,0.0,0.5714285714285714
631,region,baseline,none,random,1,0.8807970285415649,,0.1774551272392273,0.0302846431732177,0.7922602295875549,,0.8542183660206668,0.1457816339793331,1,0.8807970285415649,False,0.0,0.5714285714285714
631,region,region_western_europe,demographic,random,1,0.8670357465744019,0.0152499042451381,0.1746245920658111,0.0314633250236511,0.7786621786653996,0.068898772713971,0.7889505327778028,0.1421506945082261,1,0.8807970285415649,False,-0.013761281967163086,0.5714285714285714
631,region,region_arab_culture,demographic,random,1,0.8175744414329529,0.0233748294413089,0.1660788506269455,0.0369362570345401,0.7736100628972054,0.1032503022901384,0.7335964343306289,0.1631532633792327,1,0.8807970285415649,False,-0.06322258710861206,0.5714285714285714
631,region,placebo,placebo,random,1,0.7310585379600525,0.0168350283056497,0.1792527735233307,0.0343236848711967,0.7695885132998228,0.0730650565505717,0.7779680435662621,0.148966899883166,1,0.8807970285415649,False,-0.14973849058151245,0.5714285714285714
969,region,baseline,none,random,1,0.9991958737373352,,0.1717026084661483,0.0331163592636585,0.7951810322701931,,0.8383140017220233,0.1616859982779767,1,0.9991958737373352,False,0.0,0.5714285714285714
969,region,region_western_europe,demographic,random,1,0.9978172779083252,0.013623327948153,0.1694941818714141,0.0332069545984268,0.783675535582006,0.0629763627743428,0.7835183243255751,0.1535053129000819,1,0.9991958737373352,False,-0.0013785958290100098,0.5714285714285714
969,region,region_arab_culture,demographic,random,1,0.991422474384308,0.0196909978985786,0.1656275540590286,0.0357173308730125,0.7789641171693802,0.0890850736378757,0.7493242813699589,0.1615906449921653,1,0.9991958737373352,False,-0.007773399353027233,0.5714285714285714
969,region,placebo,placebo,random,1,0.9875683188438416,0.0152249727398157,0.1727538853883743,0.0345091149210929,0.777512026950717,0.0684305426992372,0.7764639275584925,0.1551055297422702,1,0.9991958737373352,False,-0.011627554893493652,0.5714285714285714
794,region,baseline,none,random,1,0.9999545812606812,,0.1705191880464553,0.028243251144886,0.8012375608086586,,0.8579044850737756,0.1420955149262243,1,0.9999545812606812,False,0.0,0.5714285714285714
794,region,region_western_europe,demographic,random,1,0.9978172779083252,0.015589578077197,0.16929991543293,0.028542473912239,0.7865680325776339,0.0730423762919565,0.7932266074177067,0.1337310162903367,1,0.9999545812606812,False,-0.002137303352355957,0.5714285714285714
794,region,region_arab_culture,demographic,random,1,0.9890130758285522,0.0228412188589572,0.1648042947053909,0.030923431739211,0.7814310546964407,0.1045034958064801,0.7540151437181646,0.1414813604753552,1,0.9999545812606812,False,-0.010941505432128906,0.5714285714285714
794,region,placebo,placebo,random,1,0.9978172779083252,0.0177570953965187,0.1665189117193222,0.0342484004795551,0.781475592404604,0.0812590940843388,0.7620151613802177,0.1567257445354433,1,0.9999545812606812,False,-0.002137303352355957,0.5714285714285714
277,region,baseline,none,random,1,0.8175744414329529,,0.1730010956525802,0.0254295971244573,0.8015693072229624,,0.8718464529424852,0.1281535470575148,1,0.8175744414329529,False,0.0,0.5714285714285714
277,region,region_western_europe,demographic,random,1,0.7549149990081787,0.0158044435083866,0.1698973327875137,0.0274802055209875,0.7868180181831121,0.0741359254365211,0.7969591582718591,0.1289049162916196,1,0.8175744414329529,False,-0.06265944242477417,0.5714285714285714
277,region,region_arab_culture,demographic,random,1,0.8354835510253906,0.0221943482756614,0.1680124700069427,0.0297880247235298,0.780005156993866,0.1008857661042656,0.7637109475437027,0.1354032863520316,1,0.8175744414329529,False,0.017909109592437744,0.5714285714285714
277,region,placebo,placebo,random,1,0.562176525592804,0.0182473324239254,0.1736107319593429,0.0305876284837722,0.7775543071329594,0.0820305045637908,0.7804634458043334,0.1375060496318757,1,0.8175744414329529,False,-0.2553979158401489,0.5714285714285714
951,region,baseline,none,random,1,0.9669140577316284,,0.172265738248825,0.0294698998332023,0.7982643619179726,,0.8539182262817656,0.1460817737182344,1,0.9669140577316284,False,0.0,0.5476190476190477
951,region,region_western_europe,demographic,random,1,0.985936403274536,0.0141414422541856,0.1705873608589172,0.0324094295501709,0.7828617673367262,0.0651264500071503,0.7856164193960944,0.1492571305967553,1,0.9669140577316284,False,0.019022345542907604,0.5476190476190477
951,region,region_arab_culture,demographic,random,1,0.9924227595329284,0.0201791729778051,0.1659387648105621,0.0359655767679214,0.7779164854437113,0.090862993672097,0.7471908265775563,0.1619461797503465,1,0.9669140577316284,False,0.025508701801299938,0.5476190476190477
951,region,placebo,placebo,random,1,0.991422474384308,0.0161844417452812,0.1714288294315338,0.0342948324978351,0.7780918963253498,0.0729330812046863,0.772521717741654,0.1545452010536596,1,0.9669140577316284,False,0.024508416652679554,0.5476190476190477
75,region,baseline,none,random,1,0.9796676635742188,,0.1768707931041717,0.0198843125253915,0.8032448943704367,,0.8989387723293526,0.1010612276706474,1,0.9796676635742188,False,0.0,0.5476190476190477
75,region,region_western_europe,demographic,random,1,0.8933094143867493,0.0157056991010904,0.1750920712947845,0.0194298513233661,0.7897723782807589,0.074708066298088,0.8328690105652239,0.0924229231366881,1,0.9796676635742188,False,-0.08635824918746948,0.5476190476190477
75,region,region_arab_culture,demographic,random,1,0.6513549089431763,0.0237424150109291,0.1665852218866348,0.0234906505793333,0.7861817125231028,0.1110401513878668,0.77909716634801,0.1098626822641231,1,0.9796676635742188,False,-0.3283127546310425,0.5476190476190477
75,region,placebo,placebo,random,1,0.7057850360870361,0.0176751241087913,0.1779657751321792,0.0229094382375478,0.7814496625214815,0.0808743848795413,0.8143010767470066,0.1048245383734521,1,0.9796676635742188,False,-0.2738826274871826,0.5476190476190477
675,region,baseline,none,random,1,0.9986749291419984,,0.1726832687854766,0.0276458710432052,0.799670860171318,,0.861997754960424,0.138002245039576,1,0.9986749291419984,False,0.0,0.5277777777777778
675,region,region_western_europe,demographic,random,1,0.9902915358543396,0.0165194533765316,0.1698157340288162,0.0303336400538682,0.7833311725407839,0.0762428706069454,0.7837571099644266,0.1400000194286279,1,0.9986749291419984,False,-0.008383393287658802,0.5277777777777778
675,region,region_arab_culture,demographic,random,1,0.8354835510253906,0.0249547697603702,0.1583901792764663,0.0349908620119094,0.7816641889512539,0.1142953583312945,0.725442970237731,0.1602616714309745,1,0.9986749291419984,False,-0.16319137811660778,0.5277777777777778
675,region,placebo,placebo,random,1,0.9626730680465698,0.0182659775018692,0.1696016788482666,0.0347744338214397,0.7773579098284245,0.0820418883410267,0.7617682654594456,0.1561898461995276,1,0.9986749291419984,False,-0.03600186109542858,0.5277777777777778
834,region,baseline,none,random,1,0.9796676635742188,,0.1771748960018158,0.0302674304693937,0.7925576735287905,,0.854092310936387,0.1459076890636129,1,0.9796676635742188,False,0.0,0.5238095238095237
834,region,region_western_europe,demographic,random,1,0.9820137619972228,0.0124921631067991,0.1749342381954193,0.0310518890619277,0.7815217096358538,0.0571780522722781,0.8006939174773368,0.1421280302503851,1,0.9796676635742188,False,0.0023460984230040394,0.5238095238095237
834,region,region_arab_culture,demographic,random,1,0.9740425944328308,0.016661861911416,0.1743386089801788,0.0321908332407474,0.7768086958676577,0.0746528274306615,0.7811173901148224,0.1442297824545159,1,0.9796676635742188,False,-0.0056250691413879395,0.5238095238095237
834,region,placebo,placebo,random,1,0.9046505093574524,0.0140890665352344,0.177570953965187,0.0303883552551269,0.7779516242444515,0.0634504372630268,0.799694901441989,0.1368546612949841,1,0.9796676635742188,False,-0.07501715421676636,0.5238095238095237
595,region,baseline,none,random,1,0.9964063763618468,,0.1721049547195434,0.0323948413133621,0.7955002039670944,,0.8415898600302294,0.1584101399697706,1,0.9964063763618468,False,0.0,0.5238095238095237
595,region,region_western_europe,demographic,random,1,0.9971990585327148,0.0138841969892382,0.1700505316257476,0.0357565581798553,0.7803087132051587,0.0631986693318612,0.7740431316447673,0.1627581990233714,1,0.9964063763618468,False,0.0007926821708680309,0.5238095238095237
595,region,region_arab_culture,demographic,random,1,0.970687747001648,0.0206953324377536,0.1657384634017944,0.0403486192226409,0.7732175849378109,0.0912563367493838,0.7308259035708082,0.1779177596798078,1,0.9964063763618468,False,-0.025718629360198864,0.5238095238095237
595,region,placebo,placebo,random,1,0.9626730680465698,0.0149341318756341,0.1743403971195221,0.0360236056149005,0.7747018653899431,0.06628608755009,0.7738208637247185,0.1598930487251915,1,0.9964063763618468,False,-0.03373330831527699,0.5238095238095237
1026,region,baseline,none,random,1,0.9953904151916504,,0.1749273389577865,0.0179524086415767,0.8071202524006367,,0.9069243460497144,0.0930756539502855,1,0.9953904151916504,False,0.0,0.5142857142857143
1026,region,region_western_europe,demographic,random,1,0.991422474384308,0.0146664045751094,0.1741641163825988,0.0175070837140083,0.7936623953282833,0.0710796492885712,0.8440735592510834,0.0848467914603453,1,0.9953904151916504,False,-0.003967940807342418,0.5142857142857143
1026,region,region_arab_culture,demographic,random,1,0.9953904151916504,0.019602121785283,0.1713601648807525,0.0188740827143192,0.7901636306196451,0.0934162263823378,0.8166371034095651,0.0899466702080971,1,0.9953904151916504,False,0.0,0.5142857142857143
1026,region,placebo,placebo,random,1,0.9626730680465698,0.0159989036619663,0.172718659043312,0.0173019766807556,0.793980460613966,0.0776572149886618,0.8383605727788584,0.0839822122324796,1,0.9953904151916504,False,-0.032717347145080566,0.5142857142857143
276,region,baseline,none,random,1,0.8175744414329529,,0.1793057918548584,0.0222414210438728,0.7984527871012688,,0.8896465958323712,0.1103534041676288,1,0.8175744414329529,False,0.0,0.5142857142857142
276,region,region_western_europe,demographic,random,1,0.9525741338729858,0.0160278715193271,0.1777582764625549,0.0237555801868438,0.782458271831274,0.0736772280621762,0.8171226640467116,0.1092001078911121,1,0.8175744414329529,False,0.13499969244003296,0.5142857142857142
276,region,region_arab_culture,demographic,random,1,0.9820137619972228,0.0228632353246212,0.1747176349163055,0.0258206110447645,0.7765985187143087,0.1023414669994203,0.7820791245912662,0.1155794084093135,1,0.8175744414329529,False,0.1644393205642699,0.5142857142857142
276,region,placebo,placebo,random,1,0.7549149990081787,0.0170248448848724,0.1804506331682205,0.0251855589449405,0.7773389630019665,0.0764608173679834,0.810427525179514,0.1131116574525025,1,0.8175744414329529,False,-0.06265944242477417,0.5142857142857142
659,region,baseline,none,random,1,0.9991958737373352,,0.1731221675872802,0.0188715271651744,0.8080063052475452,,0.9017075681078678,0.0982924318921322,1,0.9991958737373352,False,0.0,0.5138888888888888
659,region,region_western_europe,demographic,random,1,0.9997965693473816,0.0165047962218523,0.171582818031311,0.0176207274198532,0.7942916583269835,0.0802339666326584,0.8341072444405307,0.0856587889268108,1,0.9991958737373352,False,0.0006006956100463867,0.5138888888888888
659,region,region_arab_culture,demographic,random,1,0.9982993006706238,0.0237602684646844,0.1668053716421127,0.0210483558475971,0.7883860040456057,0.1122811766656735,0.7882530212135002,0.0994658021208262,1,0.9991958737373352,False,-0.0008965730667114258,0.5138888888888888
659,region,placebo,placebo,random,1,0.9924227595329284,0.0189478602260351,0.1746748089790344,0.0217549819499254,0.784622348845005,0.087975052770909,0.811016407887794,0.1010085393412968,1,0.9991958737373352,False,-0.006773114204406849,0.5138888888888888
77,region,baseline,none,random,1,0.9902915358543396,,0.1748033761978149,0.0277203172445297,0.7974763065576553,,0.8631255594179589,0.1368744405820411,1,0.9902915358543396,False,0.0,0.5
77,region,region_western_europe,demographic,random,1,0.9740425944328308,0.013951133005321,0.172095775604248,0.0265391357243061,0.7874139556661248,0.0656258177672763,0.809534681091128,0.1248395011415956,1,0.9902915358543396,False,-0.01624894142150879,0.5
77,region,region_arab_culture,demographic,random,1,0.9890130758285522,0.0183584503829479,0.1731655001640319,0.0273267030715942,0.7811493463814259,0.0838857461899296,0.791249636685276,0.1248646171247943,1,0.9902915358543396,False,-0.0012784600257873535,0.5
77,region,placebo,placebo,random,1,0.7549149990081787,0.0147553076967597,0.1759451180696487,0.0272739920765161,0.7820255821570754,0.0676928414021161,0.8071824198949679,0.1251247387029159,1,0.9902915358543396,False,-0.2353765368461609,0.5
435,region,baseline,none,random,0,0.1824255138635635,,0.1716453284025192,0.0224380455911159,0.8059166260063648,,0.884389656211089,0.115610343788911,0,0.1824255138635635,False,0.0,0.5
435,region,region_western_europe,demographic,random,1,0.5926666259765625,0.0188088174909353,0.1682628393173217,0.0255377683788537,0.7873905748128891,0.0884665271748055,0.7914175919963986,0.1201158808287958,0,0.1824255138635635,True,0.41024111211299896,0.5
435,region,region_arab_culture,demographic,random,1,0.9241418242454528,0.0251039341092109,0.1672035455703735,0.0282267481088638,0.7794657722115517,0.1138323713328182,0.7581750336313632,0.1279925950358185,0,0.1824255138635635,True,0.7417163103818892,0.5
435,region,placebo,placebo,random,0,0.1645164489746093,0.0176238119602203,0.1701338440179824,0.0277708191424608,0.7844715248793364,0.0817702252584195,0.7893798901640864,0.1288498845774941,0,0.1824255138635635,False,-0.017909064888954218,0.5
1092,region,baseline,none,random,1,0.9982993006706238,,0.1755991280078888,0.0286365281790494,0.7957643438130617,,0.8597868329473367,0.1402131670526633,1,0.9982993006706238,False,0.0,0.5
1092,region,region_western_europe,demographic,random,1,0.9902915358543396,0.0141713581979274,0.1735352277755737,0.028603620827198,0.7836897931993008,0.0655140522841091,0.8022516844776683,0.1322342632382226,1,0.9982993006706238,False,-0.00800776481628418,0.5
1092,region,region_arab_culture,demographic,random,1,0.9626730680465698,0.0186946094036102,0.1702629923820495,0.0301231145858764,0.7809192836284637,0.0853320625988198,0.7771701462455631,0.137497791155617,1,0.9982993006706238,False,-0.035626232624053955,0.5
1092,region,placebo,placebo,random,1,0.9525741338729858,0.0158024001866579,0.1752389520406723,0.0310036465525627,0.7779550012201071,0.0711675573576975,0.7892046792478394,0.139627763394463,1,0.9982993006706238,False,-0.04572516679763794,0.5
378,region,baseline,none,random,1,0.9991958737373352,,0.1719495952129364,0.0211426131427288,0.8069077916443348,,0.8905050943133589,0.109494905686641,1,0.9991958737373352,False,0.0,0.5
378,region,region_western_europe,demographic,random,1,0.9998601675033568,0.0161275658756494,0.1688287854194641,0.0206924527883529,0.7943511959165335,0.0784228527247052,0.8209568062984781,0.1006203409768166,1,0.9991958737373352,False,0.0006642937660216175,0.5
378,region,region_arab_culture,demographic,random,1,0.9990890026092528,0.0208831187337636,0.1680955439805984,0.021526763215661,0.7894945740699768,0.0992046577493243,0.7985330698149189,0.1022622724357567,1,0.9991958737373352,False,-0.00010687112808238641,0.5
378,region,placebo,placebo,random,1,0.9947799444198608,0.0174525417387485,0.1741055250167846,0.0260937679558992,0.7823481652885675,0.0801855944007433,0.7999267511234976,0.119887654475759,1,0.9991958737373352,False,-0.004415929317474365,0.5
433,region,baseline,none,random,1,0.9324532747268676,,0.1735582947731018,0.030318459495902,0.7961232457309961,,0.8512902581532245,0.1487097418467755,1,0.9324532747268676,False,0.0,0.5
433,region,region_western_europe,demographic,random,1,0.8670357465744019,0.013509951531887,0.1723102480173111,0.0320902988314628,0.782089501619339,0.0619977083815711,0.7907386257100276,0.1472636659084011,1,0.9324532747268676,False,-0.06541752815246571,0.5
433,region,region_arab_culture,demographic,random,1,0.9324532747268676,0.0185606516897678,0.1700486540794372,0.0337636843323707,0.7776270098984241,0.0834663044342286,0.7647001283823283,0.1518335671834431,1,0.9324532747268676,False,0.0,0.5
433,region,placebo,placebo,random,1,0.6513549089431763,0.0145351234823465,0.1734693348407745,0.0314578488469123,0.7805376928299665,0.0662306145860624,0.7904288307074763,0.1433405547064612,1,0.9324532747268676,False,-0.2810983657836913,0.5
899,region,baseline,none,random,1,0.970687747001648,,0.1767364740371704,0.0137259550392627,0.8095375709235668,,0.92793352943244,0.07206647056756,1,0.970687747001648,False,0.0,0.5
899,region,region_western_europe,demographic,random,1,0.9947799444198608,0.0154127087444067,0.1725674122571945,0.0140480184927582,0.7979718605056405,0.076289910816295,0.8541751297076737,0.0695349594760312,1,0.970687747001648,False,0.02409219741821289,0.5
899,region,region_arab_culture,demographic,random,1,0.9947799444198608,0.0213211216032505,0.1696317940950393,0.0142461089417338,0.7948009753599763,0.1039045952613746,0.826669592570534,0.0694258121680913,1,0.970687747001648,False,0.02409219741821289,0.5
899,region,placebo,placebo,random,1,0.851952850818634,0.0162165220826864,0.1766451895236969,0.0140532245859503,0.7930850638076663,0.078372892653881,0.8537092235792,0.0679178837669189,1,0.970687747001648,False,-0.11873489618301392,0.5
989,region,baseline,none,random,1,0.7549149990081787,,0.1737758815288543,0.0374390296638011,0.7887850888073444,,0.8227443817654905,0.1772556182345095,1,0.7549149990081787,False,0.0,0.5
989,region,region_western_europe,demographic,random,1,0.7057850360870361,0.0131741371005773,0.1699013710021972,0.0375376567244529,0.7793868351727724,0.0597160061181962,0.7701325128772569,0.1701514810045468,1,0.7549149990081787,False,-0.04912996292114258,0.5
989,region,region_arab_culture,demographic,random,1,0.622459352016449,0.0188304111361503,0.1700553596019745,0.0399855300784111,0.771128699183464,0.0822751086264192,0.7430174032099004,0.1747074881636804,1,0.7549149990081787,False,-0.13245564699172974,0.5
989,region,placebo,placebo,random,0,0.4073334336280823,0.0139631833881139,0.1741046160459518,0.0375426113605499,0.7743895892053843,0.0618906873088642,0.7717047073880284,0.1664046053031072,1,0.7549149990081787,True,-0.34758156538009644,0.5
737,region,baseline,none,random,1,0.6513549089431763,,0.1752127408981323,0.0159566793590784,0.8088305797427893,,0.9165312143667678,0.0834687856332322,1,0.6513549089431763,False,0.0,0.5
737,region,region_western_europe,demographic,random,1,0.8354835510253906,0.0194502212107181,0.1709294319152832,0.0166356489062309,0.7929846979677677,0.0939554758502333,0.8256850109016071,0.0803595132481595,1,0.6513549089431763,False,0.18412864208221436,0.5
737,region,region_arab_culture,demographic,random,1,0.622459352016449,0.0271704196929931,0.1648634225130081,0.0185216795653104,0.7894444782286882,0.1290415918063809,0.7829926336107648,0.0879657745828542,1,0.6513549089431763,False,-0.028895556926727295,0.5
737,region,placebo,placebo,random,1,0.8175744414329529,0.020617164671421,0.175816997885704,0.0190946869552135,0.7844711504876614,0.0956584917428455,0.8157469326427172,0.0885945756144372,1,0.6513549089431763,False,0.1662195324897766,0.5
891,region,baseline,none,random,1,0.9902915358543396,,0.1733395159244537,0.0333659350872039,0.7932945489883423,,0.8385822196564995,0.1614177803435005,1,0.9902915358543396,False,0.0,0.5
891,region,region_western_europe,demographic,random,1,0.9840936064720154,0.0131998341530561,0.1716265529394149,0.0346990413963794,0.7804745715111494,0.060128952914111,0.7818071652147198,0.1580638818711691,1,0.9902915358543396,False,-0.006197929382324219,0.5
891,region,region_arab_culture,demographic,random,1,0.9820137619972228,0.0186950229108333,0.1693790107965469,0.0377981886267662,0.7741277776658535,0.0827681364164234,0.749888627500084,0.1673432360834925,1,0.9902915358543396,False,-0.00827777385711681,0.5
891,region,placebo,placebo,random,1,0.7772998809814453,0.0150997815653681,0.1754205822944641,0.0342509672045707,0.7752286689355969,0.0671784141414444,0.7804401987733987,0.1523813870851569,1,0.9902915358543396,False,-0.2129916548728943,0.5
2290,region,baseline,none,moral,1,0.5926666259765625,,0.1785019934177398,0.0224453397095203,0.7990526668727398,,0.8883023757508358,0.1116976242491642,1,0.5926666259765625,False,0.0,0.5
2290,region,region_western_europe,demographic,moral,1,0.9046505093574524,0.0167425777763128,0.1770540624856948,0.0223798155784606,0.7838235441595316,0.0774486643849334,0.8190256510466402,0.1035256845684264,1,0.5926666259765625,False,0.3119838833808899,0.5
2290,region,region_arab_culture,demographic,moral,1,0.9465966820716858,0.0222594998776912,0.1739952117204666,0.0235688164830207,0.7801764719188213,0.1012607707281954,0.791522241678388,0.1072169875934165,1,0.5926666259765625,False,0.3539300560951233,0.5
2290,region,placebo,placebo,moral,1,0.8175744414329529,0.0193593129515647,0.1794182807207107,0.0246272236108779,0.7765951827168465,0.0866557542804813,0.8031083792311774,0.1102358664883412,1,0.5926666259765625,False,0.22490781545639038,0.5
188,region,baseline,none,random,1,0.9820137619972228,,0.1746261864900589,0.0336096659302711,0.79176414757967,,0.8385980822244333,0.1614019177755666,1,0.9820137619972228,False,0.0,0.5
188,region,region_western_europe,demographic,random,1,0.9324532747268676,0.0143882967531681,0.1700577139854431,0.0351075455546379,0.7804464437067509,0.065534337025041,0.7745614184372566,0.1599042445377023,1,0.9820137619972228,False,-0.049560487270355225,0.5
188,region,region_arab_culture,demographic,random,1,0.9740425944328308,0.0198590569198131,0.1659960448741912,0.0386036038398742,0.7755412943661213,0.0884753249544522,0.7395393482530028,0.1719853267925448,1,0.9820137619972228,False,-0.007971167564391979,0.5
188,region,placebo,placebo,random,1,0.8175744414329529,0.0164266191422939,0.1679393500089645,0.0355301722884178,0.7801038585603237,0.074701716159036,0.7637212227074709,0.161577061133493,1,0.9820137619972228,False,-0.1644393205642699,0.5
149,region,baseline,none,random,0,0.0085774846374988,,0.1759759336709976,0.0179349891841411,0.8060890771448612,,0.9075091339875708,0.0924908660124293,0,0.0085774846374988,False,0.0,0.5
149,region,region_western_europe,demographic,random,0,0.4687906503677368,0.0193491838872432,0.1744089722633361,0.0184399038553237,0.7878019399940968,0.0911845465821176,0.8219159602989972,0.0868994931188852,0,0.0085774846374988,False,0.460213165730238,0.5
149,region,region_arab_culture,demographic,random,1,0.7310585379600525,0.027671992778778,0.1697106957435608,0.0211984403431415,0.7814188711345196,0.126598270044657,0.776419705691997,0.0969820242633458,0,0.0085774846374988,True,0.7224810533225536,0.5
149,region,placebo,placebo,random,0,0.0075772404670715,0.0238927155733108,0.1712676286697387,0.0240279659628868,0.7808116897940636,0.1090054280306402,0.7813720928311633,0.1096224791381965,0,0.0085774846374988,False,-0.0010002441704272998,0.5
592,region,baseline,none,random,1,0.9982993006706238,,0.170860469341278,0.0356856361031532,0.7934538945555687,,0.8272267781260392,0.1727732218739607,1,0.9982993006706238,False,0.0,0.5
592,region,region_western_europe,demographic,random,1,0.9933071732521056,0.0136429471895098,0.1663080155849456,0.0397231541574001,0.7803258830681443,0.0621053922057736,0.7570669585827241,0.1808276492115022,1,0.9982993006706238,False,-0.004992127418518177,0.5
592,region,region_arab_culture,demographic,random,1,0.957912266254425,0.018736595287919,0.1639270484447479,0.0418848097324371,0.7754515465348959,0.0834412127929921,0.7300297370795429,0.1865290501274649,1,0.9982993006706238,False,-0.04038703441619873,0.5
592,region,placebo,placebo,random,1,0.970687747001648,0.0148836327716708,0.1694689244031906,0.0400016792118549,0.7756457636132836,0.0663398784501492,0.7553631575339603,0.1782969640158904,1,0.9982993006706238,False,-0.02761155366897583,0.5
587,region,baseline,none,random,1,0.9399133324623108,,0.175562635064125,0.0166705958545207,0.8077667690813541,,0.913279323377882,0.0867206766221178,1,0.9399133324623108,False,0.0,0.5
587,region,region_western_europe,demographic,random,1,0.8670357465744019,0.0146301593631505,0.172988474369049,0.0178255625069141,0.7945558037608862,0.0712123273909512,0.8420217145862328,0.086765958022816,1,0.9399133324623108,False,-0.07287758588790894,0.5
587,region,region_arab_culture,demographic,random,1,0.8175744414329529,0.0194316878914833,0.1717368811368942,0.0192155595868825,0.7896158713847399,0.0923628983772772,0.8163015065217109,0.0913355951010118,1,0.9399133324623108,False,-0.12233889102935791,0.5
587,region,placebo,placebo,random,1,0.7057850360870361,0.0178873296827077,0.1732742190361023,0.0210573449730873,0.7877811063081026,0.0842871686470898,0.8164881836000165,0.0992246477528936,1,0.9399133324623108,False,-0.23412829637527466,0.5
603,region,baseline,none,random,1,0.999948501586914,,0.1757378280162811,0.0276365727186203,0.7966255992650986,,0.8641098750936477,0.1358901249063523,1,0.999948501586914,False,0.0,0.5
603,region,region_western_europe,demographic,random,1,0.9995694756507874,0.0142081156373023,0.1739593744277954,0.0270348396152257,0.7847976703196764,0.0660221274481931,0.8083526543890425,0.1256252181627643,1,0.999948501586914,False,-0.00037902593612659796,0.5
603,region,region_arab_culture,demographic,random,1,0.998498797416687,0.0189773347228765,0.1712916642427444,0.0277669932693243,0.7819640077650547,0.0870376240562497,0.7856118730075016,0.1273505029362487,1,0.999948501586914,False,-0.0014497041702269398,0.5
603,region,placebo,placebo,random,1,0.9924227595329284,0.0152841899544,0.1770914942026138,0.027641037479043,0.7799832783639431,0.0694683105936037,0.8049001588867944,0.1256315305196017,1,0.999948501586914,False,-0.007525742053985596,0.5
1017,region,baseline,none,random,1,0.957912266254425,,0.1778626143932342,0.0344967432320117,0.787640642374754,,0.8375548710554647,0.1624451289445353,1,0.957912266254425,False,0.0,0.5
1017,region,region_western_europe,demographic,random,1,0.9626730680465698,0.0127177312970161,0.1739493161439895,0.0342313200235366,0.7791016325354576,0.0575727717818355,0.7874631131980236,0.1549641150201408,1,0.957912266254425,False,0.004760801792144775,0.5
1017,region,region_arab_culture,demographic,random,1,0.977022647857666,0.0174089409410953,0.1722138077020645,0.0367520973086357,0.7736251540482044,0.0769031597477152,0.7607462170895782,0.1623506231627065,1,0.957912266254425,False,0.019110381603240967,0.5
1017,region,placebo,placebo,random,1,0.8175744414329529,0.0136074693873524,0.1779097765684127,0.035627108067274,0.7728556459769607,0.059906703144258,0.7832454270484193,0.1568478698073227,1,0.957912266254425,False,-0.14033782482147217,0.5
1003,region,baseline,none,random,1,0.999373733997345,,0.1732275635004043,0.0339738875627517,0.7927985489368439,,0.8360345094668457,0.1639654905331543,1,0.999373733997345,False,0.0,0.5
1003,region,region_western_europe,demographic,random,1,0.985936403274536,0.0127332266420125,0.1697237491607666,0.0360087007284164,0.7815343234688044,0.0582847925779057,0.7768897698514715,0.1648254375706227,1,0.999373733997345,False,-0.013437330722808949,0.5
1003,region,region_arab_culture,demographic,random,1,0.8807970285415649,0.0184316653758287,0.1663244068622589,0.040469292551279,0.7747746352106333,0.0818365435574551,0.7384799088584332,0.1796835475841116,1,0.999373733997345,False,-0.11857670545578003,0.5
1003,region,placebo,placebo,random,1,0.9241418242454528,0.0134180067107081,0.1726233661174774,0.0381358303129673,0.7758227968588471,0.0598544656757962,0.7700308670939451,0.1701146672302586,1,0.999373733997345,False,-0.0752319097518922,0.5
597,region,baseline,none,random,1,0.8354835510253906,,0.175402820110321,0.0326609276235103,0.7919362522661686,,0.8430244192982032,0.1569755807017968,1,0.8354835510253906,False,0.0,0.5
597,region,region_western_europe,demographic,random,1,0.8807970285415649,0.0136085161939263,0.1717588007450103,0.0325178205966949,0.7821148624643683,0.0624572944618624,0.7882997559524773,0.1492429495856603,1,0.8354835510253906,False,0.045313477516174316,0.5
597,region,region_arab_culture,demographic,random,1,0.9465966820716858,0.0185696240514516,0.1688175350427627,0.0344301722943782,0.7781826686114073,0.0837158392232224,0.7610655758319363,0.1552185849448412,1,0.8354835510253906,False,0.11111313104629517,0.5
597,region,placebo,placebo,random,1,0.562176525592804,0.0140191009268164,0.174865186214447,0.0321720093488693,0.7789437035098672,0.063418690846665,0.7910436797815998,0.145537629371735,1,0.8354835510253906,False,-0.27330702543258667,0.5
331,region,baseline,none,random,1,0.9997965693473816,,0.1742418259382248,0.0244599692523479,0.8012982048094273,,0.8769011159215313,0.1230988840784687,1,0.9997965693473816,False,0.0,0.5
331,region,region_western_europe,demographic,random,1,0.9982993006706238,0.0133984526619315,0.1729474514722824,0.0244564525783061,0.7891976432874799,0.0635593115318133,0.8204246582885123,0.1160160301796742,1,0.9997965693473816,False,-0.0014972686767578125,0.5
331,region,region_arab_culture,demographic,random,1,0.9975274205207824,0.018538050353527,0.1684133261442184,0.0259151179343462,0.7871335055679083,0.0870876856547334,0.7911687867718673,0.1217435275733992,1,0.9997965693473816,False,-0.002269148826599232,0.5
331,region,placebo,placebo,random,1,0.9940890073776244,0.0138952238485217,0.1720771789550781,0.0277440063655376,0.7862835908308625,0.0650171126425995,0.8051659656086323,0.1298169217487682,1,0.9997965693473816,False,-0.005707561969757191,0.5
367,region,baseline,none,random,1,0.9399133324623108,,0.1755412817001342,0.0197732858359813,0.8046854324638844,,0.8987618482050752,0.1012381517949248,1,0.9399133324623108,False,0.0,0.5
367,region,region_western_europe,demographic,random,1,0.9465966820716858,0.017984852194786,0.173202633857727,0.0200731754302978,0.788739338517189,0.0851310985611459,0.8198527479846006,0.0950161534542534,1,0.9399133324623108,False,0.006683349609375,0.5
367,region,region_arab_culture,demographic,random,1,0.9669140577316284,0.0249392874538898,0.1697419434785843,0.0223375856876373,0.7829811833798885,0.1149176271546339,0.7821531152098912,0.1029292576354748,1,0.9399133324623108,False,0.027000725269317627,0.5
367,region,placebo,placebo,random,1,0.562176525592804,0.0208967998623847,0.1772886961698532,0.0241487547755241,0.7776657491922379,0.0939882172290804,0.7973971420316303,0.1086146407392893,1,0.9399133324623108,False,-0.37773680686950684,0.5
330,region,baseline,none,random,1,0.851952850818634,,0.174697458744049,0.0239805504679679,0.8013219907879829,,0.8792994224017143,0.1207005775982857,1,0.851952850818634,False,0.0,0.4821428571428571
330,region,region_western_europe,demographic,random,1,0.9149009585380554,0.0166240893304348,0.1739371716976165,0.0271438248455524,0.7822949141263962,0.0763605924212835,0.7989577781320267,0.1246816294466897,1,0.851952850818634,False,0.06294810771942139,0.4821428571428571
330,region,region_arab_culture,demographic,random,1,0.957912266254425,0.0230101998895406,0.1717882603406906,0.0289394371211528,0.7762621026486158,0.1028444450490332,0.7678102921960254,0.1293452627549413,1,0.851952850818634,False,0.10595941543579102,0.4821428571428571
330,region,placebo,placebo,random,0,0.3486451506614685,0.0165534950792789,0.174101173877716,0.0263814274221658,0.7829639036208391,0.0762707003832214,0.8021761208493275,0.121553178767451,1,0.851952850818634,True,-0.5033077001571655,0.4821428571428571
60,region,baseline,none,random,0,0.3775406777858734,,0.1767244935035705,0.0185181573033332,0.8047573491930962,,0.9051531147175016,0.0948468852824983,0,0.3775406777858734,False,0.0,0.475
60,region,region_western_europe,demographic,random,1,0.8354835510253906,0.0170269459486007,0.1762894093990326,0.0194742977619171,0.7872093468904495,0.0800173583744528,0.8284640646705189,0.0915185769550282,0,0.3775406777858734,True,0.4579428732395172,0.475
60,region,region_arab_culture,demographic,random,1,0.7981867790222168,0.0240460820496082,0.1732493489980697,0.0207500625401735,0.7819545064121485,0.1102801147317449,0.7945559715420892,0.0951639137261657,0,0.3775406777858734,True,0.4206461012363434,0.475
60,region,placebo,placebo,random,0,0.4073334336280823,0.0189345926046371,0.1802849173545837,0.0220864862203598,0.7786940038204193,0.0855584255804461,0.8146409065585822,0.0998006678609716,0,0.3775406777858734,False,0.029792755842208862,0.475
231,region,baseline,none,random,1,0.6513549089431763,,0.1782779991626739,0.0319779030978679,0.7897440977394581,,0.8479096056088735,0.1520903943911265,1,0.6513549089431763,False,0.0,0.4714285714285714
231,region,region_western_europe,demographic,random,1,0.9626730680465698,0.0142080718651413,0.1757154762744903,0.0313366912305355,0.7787397606298327,0.0642143021520073,0.794157489726472,0.1416282081215205,1,0.6513549089431763,False,0.31131815910339355,0.4714285714285714
231,region,region_arab_culture,demographic,random,1,0.957912266254425,0.0186340659856796,0.1737303286790847,0.0327429324388504,0.7748926728963852,0.0827785848885431,0.7717666542196484,0.1454547608918084,1,0.6513549089431763,False,0.3065573573112488,0.4714285714285714
231,region,placebo,placebo,random,1,0.622459352016449,0.0148710738867521,0.1786849945783615,0.030601967126131,0.7758419644087553,0.066341917422357,0.7971384746795163,0.1365196078981267,1,0.6513549089431763,False,-0.028895556926727295,0.4714285714285714
879,region,baseline,none,random,1,0.9991958737373352,,0.1697701513767242,0.0348703935742378,0.7953594550490379,,0.8296017361437646,0.1703982638562353,1,0.9991958737373352,False,0.0,0.4666666666666667
879,region,region_western_europe,demographic,random,1,0.9975274205207824,0.0142123466357588,0.1680986434221267,0.0345566272735595,0.7831323826685548,0.0655346649289632,0.7751209954283613,0.1593443396426754,1,0.9991958737373352,False,-0.0016684532165528454,0.4666666666666667
879,region,region_arab_culture,demographic,random,1,0.9978172779083252,0.0188437737524509,0.1679140925407409,0.03558786585927,0.777654267847538,0.0847498783539942,0.7551936837969195,0.1600564378490861,1,0.9991958737373352,False,-0.0013785958290100098,0.4666666666666667
879,region,placebo,placebo,random,1,0.9626730680465698,0.0149191683158278,0.1724415272474289,0.0358226783573627,0.7768166260793805,0.0668471313689083,0.7726450416900761,0.1605078269410155,1,0.9991958737373352,False,-0.03652280569076538,0.4666666666666667
451,region,baseline,none,random,1,0.6513549089431763,,0.1731179356575012,0.0226870719343423,0.8041949924081564,,0.884134362990176,0.115865637009824,1,0.6513549089431763,False,0.0,0.4666666666666666
451,region,region_western_europe,demographic,random,1,0.9465966820716858,0.0175137352198362,0.172431081533432,0.0257072169333696,0.7843479663133621,0.0812129379001604,0.7995801318710962,0.1192069302287432,1,0.6513549089431763,False,0.2952417731285095,0.4666666666666666
451,region,region_arab_culture,demographic,random,1,0.977022647857666,0.0232837721705436,0.1692440807819366,0.0262734051793813,0.7811987418681383,0.1064151658420153,0.773505976277069,0.1200788578809157,1,0.6513549089431763,False,0.32566773891448975,0.4666666666666666
451,region,placebo,placebo,random,0,0.2450850158929824,0.0169178992509841,0.1751740723848343,0.0246912967413663,0.7832167316228151,0.078040613455225,0.8080608512648032,0.1138985352799718,1,0.6513549089431763,True,-0.4062698930501939,0.4666666666666666
550,region,baseline,none,random,1,0.998498797416687,,0.1710857301950454,0.0173608139157295,0.811553455889225,,0.907874065838404,0.0921259341615958,1,0.998498797416687,False,0.0,0.4642857142857143
550,region,region_western_europe,demographic,random,1,0.998498797416687,0.0153546286746859,0.1677482426166534,0.016773521900177,0.8001236068084836,0.0768206211324493,0.8392599042745453,0.0839194745930053,1,0.998498797416687,False,0.0,0.4642857142857143
550,region,region_arab_culture,demographic,random,1,0.9959298968315125,0.0224767178297042,0.1604832410812378,0.0202973205596208,0.7967427205294371,0.1105825970329368,0.7895571637053227,0.0998602392617404,1,0.998498797416687,False,-0.0025689005851745605,0.4642857142857143
550,region,placebo,placebo,random,1,0.9796676635742188,0.0168626699596643,0.1722507774829864,0.0183351673185825,0.7925513852387667,0.0812860089669566,0.8303298514730578,0.0883841395599856,1,0.998498797416687,False,-0.01883113384246826,0.4642857142857143
796,region,baseline,none,random,1,0.9890130758285522,,0.1736443489789962,0.0198806673288345,0.8064749836921692,,0.8972708143467544,0.1027291856532456,1,0.9890130758285522,False,0.0,0.4642857142857143
796,region,region_western_europe,demographic,random,1,0.970687747001648,0.0154028609395027,0.1722172498703003,0.0205592978745698,0.7918205913156271,0.0739883979729016,0.8272540063335663,0.0987575956935321,1,0.9890130758285522,False,-0.018325328826904297,0.4642857142857143
796,region,region_arab_culture,demographic,random,1,0.8807970285415649,0.0226212106645107,0.1655437648296356,0.0242865905165672,0.7875484339892864,0.10647702480748,0.7792070820569406,0.1143158931355794,1,0.9890130758285522,False,-0.1082160472869873,0.4642857142857143
796,region,placebo,placebo,random,1,0.851952850818634,0.0168498177081346,0.1738074123859405,0.022719383239746,0.7866233866661787,0.0789674999751431,0.8145569923074188,0.106475507717438,1,0.9890130758285522,False,-0.1370602250099182,0.4642857142857143
541,region,baseline,none,random,1,0.9980732202529908,,0.1716926395893097,0.035173088312149,0.7931342720985413,,0.8299714086573883,0.1700285913426117,1,0.9980732202529908,False,0.0,0.4583333333333333
541,region,region_western_europe,demographic,random,1,0.9933071732521056,0.0132144056260585,0.1679646372795105,0.0369489155709743,0.7818720415234566,0.0605809806241761,0.7700280076548405,0.1693910117209834,1,0.9980732202529908,False,-0.004766047000885232,0.4583333333333333
541,region,region_arab_culture,demographic,random,1,0.991422474384308,0.0182879902422428,0.1633514463901519,0.037862941622734,0.7804976217448711,0.0833156815320997,0.7441898702358827,0.1724944482320176,1,0.9980732202529908,False,-0.006650745868682861,0.4583333333333333
541,region,placebo,placebo,random,1,0.9890130758285522,0.0141220819205045,0.1692747920751571,0.0376015193760395,0.7790016066282988,0.0639012877200079,0.7659548537552071,0.1701438585247849,1,0.9980732202529908,False,-0.009060144424438588,0.4583333333333333
1054,region,baseline,none,random,1,0.9998910427093506,,0.1718546897172927,0.0331735163927078,0.7949717938899994,,0.8382002309725631,0.1617997690274369,1,0.9998910427093506,False,0.0,0.4571428571428571
1054,region,region_western_europe,demographic,random,1,0.9992903470993042,0.0141542395576834,0.1690751016139984,0.0351760573685169,0.7815946014598012,0.0648071872411995,0.7741342601606028,0.1610585525981976,1,0.9998910427093506,False,-0.0006006956100463867,0.4571428571428571
1054,region,region_arab_culture,demographic,random,1,0.9875683188438416,0.0195311475545167,0.1664987355470657,0.0378195568919181,0.7761505600064993,0.0872512683305522,0.7437978649930949,0.1689508666763528,1,0.9998910427093506,False,-0.012322723865509033,0.4571428571428571
1054,region,placebo,placebo,random,1,0.9875683188438416,0.0157728698104619,0.1728641986846923,0.039833415299654,0.7715295162051916,0.0690367943748382,0.7566150157056761,0.1743481899194855,1,0.9998910427093506,False,-0.012322723865509033,0.4571428571428571
32,region,baseline,none,random,1,0.9996646642684937,,0.1755479574203491,0.0268191900104284,0.7976328525692225,,0.8674726093097581,0.1325273906902418,1,0.9996646642684937,False,0.0,0.4464285714285714
32,region,region_western_europe,demographic,random,1,0.9953904151916504,0.0155486473813653,0.1735390126705169,0.02774303779006,0.7831693021580577,0.0717086996265603,0.800343375719878,0.1279479246535617,1,0.9996646642684937,False,-0.004274249076843262,0.4464285714285714
32,region,region_arab_culture,demographic,random,1,0.970687747001648,0.0231602862477302,0.1637418866157531,0.031771820038557,0.7813260070979595,0.1059123947039526,0.7487945157205078,0.1452930895755395,1,0.9996646642684937,False,-0.028976917266845703,0.4464285714285714
32,region,placebo,placebo,random,1,0.9796676635742188,0.0171146839857101,0.1748010069131851,0.0302369352430105,0.7778473738580942,0.0770402055692004,0.786850958950746,0.1361088354800536,1,0.9996646642684937,False,-0.019997000694274902,0.4464285714285714
183,region,baseline,none,random,1,0.9924227595329284,,0.1785752326250076,0.0238426979631185,0.7975820694118738,,0.8822105438295733,0.1177894561704266,1,0.9924227595329284,False,0.0,0.4464285714285714
183,region,region_western_europe,demographic,random,1,0.9959298968315125,0.0151728373020887,0.1785969585180282,0.0225608833134174,0.7836693208664656,0.0701372424977365,0.825573881769149,0.1042888757331144,1,0.9924227595329284,False,0.0035071372985840954,0.4464285714285714
183,region,region_arab_culture,demographic,random,1,0.9986749291419984,0.0200891178101301,0.1748845875263214,0.023638617247343,0.7813876774162054,0.0918938034814113,0.7999758909257632,0.1081303055928255,1,0.9924227595329284,False,0.006252169609070046,0.4464285714285714
183,region,placebo,placebo,random,1,0.9399133324623108,0.0171580463647842,0.1790496706962585,0.0249014683067798,0.7788908146321774,0.077599880512613,0.8097794327196464,0.1126206867677406,1,0.9924227595329284,False,-0.052509427070617565,0.4464285714285714
803,region,baseline,none,random,1,0.9947799444198608,,0.1739075481891632,0.0281502492725849,0.7979422025382519,,0.8606821927873678,0.1393178072126322,1,0.9947799444198608,False,0.0,0.4464285714285714
803,region,region_western_europe,demographic,random,1,0.9978172779083252,0.0162754654884338,0.1721792370080948,0.0302058085799217,0.7813394889235497,0.0744325777357368,0.7874272138140924,0.1381402084501707,1,0.9947799444198608,False,0.0030373334884643555,0.4464285714285714
803,region,region_arab_culture,demographic,random,1,0.9902915358543396,0.0233729425817728,0.167907178401947,0.0336036831140518,0.7751161959022284,0.103933418751717,0.7466397105633575,0.1494268706849253,1,0.9947799444198608,False,-0.00448840856552124,0.4464285714285714
803,region,placebo,placebo,random,1,0.977022647857666,0.0173335634171962,0.1768219769001007,0.0309058241546154,0.7749386355280876,0.0770170546946963,0.7856611787411787,0.1373217665641249,1,0.9947799444198608,False,-0.017757296562194824,0.4464285714285714
192,region,baseline,none,random,1,0.9975274205207824,,0.1765280961990356,0.0181727558374404,0.8052991479635239,,0.9066631930607272,0.0933368069392727,1,0.9975274205207824,False,0.0,0.4464285714285714
192,region,region_western_europe,demographic,random,1,0.9947799444198608,0.0191057231277227,0.1719449758529663,0.0175933707505464,0.7913559302687645,0.091570889852435,0.824106700345986,0.0843224098015789,1,0.9975274205207824,False,-0.00274747610092152,0.4464285714285714
192,region,region_arab_culture,demographic,random,1,0.957912266254425,0.0283434893935918,0.156766191124916,0.0191174503415823,0.7957728691399097,0.1387841530859537,0.7676070777898348,0.0936087691242114,1,0.9975274205207824,False,-0.03961515426635731,0.4464285714285714
192,region,placebo,placebo,random,1,0.970687747001648,0.0212913956493139,0.1740408688783645,0.0217094011604785,0.7829583343118429,0.0980981950253973,0.801877687063204,0.1000241179113986,1,0.9975274205207824,False,-0.02683967351913441,0.4464285714285714
1106,region,baseline,none,random,1,0.9999599456787108,,0.174893245100975,0.0235586259514093,0.8015481289476156,,0.8812879625348018,0.1187120374651982,1,0.9999599456787108,False,0.0,0.4444444444444445
1106,region,region_western_europe,demographic,random,1,0.999903917312622,0.0148660251870751,0.1730413138866424,0.024605793878436,0.7874868670478463,0.0699534423146552,0.8142617422406637,0.115784815444681,1,0.9999599456787108,False,-5.602836608886719e-05,0.4444444444444445
1106,region,region_arab_culture,demographic,random,1,0.9992903470993042,0.020626101642847,0.1682394593954086,0.0254595838487148,0.7856748551130295,0.0962374324007793,0.7849730347045081,0.1187895328947126,1,0.9999599456787108,False,-0.0006695985794066273,0.4444444444444445
1106,region,placebo,placebo,random,1,0.9980732202529908,0.0158274881541728,0.1738799214363098,0.0261181145906448,0.7841744758188725,0.0733346447980359,0.8056504071797566,0.1210149480222075,1,0.9999599456787108,False,-0.0018867254257199928,0.4444444444444445
636,region,baseline,none,random,1,0.9999982118606568,,0.1678118556737899,0.0256177987903356,0.8065703455358744,,0.8675601274204475,0.1324398725795524,1,0.9999982118606568,False,0.0,0.4444444444444444
636,region,region_western_europe,demographic,random,1,0.9999852180480956,0.0173705369234085,0.1663188636302948,0.0274428948760032,0.7888677045702934,0.0822732348362677,0.7877471482597898,0.1299796169039424,1,0.9999982118606568,False,-1.2993812561257201e-05,0.4444444444444444
636,region,region_arab_culture,demographic,random,1,0.9982993006706238,0.0246756132692098,0.1534464210271835,0.0310177560895681,0.7908602096140385,0.1179862197608198,0.7337026624345493,0.1483111178046308,1,0.9999982118606568,False,-0.00169891119003307,0.4444444444444444
636,region,placebo,placebo,random,1,0.9999645948410034,0.0180714093148708,0.1650022566318512,0.028151698410511,0.788774635642767,0.0855551101538531,0.781166869490127,0.1332780203560198,1,0.9999982118606568,False,-3.3617019653431335e-05,0.4444444444444444
218,region,baseline,none,random,1,0.6513549089431763,,0.1745515167713165,0.0228458028286695,0.8026026804000139,,0.8842648781910251,0.1157351218089749,1,0.6513549089431763,False,0.0,0.4444444444444444
218,region,region_western_europe,demographic,random,1,0.9399133324623108,0.0165214575827121,0.1728313118219375,0.0230603627860546,0.7875868678092957,0.0777798312765296,0.813656434700891,0.1085637340225793,1,0.6513549089431763,False,0.2885584235191345,0.4444444444444444
218,region,region_arab_culture,demographic,random,1,0.8933094143867493,0.0229869838804006,0.1717712879180908,0.0246871896088123,0.7805545385926962,0.1047503271791775,0.7827516086070839,0.1124980642137384,1,0.6513549089431763,False,0.241954505443573,0.4444444444444444
218,region,placebo,placebo,random,1,0.6791787147521973,0.016236837953329,0.1749639809131622,0.0235376060009002,0.7852615751326084,0.0756121684479892,0.8147772389650737,0.1096105925869371,1,0.6513549089431763,False,0.027823805809020996,0.4444444444444444
913,region,baseline,none,random,1,0.6791787147521973,,0.1769134402275085,0.0186845213174819,0.8044020384550095,,0.9044748668651934,0.0955251331348065,1,0.6791787147521973,False,0.0,0.4444444444444444
913,region,region_western_europe,demographic,random,1,0.851952850818634,0.0183011870831251,0.17481629550457,0.0205132737755775,0.7863692436367273,0.0856673795228459,0.8183105208282845,0.0960220996488695,1,0.6791787147521973,False,0.17277413606643677,0.4444444444444444
913,region,region_arab_culture,demographic,random,1,0.8354835510253906,0.0258301421999931,0.1696411222219467,0.0225400067865848,0.7819887287914753,0.1184807650393771,0.7781300539259155,0.1033891810347074,1,0.6791787147521973,False,0.15630483627319336,0.4444444444444444
913,region,placebo,placebo,random,0,0.3486451506614685,0.0187934637069702,0.1756799817085266,0.0232546143233776,0.7822719402611256,0.0863162227666456,0.8068780014814034,0.1068057757519509,1,0.6791787147521973,True,-0.33053356409072876,0.4444444444444444
863,region,baseline,none,random,1,0.999925136566162,,0.1721706986427307,0.0230678152292966,0.8047614861279726,,0.8818480289989459,0.1181519710010541,1,0.999925136566162,False,0.0,0.4333333333333333
863,region,region_western_europe,demographic,random,1,0.999948501586914,0.0158858150243759,0.1678553521633148,0.0238456614315509,0.7924131713807583,0.0765261222498556,0.80860309529174,0.1148707824584043,1,0.999925136566162,False,2.3365020751953125e-05,0.4333333333333333
863,region,region_arab_culture,demographic,random,1,0.9995121955871582,0.0202460326254367,0.1656292974948883,0.0245453715324401,0.7895792983472347,0.0962169238407285,0.7871340423919343,0.1166490337673371,1,0.999925136566162,False,-0.00041294097900379523,0.4333333333333333
863,region,placebo,placebo,random,1,0.9995694756507874,0.0170470625162124,0.1694584637880325,0.0276628751307725,0.7858315985649824,0.0795965343252787,0.7912393362073498,0.1291641294673714,1,0.999925136566162,False,-0.00035566091537464484,0.4333333333333333
729,region,baseline,none,random,1,0.9947799444198608,,0.1753777414560318,0.0289289206266403,0.7956933379173279,,0.8584044184768957,0.1415955815231042,1,0.9947799444198608,False,0.0,0.4333333333333333
729,region,region_western_europe,demographic,random,1,0.9933071732521056,0.0152166141197085,0.1733135730028152,0.0321664586663246,0.7793033542111516,0.0689480987140468,0.7853022522536798,0.1457496490322734,1,0.9947799444198608,False,-0.001472771167755238,0.4333333333333333
729,region,region_arab_culture,demographic,random,1,0.9964063763618468,0.0212755426764488,0.1688734591007232,0.0363258980214595,0.7735251002013683,0.0939421661975159,0.7456608182667295,0.1603970155357545,1,0.9947799444198608,False,0.001626431941985973,0.4333333333333333
729,region,placebo,placebo,random,1,0.977022647857666,0.016091950237751,0.17573182284832,0.033520434051752,0.7746557928621769,0.0714105343205427,0.7798373212267241,0.1487521444527332,1,0.9947799444198608,False,-0.017757296562194824,0.4333333333333333
438,region,baseline,none,random,1,0.9994471669197084,,0.1671340316534042,0.0461614541709423,0.7867045141756535,,0.7835797884210393,0.2164202115789607,1,0.9994471669197084,False,0.0,0.4333333333333333
438,region,region_western_europe,demographic,random,1,0.998830497264862,0.0121643394231796,0.16359543800354,0.0479020439088344,0.7763381786644459,0.0543871964850441,0.7314410525080272,0.2141717510069286,1,0.9994471669197084,False,-0.0006166696548464135,0.4333333333333333
438,region,region_arab_culture,demographic,random,1,0.998498797416687,0.0167045295238494,0.1622682511806488,0.0504994392395019,0.7705277800559998,0.072795432614571,0.7071367994794677,0.2200677679059613,1,0.9994471669197084,False,-0.0009483695030213513,0.4333333333333333
438,region,placebo,placebo,random,1,0.9947799444198608,0.013270990923047,0.1661527156829834,0.0477422550320625,0.772834038361907,0.0584198038621191,0.7314155452025326,0.2101646509353482,1,0.9994471669197084,False,-0.004667222499847523,0.4333333333333333
84,region,baseline,none,random,1,0.9998910427093506,,0.1783081144094467,0.0288199055939912,0.792871979996562,,0.8608594549713123,0.1391405450286876,1,0.9998910427093506,False,0.0,0.4333333333333333
84,region,region_western_europe,demographic,random,1,0.9995694756507874,0.0131949093192815,0.1755652427673339,0.027938675135374,0.7833011727780104,0.060890543287364,0.8101808626194467,0.1289285940931893,1,0.9998910427093506,False,-0.0003215670585632324,0.4333333333333333
84,region,region_arab_culture,demographic,random,1,0.9996646642684937,0.0169120039790868,0.173373132944107,0.0274333804845809,0.7822814825922251,0.0776782984766133,0.7963178098415424,0.1260038916818442,1,0.9998910427093506,False,-0.0002263784408569336,0.4333333333333333
84,region,placebo,placebo,random,1,0.9989677667617798,0.0138380620628595,0.1798364669084549,0.0270169358700513,0.7793085351586342,0.0627032045521398,0.8148773086341254,0.1224194868137347,1,0.9998910427093506,False,-0.0009232759475708008,0.4333333333333333
1,region,baseline,none,random,1,0.9959298968315125,,0.1748873144388198,0.0086641907691955,0.8164484947919846,,0.9527969505922788,0.0472030494077212,1,0.9959298968315125,False,0.0,0.4305555555555556
1,region,region_western_europe,demographic,random,1,0.9626730680465698,0.0203666724264621,0.1709428280591964,0.0080723399296402,0.8006181595847011,0.1021490843099841,0.857364079412318,0.0404868362776978,1,0.9959298968315125,False,-0.03325682878494263,0.4305555555555556
1,region,region_arab_culture,demographic,random,1,0.9399133324623108,0.0279136896133422,0.1637786924839019,0.0084835430607199,0.7998240748420358,0.1394457879553439,0.8181737756658788,0.0423804363787771,1,0.9959298968315125,False,-0.05601656436920166,0.4305555555555556
1,region,placebo,placebo,random,1,0.5926666259765625,0.0239937826991081,0.1684249192476272,0.0103414664044976,0.797239831648767,0.1183357801200119,0.8306607782839861,0.0510034415960018,1,0.9959298968315125,False,-0.40326327085494995,0.4305555555555556
25,region,baseline,none,random,1,0.9399133324623108,,0.1772083044052124,0.0275725685060024,0.7952191270887852,,0.865355742877623,0.134644257122377,1,0.9399133324623108,False,0.0,0.4305555555555556
25,region,region_western_europe,demographic,random,1,0.9933071732521056,0.0148041723296046,0.1734023988246917,0.0276701673865318,0.7841232614591718,0.0685769686427088,0.8032472604355962,0.1281757709216949,1,0.9399133324623108,False,0.05339384078979481,0.4305555555555556
25,region,region_arab_culture,demographic,random,1,0.985936403274536,0.0186177343130111,0.1730655133724212,0.0292814876884222,0.7790352646261454,0.0842565863802269,0.7832268487530749,0.1325165648666981,1,0.9399133324623108,False,0.04602307081222523,0.4305555555555556
25,region,placebo,placebo,random,1,0.9149009585380554,0.0163889806717634,0.1738162487745285,0.0307173021137714,0.7790774684399366,0.0741842878407703,0.7867746560167955,0.1390410561424341,1,0.9399133324623108,False,-0.02501237392425537,0.4305555555555556
317,region,baseline,none,random,1,0.9995121955871582,,0.1751837879419326,0.0214515849947929,0.8033646270632744,,0.8909067851098401,0.1090932148901598,1,0.9995121955871582,False,0.0,0.4305555555555556
317,region,region_western_europe,demographic,random,1,0.9992903470993042,0.0181197766214609,0.1718485057353973,0.0216748435050249,0.7883568741381168,0.085614765646987,0.8119730089771235,0.1024122253758894,1,0.9995121955871582,False,-0.0002218484878540039,0.4305555555555556
317,region,region_arab_culture,demographic,random,1,0.998498797416687,0.0256922226399183,0.165396586060524,0.0235673766583204,0.7853438146412373,0.1196901109417274,0.7705186122826632,0.1097912767756093,1,0.9995121955871582,False,-0.0010133981704711914,0.4305555555555556
317,region,placebo,placebo,random,1,0.9840936064720154,0.0194901153445243,0.1722822338342666,0.026809561997652,0.7814180888235569,0.0891661859832107,0.7881815695865038,0.1226522444302855,1,0.9995121955871582,False,-0.015418589115142822,0.4305555555555556
45,region,baseline,none,random,0,0.0373268835246562,,0.1777283698320388,0.0251376256346702,0.7971340045332909,,0.876087534646508,0.1239124653534919,0,0.0373268835246562,False,0.0,0.4285714285714286
45,region,region_western_europe,demographic,random,1,0.7057850360870361,0.0152577823027968,0.1746142357587814,0.0247361324727535,0.7853918494656682,0.0710960057425963,0.8136421441777797,0.1152618500796239,0,0.0373268835246562,True,0.66845815256238,0.4285714285714286
45,region,region_arab_culture,demographic,random,1,0.851952850818634,0.0205501187592744,0.1721097230911255,0.0267601571977138,0.7805800009518862,0.0936565438356797,0.7843848502313854,0.1219586059329348,0,0.0373268835246562,True,0.8146259672939778,0.4285714285714286
45,region,placebo,placebo,random,0,0.5,0.0170032605528831,0.1772792339324951,0.0277971625328063,0.7779203429818153,0.0765637914844711,0.7982686767117029,0.125167531803826,0,0.0373268835246562,False,0.4626731164753438,0.4285714285714286
963,region,baseline,none,random,1,0.9241418242454528,,0.1771545559167862,0.0068965423852205,0.8159489016979933,,0.962529197332449,0.037470802667551,1,0.9241418242454528,False,0.0,0.4285714285714285
963,region,region_western_europe,demographic,random,1,0.957912266254425,0.0189936701208353,0.1736925542354583,0.0065861213952302,0.800727654248476,0.095315132911211,0.8716340121375323,0.0330508549512567,1,0.9241418242454528,False,0.03377044200897228,0.4285714285714285
963,region,region_arab_culture,demographic,random,1,0.9626730680465698,0.0263931043446064,0.1677518934011459,0.007434893399477,0.7984201088547707,0.1309312362193476,0.8321856532816965,0.0368831104989559,1,0.9241418242454528,False,0.038531243801117054,0.4285714285714285
963,region,placebo,placebo,random,1,0.9046505093574524,0.020022677257657,0.1763355284929275,0.0070949303917586,0.7965468638576567,0.0984141981652642,0.8667132482517091,0.0348725535830266,1,0.9241418242454528,False,-0.019491314888000377,0.4285714285714285
1027,region,baseline,none,random,0,0.0179862100630998,,0.1757746189832687,0.0216580033302307,0.8025673776865005,,0.8903017997915239,0.1096982002084761,0,0.0179862100630998,False,0.0,0.4285714285714285
1027,region,region_western_europe,demographic,random,0,0.1066906005144119,0.0158956870436668,0.1722763478755951,0.0232425555586814,0.7885854095220566,0.0751872754275453,0.8148744487602829,0.1099382758121717,0,0.0179862100630998,False,0.08870439045131209,0.4285714285714285
1027,region,region_arab_culture,demographic,random,0,0.0675466954708099,0.0219683498144149,0.1719506233930587,0.0245004929602146,0.7815805338323116,0.1005787176384228,0.7872495359962385,0.1121717463653386,0,0.0179862100630998,False,0.049560485407710096,0.4285714285714285
1027,region,placebo,placebo,random,0,0.0259573571383953,0.0162876583635807,0.1756077855825424,0.0238111391663551,0.7842934168875217,0.075508397233698,0.8141048967938699,0.1103867059724321,0,0.0179862100630998,False,0.0079711470752955,0.4285714285714285
1025,region,baseline,none,random,1,0.9968273043632508,,0.1781339943408966,0.0173680912703275,0.8044979143887758,,0.9111616061996096,0.0888383938003903,1,0.9968273043632508,False,0.0,0.4285714285714285
1025,region,region_western_europe,demographic,random,1,0.9991958737373352,0.0169296134263277,0.1796743273735046,0.0172417107969522,0.7861543484032154,0.0791674429660568,0.8402056625041341,0.080626894529809,1,0.9968273043632508,False,0.0023685693740843616,0.4285714285714285
1025,region,region_arab_culture,demographic,random,1,0.999373733997345,0.022349514067173,0.1774818748235702,0.0187009572982788,0.7814676538109779,0.1022709656347236,0.8121537974522786,0.0855752369129977,1,0.9968273043632508,False,0.0025464296340941273,0.4285714285714285
1025,region,placebo,placebo,random,1,0.9953904151916504,0.0172768160700798,0.179375872015953,0.0180370025336742,0.7853103093802929,0.0804734313054802,0.8355122758721212,0.0840142928223986,1,0.9968273043632508,False,-0.0014368891716004528,0.4285714285714285
1155,region,baseline,none,random,1,0.9992903470993042,,0.1800713390111923,0.0241818036884069,0.7957468573004007,,0.8816086579192968,0.1183913420807032,1,0.9992903470993042,False,0.0,0.4285714285714285
1155,region,region_western_europe,demographic,random,1,0.9997040629386902,0.0143498247489333,0.1795911490917205,0.0256447941064834,0.7804142320528626,0.0653495209780073,0.8178633377321385,0.1167871412898541,1,0.9992903470993042,False,0.00041371583938598633,0.4285714285714285
1155,region,region_arab_culture,demographic,random,1,0.9796676635742188,0.0201623998582363,0.1769782304763794,0.0284304544329643,0.77442891523242,0.0893837961501621,0.7845785316798521,0.1260376721699858,1,0.9992903470993042,False,-0.01962268352508545,0.4285714285714285
1155,region,placebo,placebo,random,1,0.9964063763618468,0.0146405240520834,0.1817051619291305,0.0251932218670845,0.7784610921517015,0.0660855657106911,0.8201952591260193,0.1137191751632894,1,0.9992903470993042,False,-0.0028839707374573864,0.4285714285714285
145,region,baseline,none,random,1,0.9971990585327148,,0.1729059517383575,0.0326585546135902,0.7944354936480522,,0.841127463134733,0.158872536865267,1,0.9971990585327148,False,0.0,0.4285714285714285
145,region,region_western_europe,demographic,random,1,0.9875683188438416,0.013743832707405,0.1696772426366806,0.0361149124801158,0.7804640121757984,0.0626040078604824,0.7728903325524629,0.1645056595870547,1,0.9971990585327148,False,-0.009630739688873291,0.4285714285714285
145,region,region_arab_culture,demographic,random,1,0.991422474384308,0.0182064305990934,0.1665189564228058,0.0359400436282157,0.779334569349885,0.0825069452222508,0.754621854144597,0.162871200633152,1,0.9971990585327148,False,-0.005776584148406871,0.4285714285714285
145,region,placebo,placebo,random,1,0.9241418242454528,0.0150369592010974,0.1731910407543182,0.0368293486535549,0.7749426513910294,0.0668139000749701,0.7695418160072244,0.1636442839178054,1,0.9971990585327148,False,-0.07305723428726207,0.4285714285714285
912,region,baseline,none,random,1,0.8670357465744019,,0.1729151308536529,0.0307239070534706,0.7963609620928764,,0.8491256520889512,0.1508743479110487,1,0.8670357465744019,False,0.0,0.4285714285714285
912,region,region_western_europe,demographic,random,1,0.8175744414329529,0.0140452170744538,0.172656625509262,0.0307793021202087,0.7825188552960753,0.0645813093064907,0.7938923888979619,0.1415263017955473,1,0.8670357465744019,False,-0.049461305141448975,0.4285714285714285
912,region,region_arab_culture,demographic,random,1,0.8175744414329529,0.0185962319374084,0.1704792082309723,0.0329451858997345,0.7779793739318848,0.0837590284593791,0.7678530200102661,0.1483879515303547,1,0.8670357465744019,False,-0.049461305141448975,0.4285714285714285
912,region,placebo,placebo,random,0,0.5,0.0154145117849111,0.1731616109609604,0.0345997884869575,0.7768240887671709,0.0690688869589958,0.7758974075849472,0.155033705456057,1,0.8670357465744019,True,-0.36703574657440186,0.4285714285714285
159,region,baseline,none,random,0,0.2450850158929824,,0.1764864325523376,0.0173017177730798,0.8062118496745825,,0.9107183914804592,0.0892816085195409,0,0.2450850158929824,False,0.0,0.4285714285714285
159,region,region_western_europe,demographic,random,0,0.5,0.0150565523654222,0.1735328584909439,0.0198104884475469,0.7916001006960869,0.0722483667972652,0.8326916618989244,0.0950599713038104,0,0.2450850158929824,False,0.25491498410701763,0.4285714285714285
159,region,region_arab_culture,demographic,random,1,0.7310585379600525,0.0216984935104846,0.1678859591484069,0.0242930557578802,0.7861224915832281,0.1014529001721956,0.7849631332961688,0.1135839665316355,0,0.2450850158929824,True,0.4859735220670701,0.4285714285714285
159,region,placebo,placebo,random,0,0.2689414322376251,0.0162073485553264,0.1744276285171508,0.0218967851251363,0.7874682378023863,0.0762584772635383,0.8207132275832103,0.1030282951532513,0,0.2450850158929824,False,0.023856416344642722,0.4285714285714285
781,region,baseline,none,random,0,0.0420877262949943,,0.1792238652706146,0.0172732472419738,0.8035028874874115,,0.9120941421423316,0.0879058578576683,0,0.0420877262949943,False,0.0,0.4285714285714285
781,region,region_western_europe,demographic,random,1,0.7549149990081787,0.0169377364218235,0.1761240363121032,0.017291285097599,0.7896469421684742,0.0805205143981749,0.83727823178669,0.082201253815135,0,0.0420877262949943,True,0.7128272727131844,0.4285714285714285
781,region,region_arab_culture,demographic,random,1,0.9399133324623108,0.0221283715218305,0.1761503368616104,0.0186323262751102,0.7830889653414488,0.1020158866360291,0.8120856421108131,0.0858984712531576,0,0.0420877262949943,True,0.8978256061673164,0.4285714285714285
781,region,placebo,placebo,random,0,0.0420877262949943,0.0177907571196556,0.1798412501811981,0.018360199406743,0.7840077932924032,0.082367588122011,0.832628421749778,0.0850039901282109,0,0.0420877262949943,False,0.0,0.4285714285714285
778,region,baseline,none,random,0,0.0028009270317852,,0.1782023310661316,0.0171321332454681,0.8046655356884003,,0.912293341035104,0.087706658964896,0,0.0028009270317852,False,0.0,0.4285714285714285
778,region,region_western_europe,demographic,random,0,0.0600866451859474,0.0171313025057315,0.1770764291286468,0.0174470692873001,0.7883451990783215,0.0809398248049705,0.8366284551899809,0.0824317200050486,0,0.0028009270317852,False,0.057285718154162196,0.4285714285714285
778,region,region_arab_culture,demographic,random,0,0.5,0.0240697395056486,0.1751621514558792,0.0195752494037151,0.781192859634757,0.1100043603031889,0.800532154314025,0.089463485382786,0,0.0028009270317852,False,0.4971990729682148,0.4285714285714285
778,region,placebo,placebo,random,0,0.0373268835246562,0.0180304795503616,0.1786278188228607,0.0183779299259185,0.7849637717008591,0.0838485667879139,0.8306870904300284,0.0854643427820576,0,0.0028009270317852,False,0.034525956492871,0.4285714285714285
547,region,baseline,none,random,1,0.8175744414329529,,0.176079511642456,0.0288673285394907,0.7950531598180532,,0.8591472378209735,0.1408527621790265,1,0.8175744414329529,False,0.0,0.4285714285714285
547,region,region_western_europe,demographic,random,1,0.9149009585380554,0.0137730315327644,0.175954669713974,0.0288015622645616,0.7814707364886999,0.0630260282374137,0.8051766929827018,0.1317972787798844,1,0.8175744414329529,False,0.09732651710510254,0.4285714285714285
547,region,region_arab_culture,demographic,random,1,0.8175744414329529,0.0203783642500638,0.1731226742267608,0.0334634594619274,0.7730355020612478,0.0897865720636323,0.7627742479507924,0.1474391799855753,1,0.8175744414329529,False,0.0,0.4285714285714285
547,region,placebo,placebo,random,1,0.5926666259765625,0.0156890843063592,0.1783318072557449,0.0327979885041713,0.7731811199337244,0.069170098634536,0.7862299963902347,0.1445999049752292,1,0.8175744414329529,False,-0.22490781545639038,0.4285714285714285
259,region,baseline,none,random,1,0.9997040629386902,,0.176211804151535,0.0258044805377721,0.7979837153106928,,0.872265344462411,0.127734655537589,1,0.9997040629386902,False,0.0,0.4285714285714285
259,region,region_western_europe,demographic,random,1,0.999841570854187,0.0139643605798482,0.1749279201030731,0.0266627799719572,0.7844449393451214,0.0647832648299841,0.8115231420298088,0.123693593140207,1,0.9997040629386902,False,0.00013750791549682617,0.4285714285714285
259,region,region_arab_culture,demographic,random,1,0.9994471669197084,0.0180818401277065,0.1735731065273285,0.0275291875004768,0.7808158658444881,0.0824961176928864,0.7919054323712035,0.12559844993591,1,0.9997040629386902,False,-0.00025689601898182257,0.4285714285714285
259,region,placebo,placebo,random,1,0.9975274205207824,0.0148773845285177,0.1792246103286743,0.0274112448096275,0.7784867603331804,0.067162507084881,0.8090920912819837,0.1237454016331352,1,0.9997040629386902,False,-0.002176642417907826,0.4285714285714285
263,region,baseline,none,random,0,0.4073334336280823,,0.1768153458833694,0.0330701172351837,0.7901145368814468,,0.8424373144103641,0.1575626855896359,0,0.4073334336280823,False,0.0,0.4285714285714285
263,region,region_western_europe,demographic,random,1,0.9324532747268676,0.012077908962965,0.1718975454568863,0.0333641581237316,0.7826603874564171,0.0555715951713268,0.7909167751111907,0.1535116297174825,0,0.4073334336280823,True,0.5251198410987853,0.4285714285714285
263,region,region_arab_culture,demographic,random,1,0.7981867790222168,0.0154003323987126,0.1723463088274002,0.0335306078195571,0.77872275095433,0.0695974505518826,0.7788704422650752,0.1515321071830422,0,0.4073334336280823,True,0.3908533453941345,0.4285714285714285
263,region,placebo,placebo,random,1,0.531209409236908,0.0139099387452006,0.176396831870079,0.0343484990298748,0.7753447303548455,0.0619168148923082,0.7851889348008609,0.1528942503068307,0,0.4073334336280823,True,0.12387597560882568,0.4285714285714285
572,region,baseline,none,random,0,0.0109869437292218,,0.1796688735485077,0.0290887914597988,0.7912423349916935,,0.8606576124587264,0.1393423875412736,0,0.0109869437292218,False,0.0,0.4285714285714285
572,region,region_western_europe,demographic,random,0,0.222700148820877,0.0138359777629375,0.1759312748908996,0.0300021953880786,0.7802305519580841,0.0629567844220942,0.8005265356872756,0.13651667989063,0,0.0109869437292218,False,0.2117132050916552,0.4285714285714285
572,region,region_arab_culture,demographic,random,0,0.1066906005144119,0.0184241291135549,0.1745902746915817,0.0307975858449935,0.7761880103498697,0.0823196699263346,0.780075611518876,0.1376047185547892,0,0.0109869437292218,False,0.0957036567851901,0.4285714285714285
572,region,placebo,placebo,random,0,0.0758581757545471,0.0149757536128163,0.1777184456586837,0.0317567959427833,0.7755490047857165,0.0667217073308985,0.7917917471874691,0.1414865454816323,0,0.0109869437292218,False,0.0648712320253253,0.4285714285714285
278,region,baseline,none,random,1,0.9940890073776244,,0.1713274866342544,0.0357834361493587,0.7928890772163868,,0.8272257413157064,0.1727742586842936,1,0.9940890073776244,False,0.0,0.4285714285714285
278,region,region_western_europe,demographic,random,1,0.9978172779083252,0.0128789767622947,0.1680966466665268,0.0361936911940574,0.782830685377121,0.0593038513965911,0.7740349826053078,0.166661165998101,1,0.9940890073776244,False,0.0037282705307007946,0.4285714285714285
278,region,region_arab_culture,demographic,random,1,0.9947799444198608,0.0176235120743513,0.1668495386838913,0.0373115502297878,0.7782153990119696,0.0794622890671406,0.7523044338542515,0.1682332770786079,1,0.9940890073776244,False,0.0006909370422364391,0.4285714285714285
278,region,placebo,placebo,random,1,0.970687747001648,0.0136465188115835,0.1719304770231247,0.0380613803863525,0.7763616237789392,0.0610204699308596,0.7687878973561133,0.170191632713027,1,0.9940890073776244,False,-0.02340126037597645,0.4285714285714285
353,region,baseline,none,random,0,0.0046095727011561,,0.1731220930814743,0.0438683629035949,0.7830095440149307,,0.7978327539594023,0.2021672460405976,0,0.0046095727011561,False,0.0,0.4285714285714285
353,region,region_western_europe,demographic,random,0,0.0259573571383953,0.0139615507796406,0.1689725220203399,0.0447481870651245,0.7723177401348948,0.0613203276702913,0.7421417993674653,0.1965378729622433,0,0.0046095727011561,False,0.021347784437239198,0.4285714285714285
353,region,region_arab_culture,demographic,random,0,0.0758581757545471,0.0187755469232797,0.1651111543178558,0.0482925213873386,0.7678207773715258,0.080866611192526,0.7111366488725885,0.2079967399348855,0,0.0046095727011561,False,0.07124860305339101,0.4285714285714285
353,region,placebo,placebo,random,0,0.0085774846374988,0.0149367153644561,0.169565349817276,0.0467471331357955,0.7687508016824722,0.0645914254973831,0.7332581087889706,0.2021504657136463,0,0.0046095727011561,False,0.0039679119363427,0.4285714285714285
95,region,baseline,none,random,1,0.9465966820716858,,0.1763982772827148,0.0259660687297582,0.7976356539875269,,0.8716865433985205,0.1283134566014795,1,0.9465966820716858,False,0.0,0.425
95,region,region_western_europe,demographic,random,1,0.9840936064720154,0.0148850381374359,0.173778235912323,0.026111539453268,0.785225186496973,0.0693053244682534,0.8091183182886285,0.121576357243118,1,0.9465966820716858,False,0.03749692440032959,0.425
95,region,region_arab_culture,demographic,random,1,0.977022647857666,0.0195534639060497,0.1742692589759826,0.0275074951350688,0.7786697819828987,0.0883452069095188,0.7873721922711773,0.1242826008193038,1,0.9465966820716858,False,0.030425965785980225,0.425
95,region,placebo,placebo,random,1,0.8175744414329529,0.0160506330430507,0.1781526058912277,0.0271504148840904,0.7786463461816311,0.0725112631581905,0.8048324607165072,0.1226562761253022,1,0.9465966820716858,False,-0.1290222406387329,0.425
203,region,baseline,none,random,1,0.998830497264862,,0.1719243228435516,0.0362334884703159,0.7918421886861324,,0.8259326025691065,0.1740673974308935,1,0.998830497264862,False,0.0,0.4166666666666667
203,region,region_western_europe,demographic,random,1,0.9971990585327148,0.012727134861052,0.1685970276594162,0.0390945076942443,0.7795813297852874,0.0577407297152023,0.7648944959843179,0.1773647743004797,1,0.998830497264862,False,-0.0016314387321471058,0.4166666666666667
203,region,region_arab_culture,demographic,random,1,0.9978172779083252,0.017451399937272,0.1666438281536102,0.0401831418275833,0.7757216300815344,0.0778113375071183,0.7430222906212137,0.1791663718716679,1,0.998830497264862,False,-0.0010132193565367542,0.4166666666666667
203,region,placebo,placebo,random,1,0.9740425944328308,0.0128099303692579,0.1716077625751495,0.0398952960968017,0.7756870109587908,0.0571073945562045,0.7650371175947503,0.177855487849045,1,0.998830497264862,False,-0.02478790283203114,0.4166666666666667
606,region,baseline,none,random,1,0.999619960784912,,0.1772901713848114,0.0243349503725767,0.7983748782426119,,0.8793059606835177,0.1206940393164822,1,0.999619960784912,False,0.0,0.4047619047619048
606,region,region_western_europe,demographic,random,1,0.9998766183853148,0.0159724075347185,0.1765056550502777,0.0242412015795707,0.783280735835433,0.0737009125436573,0.8144437723646346,0.1118553150917081,1,0.999619960784912,False,0.00025665760040283203,0.4047619047619048
606,region,region_arab_culture,demographic,random,1,0.9980732202529908,0.0199632849544286,0.1752881854772567,0.0267622098326683,0.7779863197356462,0.0899191659300373,0.7895377675309896,0.1205430665389731,1,0.999619960784912,False,-0.0015467405319211647,0.4047619047619048
606,region,placebo,placebo,random,1,0.9902915358543396,0.0170439258217811,0.1771631240844726,0.0287831462919712,0.777009803801775,0.076433520900758,0.7944883995123497,0.1290780795868922,1,0.999619960784912,False,-0.009328424930572399,0.4047619047619048
1084,region,baseline,none,random,1,0.9947799444198608,,0.172553539276123,0.033754963427782,0.7936914972960949,,0.8363859802897832,0.1636140197102168,1,0.9947799444198608,False,0.0,0.4047619047619048
1084,region,region_western_europe,demographic,random,1,0.9840936064720154,0.0133892856538295,0.1688190400600433,0.0368544831871986,0.7809371910989285,0.0611207613058415,0.7706421774965999,0.1682370611975585,1,0.9947799444198608,False,-0.010686337947845459,0.4047619047619048
1084,region,region_arab_culture,demographic,random,1,0.9324532747268676,0.0199497323483228,0.1638786643743515,0.0405349731445312,0.7756366301327944,0.0889170650277295,0.7304163084702582,0.1806666265020121,1,0.9947799444198608,False,-0.062326669692993275,0.4047619047619048
1084,region,placebo,placebo,random,1,0.9149009585380554,0.0147139430046081,0.1722960919141769,0.0391407012939453,0.7738492637872696,0.065062547445202,0.7618639443742748,0.173073508180523,1,0.9947799444198608,False,-0.07987898588180542,0.4047619047619048
267,region,baseline,none,random,1,0.851952850818634,,0.1724330484867096,0.027044553309679,0.8005223982036114,,0.8644231078269928,0.1355768921730071,1,0.851952850818634,False,0.0,0.4047619047619047
267,region,region_western_europe,demographic,random,1,0.8933094143867493,0.0144813628867268,0.1699755489826202,0.0280267335474491,0.7875163545832038,0.0681528352844333,0.7999465024670749,0.1319006622484917,1,0.851952850818634,False,0.041356563568115234,0.4047619047619047
267,region,region_arab_culture,demographic,random,1,0.851952850818634,0.0233392473310232,0.1552835255861282,0.0311527233570814,0.7902245037257671,0.1112582153089632,0.7402367213715514,0.1485050633194853,1,0.851952850818634,False,0.0,0.4047619047619047
267,region,placebo,placebo,random,1,0.6791787147521973,0.0188318789005279,0.1684223264455795,0.0344622358679771,0.7782835587859154,0.0849367723810084,0.7596293965541083,0.1554338310648832,1,0.851952850818634,False,-0.17277413606643677,0.4047619047619047
391,region,baseline,none,random,1,0.9975274205207824,,0.1721210181713104,0.0345506928861141,0.7933282889425755,,0.8328233084763397,0.1671766915236603,1,0.9975274205207824,False,0.0,0.4047619047619047
391,region,region_western_europe,demographic,random,1,0.9971990585327148,0.0132623445242643,0.168291687965393,0.037357173860073,0.7810887936502695,0.0605832142876986,0.768766893077789,0.1706498926345123,1,0.9975274205207824,False,-0.00032836198806751593,0.4047619047619047
391,region,region_arab_culture,demographic,random,1,0.9959298968315125,0.0185184404253959,0.1685324609279632,0.0394571051001548,0.7734919935464859,0.0817562289092702,0.7440463741953904,0.1741973968953393,1,0.9975274205207824,False,-0.0015975236892699085,0.4047619047619047
391,region,placebo,placebo,random,1,0.9964063763618468,0.0141165610402822,0.1700605750083923,0.0382239259779453,0.7775989379733801,0.0634734425800205,0.7646572073834667,0.1718693500365127,1,0.9975274205207824,False,-0.0011210441589355469,0.4047619047619047
1094,region,baseline,none,random,1,0.9995121955871582,,0.1716993451118469,0.0304593220353126,0.7978413328528404,,0.8493296257580683,0.1506703742419317,1,0.9995121955871582,False,0.0,0.4047619047619047
1094,region,region_western_europe,demographic,random,1,0.999373733997345,0.0140277091413736,0.1697998493909835,0.0324504785239696,0.7837219629436731,0.0648596100292897,0.7850998266031116,0.1500405633675986,1,0.9995121955871582,False,-0.00013846158981323242,0.4047619047619047
1094,region,region_arab_culture,demographic,random,1,0.9997040629386902,0.0176443569362163,0.1670656353235244,0.0320829004049301,0.7832071073353291,0.0813880783606137,0.7706232121822224,0.1479887094571639,1,0.9995121955871582,False,0.00019186735153198242,0.4047619047619047
1094,region,placebo,placebo,random,1,0.9875683188438416,0.0138714537024497,0.1716753542423248,0.0327036790549755,0.7817495130002499,0.0635574925542579,0.7865978060453143,0.1498447014004278,1,0.9995121955871582,False,-0.01194387674331665,0.4047619047619047
257,region,baseline,none,random,1,0.9933071732521056,,0.1749985516071319,0.02807242795825,0.796929020434618,,0.86176051340112,0.1382394865988799,1,0.9933071732521056,False,0.0,0.4047619047619047
257,region,region_western_europe,demographic,random,1,0.991422474384308,0.0141705051064491,0.173509731888771,0.0296230129897594,0.7826967500150204,0.0652107371032353,0.7984681862823697,0.136321076614395,1,0.9933071732521056,False,-0.0018846988677976295,0.4047619047619047
257,region,region_arab_culture,demographic,random,1,0.9740425944328308,0.0199948213994503,0.1694391965866089,0.0321747548878192,0.7783912271261215,0.090225766517058,0.7645870440473932,0.1451871894355487,1,0.9933071732521056,False,-0.01926457881927479,0.4047619047619047
257,region,placebo,placebo,random,1,0.7772998809814453,0.0166963785886764,0.1762819290161132,0.0332394912838935,0.7737822011113167,0.0738066530162481,0.7792575556924133,0.1469357912913386,1,0.9933071732521056,False,-0.2160072922706603,0.4047619047619047
952,region,baseline,none,random,1,0.9959298968315125,,0.17549929022789,0.020416734740138,0.8040839750319719,,0.8957883371537887,0.1042116628462112,1,0.9959298968315125,False,0.0,0.4047619047619047
952,region,region_western_europe,demographic,random,1,0.9940890073776244,0.0160231776535511,0.1750730276107788,0.0196898933500051,0.7892139013856649,0.0760162921505934,0.8305719815570063,0.0934117262924002,1,0.9959298968315125,False,-0.0018408894538880505,0.4047619047619047
952,region,region_arab_culture,demographic,random,1,0.9947799444198608,0.0214642658829689,0.1732331961393356,0.023026667535305,0.7822758704423904,0.0985846902985986,0.795654558322615,0.1057607513787863,1,0.9959298968315125,False,-0.0011499524116516113,0.4047619047619047
952,region,placebo,placebo,random,1,0.8354835510253906,0.0171408224850893,0.1793176829814911,0.0210193619132041,0.7825221326202154,0.0788163995334571,0.8245330209549377,0.0966505795116051,1,0.9959298968315125,False,-0.16044634580612183,0.4047619047619047
80,region,baseline,none,random,1,0.531209409236908,,0.1765511929988861,0.0214657578617334,0.8019830491393805,,0.8915963619859858,0.1084036380140141,1,0.531209409236908,False,0.0,0.4047619047619047
80,region,region_western_europe,demographic,random,1,0.9046505093574524,0.0169856678694486,0.1756095588207245,0.022096324712038,0.7853084485977888,0.0791166105909173,0.8179621306649881,0.1029212587440945,1,0.531209409236908,False,0.37344110012054443,0.4047619047619047
80,region,region_arab_culture,demographic,random,1,0.8670357465744019,0.0266555342823267,0.1607682257890701,0.0243210978806018,0.7882551420480013,0.1258851550877771,0.7592544505874864,0.1148603943247364,1,0.531209409236908,False,0.3358263373374939,0.4047619047619047
80,region,placebo,placebo,random,0,0.4687906503677368,0.0225069932639598,0.1727132946252823,0.0272904671728611,0.7774892449378967,0.1011501365750978,0.7762020068516581,0.1226478565732441,1,0.531209409236908,True,-0.06241875886917114,0.4047619047619047
389,region,baseline,none,random,1,0.9796676635742188,,0.1757026761770248,0.0295652188360691,0.794732104986906,,0.8559676425084246,0.1440323574915753,1,0.9796676635742188,False,0.0,0.4047619047619047
389,region,region_western_europe,demographic,random,1,0.9740425944328308,0.0137675423175096,0.172382652759552,0.0292360298335552,0.7846137750893831,0.0639202545252048,0.8003420498738444,0.1357376956009507,1,0.9796676635742188,False,-0.0056250691413879395,0.4047619047619047
389,region,region_arab_culture,demographic,random,1,0.9626730680465698,0.0191605444997549,0.1708797663450241,0.0333598889410495,0.7765998002141714,0.0857678037804975,0.7649042682542125,0.1493279279652898,1,0.9796676635742188,False,-0.016994595527648926,0.4047619047619047
389,region,placebo,placebo,random,1,0.7981867790222168,0.0152968997135758,0.1766620129346847,0.0327450633049011,0.7752960240468383,0.0680757857028947,0.7861988742536045,0.1457253400435008,1,0.9796676635742188,False,-0.18148088455200195,0.4047619047619047
870,region,baseline,none,random,1,0.8175744414329529,,0.1741950511932373,0.0229963473975658,0.8028086014091969,,0.883380575613817,0.116619424386183,1,0.8175744414329529,False,0.0,0.4
870,region,region_western_europe,demographic,random,1,0.8175744414329529,0.0173674263060092,0.1681834012269973,0.0239729024469852,0.7904762700200081,0.0828900206562176,0.8026938105915628,0.1144161687522195,1,0.8175744414329529,False,0.0,0.4
870,region,region_arab_culture,demographic,random,1,0.562176525592804,0.0277704484760761,0.1479991674423217,0.0292596835643053,0.7949707005172968,0.1354462437619502,0.7218439892041253,0.1427097670339244,1,0.8175744414329529,False,-0.2553979158401489,0.4
870,region,placebo,placebo,random,0,0.1645164489746093,0.0272334013134241,0.1507149487733841,0.0333036929368972,0.7887479569762945,0.1289142624309112,0.7134366447593207,0.1576490928097681,1,0.8175744414329529,True,-0.6530579924583436,0.4
4193,region,baseline,none,moral,1,0.985936403274536,,0.1747325658798217,0.0330036133527755,0.7922638207674026,,0.8411272727037971,0.1588727272962029,1,0.985936403274536,False,0.0,0.4
4193,region,region_western_europe,demographic,moral,1,0.9740425944328308,0.0132832508534193,0.1700131297111511,0.0341102667152881,0.7825933527201414,0.0610986417371145,0.7820052047088526,0.1568961535540329,1,0.985936403274536,False,-0.011893808841705211,0.4
4193,region,region_arab_culture,demographic,moral,1,0.9964063763618468,0.018051903694868,0.1684096455574035,0.0360177755355834,0.7775206752121449,0.0811396911244739,0.7569676225779197,0.1618926862976062,1,0.985936403274536,False,0.010469973087310791,0.4
4193,region,placebo,placebo,moral,1,0.8175744414329529,0.0146832540631294,0.1735829412937164,0.0378057770431041,0.77392802760005,0.0649494667881823,0.7678215899608563,0.1672289432509614,1,0.985936403274536,False,-0.16836196184158314,0.4
580,region,baseline,none,random,1,0.8175744414329529,,0.1716976016759872,0.0380867198109626,0.7902156785130501,,0.8184482065151283,0.1815517934848717,1,0.8175744414329529,False,0.0,0.4
580,region,region_western_europe,demographic,random,1,0.9149009585380554,0.0124678602442145,0.1695384681224823,0.0377289354801178,0.7802647361531854,0.0567403703253854,0.7715578517277667,0.1717017779468478,1,0.8175744414329529,False,0.09732651710510254,0.4
580,region,region_arab_culture,demographic,random,1,0.8670357465744019,0.0169268064200878,0.1682081818580627,0.0380981378257274,0.776766873896122,0.0758256926985432,0.7535090548335094,0.1706652524679473,1,0.8175744414329529,False,0.049461305141448975,0.4
580,region,placebo,placebo,random,1,0.7549149990081787,0.0130325127393007,0.1701889932155609,0.0363564975559711,0.7804219964891672,0.0593525422898645,0.7750730514642133,0.1655744062459221,1,0.8175744414329529,False,-0.06265944242477417,0.4
877,region,baseline,none,random,1,0.8175744414329529,,0.1747630685567855,0.0205257330089807,0.8047111984342337,,0.8948954940354406,0.1051045059645594,1,0.8175744414329529,False,0.0,0.4
877,region,region_western_europe,demographic,random,1,0.851952850818634,0.019114151597023,0.1706762909889221,0.0216855779290199,0.7885239794850349,0.0903844868580284,0.8070716035478086,0.1025439095941629,1,0.8175744414329529,False,0.03437840938568115,0.4
877,region,region_arab_culture,demographic,random,1,0.8933094143867493,0.0261618345975875,0.1657656729221344,0.0232173334807157,0.7848551589995623,0.1216010315466237,0.770484070876685,0.1079148975766912,1,0.8175744414329529,False,0.07573497295379639,0.4
877,region,placebo,placebo,random,1,0.7772998809814453,0.0205857753753662,0.1728680431842804,0.0233167167752981,0.7832294646650553,0.0949657449687889,0.7974702046898208,0.1075640503413903,1,0.8175744414329529,False,-0.04027456045150757,0.4
848,region,baseline,none,random,1,0.9933071732521056,,0.1727295517921447,0.0171877555549144,0.8100826926529408,,0.9094987402938208,0.0905012597061792,1,0.9933071732521056,False,0.0,0.4
848,region,region_western_europe,demographic,random,1,0.985936403274536,0.0180329717695713,0.1692293733358383,0.0174161083996295,0.7953215464949608,0.0881039086467757,0.8268059995463658,0.0850900918068584,1,0.9933071732521056,False,-0.00737076997756958,0.4
848,region,region_arab_culture,demographic,random,1,0.977022647857666,0.0236033387482166,0.1651438623666763,0.0189042948186397,0.7923485040664673,0.1136680409746329,0.7952933910937839,0.091038567931583,1,0.9933071732521056,False,-0.016284525394439586,0.4
848,region,placebo,placebo,random,1,0.851952850818634,0.0181806050240993,0.1716239601373672,0.0185688957571983,0.7916265390813351,0.0872500986639361,0.8236363660742659,0.089113535261798,1,0.9933071732521056,False,-0.14135432243347157,0.4
868,region,baseline,none,random,1,0.999619960784912,,0.1720639765262603,0.0384231805801391,0.7895128428936005,,0.81745593836532,0.1825440616346799,1,0.999619960784912,False,0.0,0.4
868,region,region_western_europe,demographic,random,1,0.9982993006706238,0.0120329055935144,0.1704771220684051,0.0386547744274139,0.7788351979106665,0.0544069647603965,0.7708148876218809,0.1747781476177226,1,0.999619960784912,False,-0.001320660114288219,0.4
868,region,region_arab_culture,demographic,random,1,0.9796676635742188,0.01682860404253,0.1687648445367813,0.0429839752614498,0.7714225761592388,0.0736232116005198,0.7383268290500623,0.1880499593494179,1,0.999619960784912,False,-0.01995229721069325,0.4
868,region,placebo,placebo,random,1,0.9875683188438416,0.0131098963320255,0.174105554819107,0.0381933152675628,0.7745912335813046,0.0581605433555941,0.7723992175872477,0.1694402390571581,1,0.999619960784912,False,-0.012051641941070446,0.4
867,region,baseline,none,random,1,0.9953904151916504,,0.1776730716228485,0.0253337454050779,0.7969931829720736,,0.8752074153175214,0.1247925846824785,1,0.9953904151916504,False,0.0,0.4
867,region,region_western_europe,demographic,random,1,0.9991958737373352,0.0140000293031334,0.1753661334514618,0.0256501771509647,0.78498366009444,0.0651114669205261,0.8155944498380286,0.1192940832414451,1,0.9953904151916504,False,0.0038054585456848145,0.4
867,region,region_arab_culture,demographic,random,1,0.9986749291419984,0.0184914357960224,0.1730405837297439,0.0269551947712898,0.7815127857029438,0.0846339492016286,0.7919940957939864,0.1233719550043849,1,0.9953904151916504,False,0.0032845139503480114,0.4
867,region,placebo,placebo,random,1,0.9626730680465698,0.0165482237935066,0.1749491095542907,0.0287196263670921,0.7797830402851105,0.0751450924348936,0.7944397642252162,0.1304151433398901,1,0.9953904151916504,False,-0.032717347145080566,0.4
992,region,baseline,none,random,1,0.7549149990081787,,0.1744847297668457,0.0260344687849283,0.799480801448226,,0.870164707554393,0.129835292445607,1,0.7549149990081787,False,0.0,0.3888888888888889
992,region,region_western_europe,demographic,random,1,0.9324532747268676,0.0158691462129354,0.1713161915540695,0.0256615299731493,0.7871531322598457,0.0745566349245443,0.8048800218343554,0.1205633432411003,1,0.7549149990081787,False,0.17753827571868885,0.3888888888888889
992,region,region_arab_culture,demographic,random,1,0.9046505093574524,0.0205471310764551,0.1682221293449401,0.0270789619535207,0.7841517776250839,0.0951924961455828,0.7793537861652987,0.1254537176891184,1,0.7549149990081787,False,0.14973551034927368,0.3888888888888889
992,region,placebo,placebo,random,0,0.3486451506614685,0.0168077554553747,0.1735832542181015,0.0285916049033403,0.7810173854231834,0.0767538349464667,0.7926805265045848,0.1305656385489485,1,0.7549149990081787,True,-0.4062698483467102,0.3888888888888889
1107,region,baseline,none,random,1,0.9241418242454528,,0.1726754605770111,0.0368474014103412,0.7904771380126476,,0.8241366070468934,0.1758633929531065,1,0.9241418242454528,False,0.0,0.3888888888888889
1107,region,region_western_europe,demographic,random,1,0.9399133324623108,0.0119235599413514,0.1693387627601623,0.0377730801701545,0.7809645971283317,0.0544366791168337,0.77311138080896,0.1724519400742062,1,0.9241418242454528,False,0.01577150821685802,0.3888888888888889
1107,region,region_arab_culture,demographic,random,1,0.9840936064720154,0.0162981003522872,0.1675511300563812,0.0376542285084724,0.778496541082859,0.0735794394903061,0.7564266981449622,0.1699938623647316,1,0.9241418242454528,False,0.05995178222656261,0.3888888888888889
1107,region,placebo,placebo,random,1,0.6791787147521973,0.0123229641467332,0.1725910902023315,0.0365248173475265,0.7785611283034086,0.055649507479508,0.7794073772142881,0.1649431153062038,1,0.9241418242454528,False,-0.2449631094932555,0.3888888888888889
304,region,baseline,none,random,1,0.9953904151916504,,0.1757453083992004,0.0318061485886573,0.7924485430121422,,0.8467553586457449,0.1532446413542551,1,0.9953904151916504,False,0.0,0.3888888888888889
304,region,region_western_europe,demographic,random,1,0.9990890026092528,0.0137823969125747,0.1724966764450073,0.0309147574007511,0.7828061692416668,0.0634566684719058,0.7942061514488438,0.1423371800792504,1,0.9953904151916504,False,0.003698587417602428,0.3888888888888889
304,region,region_arab_culture,demographic,random,1,0.9947799444198608,0.0188449211418628,0.1697402596473693,0.0320862121880054,0.7793286070227623,0.085398115666976,0.769199203201106,0.1454026811319179,1,0.9953904151916504,False,-0.0006104707717895508,0.3888888888888889
304,region,placebo,placebo,random,1,0.9820137619972228,0.0150814894586801,0.1758223623037338,0.0315490178763866,0.7775471303611994,0.0677963358403429,0.7903802840989136,0.1418233800607434,1,0.9953904151916504,False,-0.013376653194427601,0.3888888888888889
1000,region,baseline,none,random,1,0.9241418242454528,,0.1731060743331909,0.0230355225503444,0.8038584031164646,,0.8825566686702236,0.1174433313297763,1,0.9241418242454528,False,0.0,0.380952380952381
1000,region,region_western_europe,demographic,random,1,0.9924227595329284,0.017348563298583,0.1701147109270095,0.0253637544810771,0.7871729712933302,0.0815148498948119,0.7993097115567556,0.1191754385484324,1,0.9241418242454528,False,0.06828093528747559,0.380952380952381
1000,region,region_arab_culture,demographic,random,1,0.9046505093574524,0.0234555639326572,0.1676348149776458,0.0281939227133989,0.780715698376298,0.1069641728066227,0.7644633643921847,0.1285724628011926,1,0.9241418242454528,False,-0.019491314888000377,0.380952380952381
1000,region,placebo,placebo,random,1,0.5926666259765625,0.0171667896211147,0.1739203482866287,0.0268903672695159,0.7820224948227406,0.0787548678803103,0.7978820940500103,0.1233630380696793,1,0.9241418242454528,False,-0.33147519826889027,0.380952380952381
554,region,baseline,none,random,1,0.999841570854187,,0.1702574789524078,0.0331196561455726,0.7966228649020195,,0.8371515257621429,0.1628484742378571,1,0.999841570854187,False,0.0,0.380952380952381
554,region,region_western_europe,demographic,random,1,0.999373733997345,0.0140004511922597,0.1676522046327591,0.0364304520189762,0.7819168921560049,0.0641977791433298,0.7687537392978114,0.1670484815588587,1,0.999841570854187,False,-0.000467836856842041,0.380952380952381
554,region,region_arab_culture,demographic,random,1,0.9953904151916504,0.0202868059277534,0.1624168902635574,0.0391768924891948,0.7781194113194942,0.0914311884982655,0.7320013491465341,0.1765674623552002,1,0.999841570854187,False,-0.004451155662536621,0.380952380952381
554,region,placebo,placebo,random,1,0.9840936064720154,0.0152197740972042,0.1721775829792022,0.0391087792813777,0.7734938636422157,0.0671936502115924,0.760145335344179,0.1726610144442285,1,0.999841570854187,False,-0.01574796438217163,0.380952380952381
956,region,baseline,none,random,1,0.9998910427093506,,0.1733336150646209,0.0309214293956756,0.7957449555397034,,0.8486136316614388,0.1513863683385612,1,0.9998910427093506,False,0.0,0.380952380952381
956,region,region_western_europe,demographic,random,1,0.9998205304145812,0.0145969372242689,0.1691634356975555,0.0342884808778762,0.7819511462002993,0.0669434256126731,0.7758052048874733,0.1572513694998535,1,0.9998910427093506,False,-7.051229476939813e-05,0.380952380952381
956,region,region_arab_culture,demographic,random,1,0.9992903470993042,0.0190938152372837,0.1657867282629013,0.0362041890621185,0.7789152674376965,0.0863642415104485,0.7498786838036462,0.1637570746859052,1,0.9998910427093506,False,-0.0006006956100463867,0.380952380952381
956,region,placebo,placebo,random,1,0.9980732202529908,0.015145138837397,0.1710327714681625,0.0339616015553474,0.7798604881390929,0.0687979123300973,0.7769290029871051,0.1542730846827976,1,0.9998910427093506,False,-0.0018178224563597523,0.380952380952381
618,region,baseline,none,random,1,0.9975274205207824,,0.1743807196617126,0.0310572050511837,0.7945620752871037,,0.848824382866081,0.151175617133919,1,0.9975274205207824,False,0.0,0.3809523809523809
618,region,region_western_europe,demographic,random,1,0.998830497264862,0.0141219003126025,0.1713064163923263,0.0317217074334621,0.782849975861609,0.0650329207589797,0.7888850902597724,0.1460819889812478,1,0.9975274205207824,False,0.0013030767440795898,0.3809523809523809
618,region,region_arab_culture,demographic,random,1,0.9980732202529908,0.0190519727766513,0.1669820845127105,0.0334920659661293,0.7804738767445087,0.0867868137701229,0.7606478993772039,0.1525652868526731,1,0.9975274205207824,False,0.000545799732208474,0.3809523809523809
618,region,placebo,placebo,random,1,0.977022647857666,0.016029393300414,0.17448690533638,0.0335132554173469,0.775970445945859,0.0715503513279336,0.7788566382371671,0.1495930104348992,1,0.9975274205207824,False,-0.020504772663116344,0.3809523809523809
997,region,baseline,none,random,1,0.999619960784912,,0.1775143146514892,0.0285686515271663,0.7939170338213444,,0.861373057381172,0.138626942618828,1,0.999619960784912,False,0.0,0.3809523809523809
997,region,region_western_europe,demographic,random,1,0.9980732202529908,0.0136418892070651,0.1745121330022812,0.0295443125069141,0.7823016652837396,0.0626641872334274,0.8016236469136686,0.1357121658529039,1,0.999619960784912,False,-0.0015467405319211647,0.3809523809523809
997,region,region_arab_culture,demographic,random,1,0.9875683188438416,0.0193757265806198,0.1715269088745117,0.0314858853816986,0.7776114791631699,0.0871255697358411,0.7712938969559658,0.141580533308193,1,0.999619960784912,False,-0.012051641941070446,0.3809523809523809
997,region,placebo,placebo,random,1,0.9840936064720154,0.0145906992256641,0.1769749522209167,0.029686925932765,0.7787474226206541,0.0659458949517583,0.7998774717886631,0.1341766332595785,1,0.999619960784912,False,-0.015526354312896617,0.3809523809523809
1103,region,baseline,none,random,0,0.012431651353836,,0.1756330728530883,0.0184856485575437,0.8058812785893679,,0.9047714284165316,0.0952285715834684,0,0.012431651353836,False,0.0,0.3809523809523809
1103,region,region_western_europe,demographic,random,0,0.1824255138635635,0.0199342891573905,0.1716652512550354,0.0214669071137905,0.7869335524737835,0.0935590253126917,0.8056888038831785,0.1007521708041297,0,0.012431651353836,False,0.1699938625097275,0.3809523809523809
1103,region,region_arab_culture,demographic,random,1,0.6791787147521973,0.0270316358655691,0.1673352569341659,0.0220934282988309,0.783539678901434,0.1248803278512192,0.7730527982445762,0.1020668739042046,0,0.012431651353836,True,0.6667470633983613,0.3809523809523809
1103,region,placebo,placebo,random,0,0.0330859795212745,0.020133476704359,0.1739175021648407,0.020859220996499,0.7850898001343012,0.0936832068321597,0.809256621014381,0.0970601721534592,0,0.012431651353836,False,0.020654328167438497,0.3809523809523809
799,region,baseline,none,random,1,0.9998601675033568,,0.1712914556264877,0.0296300631016492,0.799078481271863,,0.852529170149559,0.1474708298504409,1,0.9998601675033568,False,0.0,0.375
799,region,region_western_europe,demographic,random,1,0.999373733997345,0.0139542696997523,0.1683050394058227,0.0304945576936006,0.7872461332008243,0.0655887947405635,0.791078639076819,0.1433325661826175,1,0.9998601675033568,False,-0.00048643350601185187,0.375
799,region,region_arab_culture,demographic,random,1,0.9953904151916504,0.0205123703926801,0.1626532673835754,0.0322936549782753,0.7845407072454691,0.0952029969579894,0.7549141431968012,0.1498828598452094,1,0.9998601675033568,False,-0.004469752311706432,0.375
799,region,placebo,placebo,random,1,0.9875683188438416,0.0155788194388151,0.1699103862047195,0.0324959531426429,0.7820148412138224,0.0714673399123306,0.779458506032446,0.1490741540552233,1,0.9998601675033568,False,-0.01229184865951527,0.375
533,region,baseline,none,random,1,0.999998927116394,,0.1727804690599441,0.0288687832653522,0.7983507476747036,,0.8568366461444562,0.1431633538555438,1,0.999998927116394,False,0.0,0.375
533,region,region_western_europe,demographic,random,1,0.9999852180480956,0.0135257747024297,0.1726765781641006,0.0303300432860851,0.7834676038473845,0.0624653628868383,0.7974630181545462,0.1400716189586154,1,0.999998927116394,False,-1.3709068298450866e-05,0.375
533,region,region_arab_culture,demographic,random,1,0.9998910427093506,0.0179082695394754,0.1716634035110473,0.0321637019515037,0.7782646249979734,0.0807641520407457,0.7741814020856097,0.1450544458736446,1,0.999998927116394,False,-0.00010788440704345703,0.375
533,region,placebo,placebo,random,1,0.999841570854187,0.0139698460698127,0.1748169660568237,0.0313228145241737,0.7798903733491898,0.0634676741875312,0.7942268074179217,0.1423055183945469,1,0.999998927116394,False,-0.00015735626220703125,0.375
531,region,baseline,none,random,1,0.977022647857666,,0.1745821237564087,0.0296670086681842,0.795750867575407,,0.8547508705862578,0.1452491294137422,1,0.977022647857666,False,0.0,0.375
531,region,region_western_europe,demographic,random,1,0.7772998809814453,0.0128849390894174,0.1747055202722549,0.0305071491748094,0.7819023914635181,0.0590787729213553,0.8010428057629592,0.1398784213156855,1,0.977022647857666,False,-0.1997227668762207,0.375
531,region,region_arab_culture,demographic,random,1,0.5926666259765625,0.0183009635657072,0.173197329044342,0.0325934030115604,0.7759083043783903,0.0816672992497201,0.7728859767155076,0.1454467240347722,1,0.977022647857666,False,-0.3843560218811035,0.375
531,region,placebo,placebo,random,1,0.7772998809814453,0.014498297125101,0.1764087229967117,0.0314422324299812,0.777650747448206,0.0652050634697944,0.7933857252594949,0.1414092112707106,1,0.977022647857666,False,-0.1997227668762207,0.375
500,region,baseline,none,random,1,0.9999545812606812,,0.1705499440431594,0.0345515348017215,0.7948985211551189,,0.8315393189931457,0.1684606810068542,1,0.9999545812606812,False,0.0,0.375
500,region,region_western_europe,demographic,random,1,0.9998766183853148,0.0132294697687029,0.1671328246593475,0.0338445156812667,0.7857931898906827,0.0617602669212595,0.7802404814956805,0.15799925158306,1,0.9999545812606812,False,-7.796287536632196e-05,0.375
500,region,region_arab_culture,demographic,random,1,0.9997040629386902,0.0167489722371101,0.1644373536109924,0.0339071974158287,0.7849064767360687,0.077868324359345,0.764492352515975,0.1576393231246798,1,0.9999545812606812,False,-0.0002505183219909668,0.375
500,region,placebo,placebo,random,1,0.9940890073776244,0.0142337754368782,0.17160364985466,0.0353704094886779,0.7787921652197838,0.064345711131888,0.7757575586107018,0.1598967302574101,1,0.9999545812606812,False,-0.005865573883056752,0.375
293,region,baseline,none,random,1,0.9959298968315125,,0.1759349107742309,0.0125076817348599,0.8115574074909091,,0.933626036617722,0.066373963382278,1,0.9959298968315125,False,0.0,0.375
293,region,region_western_europe,demographic,random,1,0.9959298968315125,0.017266858369112,0.1732696741819381,0.0122109279036521,0.7972525395452976,0.0851643632447359,0.8546083575761971,0.0602272791790669,1,0.9959298968315125,False,0.0,0.375
293,region,region_arab_culture,demographic,random,1,0.9875683188438416,0.0237746257334947,0.1685783863067627,0.0134733393788337,0.7941736485809088,0.115508172639597,0.8190320877015088,0.0654597396588941,1,0.9959298968315125,False,-0.008361577987670898,0.375
293,region,placebo,placebo,random,1,0.977022647857666,0.0183792691677808,0.1765517890453338,0.0136237367987632,0.791445204988122,0.0881268117893626,0.846548692564362,0.0653244956462753,1,0.9959298968315125,False,-0.018907248973846436,0.375
937,region,baseline,none,random,1,0.8933094143867493,,0.1776858270168304,0.0137679800391197,0.8085461929440498,,0.9280871963277482,0.0719128036722518,1,0.8933094143867493,False,0.0,0.375
937,region,region_western_europe,demographic,random,1,0.977022647857666,0.0168187338858842,0.1779687255620956,0.0129922963678836,0.7922202441841364,0.0809450074664117,0.8565258191939219,0.0625291733396663,1,0.8933094143867493,False,0.08371323347091675,0.375
937,region,region_arab_culture,demographic,random,1,0.9525741338729858,0.0224996022880077,0.1750595867633819,0.0137289920821785,0.7887118188664317,0.1064877465805072,0.8285346857745725,0.0649775676449202,1,0.8933094143867493,False,0.05926471948623657,0.375
937,region,placebo,placebo,random,1,0.622459352016449,0.0178514719009399,0.1796555966138839,0.0131627852097153,0.7893301462754607,0.0847367175954922,0.8527826522763532,0.0624806301281545,1,0.8933094143867493,False,-0.2708500623703003,0.375
1113,region,baseline,none,random,1,0.622459352016449,,0.1766161322593689,0.0225002951920032,0.8008835725486279,,0.8869993024684102,0.1130006975315898,1,0.622459352016449,False,0.0,0.375
1113,region,region_western_europe,demographic,random,1,0.9241418242454528,0.0158855132758617,0.1750237345695495,0.0226896237581968,0.7864011283963919,0.0743707733875191,0.8194038351211639,0.106225391491317,1,0.622459352016449,False,0.3016824722290038,0.375
1113,region,region_arab_culture,demographic,random,1,0.7981867790222168,0.0239977501332759,0.1686682850122451,0.0273536704480648,0.779980294406414,0.1090709128463426,0.7666053572665185,0.1243237298871389,1,0.622459352016449,False,0.17572742700576782,0.375
1113,region,placebo,placebo,random,0,0.4073334336280823,0.0191770028322935,0.1781868934631347,0.0266684982925653,0.7759676054120064,0.0855992405364453,0.7953621787189707,0.1190385807445838,1,0.622459352016449,True,-0.2151259183883667,0.375
671,region,baseline,none,random,1,0.7981867790222168,,0.1762342900037765,0.021566679701209,0.8021990302950144,,0.8909677756718021,0.1090322243281979,1,0.7981867790222168,False,0.0,0.375
671,region,region_western_europe,demographic,random,1,0.9626730680465698,0.0135911656543612,0.1737171411514282,0.021054707467556,0.7916369857266545,0.0652283021617809,0.8337234981806017,0.1010481996576174,1,0.7981867790222168,False,0.16448628902435303,0.375
671,region,region_arab_culture,demographic,random,1,0.957912266254425,0.0180821232497692,0.1719021201133728,0.0216535478830337,0.7883622087538242,0.0854390094665852,0.8122468066840545,0.1023141838493602,1,0.7981867790222168,False,0.15972548723220825,0.375
671,region,placebo,placebo,random,1,0.7310585379600525,0.0153706688433885,0.1743444204330444,0.0218949317932128,0.7883899789303541,0.0726367719529204,0.8238949155232282,0.1034683125238513,1,0.7981867790222168,False,-0.0671282410621643,0.375
83,region,baseline,none,random,1,0.6791787147521973,,0.1745293736457824,0.0311635397374629,0.7943070866167545,,0.848494830352277,0.151505169647723,1,0.6791787147521973,False,0.0,0.375
83,region,region_western_europe,demographic,random,1,0.7310585379600525,0.0137702552601695,0.1706398725509643,0.0325137376785278,0.7830761345103383,0.0634796693719519,0.7866348507379739,0.1498854798900741,1,0.6791787147521973,False,0.051879823207855225,0.375
83,region,region_arab_culture,demographic,random,1,0.9626730680465698,0.0191410742700099,0.1709651052951812,0.0342901013791561,0.7756037190556526,0.0853003186570511,0.7618892103545264,0.1528104709884225,1,0.6791787147521973,False,0.28349435329437256,0.375
83,region,placebo,placebo,random,1,0.9046505093574524,0.015121042728424,0.1720970571041107,0.0351016335189342,0.777680266648531,0.0680148473573371,0.774097083105257,0.1578880695374057,1,0.6791787147521973,False,0.22547179460525513,0.375
910,region,baseline,none,random,1,0.9997695088386536,,0.1737794578075409,0.0247113890945911,0.801509153097868,,0.8755036341460353,0.1244963658539647,1,0.9997695088386536,False,0.0,0.375
910,region,region_western_europe,demographic,random,1,0.9997040629386902,0.013122946023941,0.1715068370103836,0.0243344530463218,0.7910357639193535,0.0627999617067316,0.8207473212985269,0.1164527169947414,1,0.9997695088386536,False,-6.54458999633789e-05,0.375
910,region,region_arab_culture,demographic,random,1,0.9992903470993042,0.0174484457820653,0.1699053198099136,0.0251046158373355,0.7875416185706854,0.0821264177232307,0.7997110712548732,0.118162511021896,1,0.9997695088386536,False,-0.00047916173934936523,0.375
910,region,placebo,placebo,random,1,0.9875683188438416,0.0138000659644603,0.1758126765489578,0.0246539451181888,0.7857333123683929,0.0644060265130298,0.820532013129526,0.1150619603574442,1,0.9997695088386536,False,-0.012201189994812012,0.375
674,region,baseline,none,random,1,0.9465966820716858,,0.173828512430191,0.0332193560898304,0.7929521314799786,,0.8395571211271943,0.1604428788728057,1,0.9465966820716858,False,0.0,0.375
674,region,region_western_europe,demographic,random,1,0.8807970285415649,0.0126455277204513,0.1710191965103149,0.0338135547935962,0.7825217209756374,0.0581461641924928,0.7863736888002358,0.1554801470072713,1,0.9465966820716858,False,-0.06579965353012085,0.375
674,region,region_arab_culture,demographic,random,1,0.9241418242454528,0.0173345562070608,0.1709255427122116,0.0363276451826095,0.775412255898118,0.0771838920969666,0.7610635361948912,0.1617525717081422,1,0.9465966820716858,False,-0.02245485782623302,0.375
674,region,placebo,placebo,random,1,0.9525741338729858,0.0131984706968069,0.1731706708669662,0.034097135066986,0.7795337233692408,0.0598661659212031,0.7854746472495451,0.1546591868292517,1,0.9465966820716858,False,0.005977451801300049,0.375
104,region,baseline,none,random,0,0.3486451506614685,,0.1744129657745361,0.0267938915640115,0.7987931426614523,,0.8668341033778557,0.1331658966221442,0,0.3486451506614685,False,0.0,0.375
104,region,region_western_europe,demographic,random,1,0.562176525592804,0.0163591317832469,0.1723406612873077,0.0269466657191514,0.7843535412102938,0.0758608876540841,0.7991815040903159,0.1249576082555999,0,0.3486451506614685,True,0.21353137493133545,0.375
104,region,region_arab_culture,demographic,random,0,0.4378235042095184,0.0256487317383289,0.1610637009143829,0.0300785936415195,0.7832089737057686,0.1183108552819809,0.7429445012903132,0.1387446434277058,0,0.3486451506614685,False,0.08917835354804987,0.375
104,region,placebo,placebo,random,0,0.0373268835246562,0.0197532996535301,0.172528326511383,0.0301014464348554,0.7776169274002314,0.088825554133254,0.7758159130298956,0.1353585328368503,0,0.3486451506614685,False,-0.3113182671368123,0.375
157,region,baseline,none,random,1,0.9840936064720154,,0.1773339062929153,0.0250146090984344,0.7976514846086502,,0.8763785884464967,0.1236214115535033,1,0.9840936064720154,False,0.0,0.3714285714285714
157,region,region_western_europe,demographic,random,1,0.977022647857666,0.0146117787808179,0.1750586479902267,0.0245298445224761,0.7857997287064791,0.068215500814167,0.8172662290905411,0.1145182700952917,1,0.9840936064720154,False,-0.007070958614349365,0.3714285714285714
157,region,region_arab_culture,demographic,random,1,0.9924227595329284,0.019531900063157,0.1750454753637313,0.0253737550228834,0.7800488695502281,0.0888010896930461,0.7958380345933472,0.1153608757136066,1,0.9840936064720154,False,0.008329153060912975,0.3714285714285714
157,region,placebo,placebo,random,1,0.8175744414329529,0.0163753256201744,0.177347332239151,0.0243470296263694,0.7819303125143051,0.0750921680540703,0.8132599000068947,0.1116479319390349,1,0.9840936064720154,False,-0.1665191650390625,0.3714285714285714
216,region,baseline,none,random,1,0.9525741338729858,,0.1735557615756988,0.0263404622673988,0.8001037761569023,,0.8682293153867982,0.1317706846132019,1,0.9525741338729858,False,0.0,0.3714285714285714
216,region,region_western_europe,demographic,random,1,0.8933094143867493,0.0140018016099929,0.1730343401432037,0.0273182205855846,0.7856456376612186,0.0653208148284078,0.8072349834883583,0.1274442016832338,1,0.9525741338729858,False,-0.05926471948623657,0.3714285714285714
216,region,region_arab_culture,demographic,random,1,0.9149009585380554,0.0188901778310537,0.1715038865804672,0.0285999067127704,0.7810060288757086,0.0862588944073373,0.783144329042415,0.1305967765502476,1,0.9525741338729858,False,-0.03767317533493042,0.3714285714285714
216,region,placebo,placebo,random,1,0.6791787147521973,0.0143950190395116,0.1747815310955047,0.028134137392044,0.7826893124729395,0.066241652462303,0.8042933050577191,0.1294650424799777,1,0.9525741338729858,False,-0.2733954191207886,0.3714285714285714
269,region,baseline,none,random,1,0.9626730680465698,,0.1770736128091812,0.0301012806594371,0.7928251065313816,,0.8547059435848257,0.1452940564151743,1,0.9626730680465698,False,0.0,0.3714285714285714
269,region,region_western_europe,demographic,random,1,0.9525741338729858,0.0141977481544017,0.1733972132205963,0.0313796326518058,0.781025405973196,0.0648374219735458,0.7918599597877155,0.1433026182387387,1,0.9626730680465698,False,-0.010098934173583984,0.3714285714285714
269,region,region_arab_culture,demographic,random,1,0.7549149990081787,0.0197756066918373,0.171704426407814,0.0350342839956283,0.7734856829047203,0.0873040033205451,0.7580290226669834,0.1546669740124715,1,0.9626730680465698,False,-0.2077580690383911,0.3714285714285714
269,region,placebo,placebo,random,1,0.7310585379600525,0.0152950286865234,0.1768323183059692,0.0337831377983093,0.774089515209198,0.0677039345946557,0.7827539233945684,0.1495421420107758,1,0.9626730680465698,False,-0.23161453008651733,0.3714285714285714
890,region,baseline,none,random,0,0.4378235042095184,,0.1766912788152694,0.0199095904827117,0.8033991307020187,,0.898730913277217,0.101269086722783,0,0.4378235042095184,False,0.0,0.3714285714285714
890,region,region_western_europe,demographic,random,1,0.9046505093574524,0.0172148067504167,0.1730392277240753,0.0209149308502674,0.7888310346752405,0.0815214807911848,0.8194349366534806,0.0990435825553346,0,0.4378235042095184,True,0.466827005147934,0.3714285714285714
890,region,region_arab_culture,demographic,random,1,0.8807970285415649,0.0246638096868991,0.16727115213871,0.0238252449780702,0.7842397931963205,0.1143112071140199,0.7752641444717853,0.1104246484141947,0,0.4378235042095184,True,0.44297352433204656,0.3714285714285714
890,region,placebo,placebo,random,0,0.4378235042095184,0.0210322774946689,0.1712245941162109,0.0273156818002462,0.7804274465888739,0.0957873703608495,0.7798087304455179,0.1244038991936325,0,0.4378235042095184,False,0.0,0.3714285714285714
933,region,baseline,none,random,1,0.9997965693473816,,0.1678797602653503,0.0408824682235717,0.7912377715110779,,0.804167312643239,0.1958326873567609,1,0.9997965693473816,False,0.0,0.3571428571428571
933,region,region_western_europe,demographic,random,1,0.9994471669197084,0.0114507973194122,0.1648082286119461,0.0423304140567779,0.7814105600118637,0.0523849519905156,0.7539624449419464,0.1936526030675379,1,0.9997965693473816,False,-0.0003494024276732288,0.3571428571428571
933,region,region_arab_culture,demographic,random,1,0.9964063763618468,0.0157647095620632,0.1644039005041122,0.043804258108139,0.7760271318256855,0.0703866932212244,0.7340348937986512,0.1955784129801243,1,0.9997965693473816,False,-0.003390192985534779,0.3571428571428571
933,region,placebo,placebo,random,1,0.9980732202529908,0.0119229154661297,0.1667292714118957,0.0421755835413932,0.7791722295805812,0.0539919206877131,0.7550194936770243,0.1909885856352626,1,0.9997965693473816,False,-0.0017233490943907581,0.3571428571428571
299,region,baseline,none,random,0,0.1645164489746093,,0.1743158996105194,0.0226126071065664,0.8030714932829142,,0.8851735206673127,0.1148264793326873,0,0.1645164489746093,False,0.0,0.3571428571428571
299,region,region_western_europe,demographic,random,0,0.5,0.0144993793219327,0.1715096235275268,0.0229060780256986,0.7910849191248417,0.0694032200126194,0.8209537713077598,0.1096430086796207,0,0.1645164489746093,False,0.33548355102539074,0.3571428571428571
299,region,region_arab_culture,demographic,random,1,0.7549149990081787,0.0198042877018451,0.1708610653877258,0.023327549919486,0.786007096990943,0.0925464696415982,0.7984426725614088,0.109010857796993,0,0.1645164489746093,True,0.5903985500335694,0.3571428571428571
299,region,placebo,placebo,random,0,0.5,0.0158871840685606,0.1752345114946365,0.022102141752839,0.7867761626839638,0.074509418217687,0.8218335890602483,0.1036569927220647,0,0.1645164489746093,False,0.33548355102539074,0.3571428571428571
600,region,baseline,none,random,0,0.4687906503677368,,0.1786703765392303,0.0261360388249158,0.7951935846358538,,0.8723866204169144,0.1276133795830855,0,0.4687906503677368,False,0.0,0.3571428571428571
600,region,region_western_europe,demographic,random,1,0.7981867790222168,0.0167135503143072,0.176598846912384,0.0252049677073955,0.7814826350659132,0.0764861425056478,0.8081684810983009,0.1153453763960513,0,0.4687906503677368,True,0.32939612865448,0.3571428571428571
600,region,region_arab_culture,demographic,random,1,0.6513549089431763,0.0248156990855932,0.1673593819141388,0.031690377742052,0.7761345412582159,0.1108509513931611,0.7475891227470612,0.1415599258597777,0,0.4687906503677368,True,0.18256425857543945,0.3571428571428571
600,region,placebo,placebo,random,0,0.0675466954708099,0.0215335953980684,0.178223505616188,0.0328737758100032,0.7673691231757402,0.0925655084657395,0.7661214540786279,0.1413130374556326,0,0.4687906503677368,False,-0.40124395489692694,0.3571428571428571
1151,region,baseline,none,random,0,0.1824255138635635,,0.1713838726282119,0.0420138426125049,0.7866022847592831,,0.8031195293486976,0.1968804706513024,0,0.1824255138635635,False,0.0,0.3571428571428571
1151,region,region_western_europe,demographic,random,0,0.2450850158929824,0.0125956879928708,0.167139932513237,0.0427063293755054,0.7775580501183867,0.0566246070022961,0.7513867442817833,0.1919886487159205,0,0.1824255138635635,False,0.06265950202941889,0.3571428571428571
1151,region,region_arab_culture,demographic,random,0,0.2689414322376251,0.0176430605351924,0.166573479771614,0.0452216118574142,0.7705618478357792,0.0768968036430333,0.7260060203605055,0.197097175996461,0,0.1824255138635635,False,0.08651591837406161,0.3571428571428571
1151,region,placebo,placebo,random,0,0.1480471938848495,0.0132094509899616,0.1713934540748596,0.0436184927821159,0.7717786021530628,0.0578799845876892,0.7509964258031986,0.1911235896091121,0,0.1824255138635635,False,-0.03437831997871402,0.3571428571428571
535,region,baseline,none,random,1,0.9940890073776244,,0.1740330308675766,0.0284068714827299,0.7975600976496935,,0.8596775084707656,0.1403224915292343,1,0.9940890073776244,False,0.0,0.3571428571428571
535,region,region_western_europe,demographic,random,1,0.9947799444198608,0.0148535147309303,0.1718959361314773,0.0302442107349634,0.7830063384026289,0.0684513760521301,0.7921703097965507,0.1393783141513191,1,0.9940890073776244,False,0.0006909370422364391,0.3571428571428571
535,region,region_arab_culture,demographic,random,1,0.9890130758285522,0.0201345011591911,0.1683061718940735,0.0322492122650146,0.7793101146817207,0.0912343632339702,0.7626365460806782,0.1461290906853515,1,0.9940890073776244,False,-0.005075931549072155,0.3571428571428571
535,region,placebo,placebo,random,1,0.8175744414329529,0.0164883956313133,0.1728608012199401,0.0325018800795078,0.7781489230692387,0.0743219093611128,0.7791749474981778,0.1465031431407092,1,0.9940890073776244,False,-0.17651456594467152,0.3571428571428571
328,region,baseline,none,random,1,0.8807970285415649,,0.1757871210575103,0.0263222586363554,0.7978906203061342,,0.8697623105061941,0.1302376894938058,1,0.8807970285415649,False,0.0,0.3571428571428571
328,region,region_western_europe,demographic,random,1,0.9241418242454528,0.0144516415894031,0.1750157624483108,0.0280099231749773,0.7825226727873087,0.0664512562050643,0.8047540619126088,0.1287946818823269,1,0.8807970285415649,False,0.04334479570388783,0.3571428571428571
328,region,region_arab_culture,demographic,random,1,0.9740425944328308,0.0187287777662277,0.1735291332006454,0.0276572797447443,0.7800848092883825,0.0851636383354137,0.7890729723541486,0.1257633893104377,1,0.8807970285415649,False,0.09324556589126587,0.3571428571428571
328,region,placebo,placebo,random,1,0.7772998809814453,0.0154187437146902,0.1748304963111877,0.0311015322804451,0.778649227693677,0.0696575103580506,0.7898345891887976,0.1405079004531517,1,0.8807970285415649,False,-0.10349714756011963,0.3571428571428571
691,region,baseline,none,random,1,0.9149009585380554,,0.1718169748783111,0.0306137185543775,0.7975693065673113,,0.8487693835591337,0.1512306164408663,1,0.9149009585380554,False,0.0,0.3571428571428571
691,region,region_western_europe,demographic,random,1,0.7057850360870361,0.0125451032072305,0.1688984483480453,0.0324071273207664,0.7861493211239576,0.0586629103688854,0.7897961757042007,0.1515409139269139,1,0.9149009585380554,False,-0.2091159224510193,0.3571428571428571
691,region,region_arab_culture,demographic,random,1,0.7549149990081787,0.0174278877675533,0.1672148555517196,0.0356055721640586,0.7797516845166683,0.0791283589584242,0.7592105991129563,0.1616610419286194,1,0.9149009585380554,False,-0.1599859595298767,0.3571428571428571
691,region,placebo,placebo,random,1,0.5926666259765625,0.0133943893015384,0.1715742498636245,0.0334628745913505,0.7815684862434864,0.0613207731393064,0.785483041860338,0.1531961850003555,1,0.9149009585380554,False,-0.3222343325614929,0.3571428571428571
830,region,baseline,none,random,0,0.3208213150501251,,0.1791093647480011,0.0289171896874904,0.7919734455645084,,0.8609927960112534,0.1390072039887465,0,0.3208213150501251,False,0.0,0.3571428571428571
830,region,region_western_europe,demographic,random,0,0.5,0.0142042972147464,0.1752941310405731,0.0321316719055175,0.7783698998391628,0.0640901087191604,0.7909310644779838,0.1449788268028557,0,0.3208213150501251,False,0.17917868494987488,0.3571428571428571
830,region,region_arab_culture,demographic,random,1,0.8354835510253906,0.0197260864078998,0.1722690165042877,0.0345234684646129,0.7734814286231995,0.0870837489747657,0.7605072531458279,0.1524089978794064,0,0.3208213150501251,True,0.5146622359752655,0.3571428571428571
830,region,placebo,placebo,random,0,0.5,0.0161388330161571,0.1776929348707199,0.0351492315530777,0.7710190005600452,0.0704811012949972,0.7760160681686429,0.1535028305363599,0,0.3208213150501251,False,0.17917868494987488,0.3571428571428571
91,region,baseline,none,random,1,0.9994471669197084,,0.1771396994590759,0.0253179781138896,0.7975423224270344,,0.8749468115143961,0.1250531884856039,1,0.9994471669197084,False,0.0,0.3571428571428571
91,region,region_western_europe,demographic,random,1,0.9989677667617798,0.0149556109681725,0.1748197078704834,0.0240388661623001,0.7861858149990439,0.0699467669467564,0.8176244614907178,0.1124287715625257,1,0.9994471669197084,False,-0.0004794001579285778,0.3571428571428571
91,region,region_arab_culture,demographic,random,1,0.9995121955871582,0.019163679331541,0.1728675961494445,0.0242657158523798,0.7837030086666346,0.0885989176890826,0.7992140578738529,0.1121870244370645,1,0.9994471669197084,False,6.502866744984015e-05,0.3571428571428571
91,region,placebo,placebo,random,1,0.9875683188438416,0.0162500031292438,0.1783794164657592,0.0265707373619079,0.7787998430430889,0.0734628914951868,0.8064163195892617,0.1201207889155514,1,0.9994471669197084,False,-0.01187884807586681,0.3571428571428571
660,region,baseline,none,random,1,0.5926666259765625,,0.1759141832590103,0.0287210363894701,0.7953647803515196,,0.8596476381787714,0.1403523618212285,1,0.5926666259765625,False,0.0,0.3492063492063492
660,region,region_western_europe,demographic,random,1,0.8670357465744019,0.0148240458220243,0.173949122428894,0.030369509011507,0.7808573227375746,0.0676456362001656,0.793771092887527,0.1385832709123073,1,0.5926666259765625,False,0.27436912059783936,0.3492063492063492
660,region,region_arab_culture,demographic,random,1,0.8354835510253906,0.0212669111788272,0.1692151874303817,0.0354067012667655,0.7741112001240253,0.0941477009506624,0.749108355630249,0.1567439434190885,1,0.5926666259765625,False,0.24281692504882812,0.3492063492063492
660,region,placebo,placebo,random,0,0.4378235042095184,0.01677156239748,0.1782735139131546,0.0327705517411232,0.7721843719482422,0.0736190161355815,0.7825341722063613,0.1438468116580571,1,0.5926666259765625,True,-0.15484312176704412,0.3492063492063492
1097,region,baseline,none,random,0,0.2942149639129638,,0.1779729425907135,0.0204430781304836,0.8015839792788029,,0.8969686114247343,0.1030313885752656,0,0.2942149639129638,False,0.0,0.3492063492063492
1097,region,region_western_europe,demographic,random,1,0.6513549089431763,0.0169406495988369,0.1759551763534546,0.0220798254013061,0.7850243486464024,0.0788026434257546,0.8184888625551312,0.1027084940191141,0,0.2942149639129638,True,0.35713994503021246,0.3492063492063492
1097,region,region_arab_culture,demographic,random,1,0.8354835510253906,0.0237167943269014,0.1744464337825775,0.0243852026760578,0.7774515692144632,0.1065691375274472,0.7838582962226605,0.1095725662498923,0,0.2942149639129638,True,0.5412685871124268,0.3492063492063492
1097,region,placebo,placebo,random,0,0.3775406777858734,0.0179137457162141,0.1808009445667266,0.0229249708354473,0.7783603388816118,0.0808237371678961,0.8157427405113762,0.1034335223207276,0,0.2942149639129638,False,0.0833257138729096,0.3492063492063492
327,region,baseline,none,random,1,0.622459352016449,,0.1790801286697387,0.014581499621272,0.8063383717089891,,0.924706304754596,0.075293695245404,1,0.622459352016449,False,0.0,0.3392857142857143
327,region,region_western_europe,demographic,random,1,0.9149009585380554,0.0188124328851699,0.1798215061426162,0.0164641886949539,0.7849018722772598,0.0874597704979518,0.8359975423607815,0.0765426871412666,1,0.622459352016449,False,0.29244160652160645,0.3392857142857143
327,region,region_arab_culture,demographic,random,1,0.9465966820716858,0.0277006179094314,0.1741491854190826,0.0182941071689128,0.779856089502573,0.1258295895936454,0.7910697371804798,0.0831006732258747,1,0.622459352016449,False,0.3241373300552368,0.3392857142857143
327,region,placebo,placebo,random,0,0.3486451506614685,0.0186871662735939,0.1826790869235992,0.0167097020894289,0.781924044713378,0.0856910898270877,0.8376855975868595,0.0766233125860527,1,0.622459352016449,True,-0.27381420135498047,0.3392857142857143
693,region,baseline,none,random,0,0.0009110512328334,,0.175080269575119,0.015891183167696,0.809028547257185,,0.9167876510365296,0.0832123489634703,0,0.0009110512328334,False,0.0,0.3392857142857143
693,region,region_western_europe,demographic,random,0,0.1066906005144119,0.0170124284923076,0.1695082932710647,0.0151631152257323,0.7983161630108953,0.0843519676454127,0.8404654324392977,0.0751825999152895,0,0.0009110512328334,False,0.1057795492815785,0.3392857142857143
693,region,region_arab_culture,demographic,random,1,0.5926666259765625,0.023482821881771,0.1669021397829055,0.0162417646497488,0.7933732736855745,0.1136485211793807,0.8077471039681929,0.0786043748524263,0,0.0009110512328334,True,0.5917555747437291,0.3392857142857143
693,region,placebo,placebo,random,0,0.0259573571383953,0.0178779326379299,0.1747934222221374,0.0147732431069016,0.792555402033031,0.0861817218338777,0.842602911501072,0.0712153666650503,0,0.0009110512328334,False,0.025046305905561898,0.3392857142857143
1058,region,baseline,none,random,1,0.991422474384308,,0.1716224104166031,0.0257019065320491,0.8026756830513477,,0.8697479006668127,0.1302520993331872,1,0.991422474384308,False,0.0,0.3392857142857143
1058,region,region_western_europe,demographic,random,1,0.9978172779083252,0.0124148642644286,0.1705417931079864,0.0268040262162685,0.7902393164113164,0.0591858495692773,0.8130303076357205,0.1277838427950021,1,0.991422474384308,False,0.006394803524017223,0.3392857142857143
1058,region,region_arab_culture,demographic,random,1,0.9940890073776244,0.0166420936584472,0.1690461933612823,0.0279709827154874,0.7863407302647829,0.0778908103499156,0.7911952220504045,0.1309139675996799,1,0.991422474384308,False,0.0026665329933164283,0.3392857142857143
1058,region,placebo,placebo,random,1,0.985936403274536,0.012668864801526,0.1717650592327118,0.0264514051377773,0.7891146708279848,0.0600746616716628,0.8144950618760505,0.1254302764522866,1,0.991422474384308,False,-0.0054860711097719506,0.3392857142857143
797,region,baseline,none,random,1,0.9999339580535888,,0.171624481678009,0.0339156910777092,0.7944598272442818,,0.834992397724519,0.1650076022754809,1,0.9999339580535888,False,0.0,0.3392857142857143
797,region,region_western_europe,demographic,random,1,0.9998766183853148,0.0145775321871042,0.1720179468393325,0.0366464592516422,0.776758061721921,0.065299254698935,0.7705449440465805,0.1641558012544844,1,0.9999339580535888,False,-5.733966827392578e-05,0.3392857142857143
797,region,region_arab_culture,demographic,random,1,0.9990890026092528,0.0193994734436273,0.1688759922981262,0.0395099595189094,0.772214574739337,0.0851655606210443,0.7413819040655273,0.1734525353134283,1,0.9999339580535888,False,-0.0008449554443359375,0.3392857142857143
797,region,placebo,placebo,random,1,0.9820137619972228,0.0153085272759199,0.1739563643932342,0.042257685214281,0.7684774231165648,0.0661210992119671,0.7513581039693426,0.1825207968186902,1,0.9999339580535888,False,-0.017920196056365967,0.3392857142857143
468,region,baseline,none,random,1,0.9998766183853148,,0.1732870489358902,0.025597408413887,0.8011155426502228,,0.8712950787860261,0.1287049212139738,1,0.9998766183853148,False,0.0,0.3333333333333333
468,region,region_western_europe,demographic,random,1,0.9997387528419496,0.0160921923816204,0.1709991097450256,0.0281070098280906,0.7848016880452633,0.0747784322072429,0.794611761550399,0.1306098062423579,1,0.9998766183853148,False,-0.00013786554336525647,0.3333333333333333
468,region,region_arab_culture,demographic,random,1,0.9669140577316284,0.0243349950760602,0.1622287631034851,0.0322287231683731,0.7812075186520815,0.1112240920078207,0.7414732083298277,0.1473026996623516,1,0.9998766183853148,False,-0.03296256065368641,0.3333333333333333
468,region,placebo,placebo,random,1,0.985936403274536,0.0176216904073953,0.1743533313274383,0.0297025814652442,0.778322396799922,0.0794924257255284,0.7865175769248709,0.1339899973496007,1,0.9998766183853148,False,-0.013940215110778809,0.3333333333333333
569,region,baseline,none,random,1,0.9964063763618468,,0.1759558469057083,0.022719407454133,0.8013247456401587,,0.8856455096668276,0.1143544903331723,1,0.9964063763618468,False,0.0,0.3333333333333333
569,region,region_western_europe,demographic,random,1,0.9990890026092528,0.0150038646534085,0.1711548864841461,0.0231070034205913,0.790734245441854,0.0716976587262852,0.817882920430679,0.1104194208430357,1,0.9964063763618468,False,0.002682626247406006,0.3333333333333333
569,region,region_arab_culture,demographic,random,1,0.9902915358543396,0.0203011706471443,0.1703536510467529,0.0249954126775264,0.7843497656285763,0.0941393395945897,0.7899534704578409,0.1159071899475694,1,0.9964063763618468,False,-0.006114840507507213,0.3333333333333333
569,region,placebo,placebo,random,1,0.9669140577316284,0.0174420606344938,0.1755926460027694,0.0266387723386287,0.7803265210241079,0.0793999381072669,0.7993347527492829,0.1212653091434502,1,0.9964063763618468,False,-0.029492318630218395,0.3333333333333333
96,region,baseline,none,random,0,0.3486451506614685,,0.1754496693611145,0.0233023315668106,0.8012479990720749,,0.8827567447974478,0.1172432552025521,0,0.3486451506614685,False,0.0,0.3333333333333333
96,region,region_western_europe,demographic,random,0,0.2450850158929824,0.0174419693648815,0.1714946031570434,0.0245370529592037,0.7865263745188713,0.08170550027232,0.8033526519752847,0.1149418477523951,0,0.3486451506614685,False,-0.1035601347684861,0.3333333333333333
96,region,region_arab_culture,demographic,random,0,0.4378235042095184,0.0252674035727977,0.1658562570810318,0.0277362316846847,0.7811401076614857,0.1154501325154462,0.7578193304806122,0.1267305370039415,0,0.3486451506614685,False,0.08917835354804987,0.3333333333333333
96,region,placebo,placebo,random,0,0.2689414322376251,0.0206248350441455,0.1719208657741546,0.0312738455832004,0.7761804535984993,0.0921493916672833,0.7681226619312009,0.1397279464015157,0,0.3486451506614685,False,-0.07970371842384338,0.3333333333333333
608,region,baseline,none,random,1,0.9989677667617798,,0.1751064956188202,0.0308601818978786,0.7940333224833012,,0.8501690551600191,0.1498309448399809,1,0.9989677667617798,False,0.0,0.3333333333333333
608,region,region_western_europe,demographic,random,1,0.9986749291419984,0.0141519708558917,0.1738224029541015,0.0329317525029182,0.7790938736870885,0.0640632792403664,0.7868609434030983,0.1490757773565352,1,0.9989677667617798,False,-0.0002928376197813831,0.3333333333333333
608,region,region_arab_culture,demographic,random,1,0.9986749291419984,0.0184287317097187,0.1741380244493484,0.034291498363018,0.7731417454779148,0.0812345653833135,0.7676071775135505,0.151158257103136,1,0.9989677667617798,False,-0.0002928376197813831,0.3333333333333333
608,region,placebo,placebo,random,1,0.9740425944328308,0.0151178315281867,0.1790713965892791,0.0339950993657112,0.7718156725168228,0.0662527163672156,0.7847664147857882,0.148980868846996,1,0.9989677667617798,False,-0.024925172328948975,0.3333333333333333
440,region,baseline,none,random,1,0.851952850818634,,0.1736162155866623,0.0340902879834175,0.7922934964299202,,0.835872794556404,0.164127205443596,1,0.851952850818634,False,0.0,0.3333333333333333
440,region,region_western_europe,demographic,random,1,0.8933094143867493,0.0138269960880279,0.169808954000473,0.035244733095169,0.78111931681633,0.0631713858295355,0.7758060306216273,0.1610225835488371,1,0.851952850818634,False,0.041356563568115234,0.3333333333333333
440,region,region_arab_culture,demographic,random,1,0.9525741338729858,0.0198575817048549,0.1648229658603668,0.0405945815145969,0.7747248709201813,0.0881481315135284,0.731651854040076,0.1802000144463954,1,0.851952850818634,False,0.1006212830543518,0.3333333333333333
440,region,placebo,placebo,random,1,0.6513549089431763,0.0145044224336743,0.1722807139158249,0.0352594591677188,0.7779554044827819,0.0653221142351542,0.775883391867854,0.1587944938969917,1,0.851952850818634,False,-0.20059794187545776,0.3333333333333333
906,region,baseline,none,random,0,0.0373268835246562,,0.174273133277893,0.036156803369522,0.7895700633525848,,0.828176523048123,0.171823476951877,0,0.0373268835246562,False,0.0,0.3333333333333333
906,region,region_western_europe,demographic,random,0,0.1645164489746093,0.0129709336906671,0.1717578917741775,0.0365099012851715,0.7787612732499838,0.0586286762774736,0.7763464122999205,0.1650249114226057,0,0.0373268835246562,False,0.12718956544995308,0.3333333333333333
906,region,region_arab_culture,demographic,random,0,0.4073334336280823,0.017827009782195,0.1690720617771148,0.0393862277269363,0.7737147007137537,0.0787811220544392,0.7471632594357893,0.1740556185097714,0,0.0373268835246562,False,0.3700065501034261,0.3333333333333333
906,region,placebo,placebo,random,0,0.0600866451859474,0.0145910959690809,0.17583829164505,0.0382802113890647,0.7712904009968042,0.063797479566553,0.7688277729112413,0.1673747475222056,0,0.0373268835246562,False,0.0227597616612912,0.3333333333333333
817,region,baseline,none,random,1,0.991422474384308,,0.1734628975391388,0.0314905941486358,0.7950465083122253,,0.8463524876335919,0.153647512366408,1,0.991422474384308,False,0.0,0.3333333333333333
817,region,region_western_europe,demographic,random,1,0.9890130758285522,0.0134650105610489,0.1710100173950195,0.0304862447082996,0.7850387273356318,0.0626392391250525,0.7955387278620538,0.1418220330128935,1,0.991422474384308,False,-0.0024093985557557263,0.3333333333333333
817,region,region_arab_culture,demographic,random,1,0.970687747001648,0.0184550136327743,0.1692073494195938,0.0318104475736618,0.78052718937397,0.0840879267920832,0.770971807108782,0.1449402660991348,1,0.991422474384308,False,-0.020734727382660023,0.3333333333333333
817,region,placebo,placebo,random,1,0.7057850360870361,0.0141180492937564,0.1751015782356262,0.0303537920117378,0.7804265804588795,0.0642976245633981,0.7974625462479266,0.1382398291886752,1,0.991422474384308,False,-0.28563743829727184,0.3333333333333333
81,region,baseline,none,random,1,0.622459352016449,,0.1747556775808334,0.0190446637570858,0.8061996586620808,,0.9017304942519238,0.0982695057480762,1,0.622459352016449,False,0.0,0.3333333333333333
81,region,region_western_europe,demographic,random,1,0.8175744414329529,0.0182335004210472,0.1725877225399017,0.0210744254291057,0.7881043516099453,0.0860494331034265,0.8144939447845788,0.0994566221119946,1,0.622459352016449,False,0.1951150894165039,0.3333333333333333
81,region,region_arab_culture,demographic,random,1,0.9149009585380554,0.0239375606179237,0.1695405691862106,0.0225233044475317,0.7839985657483339,0.1108213040383508,0.7849048307182845,0.1042738652433645,1,0.622459352016449,False,0.29244160652160645,0.3333333333333333
81,region,placebo,placebo,random,0,0.0534033328294754,0.0182775519788265,0.1753109097480774,0.0222069304436445,0.7842046078294516,0.0846985275959058,0.8123941293868074,0.1029073430172866,1,0.622459352016449,True,-0.5690560191869736,0.3333333333333333
586,region,baseline,none,random,1,0.999619960784912,,0.172575831413269,0.0124460263177752,0.8149781422689557,,0.9327321297580564,0.0672678702419436,1,0.999619960784912,False,0.0,0.3333333333333333
586,region,region_western_europe,demographic,random,1,0.9995694756507874,0.0173856150358915,0.1673518419265747,0.0117288967594504,0.8035336462780833,0.0884915646192505,0.8518091711695767,0.0596992642111727,1,0.999619960784912,False,-5.048513412464484e-05,0.3333333333333333
586,region,region_arab_culture,demographic,random,1,0.9971990585327148,0.0246264860033988,0.1595049053430557,0.013554205186665,0.8023144034668803,0.1245740025337305,0.8068615424712176,0.0685644549950518,1,0.999619960784912,False,-0.0024209022521971546,0.3333333333333333
586,region,placebo,placebo,random,1,0.9902915358543396,0.0201344974339008,0.1613857150077819,0.0148616107180714,0.8036181768402457,0.1025272966201238,0.8217955837821946,0.0756771195976814,1,0.999619960784912,False,-0.009328424930572399,0.3333333333333333
336,region,baseline,none,random,1,0.9940890073776244,,0.1775488257408142,0.0301803480833768,0.7922708261758089,,0.8547130018967888,0.1452869981032112,1,0.9940890073776244,False,0.0,0.3333333333333333
336,region,region_western_europe,demographic,random,1,0.9959298968315125,0.0141635341569781,0.1738996654748916,0.0341081991791725,0.7778286011889577,0.0637504837831276,0.7827275086060652,0.1535220076108072,1,0.9940890073776244,False,0.0018408894538880505,0.3333333333333333
336,region,region_arab_culture,demographic,random,1,0.9947799444198608,0.0212037749588489,0.1655935645103454,0.0390243008732795,0.774178359657526,0.093896116097164,0.7332936040107205,0.1728102798921155,1,0.9940890073776244,False,0.0006909370422364391,0.3333333333333333
336,region,placebo,placebo,random,1,0.9740425944328308,0.0154055133461952,0.1770122051239013,0.03536968678236,0.7722125947475433,0.0676311024708381,0.7770939088037762,0.1552749887253857,1,0.9940890073776244,False,-0.02004641294479359,0.3333333333333333
787,region,baseline,none,random,1,0.9465966820716858,,0.1774662286043167,0.0249704793095588,0.7975632920861244,,0.876650437725048,0.123349562274952,1,0.9465966820716858,False,0.0,0.3333333333333333
787,region,region_western_europe,demographic,random,1,0.9924227595329284,0.0150892892852425,0.1742481291294098,0.0247120223939418,0.7859505591914058,0.070494411142777,0.8140555213373565,0.1154500675198665,1,0.9465966820716858,False,0.045826077461242565,0.3333333333333333
787,region,region_arab_culture,demographic,random,1,0.9465966820716858,0.0192306283861398,0.1738244444131851,0.0257918909192085,0.7811530362814665,0.0878724934510539,0.7942739595727114,0.1178535469762347,1,0.9465966820716858,False,0.0,0.3333333333333333
787,region,placebo,placebo,random,1,0.8354835510253906,0.017234057188034,0.1769922524690628,0.0257975440472364,0.7799761462956667,0.0783281307816427,0.8044230181828553,0.1172488510355019,1,0.9465966820716858,False,-0.11111313104629517,0.3333333333333333
716,region,baseline,none,random,0,0.4378235042095184,,0.17175954580307,0.0285001639276742,0.7997402902692556,,0.857683984631788,0.142316015368212,0,0.4378235042095184,False,0.0,0.3333333333333333
716,region,region_western_europe,demographic,random,1,0.7310585379600525,0.0149107221513986,0.1696309149265289,0.0294623132795095,0.7859960496425629,0.0696749855621554,0.7926531946873189,0.1376718197505257,0,0.4378235042095184,True,0.2932350337505341,0.3333333333333333
716,region,region_arab_culture,demographic,random,1,0.9046505093574524,0.0208750311285257,0.168430671095848,0.0326420851051807,0.7780522126704454,0.0940537924693517,0.7588751981823423,0.1470710093483059,0,0.4378235042095184,True,0.466827005147934,0.3333333333333333
716,region,placebo,placebo,random,1,0.531209409236908,0.0166159309446811,0.1729860305786132,0.0334013476967811,0.7769966907799244,0.0745097954052483,0.7757105990202966,0.149779605574455,0,0.4378235042095184,True,0.09338590502738958,0.3333333333333333
571,region,baseline,none,random,0,0.4687906503677368,,0.1794174760580063,0.017331451177597,0.8032510727643967,,0.9119108224826916,0.0880891775173083,0,0.4687906503677368,False,0.0,0.3333333333333333
571,region,region_western_europe,demographic,random,1,0.7772998809814453,0.0190127119421958,0.1765776127576828,0.0184720139950513,0.7859376613050699,0.0888185752716257,0.8248887395803497,0.0862926851480245,0,0.4687906503677368,True,0.3085092306137085,0.3333333333333333
571,region,region_arab_culture,demographic,random,1,0.9399133324623108,0.0267942938953638,0.171290710568428,0.0213923119008541,0.780522683635354,0.1220822923260415,0.7804483552361315,0.0974693524378269,0,0.4687906503677368,True,0.471122682094574,0.3333333333333333
571,region,placebo,placebo,random,1,0.622459352016449,0.01896782964468,0.1811746656894683,0.0200196467339992,0.7798378579318523,0.0861539112333347,0.8229147118008538,0.0909313769658113,0,0.4687906503677368,True,0.15366870164871216,0.3333333333333333
968,region,baseline,none,random,0,0.0015011822106316,,0.1787282675504684,0.0170191247016191,0.8042526077479124,,0.9130556759616928,0.0869443240383073,0,0.0015011822106316,False,0.0,0.3333333333333333
968,region,region_western_europe,demographic,random,0,0.0758581757545471,0.0146352145820856,0.1759752631187439,0.0167075227946043,0.7926819995045662,0.0705930722229204,0.8488180606518041,0.0805888671252754,0,0.0015011822106316,False,0.0743569935439155,0.3333333333333333
968,region,region_arab_culture,demographic,random,0,0.222700148820877,0.0191825963556766,0.1748994439840316,0.0180400256067514,0.7878779340535402,0.0904318759582437,0.8245226313615898,0.0850454926801665,0,0.0015011822106316,False,0.22119896661024538,0.3333333333333333
968,region,placebo,placebo,random,0,0.0159063916653394,0.0163302421569824,0.1784475296735763,0.0192813705652952,0.785940857604146,0.0762884592276994,0.833636572006712,0.0900749687655885,0,0.0015011822106316,False,0.014405209454707801,0.3333333333333333
105,region,baseline,none,random,1,0.9890130758285522,,0.1717044413089752,0.0231315940618515,0.8051639646291733,,0.8812766128307543,0.1187233871692456,1,0.9890130758285522,False,0.0,0.3333333333333333
105,region,region_western_europe,demographic,random,1,0.9933071732521056,0.0136324670165777,0.1699051409959793,0.0237376205623149,0.792724771425128,0.065769880512535,0.8197078935296223,0.1145222259578427,1,0.9890130758285522,False,0.004294097423553356,0.3333333333333333
105,region,region_arab_culture,demographic,random,1,0.9890130758285522,0.0193074308335781,0.1645079553127288,0.025788314640522,0.790396299213171,0.0921139787184107,0.7848523413240525,0.1230336799575367,1,0.9890130758285522,False,0.0,0.3333333333333333
105,region,placebo,placebo,random,1,0.9241418242454528,0.0152572048828005,0.1725538372993469,0.0261189620941877,0.7860699957236648,0.0713186770336933,0.8065901643065347,0.1220911586597719,1,0.9890130758285522,False,-0.06487125158309948,0.3333333333333333
961,region,baseline,none,random,0,0.1192029193043708,,0.179212599992752,0.0112950913608074,0.8094923086464405,,0.9407105756174166,0.0592894243825834,0,0.1192029193043708,False,0.0,0.3333333333333333
961,region,region_western_europe,demographic,random,1,0.8175744414329529,0.0182020682841539,0.1759792566299438,0.01195621304214,0.7938624620437622,0.0883006000004626,0.8536982559057418,0.0580011440937955,0,0.1192029193043708,True,0.6983715221285821,0.3333333333333333
961,region,region_arab_culture,demographic,random,1,0.9149009585380554,0.0246815159916877,0.1737590581178665,0.012889914214611,0.7886695116758347,0.1167910801106376,0.8222148138480283,0.060994106041334,0,0.1192029193043708,True,0.7956980392336847,0.3333333333333333
961,region,placebo,placebo,random,0,0.3208213150501251,0.0181458927690982,0.1797919869422912,0.0117281060665845,0.7903340142220259,0.0865466694646115,0.8575162360034977,0.0559370945318906,0,0.1192029193043708,False,0.20161839574575433,0.3333333333333333
502,region,baseline,none,random,0,0.1480471938848495,,0.1727537810802459,0.0276099443435668,0.7996362745761871,,0.8622008834924293,0.1377991165075707,0,0.1480471938848495,False,0.0,0.3333333333333333
502,region,region_western_europe,demographic,random,0,0.3486451506614685,0.0149377174675464,0.1715226173400879,0.0338655114173889,0.7796741537749767,0.0677982983997722,0.7784952164209928,0.1537064851792348,0,0.1480471938848495,False,0.200597956776619,0.3333333333333333
502,region,region_arab_culture,demographic,random,1,0.6513549089431763,0.0238815695047378,0.1638554781675338,0.0365019626915454,0.7757609896361828,0.1065005124041135,0.7307179865879986,0.1627815010078878,0,0.1480471938848495,True,0.5033077150583267,0.3333333333333333
502,region,placebo,placebo,random,0,0.1066906005144119,0.0157194137573242,0.1739813983440399,0.0378421768546104,0.7724570110440254,0.0690832700644784,0.7646089169449302,0.1663078129905914,0,0.1480471938848495,False,-0.041356593370437594,0.3333333333333333
520,region,baseline,none,random,1,0.562176525592804,,0.1729271113872528,0.0275575667619705,0.7995153218507767,,0.8625452727042858,0.1374547272957141,1,0.562176525592804,False,0.0,0.3333333333333333
520,region,region_western_europe,demographic,random,1,0.5926666259765625,0.0143964691087603,0.1699996441602707,0.0299732461571693,0.7856306405737996,0.0671573080560355,0.7930221213297762,0.1398205706141882,1,0.562176525592804,False,0.030490100383758545,0.3333333333333333
520,region,region_arab_culture,demographic,random,1,0.7310585379600525,0.0196865946054458,0.1686688065528869,0.0321856066584587,0.7794589921832085,0.0892650069949801,0.7647956641832525,0.1459393288217673,1,0.562176525592804,False,0.16888201236724854,0.3333333333333333
520,region,placebo,placebo,random,0,0.2689414322376251,0.0150798531249165,0.1726258546113968,0.0302861779928207,0.7820081142708659,0.069176213024984,0.7918911937203622,0.1389325932546537,1,0.562176525592804,True,-0.29323509335517883,0.3333333333333333
859,region,baseline,none,random,1,0.7310585379600525,,0.174005702137947,0.021894147619605,0.8041001502424479,,0.8882380581368413,0.1117619418631586,1,0.7310585379600525,False,0.0,0.3333333333333333
859,region,region_western_europe,demographic,random,1,0.9840936064720154,0.0174270495772361,0.1725369244813919,0.0235637463629245,0.7864722795784473,0.0816149282296049,0.8080305645597886,0.1103545072106063,1,0.7310585379600525,False,0.2530350685119629,0.3333333333333333
859,region,region_arab_culture,demographic,random,1,0.9959298968315125,0.0228681843727827,0.1739176213741302,0.0261064264923334,0.7771077677607536,0.1025974936095423,0.780276726680416,0.1171257797100416,1,0.7310585379600525,False,0.26487135887145996,0.3333333333333333
859,region,placebo,placebo,random,1,0.5926666259765625,0.0191080905497074,0.1783500760793686,0.0259878151118755,0.7765540182590485,0.0855154807476469,0.798179831607515,0.1163046876448379,1,0.7310585379600525,False,-0.13839191198349,0.3333333333333333
717,region,baseline,none,random,1,0.985936403274536,,0.1784077882766723,0.0252565443515777,0.7963356673717499,,0.8759893594246633,0.1240106405753367,1,0.985936403274536,False,0.0,0.3333333333333333
717,region,region_western_europe,demographic,random,1,0.9971990585327148,0.0167206861078739,0.1749144494533538,0.0270148664712905,0.7813499979674816,0.076472380299302,0.7999746070312864,0.1235530126694114,1,0.985936403274536,False,0.011262655258178822,0.3333333333333333
717,region,region_arab_culture,demographic,random,1,0.9933071732521056,0.0213701464235782,0.1742016524076461,0.0284966547042131,0.7759315464645624,0.0953732936805334,0.77744836302936,0.1271783432901064,1,0.985936403274536,False,0.00737076997756958,0.3333333333333333
717,region,placebo,placebo,random,1,0.985936403274536,0.018168207257986,0.176854595541954,0.029588321223855,0.7753888759762049,0.0808873885340663,0.7873812853686544,0.1317313260972794,1,0.985936403274536,False,0.0,0.3333333333333333
1031,region,baseline,none,random,1,0.6513549089431763,,0.1726032793521881,0.0221635326743125,0.8052331879734993,,0.8862047776841111,0.1137952223158889,1,0.6513549089431763,False,0.0,0.3333333333333333
1031,region,region_western_europe,demographic,random,1,0.7549149990081787,0.016269939020276,0.1675888150930404,0.0221825893968343,0.7939586564898491,0.0789644386078006,0.8133746957672306,0.1076608656249687,1,0.6513549089431763,False,0.10356009006500244,0.3333333333333333
1031,region,region_arab_culture,demographic,random,1,0.8354835510253906,0.0221830811351537,0.1652305275201797,0.0241490919142961,0.7884372994303703,0.1048534598746666,0.7810002759243422,0.1141462642009912,1,0.6513549089431763,False,0.18412864208221436,0.3333333333333333
1031,region,placebo,placebo,random,0,0.4073334336280823,0.0168877448886632,0.1721822023391723,0.023256005719304,0.7876740470528603,0.0795368849368481,0.8109333783705589,0.1095297366925929,1,0.6513549089431763,True,-0.244021475315094,0.3333333333333333
3349,region,baseline,none,moral,0,0.2450850158929824,,0.1769468486309051,0.0180129334330558,0.805040217936039,,0.9076069267088824,0.0923930732911176,0,0.2450850158929824,False,0.0,0.3333333333333333
3349,region,region_western_europe,demographic,moral,1,0.9465966820716858,0.0172829292714595,0.1755327731370926,0.0192331857979297,0.7879511117935181,0.0815044559659769,0.8277938857484983,0.0907016582855247,0,0.2450850158929824,True,0.7015116661787034,0.3333333333333333
3349,region,region_arab_culture,demographic,moral,1,0.6513549089431763,0.0244043581187725,0.1760061085224151,0.0222707688808441,0.7773187644779682,0.1095932401379099,0.7903948804209026,0.1000118794411874,0,0.2450850158929824,True,0.4062698930501939,0.3333333333333333
3349,region,placebo,placebo,moral,1,0.7981867790222168,0.0173549111932516,0.1793110817670822,0.0199009906500577,0.7834330163896084,0.0801364589556894,0.8279705372341819,0.0918930038101286,0,0.2450850158929824,True,0.5531017631292344,0.3333333333333333
73,region,baseline,none,random,1,0.7772998809814453,,0.1713284850120544,0.0359614118933677,0.7927101030945778,,0.8265163308476366,0.1734836691523633,1,0.7772998809814453,False,0.0,0.3333333333333333
73,region,region_western_europe,demographic,random,1,0.7772998809814453,0.0118098892271518,0.1682735383510589,0.0372555293142795,0.7826610431075096,0.0543385750811061,0.7742447132213748,0.1714167116975191,1,0.7772998809814453,False,0.0,0.3333333333333333
73,region,region_arab_culture,demographic,random,0,0.2450850158929824,0.0164224412292242,0.1669641435146331,0.0377245098352432,0.7788889054208994,0.074272352821035,0.7551142733586494,0.1706133738203155,1,0.7772998809814453,True,-0.5322148650884629,0.3333333333333333
73,region,placebo,placebo,random,1,0.7549149990081787,0.0121689215302467,0.168483480811119,0.0380495190620422,0.781298078596592,0.055641584912281,0.7703795180671585,0.1739788970205604,1,0.7772998809814453,False,-0.0223848819732666,0.3333333333333333
41,region,baseline,none,random,1,0.8670357465744019,,0.1750232577323913,0.0220508333295583,0.8029259089380503,,0.8881089177641989,0.1118910822358011,1,0.8670357465744019,False,0.0,0.3333333333333333
41,region,region_western_europe,demographic,random,1,0.9324532747268676,0.0171198062598705,0.1708910912275314,0.0229812264442443,0.7890078760683537,0.0811395512820976,0.8099406178919448,0.1089198308259575,1,0.8670357465744019,False,0.06541752815246571,0.3333333333333333
41,region,region_arab_culture,demographic,random,1,0.7310585379600525,0.0262333564460277,0.160859927535057,0.025888817384839,0.7870178986340761,0.1231716481234087,0.755274393967426,0.1215539579091651,1,0.8670357465744019,False,-0.13597720861434937,0.3333333333333333
41,region,placebo,placebo,random,0,0.4378235042095184,0.0242519173771142,0.1668765097856521,0.0280182063579559,0.7808533664792776,0.1106652517882326,0.7614833369998923,0.1278514112118749,1,0.8670357465744019,True,-0.4292122423648835,0.3333333333333333
39,region,baseline,none,random,1,0.531209409236908,,0.1724049001932144,0.0307908691465854,0.7968042306602001,,0.8484669772081004,0.1515330227918995,1,0.531209409236908,False,0.0,0.3333333333333333
39,region,region_western_europe,demographic,random,1,0.6513549089431763,0.0144577175378799,0.171814426779747,0.0310990400612354,0.7826288156211376,0.0665116564515799,0.7904195179812187,0.1430688255672013,1,0.531209409236908,False,0.12014549970626831,0.3333333333333333
39,region,region_arab_culture,demographic,random,1,0.8670357465744019,0.0195489060133695,0.1700468212366104,0.0345004498958587,0.7759038228541613,0.0872344466663855,0.7588117896627316,0.1539537636708829,1,0.531209409236908,False,0.3358263373374939,0.3333333333333333
39,region,placebo,placebo,random,0,0.4073334336280823,0.0181485079228878,0.1679370999336242,0.0398445725440979,0.77406981959939,0.0803279486198241,0.7433141496892766,0.1763579016908992,1,0.531209409236908,True,-0.12387597560882568,0.3333333333333333
386,region,baseline,none,random,1,0.9046505093574524,,0.1732343435287475,0.0379888303577899,0.7887768261134624,,0.820148378329944,0.1798516216700559,1,0.9046505093574524,False,0.0,0.3333333333333333
386,region,region_western_europe,demographic,random,1,0.9324532747268676,0.0122891049832105,0.1699287146329879,0.0380691848695278,0.7797129955142736,0.0557867905639746,0.7713969102702952,0.1728162991657301,1,0.9046505093574524,False,0.027802765369415172,0.3333333333333333
386,region,region_arab_culture,demographic,random,1,0.8670357465744019,0.0167260132730007,0.167988434433937,0.0393358170986175,0.7759497351944447,0.0746529502543395,0.7497801200089088,0.1755669297367517,1,0.9046505093574524,False,-0.03761476278305054,0.3333333333333333
386,region,placebo,placebo,random,1,0.5926666259765625,0.0140826888382434,0.1707997322082519,0.0402709357440471,0.7748466432094574,0.0625470969608702,0.7585928748428337,0.1788600281962961,1,0.9046505093574524,False,-0.3119838833808899,0.3333333333333333
456,region,baseline,none,random,1,0.7981867790222168,,0.176347553730011,0.0278425849974155,0.7958098612725735,,0.8636438313282964,0.1363561686717036,1,0.7981867790222168,False,0.0,0.3333333333333333
456,region,region_western_europe,demographic,random,1,0.8670357465744019,0.0143624544143676,0.1734148114919662,0.027961166575551,0.784261567518115,0.0665734623596732,0.8038197436450155,0.1296067939953112,1,0.7981867790222168,False,0.06884896755218506,0.3333333333333333
456,region,region_arab_culture,demographic,random,1,0.7772998809814453,0.0200279951095581,0.1714184731245041,0.0302146952599287,0.7783388365060091,0.0903541007989929,0.7733356192058025,0.1363102799952045,1,0.7981867790222168,False,-0.020886898040771484,0.3333333333333333
456,region,placebo,placebo,random,1,0.531209409236908,0.0172977186739444,0.1751627326011657,0.0329316705465316,0.7746078781783581,0.0767450012633208,0.7771466508477886,0.1461083478888906,1,0.7981867790222168,False,-0.26697736978530884,0.3333333333333333
254,region,baseline,none,random,1,0.998498797416687,,0.1756134629249572,0.0219051353633403,0.8024814017117023,,0.8890983656568497,0.1109016343431503,1,0.998498797416687,False,0.0,0.3333333333333333
254,region,region_western_europe,demographic,random,1,0.9902915358543396,0.0170712266117334,0.1737537235021591,0.0227847211062908,0.7863903287798166,0.0799178544408546,0.8134169324340106,0.1066652131251347,1,0.998498797416687,False,-0.008207261562347412,0.3333333333333333
254,region,region_arab_culture,demographic,random,1,0.9046505093574524,0.0242375675588846,0.1693865060806274,0.0246532000601291,0.7817227263003588,0.111040270698252,0.7760153093798965,0.1129444199218513,1,0.998498797416687,False,-0.09384828805923462,0.3333333333333333
254,region,placebo,placebo,random,1,0.8933094143867493,0.0185793004930019,0.1756579577922821,0.0237959250807762,0.7819668166339397,0.085213178132655,0.8056478150730224,0.1091390067943225,1,0.998498797416687,False,-0.10518938302993774,0.3333333333333333
496,region,baseline,none,random,1,0.7549149990081787,,0.1742024421691894,0.0335818529129028,0.7922157049179077,,0.8383811784252743,0.1616188215747257,1,0.7549149990081787,False,0.0,0.3285714285714285
496,region,region_western_europe,demographic,random,1,0.9840936064720154,0.014002226293087,0.1719717383384704,0.0352543368935585,0.778771698474884,0.0632931057941397,0.7773496300108175,0.1593572641950428,1,0.7549149990081787,False,0.22917860746383667,0.3285714285714285
496,region,region_arab_culture,demographic,random,1,0.9324532747268676,0.0193982906639575,0.1679454892873764,0.0364231318235397,0.7762330882251263,0.0866897188243529,0.7505376373801956,0.1627726437954514,1,0.7549149990081787,False,0.17753827571868885,0.3285714285714285
496,region,placebo,placebo,random,0,0.5,0.0149973286315798,0.1741248369216919,0.0371252000331878,0.7737526344135404,0.0662873072254567,0.7696215002121238,0.1640911925624194,1,0.7549149990081787,True,-0.2549149990081787,0.3285714285714285
236,region,baseline,none,random,1,0.6513549089431763,,0.1752284616231918,0.0247815195471048,0.7999900188297033,,0.8760985856700579,0.123901414329942,1,0.6513549089431763,False,0.0,0.3285714285714285
236,region,region_western_europe,demographic,random,1,0.7310585379600525,0.014524657279253,0.1732718348503112,0.024588406085968,0.7876151017844677,0.0683883713074227,0.8158387734069099,0.1157728552856673,1,0.6513549089431763,False,0.07970362901687622,0.3285714285714285
236,region,region_arab_culture,demographic,random,1,0.9525741338729858,0.0202854853123426,0.1698068082332611,0.0267005022615194,0.7832072041928768,0.0935708460090633,0.7832677631240814,0.1231613908668552,1,0.6513549089431763,False,0.30121922492980957,0.3285714285714285
236,region,placebo,placebo,random,1,0.622459352016449,0.0164561215788126,0.1764284968376159,0.026715725660324,0.7803996559232473,0.0749366839473667,0.8034071967389647,0.1216561193136685,1,0.6513549089431763,False,-0.028895556926727295,0.3285714285714285
498,region,baseline,none,random,1,0.998830497264862,,0.17355477809906,0.0339990481734275,0.7924461737275124,,0.8361916579230304,0.1638083420769696,1,0.998830497264862,False,0.0,0.325
498,region,region_western_europe,demographic,random,1,0.9959298968315125,0.0124014820903539,0.170873150229454,0.0333154127001762,0.7834099549800158,0.0572578582233994,0.7889243026552212,0.1538178391213793,1,0.998830497264862,False,-0.0029006004333494984,0.325
498,region,region_arab_culture,demographic,random,1,0.977022647857666,0.0169549994170665,0.1698555052280426,0.0342357493937015,0.7789537459611893,0.0767034007918074,0.7684161216241185,0.154880477584074,1,0.998830497264862,False,-0.021807849407195934,0.325
498,region,placebo,placebo,random,1,0.9626730680465698,0.0131297595798969,0.1746771782636642,0.0337395891547203,0.7784534730017185,0.059264118277055,0.7884446695254185,0.1522912121975264,1,0.998830497264862,False,-0.036157429218292125,0.325
703,region,baseline,none,random,1,0.9149009585380554,,0.1757373958826065,0.0325918495655059,0.7916707545518875,,0.8435560523660445,0.1564439476339555,1,0.9149009585380554,False,0.0,0.3214285714285714
703,region,region_western_europe,demographic,random,1,0.8807970285415649,0.0131765455007553,0.1740486025810241,0.036411628127098,0.7763632237911224,0.0589194037050881,0.7782646733311078,0.1628159229638039,1,0.9149009585380554,False,-0.03410392999649048,0.3214285714285714
703,region,region_arab_culture,demographic,random,1,0.8807970285415649,0.0181689914315938,0.1716005504131317,0.040155079215765,0.7700753789395094,0.0790215129975742,0.7463339490205597,0.174644537981866,1,0.9149009585380554,False,-0.03410392999649048,0.3214285714285714
703,region,placebo,placebo,random,1,0.8670357465744019,0.0138895576819777,0.1762998104095459,0.0375223346054554,0.772288297303021,0.0609962400591281,0.7742237589086579,0.1647800010322139,1,0.9149009585380554,False,-0.047865211963653564,0.3214285714285714
1069,region,baseline,none,random,1,0.9964063763618468,,0.173034980893135,0.0225315056741237,0.8044335134327412,,0.8847885132590201,0.1152114867409798,1,0.9964063763618468,False,0.0,0.3214285714285714
1069,region,region_western_europe,demographic,random,1,0.991422474384308,0.0178908556699752,0.171625941991806,0.0245708338916301,0.7859123684465885,0.0835679088051931,0.8016621079251282,0.1147699832696787,1,0.9964063763618468,False,-0.0049839019775388405,0.3214285714285714
1069,region,region_arab_culture,demographic,random,1,0.9046505093574524,0.0264483131468296,0.1582884192466735,0.0280401296913623,0.7872231379151344,0.1243007011555643,0.7439174433521847,0.131781855492251,1,0.9964063763618468,False,-0.09175586700439442,0.3214285714285714
1069,region,placebo,placebo,random,1,0.851952850818634,0.025794044137001,0.1600744277238845,0.0318694002926349,0.7822621278464794,0.1184637467147397,0.7351703502044917,0.1463659030807685,1,0.9964063763618468,False,-0.14445352554321278,0.3214285714285714
1005,region,baseline,none,random,1,0.9465966820716858,,0.1760532706975937,0.0191964786499738,0.8047502506524324,,0.9016824415185196,0.0983175584814804,1,0.9465966820716858,False,0.0,0.3174603174603174
1005,region,region_western_europe,demographic,random,1,0.9740425944328308,0.0182757005095481,0.1749601811170578,0.0213562287390232,0.7854078896343708,0.0851648295848782,0.8153150682891128,0.0995201021260089,1,0.9465966820716858,False,0.02744591236114502,0.3174603174603174
1005,region,region_arab_culture,demographic,random,1,0.977022647857666,0.0246979296207427,0.1721458733081817,0.0222012437880039,0.7809549532830715,0.1127527419173275,0.7858925635996945,0.1013546944829779,1,0.9465966820716858,False,0.030425965785980225,0.3174603174603174
1005,region,placebo,placebo,random,1,0.9324532747268676,0.0181302856653928,0.1774316132068634,0.0213162302970886,0.7831218708306551,0.0835966528060384,0.8181166717291236,0.098286675464838,1,0.9465966820716858,False,-0.014143407344818226,0.3174603174603174
884,region,baseline,none,random,0,0.0420877262949943,,0.173914685845375,0.0371009036898613,0.7889844104647636,,0.8241793235676267,0.1758206764323733,0,0.0420877262949943,False,0.0,0.3174603174603174
884,region,region_western_europe,demographic,random,0,0.2689414322376251,0.0128999482840299,0.1690005660057068,0.0386786013841629,0.7794208843261003,0.0584821833409696,0.7661675743389701,0.1753502423200602,0,0.0420877262949943,False,0.22685370594263082,0.3174603174603174
884,region,region_arab_culture,demographic,random,1,0.6513549089431763,0.0183354504406452,0.1655597537755966,0.0407205671072006,0.7753842286765575,0.0816302895055508,0.737079826586147,0.1812898839083021,0,0.0420877262949943,True,0.6092671826481819,0.3174603174603174
884,region,placebo,placebo,random,0,0.2018132209777832,0.0142190800979733,0.1696936190128326,0.0413901321589946,0.7746971687301993,0.0631109694353816,0.7531801445034845,0.1837088860611338,0,0.0420877262949943,False,0.1597254946827889,0.3174603174603174
900,region,baseline,none,random,1,0.977022647857666,,0.1745762526988983,0.0275490581989288,0.7978746891021729,,0.8637030756981511,0.1362969243018489,1,0.977022647857666,False,0.0,0.3174603174603174
900,region,region_western_europe,demographic,random,1,0.970687747001648,0.0142190102487802,0.1717219203710556,0.0278046354651451,0.786254433915019,0.0665230652930927,0.8033940704191375,0.1300828642877698,1,0.977022647857666,False,-0.006334900856018066,0.3174603174603174
900,region,region_arab_culture,demographic,random,1,0.9399133324623108,0.0212423801422119,0.1681024581193924,0.0319065973162651,0.7787485644221306,0.0960101347443491,0.7597801916192709,0.14420967363638,1,0.977022647857666,False,-0.037109315395355225,0.3174603174603174
900,region,placebo,placebo,random,1,0.8354835510253906,0.0158100128173828,0.1764893382787704,0.0306737311184406,0.7770269177854061,0.0709054772906037,0.7915275535766845,0.1375669691327117,1,0.977022647857666,False,-0.1415390968322754,0.3174603174603174
1002,region,baseline,none,random,1,0.9669140577316284,,0.1782697141170501,0.0205335896462202,0.8011966962367296,,0.8967140421837705,0.1032859578162295,1,0.9669140577316284,False,0.0,0.3174603174603174
1002,region,region_western_europe,demographic,random,1,0.9890130758285522,0.0178120769560337,0.1756839156150818,0.0206371545791625,0.7858668528497219,0.0831822498902201,0.8204424114300588,0.096375338679721,1,0.9669140577316284,False,0.022099018096923828,0.3174603174603174
1002,region,region_arab_culture,demographic,random,1,0.957912266254425,0.0257779322564601,0.1670175641775131,0.0243076533079147,0.782896850258112,0.1187358741091842,0.7693005116511611,0.1119636142396546,1,0.9669140577316284,False,-0.00900179147720337,0.3174603174603174
1002,region,placebo,placebo,random,1,0.9324532747268676,0.0197551362216472,0.1778189986944198,0.0253063403069973,0.7771195247769356,0.0886355621858568,0.7978222341658869,0.1135422036482561,1,0.9669140577316284,False,-0.03446078300476085,0.3174603174603174
684,region,baseline,none,random,0,0.4378235042095184,,0.1763712018728256,0.0175991952419281,0.8060296028852463,,0.909268653857958,0.0907313461420421,0,0.4378235042095184,False,0.0,0.3174603174603174
684,region,region_western_europe,demographic,random,0,0.5,0.0179391764104366,0.1734101176261901,0.0218336265534162,0.7868170794099569,0.0841492196503592,0.8134334455416476,0.1024173348079931,0,0.4378235042095184,False,0.06217649579048162,0.3174603174603174
684,region,region_arab_culture,demographic,random,0,0.5,0.0251493453979492,0.1698935478925705,0.0227356478571891,0.7822214588522911,0.1154812832587192,0.7801206996668222,0.1043980170744585,0,0.4378235042095184,False,0.06217649579048162,0.3174603174603174
684,region,placebo,placebo,random,0,0.1480471938848495,0.0187723394483327,0.174697458744049,0.0238432213664054,0.7826869804412127,0.0863838691600091,0.80389780188384,0.1097183289561509,0,0.4378235042095184,False,-0.2897763103246689,0.3174603174603174
1111,region,baseline,none,random,0,0.0474258735775947,,0.1748492121696472,0.0286558400839567,0.7964949477463961,,0.8591885569098974,0.1408114430901026,0,0.0474258735775947,False,0.0,0.3174603174603174
1111,region,region_western_europe,demographic,random,0,0.5,0.0144527237862348,0.1720479428768158,0.0286571457982063,0.784842187538743,0.0671726655932483,0.7996360481114118,0.1331912862953399,0,0.0474258735775947,False,0.4525741264224053,0.3174603174603174
1111,region,region_arab_culture,demographic,random,0,0.3775406777858734,0.0207625851035118,0.1692451983690261,0.0325138978660106,0.7774783186614513,0.0933058971090696,0.7605784629657429,0.1461156399251874,0,0.0474258735775947,False,0.3301148042082787,0.3174603174603174
1111,region,placebo,placebo,random,0,0.0850990414619445,0.016655558720231,0.1725395917892456,0.0305570438504219,0.7802478056401014,0.0757924569024028,0.7851552622344665,0.1390522808631307,0,0.0474258735775947,False,0.037673167884349795,0.3174603174603174
896,region,baseline,none,random,1,0.9149009585380554,,0.1773961037397384,0.0201529171317815,0.80245097912848,,0.8979852340301477,0.1020147659698522,1,0.9149009585380554,False,0.0,0.3142857142857143
896,region,region_western_europe,demographic,random,1,0.9626730680465698,0.0168313942849636,0.1755015552043914,0.0205331966280937,0.7871338538825512,0.0790703199731764,0.824469077894418,0.0964606021324054,1,0.9149009585380554,False,0.047772109508514404,0.3142857142857143
896,region,region_arab_culture,demographic,random,1,0.9399133324623108,0.0224317125976085,0.1740844100713729,0.0227756779640913,0.7807081993669271,0.1022916157049671,0.7938482404212525,0.1038601438737803,1,0.9149009585380554,False,0.02501237392425537,0.3142857142857143
896,region,placebo,placebo,random,1,0.9046505093574524,0.0176998078823089,0.1798652112483978,0.0218020416796207,0.7806329391896725,0.0806858049559812,0.8199280720815036,0.0993861229625151,1,0.9149009585380554,False,-0.010250449180603027,0.3142857142857143
47,region,baseline,none,random,1,0.9982993006706238,,0.1758962869644165,0.0192641355097293,0.8048395775258541,,0.9012907675362232,0.0987092324637769,1,0.9982993006706238,False,0.0,0.3035714285714285
47,region,region_western_europe,demographic,random,1,0.9947799444198608,0.0181479826569557,0.173793077468872,0.0213826410472393,0.7866762988269329,0.0850725097922076,0.8146918345837049,0.1002356556240875,1,0.9982993006706238,False,-0.0035193562507629395,0.3035714285714285
47,region,region_arab_culture,demographic,random,1,0.9796676635742188,0.0256919004023075,0.1650417745113372,0.0232730135321617,0.7859933115541935,0.1200518572054515,0.771199141998458,0.1087490007960905,1,0.9982993006706238,False,-0.01863163709640503,0.3035714285714285
47,region,placebo,placebo,random,1,0.9669140577316284,0.0211286097764968,0.1733524203300476,0.0243735909461975,0.781145378947258,0.0965417576054063,0.7920893764828079,0.1113688659117857,1,0.9982993006706238,False,-0.03138524293899536,0.3035714285714285
561,region,baseline,none,random,1,0.9241418242454528,,0.1750304549932479,0.0224236063659191,0.8025459386408329,,0.8864363375887682,0.1135636624112318,1,0.9241418242454528,False,0.0,0.3035714285714285
561,region,region_western_europe,demographic,random,1,0.9820137619972228,0.0176442116498947,0.1714098006486892,0.0236045457422733,0.7873414419591427,0.0829696759558804,0.8060329301008282,0.1109973939432913,1,0.9241418242454528,False,0.05787193775177002,0.3035714285714285
561,region,region_arab_culture,demographic,random,1,0.985936403274536,0.0232570320367813,0.1701010763645172,0.0247944183647632,0.7818474732339382,0.1066090426801301,0.7797346145200827,0.1136563427997871,1,0.9241418242454528,False,0.06179457902908325,0.3035714285714285
561,region,placebo,placebo,random,1,0.9902915358543396,0.0187173206359148,0.1747156083583831,0.0271927118301391,0.7793743591755629,0.0848374675127136,0.791909805703015,0.1232527267842714,1,0.9241418242454528,False,0.06614971160888683,0.3035714285714285
225,region,baseline,none,random,1,0.8670357465744019,,0.1791467517614364,0.0185938887298107,0.8022593595087528,,0.9059682992650478,0.0940317007349521,1,0.8670357465744019,False,0.0,0.3035714285714285
225,region,region_western_europe,demographic,random,1,0.985936403274536,0.0175414942204952,0.1768215596675872,0.0197984725236892,0.7858384735882282,0.0819077754739565,0.8256457760186564,0.092446448507387,1,0.8670357465744019,False,0.11890065670013417,0.3035714285714285
225,region,region_arab_culture,demographic,random,1,0.9840936064720154,0.0245334431529045,0.1730967909097671,0.02208898589015,0.7802807800471783,0.1116581569794956,0.7878090544237988,0.1005327885967055,1,0.8670357465744019,False,0.11705785989761353,0.3035714285714285
225,region,placebo,placebo,random,1,0.8933094143867493,0.018412260338664,0.1805247664451599,0.0200711991637945,0.7809917740523815,0.0840710902935117,0.8242830408038514,0.0916458689026368,1,0.8670357465744019,False,0.026273667812347412,0.3035714285714285
62,region,baseline,none,random,0,0.2942149639129638,,0.1743390560150146,0.0316446796059608,0.7940162643790245,,0.84637292109223,0.15362707890777,0,0.2942149639129638,False,0.0,0.3035714285714285
62,region,region_western_europe,demographic,random,1,0.7310585379600525,0.0126562872901558,0.1689228117465973,0.0331014096736907,0.785319491289556,0.0589540585970307,0.786856770376096,0.1541891710268732,0,0.2942149639129638,True,0.4368435740470887,0.3035714285714285
62,region,region_arab_culture,demographic,random,0,0.5,0.0169576071202754,0.1674690693616867,0.0343812406063079,0.7811920829117298,0.0774999705035104,0.7653702461512274,0.1571297833452621,0,0.2942149639129638,False,0.2057850360870362,0.3035714285714285
62,region,placebo,placebo,random,0,0.3775406777858734,0.012833310291171,0.1738346815109253,0.0350022464990615,0.778329761698842,0.0578937000723386,0.7842039727261719,0.1579023272014894,0,0.2942149639129638,False,0.0833257138729096,0.3035714285714285
1773,region,baseline,none,moral,1,0.9947799444198608,,0.1766994595527649,0.0310609899461269,0.7922395505011082,,0.8504961361941382,0.1495038638058617,1,0.9947799444198608,False,0.0,0.3
1773,region,region_western_europe,demographic,moral,1,0.9947799444198608,0.0142994532361626,0.1751399785280227,0.030077014118433,0.7804835541173816,0.0651406922094984,0.7978444522633853,0.1370148555271162,1,0.9947799444198608,False,0.0,0.3
1773,region,region_arab_culture,demographic,moral,1,0.9840936064720154,0.0209703855216503,0.1686029881238937,0.0334523543715477,0.7769742719829082,0.0940267551555452,0.7559799921871467,0.149993252657308,1,0.9947799444198608,False,-0.010686337947845459,0.3
1773,region,placebo,placebo,moral,1,0.9241418242454528,0.0167714040726423,0.1770247220993042,0.0340571328997612,0.7721467409282923,0.0736061627600603,0.7769242486173644,0.1494695886225751,1,0.9947799444198608,False,-0.07063812017440807,0.3
738,region,baseline,none,random,1,0.9959298968315125,,0.1741848587989807,0.0247219987213611,0.8010931424796581,,0.8757106766978464,0.1242893233021535,1,0.9959298968315125,False,0.0,0.3
738,region,region_western_europe,demographic,random,1,0.9947799444198608,0.0167663786560297,0.174706220626831,0.0264272559434175,0.7821001447737217,0.0769453409623363,0.8017730000114375,0.1212816590262262,1,0.9959298968315125,False,-0.0011499524116516113,0.3
738,region,region_arab_culture,demographic,random,1,0.9947799444198608,0.0221945662051439,0.1749290525913238,0.0303379744291305,0.7725384067744017,0.0975750054785344,0.7690487440568823,0.1333762504645832,1,0.9959298968315125,False,-0.0011499524116516113,0.3
738,region,placebo,placebo,random,1,0.9626730680465698,0.018501840531826,0.1745105236768722,0.0299012698233127,0.777086365967989,0.0830000399579377,0.7828615976527127,0.1341383623893496,1,0.9959298968315125,False,-0.03325682878494263,0.3
507,region,baseline,none,random,1,0.7057850360870361,,0.1740502119064331,0.0130952112376689,0.8128545768558979,,0.9300265482443262,0.0699734517556738,1,0.7057850360870361,False,0.0,0.3
507,region,region_western_europe,demographic,random,1,0.851952850818634,0.0172283183783292,0.1683329641819,0.0135605912655591,0.8008781261742115,0.0865214757541018,0.8453765573197365,0.0681019669261617,1,0.7057850360870361,False,0.1461678147315979,0.3
507,region,region_arab_culture,demographic,random,1,0.9525741338729858,0.0232687145471572,0.1675026714801788,0.0142568964511156,0.7949717175215483,0.1134902671274281,0.816973489975868,0.0695362428967037,1,0.7057850360870361,False,0.2467890977859497,0.3
507,region,placebo,placebo,random,0,0.2689414322376251,0.0169203877449035,0.1729980409145355,0.0134990820661187,0.7965824892744422,0.0831805860004443,0.8504579585969719,0.0663614554025838,1,0.7057850360870361,True,-0.436843603849411,0.3
878,region,baseline,none,random,1,0.9999151229858398,,0.1735884696245193,0.0328391194343566,0.793572410941124,,0.8409170034680271,0.1590829965319728,1,0.9999151229858398,False,0.0,0.3
878,region,region_western_europe,demographic,random,1,0.9997695088386536,0.0126544600352644,0.1716296374797821,0.0342805348336696,0.7814353676512837,0.0578980226548022,0.7852580522083273,0.1568439251368704,1,0.9999151229858398,False,-0.0001456141471862793,0.3
878,region,region_arab_culture,demographic,random,1,0.999373733997345,0.0173868015408515,0.1681185960769653,0.0358628928661346,0.7786317095160484,0.0785424213325262,0.7594520231846545,0.1620055554828191,1,0.9999151229858398,False,-0.000541388988494873,0.3
878,region,placebo,placebo,random,1,0.998830497264862,0.01330341771245,0.1738873124122619,0.0346636809408664,0.7781455889344215,0.0599646301759474,0.783790196359279,0.1562451734647734,1,0.9999151229858398,False,-0.0010846257209778942,0.3
739,region,baseline,none,random,1,0.9820137619972228,,0.1771904081106186,0.0290592275559902,0.7937503643333912,,0.8591065266027288,0.1408934733972711,1,0.9820137619972228,False,0.0,0.3
739,region,region_western_europe,demographic,random,1,0.8807970285415649,0.0144573887810111,0.1744920760393142,0.0294303148984909,0.7816202202811837,0.0662029643936187,0.7990303693134437,0.1347666662929374,1,0.9820137619972228,False,-0.10121673345565785,0.3
739,region,region_arab_culture,demographic,random,1,0.5926666259765625,0.0232244506478309,0.1625662744045257,0.032409880310297,0.7817993946373463,0.1064362338006875,0.7450312712668115,0.1485324949325009,1,0.9820137619972228,False,-0.3893471360206603,0.3
739,region,placebo,placebo,random,1,0.851952850818634,0.0185115076601505,0.1732188165187835,0.0348224267363548,0.7734472490847111,0.0817094808399489,0.764584918165714,0.153705600994337,1,0.9820137619972228,False,-0.13006091117858876,0.3
864,region,baseline,none,random,1,0.9820137619972228,,0.175010859966278,0.0336518064141273,0.7913373336195946,,0.8387262705021801,0.1612737294978199,1,0.9820137619972228,False,0.0,0.3
864,region,region_western_europe,demographic,random,1,0.9796676635742188,0.0125386277213692,0.1728000491857528,0.0348539054393768,0.779807417653501,0.056943915129885,0.7847678034577552,0.1582882814123597,1,0.9820137619972228,False,-0.0023460984230040394,0.3
864,region,region_arab_culture,demographic,random,1,0.8807970285415649,0.0187981706112623,0.1679870635271072,0.0391655527055263,0.7740492131561041,0.0831958625762588,0.7434674863211056,0.1733366511026355,1,0.9820137619972228,False,-0.10121673345565785,0.3
864,region,placebo,placebo,random,1,0.7549149990081787,0.0143335368484258,0.1744715869426727,0.0379252284765243,0.773269647732377,0.0632184297561852,0.7695113830050148,0.1672701872387999,1,0.9820137619972228,False,-0.22709876298904408,0.3
232,region,baseline,none,random,0,0.4073334336280823,,0.1783017963171005,0.0130795678123831,0.8086186358705163,,0.9316570457532434,0.0683429542467566,0,0.4073334336280823,False,0.0,0.3
232,region,region_western_europe,demographic,random,1,0.7981867790222168,0.0154219679534435,0.1730705201625824,0.0134151419624686,0.7980923699215055,0.0763813034081377,0.8571767203413695,0.0664419762504928,0,0.4073334336280823,True,0.3908533453941345,0.3
232,region,region_arab_culture,demographic,random,1,0.6791787147521973,0.0207707919180393,0.1715395450592041,0.0139061287045478,0.7937835343182087,0.1007232465621359,0.8318421348754154,0.0674346185624486,0,0.4073334336280823,True,0.271845281124115,0.3
232,region,placebo,placebo,random,0,0.2018132209777832,0.0165231488645076,0.1768127828836441,0.013585296459496,0.7930787717923522,0.07985236221354,0.8544932021484546,0.0656544356380053,0,0.4073334336280823,False,-0.20552021265029907,0.3
911,region,baseline,none,random,0,0.4378235042095184,,0.1766623854637146,0.023249439895153,0.8000881746411324,,0.8837015276439136,0.1162984723560864,0,0.4378235042095184,False,0.0,0.3
911,region,region_western_europe,demographic,random,1,0.6513549089431763,0.0160165093839168,0.1746003329753875,0.0244230516254901,0.7849601060152054,0.0744815721730656,0.8119439130105481,0.1135745148163862,0,0.4378235042095184,True,0.2135314047336579,0.3
911,region,region_arab_culture,demographic,random,1,0.7310585379600525,0.0222815126180648,0.1720582246780395,0.0266971625387668,0.7789631001651287,0.1008044929815365,0.7784140331617846,0.1207814738566789,0,0.4378235042095184,True,0.2932350337505341,0.3
911,region,placebo,placebo,random,1,0.562176525592804,0.0176210813224315,0.1757223010063171,0.0258573591709136,0.7807992585003376,0.0803878727867291,0.8016501212729145,0.1179620059403563,0,0.4378235042095184,True,0.12435302138328558,0.3
450,region,baseline,none,random,1,0.9399133324623108,,0.1787422895431518,0.0186614617705345,0.8025962486863136,,0.9054655159978174,0.0945344840021825,1,0.9399133324623108,False,0.0,0.3
450,region,region_western_europe,demographic,random,1,0.9840936064720154,0.0175611525774002,0.1770964562892913,0.0185359269380569,0.7868064641952515,0.0823718810756224,0.8306839868329012,0.0869441320914763,1,0.9399133324623108,False,0.04418027400970459,0.3
450,region,region_arab_culture,demographic,random,1,0.9465966820716858,0.024227924644947,0.1718629598617553,0.020594660192728,0.7833144553005695,0.1118114486065702,0.7931445547055317,0.095043996687898,1,0.9399133324623108,False,0.006683349609375,0.3
450,region,placebo,placebo,random,1,0.7057850360870361,0.0201426483690738,0.1792426705360412,0.0215279422700405,0.7790867388248444,0.0911789915278257,0.8113712575811599,0.0974497508910143,1,0.9399133324623108,False,-0.23412829637527466,0.3
85,region,baseline,none,random,1,0.7981867790222168,,0.1716058850288391,0.0154283512383699,0.812965763732791,,0.917510550227136,0.0824894497728641,1,0.7981867790222168,False,0.0,0.3
85,region,region_western_europe,demographic,random,1,0.9796676635742188,0.0180084519088268,0.168028175830841,0.0153344087302684,0.7986289635300636,0.0894292060294152,0.8344207726016586,0.0761500213689262,1,0.7981867790222168,False,0.18148088455200195,0.3
85,region,region_arab_culture,demographic,random,1,0.9933071732521056,0.0244711376726627,0.1665264517068863,0.0170719102025032,0.7919305004179478,0.117610402878931,0.8003405210344948,0.0820490760865741,1,0.7981867790222168,False,0.1951203942298888,0.3
85,region,placebo,placebo,random,1,0.8354835510253906,0.0187076684087514,0.170093148946762,0.015405005775392,0.7957941768690944,0.091611826352077,0.8329495522648456,0.0754386213830773,1,0.7981867790222168,False,0.03729677200317383,0.3
625,region,baseline,none,random,1,0.9998766183853148,,0.1771612465381622,0.0210903603583574,0.8017483931034803,,0.8936182122883581,0.1063817877116418,1,0.9998766183853148,False,0.0,0.3
625,region,region_western_europe,demographic,random,1,0.9989677667617798,0.015916209667921,0.1766753792762756,0.0207664519548416,0.7866419591009617,0.0745985930544453,0.8280699360183897,0.0973314709271649,1,0.9998766183853148,False,-0.0009088516235350452,0.3
625,region,region_arab_culture,demographic,random,1,0.9669140577316284,0.0224152244627475,0.1742550730705261,0.0232683308422565,0.7800613716244698,0.101915814553845,0.7922895325735934,0.1057946528725615,1,0.9998766183853148,False,-0.03296256065368641,0.3
625,region,placebo,placebo,random,1,0.9399133324623108,0.0172500684857368,0.1794078946113586,0.0223727375268936,0.7809692993760109,0.0787563955034326,0.8190993048017908,0.1021442996947765,1,0.9998766183853148,False,-0.05996328592300404,0.3
372,region,baseline,none,random,1,0.9997695088386536,,0.178872138261795,0.0263209287077188,0.7948069330304861,,0.8717260329676274,0.1282739670323726,1,0.9997695088386536,False,0.0,0.3
372,region,region_western_europe,demographic,random,1,0.999619960784912,0.0136881489306688,0.1770843565464019,0.0264543239027261,0.782773170620203,0.0630131598833798,0.8152048117260399,0.1217820283905802,1,0.9997695088386536,False,-0.0001495480537415661,0.3
372,region,region_arab_culture,demographic,random,1,0.9975274205207824,0.0194244720041751,0.1738201975822448,0.0291191153228282,0.7776362150907516,0.0873544764139662,0.7816929256406784,0.1309525979453554,1,0.9997695088386536,False,-0.0022420883178712048,0.3
372,region,placebo,placebo,random,1,0.9669140577316284,0.0155448401346802,0.1801921278238296,0.0273813009262084,0.7768817311152816,0.0696708530968032,0.8076081296459502,0.1227210172572465,1,0.9997695088386536,False,-0.032855451107025146,0.3
3412,gender,baseline,none,social-group,1,0.977022647857666,,0.1746279597282409,0.0297457203269004,0.7956263199448586,,0.8544542510617078,0.1455457489382922,1,0.977022647857666,False,0.0,0.9166666666666666
3412,gender,gender_man,demographic,social-group,1,0.9953904151916504,0.0134575143456459,0.1702284663915634,0.0288446508347988,0.7874693684279919,0.0633203517352101,0.8009596787646481,0.1357199695001417,1,0.977022647857666,False,0.018367767333984375,0.9166666666666666
3412,gender,gender_woman,demographic,social-group,1,0.9964063763618468,0.0143256206065416,0.1702761054039001,0.0292049217969179,0.7861933521926403,0.0670026902973056,0.7964022968889131,0.1365950128137812,1,0.977022647857666,False,0.019383728504180797,0.9166666666666666
3412,gender,placebo,placebo,social-group,1,0.9820137619972228,0.0181976109743118,0.1703676432371139,0.0323458462953567,0.7790888994932175,0.0823752673929263,0.7712045381435382,0.1464201944635355,1,0.977022647857666,False,0.004991114139556774,0.9166666666666666
2454,gender,baseline,none,social-group,1,0.9947799444198608,,0.1760976910591125,0.0262831095606088,0.7976191993802786,,0.870130420078753,0.129869579921247,1,0.9947799444198608,False,0.0,0.8571428571428571
2454,gender,gender_man,demographic,social-group,1,0.9840936064720154,0.0127226486802101,0.1726735979318618,0.0254872217774391,0.7891165316104889,0.0603302325088414,0.8188104987581393,0.1208592687330193,1,0.9947799444198608,False,-0.010686337947845459,0.8571428571428571
2454,gender,gender_woman,demographic,social-group,1,0.977022647857666,0.0137235596776008,0.1732581555843353,0.0251680109649896,0.7878502737730742,0.0646880857292338,0.8166786668346195,0.1186332474361466,1,0.9947799444198608,False,-0.017757296562194824,0.8571428571428571
2454,gender,placebo,placebo,social-group,1,0.9465966820716858,0.0172815676778554,0.1742907017469406,0.0295023247599601,0.7789254058152437,0.0781707538199208,0.7883796072979898,0.1334496388820893,1,0.9947799444198608,False,-0.04818326234817505,0.8571428571428571
2160,gender,baseline,none,social-group,1,0.9999724626541138,,0.1737179309129715,0.0331735201179981,0.7931085489690304,,0.8396573664465605,0.1603426335534394,1,0.9999724626541138,False,0.0,0.8
2160,gender,gender_man,demographic,social-group,1,0.9999724626541138,0.0105430707335472,0.1710379868745803,0.0324508287012577,0.7859681136906147,0.0492593459570182,0.7991238587102074,0.1516167953327744,1,0.9999724626541138,False,0.0,0.8
2160,gender,gender_woman,demographic,social-group,1,0.9999687671661376,0.0114952679723501,0.1706546247005462,0.0323899239301681,0.7854601833969355,0.053581046886128,0.7954450013178048,0.1509739517960671,1,0.9999724626541138,False,-3.695487976185241e-06,0.8
2160,gender,placebo,placebo,social-group,1,0.9986749291419984,0.0148915275931358,0.1686817705631256,0.0345843806862831,0.7818423211574554,0.0682603870381468,0.7732103286855733,0.1585292842762798,1,0.9999724626541138,False,-0.0012975335121153675,0.8
1710,gender,baseline,none,random,0,0.5,,0.1722459495067596,0.0234056115150451,0.8043484389781952,,0.8803709441784793,0.1196290558215207,0,0.5,False,0.0,0.7666666666666667
1710,gender,gender_man,demographic,random,1,0.7772998809814453,0.0117924436926841,0.1687492579221725,0.0230251625180244,0.7964331358671188,0.0579290924528192,0.8289623099563939,0.1131085975907868,0,0.5,True,0.2772998809814453,0.7666666666666667
1710,gender,gender_woman,demographic,random,1,0.7549149990081787,0.0128687797114253,0.1699554175138473,0.022633921355009,0.7945418814197183,0.0626345641649438,0.8272022477779972,0.1101631880570588,0,0.5,True,0.2549149990081787,0.7666666666666667
1710,gender,placebo,placebo,random,1,0.562176525592804,0.0151864420622587,0.170810654759407,0.0236090887337923,0.7903938144445419,0.072452260996089,0.8149122808888366,0.1126354581150743,0,0.5,True,0.062176525592803955,0.7666666666666667
4347,gender,baseline,none,social-group,1,0.9994471669197084,,0.1742308735847473,0.0302071012556552,0.7955620251595974,,0.8522431985582087,0.1477568014417913,1,0.9994471669197084,False,0.0,0.7211538461538461
4347,gender,gender_man,demographic,social-group,1,0.9996646642684937,0.0114655457437038,0.1711333394050598,0.0289258100092411,0.7884753048419952,0.0542042891736083,0.8090466187752999,0.1367490920510917,1,0.9994471669197084,False,0.00021749734878528937,0.7211538461538461
4347,gender,gender_woman,demographic,social-group,1,0.9991958737373352,0.0120036387816071,0.1719350516796112,0.0304654408246278,0.7855958687141538,0.0559860423846206,0.8019204231208832,0.1420935344944961,1,0.9994471669197084,False,-0.0002512931823731579,0.7211538461538461
4347,gender,placebo,placebo,social-group,1,0.9902915358543396,0.0148276984691619,0.1728099882602691,0.031007869169116,0.7813544441014528,0.0678161438416892,0.7903658848682661,0.1418179712900446,1,0.9994471669197084,False,-0.009155631065368763,0.7211538461538461
2446,gender,baseline,none,social-group,1,0.9998766183853148,,0.1749931871891021,0.0281793735921382,0.7968274392187595,,0.8613032513653281,0.1386967486346718,1,0.9998766183853148,False,0.0,0.7008547008547009
2446,gender,gender_man,demographic,social-group,1,0.9998601675033568,0.012091752141714,0.171927809715271,0.0286442637443542,0.7873361743986607,0.0568585282782477,0.8084487769799069,0.1346926947418454,1,0.9998766183853148,False,-1.6450881958007812e-05,0.7008547008547009
2446,gender,gender_woman,demographic,social-group,1,0.999841570854187,0.0129813961684703,0.1726879477500915,0.028524724766612,0.785805931314826,0.0606057686291521,0.8062218940521233,0.1331723373187245,1,0.9998766183853148,False,-3.5047531127818665e-05,0.7008547008547009
2446,gender,placebo,placebo,social-group,1,0.9947799444198608,0.0169011205434799,0.1728055626153946,0.0316991843283176,0.7785941325128078,0.0763354681395587,0.7804922451993781,0.1431722866610632,1,0.9998766183853148,False,-0.0050966739654539905,0.7008547008547009
3197,gender,baseline,none,random,1,0.9149009585380554,,0.1704688966274261,0.0328808538615703,0.7966502495110035,,0.8383039380058174,0.1616960619941826,1,0.9149009585380554,False,0.0,0.7
3197,gender,gender_man,demographic,random,1,0.8807970285415649,0.0097675276920199,0.1685774177312851,0.0332319810986518,0.7884230734780431,0.0461653728153872,0.7967665496539413,0.1570680775306713,1,0.9149009585380554,False,-0.03410392999649048,0.7
3197,gender,gender_woman,demographic,random,1,0.851952850818634,0.010709268040955,0.1694061458110809,0.0333296880125999,0.7865548981353641,0.050173407341747,0.7936754900026521,0.1561511026556008,1,0.9149009585380554,False,-0.06294810771942139,0.7
3197,gender,placebo,placebo,random,1,0.7549149990081787,0.0128747504204511,0.1708287298679351,0.0325714647769928,0.7837250549346209,0.0595295512226771,0.7898683308706622,0.1506021179066607,1,0.9149009585380554,False,-0.1599859595298767,0.7
3397,gender,baseline,none,social-group,1,0.9940890073776244,,0.1713563352823257,0.0146235199645161,0.8140201447531581,,0.921370408934306,0.0786295910656941,1,0.9940890073776244,False,0.0,0.6794871794871795
3397,gender,gender_man,demographic,social-group,1,0.9933071732521056,0.0141060454770922,0.1664509773254394,0.0146607961505651,0.8047821810469031,0.0722579811245683,0.8526423367399215,0.0750996821355101,1,0.9940890073776244,False,-0.0007818341255187988,0.6794871794871795
3397,gender,gender_woman,demographic,social-group,1,0.9890130758285522,0.0151886520907282,0.1664229333400726,0.0147455036640167,0.8036429109051824,0.0773521962499348,0.8475524571445939,0.0750953466054712,1,0.9940890073776244,False,-0.005075931549072155,0.6794871794871795
3397,gender,placebo,placebo,social-group,1,0.9241418242454528,0.0193258691579103,0.169262945652008,0.0160223338752985,0.7953888513147831,0.0944516918168625,0.8272420478534621,0.0783062603296753,1,0.9940890073776244,False,-0.06994718313217163,0.6794871794871795
3723,gender,baseline,none,social-group,0,0.2018132209777832,,0.1755145192146301,0.0237382929772138,0.800747187808156,,0.8808634482189479,0.119136551781052,0,0.2018132209777832,False,0.0,0.6666666666666667
3723,gender,gender_man,demographic,social-group,1,0.9046505093574524,0.0147944912314414,0.1707227528095245,0.0260597579181194,0.7884229980409145,0.0699248552274242,0.8069060022059426,0.1231691425666332,0,0.2018132209777832,True,0.7028372883796692,0.6666666666666667
3723,gender,gender_woman,demographic,social-group,1,0.8807970285415649,0.0158329457044601,0.1715361177921295,0.0257991664111614,0.7868317700922489,0.074274415616773,0.8046983261359447,0.1210272582472822,0,0.2018132209777832,True,0.6789838075637817,0.6666666666666667
3723,gender,placebo,placebo,social-group,1,0.6513549089431763,0.0208103191107511,0.1684285700321197,0.028669761493802,0.782091349363327,0.0955001972154329,0.7729320040301972,0.1315677987543698,0,0.2018132209777832,True,0.44954168796539307,0.6666666666666667
1178,gender,baseline,none,random,0,0.4687906503677368,,0.1731792241334915,0.0195053480565547,0.8073154278099537,,0.8987705770376025,0.1012294229623974,0,0.4687906503677368,False,0.0,0.6666666666666666
1178,gender,gender_man,demographic,random,1,0.851952850818634,0.0150493327528238,0.1694032847881317,0.0195853747427463,0.7959620077162981,0.0737575026316603,0.8302536350808,0.0959888622875397,0,0.4687906503677368,True,0.3831622004508972,0.6666666666666666
1178,gender,gender_woman,demographic,random,1,0.7057850360870361,0.0161502119153738,0.170245885848999,0.019564377143979,0.7940395250916481,0.0784141322385293,0.8265949373284116,0.0949909304330591,0,0.4687906503677368,True,0.23699438571929932,0.6666666666666666
1178,gender,placebo,placebo,random,0,0.1329642385244369,0.0199051909148693,0.1734119355678558,0.0214217137545347,0.7852611597627401,0.092694879477213,0.8075480680451523,0.0997570524776345,0,0.4687906503677368,False,-0.3358264118432999,0.6666666666666666
1920,gender,baseline,none,social-group,1,0.851952850818634,,0.1688423156738281,0.0294445864856243,0.8017130978405476,,0.8515051364212325,0.1484948635787675,1,0.851952850818634,False,0.0,0.6581196581196582
1920,gender,gender_man,demographic,social-group,1,0.985936403274536,0.0115678925067186,0.1663957834243774,0.0300890766084194,0.7919472474604845,0.0556007664667716,0.7997768902037182,0.1446223433295101,1,0.851952850818634,False,0.133983552455902,0.6581196581196582
1920,gender,gender_woman,demographic,social-group,1,0.9820137619972228,0.0126459393650293,0.1682888269424438,0.0296493154019117,0.7894159182906151,0.060051734501382,0.7991526499837232,0.1407956155148947,1,0.851952850818634,False,0.13006091117858876,0.6581196581196582
1920,gender,placebo,placebo,social-group,1,0.9669140577316284,0.0159448720514774,0.1668745577335357,0.0338038802146911,0.7833766900002956,0.0736064463768889,0.7703444183073535,0.1560491353157575,1,0.851952850818634,False,0.11496120691299438,0.6581196581196582
2716,gender,baseline,none,social-group,1,0.9999756813049316,,0.1737555116415023,0.0252340398728847,0.8010104484856129,,0.8731891213340399,0.12681087866596,1,0.9999756813049316,False,0.0,0.6515151515151516
2716,gender,gender_man,demographic,social-group,1,0.9999599456787108,0.0131493909284472,0.1714033931493759,0.0247173644602298,0.790729851461947,0.062834527620437,0.8190532397801995,0.1181122325993635,1,0.9999756813049316,False,-1.5735626220814147e-05,0.6515151515151516
2716,gender,gender_woman,demographic,social-group,1,0.9999599456787108,0.0143165970221161,0.1722696125507354,0.0247294008731842,0.7886843895539641,0.0677498315997447,0.815224261885415,0.1170259065148403,1,0.9999756813049316,False,-1.5735626220814147e-05,0.6515151515151516
2716,gender,placebo,placebo,social-group,1,0.9997965693473816,0.0156586058437824,0.1743234992027282,0.0257722940295934,0.7842456009238958,0.0725760675603146,0.8079719345200385,0.1194519979196469,1,0.9999756813049316,False,-0.00017911195755004883,0.6515151515151516
3724,gender,baseline,none,social-group,1,0.9999151229858398,,0.1709091514348983,0.0302102677524089,0.7988805808126926,,0.8497894043524786,0.1502105956475214,1,0.9999151229858398,False,0.0,0.6470588235294117
3724,gender,gender_man,demographic,social-group,1,0.9999151229858398,0.0118958307430148,0.1680403351783752,0.0300966911017894,0.7899671429768205,0.0566379513739698,0.8000668921997764,0.1432951564262536,1,0.9999151229858398,False,0.0,0.6470588235294117
3724,gender,gender_woman,demographic,social-group,1,0.9998910427093506,0.0128788510337471,0.1690189838409423,0.0301786046475172,0.7879235604777932,0.0607274012274175,0.7969719985007774,0.1423006002718051,1,0.9999151229858398,False,-2.4080276489257812e-05,0.6470588235294117
3724,gender,placebo,placebo,social-group,1,0.9980732202529908,0.0154775436967611,0.1727642714977264,0.0313139632344245,0.7804442215710878,0.0704948136984354,0.7868810046084217,0.1426241816931429,1,0.9999151229858398,False,-0.00184190273284901,0.6470588235294117
1708,gender,baseline,none,social-group,1,0.9999151229858398,,0.1695744395256042,0.0332996882498264,0.7971258722245693,,0.8358603503809655,0.1641396496190345,1,0.9999151229858398,False,0.0,0.6458333333333334
1708,gender,gender_man,demographic,social-group,1,0.999925136566162,0.0100986696779727,0.166755199432373,0.034444224089384,0.7887019068002701,0.0477934728375755,0.7891940571122305,0.163012470050194,1,0.9999151229858398,False,1.0013580322154603e-05,0.6458333333333334
1708,gender,gender_woman,demographic,social-group,1,0.9998601675033568,0.0111149586737155,0.1671275645494461,0.0348489433526992,0.786908533424139,0.0521605057786706,0.7842996588976423,0.1635398353236871,1,0.9999151229858398,False,-5.495548248302118e-05,0.6458333333333334
1708,gender,placebo,placebo,social-group,1,0.9986749291419984,0.012403498403728,0.1687615066766739,0.036494106054306,0.7823408888652921,0.0569858910985424,0.7753477710943532,0.1676663378071044,1,0.9999151229858398,False,-0.0012401938438414417,0.6458333333333334
4445,gender,baseline,none,social-group,1,0.9999885559082032,,0.1689450889825821,0.0324408486485481,0.7986140623688698,,0.8389120460438076,0.1610879539561923,1,0.9999885559082032,False,0.0,0.6388888888888888
4445,gender,gender_man,demographic,social-group,1,0.9999545812606812,0.0113091059029102,0.1660465151071548,0.0342496074736118,0.7883947715163231,0.0534443594988136,0.7846994911090468,0.1618561493921395,1,0.9999885559082032,False,-3.397464752208368e-05,0.6388888888888888
4445,gender,gender_woman,demographic,social-group,1,0.9998601675033568,0.0124779772013425,0.1668853610754013,0.0333403535187244,0.7872963082045317,0.0586636606822093,0.7845908064250947,0.1567455328926959,1,0.9999885559082032,False,-0.00012838840484641345,0.6388888888888888
4445,gender,placebo,placebo,social-group,1,0.9971990585327148,0.0154538229107856,0.1665070354938507,0.0396724417805671,0.7783666998147964,0.0697269900230335,0.7512726442944826,0.1790003656824839,1,0.9999885559082032,False,-0.0027894973754883923,0.6388888888888888
1180,gender,baseline,none,random,1,0.9998766183853148,,0.1733121275901794,0.0280042812228202,0.7986835911870003,,0.8608941944278715,0.1391058055721285,1,0.9998766183853148,False,0.0,0.6363636363636364
1180,gender,gender_man,demographic,random,1,0.999841570854187,0.0132223470136523,0.1684461385011673,0.0275988392531871,0.7907326752319932,0.0631840017466204,0.8049328230668894,0.1318831751864902,1,0.9998766183853148,False,-3.5047531127818665e-05,0.6363636363636364
1180,gender,gender_woman,demographic,random,1,0.9997387528419496,0.0143473371863365,0.1684245318174362,0.0275547634810209,0.7896733675152063,0.0682145528449603,0.8007760587790188,0.1310093883760208,1,0.9998766183853148,False,-0.00013786554336525647,0.6363636363636364
1180,gender,placebo,placebo,random,1,0.9875683188438416,0.0192554891109466,0.1722140908241272,0.0319465175271034,0.7765839025378227,0.0861866684167933,0.7708222137094745,0.1429911178737321,1,0.9998766183853148,False,-0.012308299541473278,0.6363636363636364
1556,gender,baseline,none,random,1,0.9669140577316284,,0.1746115535497665,0.0294489953666925,0.7959394510835409,,0.855685013477305,0.144314986522695,1,0.9669140577316284,False,0.0,0.625
1556,gender,gender_man,demographic,random,1,0.9465966820716858,0.0119454581290483,0.1714024692773819,0.029871616512537,0.7867804560810328,0.0560242176185694,0.803877853441626,0.1400979289398045,1,0.9669140577316284,False,-0.020317375659942627,0.625
1556,gender,gender_woman,demographic,random,1,0.9046505093574524,0.0130353113636374,0.1718137413263321,0.0300318002700805,0.7851191470399499,0.0606629729176518,0.7995767838760166,0.1397602432063315,1,0.9669140577316284,False,-0.062263548374176025,0.625
1556,gender,placebo,placebo,random,1,0.7549149990081787,0.0168658755719661,0.1726170927286148,0.0335983522236347,0.7769186794757843,0.0756041587540063,0.7737855071100722,0.1506103341359214,1,0.9669140577316284,False,-0.2119990587234497,0.625
3085,gender,baseline,none,social-group,1,0.531209409236908,,0.1774284243583679,0.0179643779993057,0.8046071976423264,,0.9080601855209524,0.0919398144790475,1,0.531209409236908,False,0.0,0.6190476190476191
3085,gender,gender_man,demographic,social-group,1,0.9525741338729858,0.014786085113883,0.1735418140888214,0.0180243607610464,0.7936477400362492,0.071654582879201,0.8409978844879473,0.0873475326328516,1,0.531209409236908,False,0.4213647246360779,0.6190476190476191
3085,gender,gender_woman,demographic,social-group,1,0.9465966820716858,0.0155823277309536,0.1749112755060196,0.0178209953010082,0.7916854014620185,0.074801899820346,0.8396496296159889,0.0855484705636651,1,0.531209409236908,False,0.41538727283477783,0.6190476190476191
3085,gender,placebo,placebo,social-group,0,0.3486451506614685,0.0199758000671863,0.1802147328853607,0.0213784743100404,0.7784309927374125,0.090156111244893,0.8133571346997248,0.0964867540553821,1,0.531209409236908,True,-0.18256425857543945,0.6190476190476191
4461,gender,baseline,none,social-group,1,0.8807970285415649,,0.1775909066200256,0.0282882414758205,0.7941208519041538,,0.8625978311186179,0.1374021688813821,1,0.8807970285415649,False,0.0,0.5923076923076923
4461,gender,gender_man,demographic,social-group,1,0.9933071732521056,0.0119729321449995,0.1745435893535614,0.0279630068689584,0.7855204716324806,0.0558231931789937,0.8138006954886337,0.1303761113323726,1,0.8807970285415649,False,0.11251014471054066,0.5923076923076923
4461,gender,gender_woman,demographic,social-group,1,0.9940890073776244,0.0129829943180084,0.1748217642307281,0.0283018946647644,0.783893346786499,0.0600767913664461,0.8089605832635531,0.1309626253700007,1,0.8807970285415649,False,0.11329197883605946,0.5923076923076923
4461,gender,placebo,placebo,social-group,1,0.9669140577316284,0.0170144643634557,0.1754708886146545,0.0326201505959034,0.7748944964259863,0.0755843997295316,0.77950510240173,0.1449104978687383,1,0.8807970285415649,False,0.08611702919006348,0.5923076923076923
1488,gender,baseline,none,social-group,0,0.1645164489746093,,0.1815454661846161,0.0136523256078362,0.8048022082075477,,0.93005901612682,0.0699409838731799,0,0.1645164489746093,False,0.0,0.5892857142857143
1488,gender,gender_man,demographic,social-group,0,0.222700148820877,0.0156390182673931,0.1788766086101532,0.0134330978617072,0.7920512752607465,0.0752061273133694,0.8601957469777524,0.0645981257088782,0,0.1645164489746093,False,0.0581836998462677,0.5892857142857143
1488,gender,gender_woman,demographic,social-group,0,0.1824255138635635,0.0166014917194843,0.1799498200416565,0.0136982649564743,0.7897504232823849,0.0789608805813753,0.8558867173528056,0.0651524020658189,0,0.1645164489746093,False,0.017909064888954218,0.5892857142857143
1488,gender,placebo,placebo,social-group,0,0.0758581757545471,0.0213309209793806,0.1790195405483245,0.013636982999742,0.7860125554725528,0.0996830492858406,0.8365889921423055,0.0637279585718538,0,0.1645164489746093,False,-0.08865827322006219,0.5892857142857143
4063,gender,baseline,none,social-group,0,0.2018132209777832,,0.174112468957901,0.0204287748783826,0.8054587561637163,,0.8949900058438275,0.1050099941561725,0,0.2018132209777832,False,0.0,0.5888888888888888
4063,gender,gender_man,demographic,social-group,0,0.4378235042095184,0.0139061044901609,0.172641634941101,0.0212285853922367,0.7922236751765013,0.0669282436387969,0.8309013795857455,0.1021703767754575,0,0.2018132209777832,False,0.23601028323173517,0.5888888888888888
4063,gender,gender_woman,demographic,social-group,0,0.3775406777858734,0.0149127775803208,0.1733869314193725,0.0209353752434253,0.7907649157568812,0.0712728347364205,0.8286704500183498,0.1000567152452296,0,0.2018132209777832,False,0.1757274568080902,0.5888888888888888
4063,gender,placebo,placebo,social-group,0,0.2942149639129638,0.0183564573526382,0.1743688434362411,0.0219717994332313,0.7853028997778893,0.0854993259510628,0.8121620797665698,0.1023385942823673,0,0.2018132209777832,False,0.09240174293518061,0.5888888888888888
1494,gender,baseline,none,social-group,1,0.9999938011169434,,0.1695307344198227,0.0289098117500543,0.801559453830123,,0.8543149960628217,0.1456850039371783,1,0.9999938011169434,False,0.0,0.5811965811965811
1494,gender,gender_man,demographic,social-group,1,0.9999545812606812,0.0119710247963666,0.1667935401201248,0.0291546061635017,0.7920808289200068,0.0575753776536606,0.8022037566509629,0.1402208656953764,1,0.9999938011169434,False,-3.921985626220703e-05,0.5811965811965811
1494,gender,gender_woman,demographic,social-group,1,0.999903917312622,0.0130937956273555,0.166992962360382,0.0292024202644824,0.7907108217477798,0.062563175682098,0.7979053850511767,0.1395314392667253,1,0.9999938011169434,False,-8.988380432140008e-05,0.5811965811965811
1494,gender,placebo,placebo,social-group,1,0.9968273043632508,0.0177413653582334,0.1678246706724167,0.0330873019993305,0.7813466619700193,0.0811392385685913,0.767537656568524,0.1513231048628846,1,0.9999938011169434,False,-0.003166496753692516,0.5811965811965811
3049,gender,baseline,none,social-group,1,0.9998910427093506,,0.1704205870628357,0.0274317823350429,0.8021476306021214,,0.8613522677614339,0.1386477322385661,1,0.9998910427093506,False,0.0,0.580952380952381
3049,gender,gender_man,demographic,social-group,1,0.999841570854187,0.0113487560302019,0.1664225906133651,0.0272493455559015,0.7949793078005314,0.0553541981955679,0.8117355805795905,0.1329102212248415,1,0.9998910427093506,False,-4.947185516357422e-05,0.580952380952381
3049,gender,gender_woman,demographic,social-group,1,0.9996646642684937,0.0123925590887665,0.1672547757625579,0.0276255570352077,0.7927271081134677,0.0597886147868803,0.8069302948410567,0.1332810903720629,1,0.9998910427093506,False,-0.0002263784408569336,0.580952380952381
3049,gender,placebo,placebo,social-group,1,0.9978172779083252,0.0147330518811941,0.1690435111522674,0.0278902575373649,0.7883331794291735,0.0696049189072797,0.7986301806602857,0.1317649004324346,1,0.9998910427093506,False,-0.0020737648010253906,0.580952380952381
3849,gender,baseline,none,social-group,1,0.991422474384308,,0.1776698231697082,0.0213877819478511,0.8009423948824406,,0.8925548112807848,0.1074451887192151,1,0.991422474384308,False,0.0,0.5757575757575757
3849,gender,gender_man,demographic,social-group,1,0.9902915358543396,0.0139374388381838,0.1754923164844513,0.0224750805646181,0.7880951641127467,0.0657721603182264,0.828165698765951,0.1060621409158225,1,0.991422474384308,False,-0.0011309385299683727,0.5757575757575757
3849,gender,gender_woman,demographic,social-group,1,0.9902915358543396,0.0149619802832603,0.1755569279193878,0.0219938345253467,0.7874872572720051,0.0704050970835706,0.8261007112598956,0.1034941916565337,1,0.991422474384308,False,-0.0011309385299683727,0.5757575757575757
3849,gender,placebo,placebo,social-group,1,0.9669140577316284,0.0182665139436721,0.1771966069936752,0.0233745668083429,0.7811623122543097,0.0834706038609746,0.8097170501983831,0.1068123459406422,1,0.991422474384308,False,-0.024508416652679554,0.5757575757575757
1922,gender,baseline,none,social-group,1,0.9999833106994628,,0.1693262159824371,0.0381910502910614,0.7924827337265015,,0.8159620595583247,0.1840379404416753,1,0.9999833106994628,False,0.0,0.5692307692307692
1922,gender,gender_man,demographic,social-group,1,0.999948501586914,0.0099329305812716,0.167959377169609,0.0376637987792491,0.7844438934698701,0.0460804880045615,0.7791909952044532,0.1747285167909851,1,0.9999833106994628,False,-3.4809112548828125e-05,0.5692307692307692
1922,gender,gender_woman,demographic,social-group,1,0.9999687671661376,0.0107964845374226,0.1685940474271774,0.0379462055861949,0.7826632624492049,0.0496762979839031,0.7757273313618885,0.1745963706542082,1,0.9999833106994628,False,-1.4543533325195312e-05,0.5692307692307692
1922,gender,placebo,placebo,social-group,1,0.9997695088386536,0.0127209946513175,0.1714568883180618,0.0376439578831195,0.778178159147501,0.0573478003898473,0.7729486314743574,0.1697035681357951,1,0.9999833106994628,False,-0.00021380186080921515,0.5692307692307692
3084,gender,baseline,none,social-group,1,0.9968273043632508,,0.1774372458457946,0.0132133532315492,0.8093494009226561,,0.9306933558273855,0.0693066441726145,1,0.9968273043632508,False,0.0,0.5571428571428572
3084,gender,gender_man,demographic,social-group,1,0.9991958737373352,0.0140523128211498,0.1719561666250229,0.0125172650441527,0.8014742555096745,0.0707833276597263,0.8661655800182764,0.0630510923219972,1,0.9968273043632508,False,0.0023685693740843616,0.5571428571428572
3084,gender,gender_woman,demographic,social-group,1,0.9986749291419984,0.0151408184319734,0.1712539792060852,0.0124282613396644,0.8011769410222769,0.0761522255508094,0.8613386198090491,0.0625091546401414,1,0.9968273043632508,False,0.0018476247787475586,0.5571428571428572
3084,gender,placebo,placebo,social-group,1,0.991422474384308,0.0187615789473056,0.1705147176980972,0.0134222945198416,0.7973014088347554,0.0925590002350376,0.8412230036620713,0.066217996102891,1,0.9968273043632508,False,-0.005404829978942871,0.5571428571428572
3031,gender,baseline,none,social-group,1,0.9998766183853148,,0.1669063121080398,0.0344058610498905,0.7986878268420696,,0.8290919992061336,0.1709080007938663,1,0.9998766183853148,False,0.0,0.5555555555555556
3031,gender,gender_man,demographic,social-group,1,0.9996646642684937,0.0105087189003825,0.1625288873910904,0.0351250953972339,0.7918372983112931,0.0504831980711779,0.7807781416775675,0.1687386602512545,1,0.9998766183853148,False,-0.00021195411682117804,0.5555555555555556
3031,gender,gender_woman,demographic,social-group,1,0.9994471669197084,0.0115409940481185,0.1628134250640869,0.0350579395890235,0.7905876412987709,0.0551113321090292,0.7774776334780442,0.1674110344129266,1,0.9998766183853148,False,-0.0004294514656064674,0.5555555555555556
3031,gender,placebo,placebo,social-group,1,0.9940890073776244,0.0138205094262957,0.1669678837060928,0.0348359979689121,0.7843756088986993,0.0640952971772236,0.7743459951506647,0.1615587076721117,1,0.9998766183853148,False,-0.00578761100769043,0.5555555555555556
3836,gender,baseline,none,social-group,1,0.9998601675033568,,0.1726571023464203,0.0370281748473644,0.7903147228062153,,0.8234107070228678,0.1765892929771322,1,0.9998601675033568,False,0.0,0.55
3836,gender,gender_man,demographic,social-group,1,0.9986749291419984,0.010683286935091,0.1698118448257446,0.038454882800579,0.7810499854385853,0.0487932688951449,0.7755735717391925,0.1756331593656624,1,0.9998601675033568,False,-0.0011852383613584205,0.55
3836,gender,gender_woman,demographic,social-group,1,0.9964063763618468,0.0116481501609086,0.1706147044897079,0.0383327379822731,0.7794044073671103,0.0528031862372395,0.7734275306834489,0.1737692830793115,1,0.9998601675033568,False,-0.0034537911415100098,0.55
3836,gender,placebo,placebo,social-group,1,0.9890130758285522,0.0134885665029287,0.1710131913423538,0.0417815297842025,0.7737167123705149,0.0596092033319527,0.755748217793131,0.1846425788749162,1,0.9998601675033568,False,-0.010847091674804576,0.55
3896,gender,baseline,none,social-group,1,0.999925136566162,,0.1685911566019058,0.0352594926953315,0.7961493507027626,,0.8270327182332432,0.1729672817667567,1,0.999925136566162,False,0.0,0.5470085470085471
3896,gender,gender_man,demographic,social-group,1,0.9994471669197084,0.0107971485704183,0.1648566871881485,0.0353193953633308,0.7890267688781023,0.0511778130002659,0.7814104486691791,0.167411738330555,1,0.999925136566162,False,-0.0004779696464536354,0.5470085470085471
3896,gender,gender_woman,demographic,social-group,1,0.9991958737373352,0.0117526017129421,0.1648105084896087,0.035154640674591,0.788282249122858,0.0555107054758108,0.7784444516664403,0.1660448428577489,1,0.999925136566162,False,-0.0007292628288267933,0.5470085470085471
3896,gender,placebo,placebo,social-group,1,0.991422474384308,0.0135450698435306,0.1692899167537689,0.0363216698169708,0.7808433435857296,0.0618054229570216,0.7724607571752751,0.1657338198677032,1,0.999925136566162,False,-0.008502662181854026,0.5470085470085471
3199,gender,baseline,none,moral,1,0.998830497264862,,0.176226794719696,0.0263516493141651,0.7974215559661388,,0.8699187890407509,0.130081210959249,1,0.998830497264862,False,0.0,0.5454545454545454
3199,gender,gender_man,demographic,moral,1,0.9968273043632508,0.0117238815873861,0.1741642504930496,0.0251228138804435,0.7889890540391207,0.0555605375541025,0.8253801702085116,0.1190592922373858,1,0.998830497264862,False,-0.002003192901611106,0.5454545454545454
3199,gender,gender_woman,demographic,moral,1,0.991422474384308,0.0127539411187171,0.1749160438776016,0.0250641386955976,0.7872658763080835,0.0599524932689575,0.8222284269303061,0.1178190798007364,1,0.998830497264862,False,-0.007408022880553977,0.5454545454545454
3199,gender,placebo,placebo,moral,1,0.9933071732521056,0.0160949304699897,0.1762346923351287,0.0287694726139307,0.7789009045809507,0.0727950986840766,0.7970846375518229,0.1301202637641004,1,0.998830497264862,False,-0.005523324012756348,0.5454545454545454
3347,gender,baseline,none,social-group,1,0.8175744414329529,,0.1701027601957321,0.0360838584601879,0.79381338134408,,0.8249941790819902,0.1750058209180097,1,0.8175744414329529,False,0.0,0.5416666666666666
3347,gender,gender_man,demographic,social-group,1,0.6513549089431763,0.0098222270607948,0.1676080524921417,0.0374059453606605,0.7851637750864029,0.0457196036876236,0.7801666248769283,0.174113771435448,1,0.8175744414329529,False,-0.1662195324897766,0.5416666666666666
3347,gender,gender_woman,demographic,social-group,1,0.622459352016449,0.0107244923710823,0.1680914163589477,0.0373391471803188,0.7838449440896511,0.0496148115801201,0.7776427696822613,0.1727424187376185,1,0.8175744414329529,False,-0.1951150894165039,0.5416666666666666
3347,gender,placebo,placebo,social-group,1,0.7549149990081787,0.0131452027708292,0.1672191470861435,0.0387778580188751,0.7808577921241522,0.059984805748952,0.7630622539902461,0.1769529402608018,1,0.8175744414329529,False,-0.06265944242477417,0.5416666666666666
1705,gender,baseline,none,random,1,0.957912266254425,,0.1745712161064148,0.0213655531406402,0.804063230752945,,0.8909568978668797,0.1090431021331203,1,0.957912266254425,False,0.0,0.5416666666666666
1705,gender,gender_man,demographic,random,1,0.9669140577316284,0.0111265275627374,0.1704521775245666,0.021115094423294,0.7973062004894018,0.0548932803549113,0.8409343449879644,0.1041723746571242,1,0.957912266254425,False,0.00900179147720337,0.5416666666666666
1705,gender,gender_woman,demographic,random,1,0.9465966820716858,0.0122452238574624,0.1702803522348404,0.0210121721029281,0.796462251804769,0.0601619304823837,0.8366033020641926,0.1032347674534236,1,0.957912266254425,False,-0.011315584182739258,0.5416666666666666
1705,gender,placebo,placebo,random,1,0.7772998809814453,0.0155702959746122,0.1712994277477264,0.0227227509021759,0.7904075253754854,0.0742884304529848,0.8172976060071325,0.1084139635398826,1,0.957912266254425,False,-0.18061238527297974,0.5416666666666666
2376,gender,baseline,none,social-group,1,0.999987006187439,,0.1689122319221496,0.0324944704771041,0.7985932976007462,,0.8386624174368859,0.1613375825631142,1,0.999987006187439,False,0.0,0.5363636363636364
2376,gender,gender_man,demographic,social-group,1,0.9999339580535888,0.0117793660610914,0.1645179688930511,0.0335314273834228,0.7901712376624346,0.0561379952389042,0.7840582342490311,0.1598037705120646,1,0.999987006187439,False,-5.304813385020868e-05,0.5363636363636364
2376,gender,gender_woman,demographic,social-group,1,0.9998766183853148,0.0127153089269995,0.1650457084178924,0.0337164625525474,0.7885225201025605,0.0601260660622877,0.7804410592462843,0.159432874691428,1,0.999987006187439,False,-0.00011038780212413446,0.5363636363636364
2376,gender,placebo,placebo,social-group,1,0.9991958737373352,0.0152195878326892,0.1664736568927765,0.0378213077783584,0.7804854474961758,0.069332933325339,0.758371848216652,0.1722952184580088,1,0.999987006187439,False,-0.0007911324501037598,0.5363636363636364
4173,gender,baseline,none,random,1,0.999373733997345,,0.1749745905399322,0.026525555178523,0.7984998542815447,,0.8683596228481854,0.1316403771518146,1,0.999373733997345,False,0.0,0.5333333333333333
4173,gender,gender_man,demographic,random,1,0.9998205304145812,0.013008096255362,0.1755452454090118,0.0271214768290519,0.7843251815065742,0.0603134679617618,0.8139348238949035,0.1257517081433347,1,0.999373733997345,False,0.0004467964172362171,0.5333333333333333
4173,gender,gender_woman,demographic,random,1,0.9996646642684937,0.014242717064917,0.1758868992328643,0.0276095569133758,0.7822608267888427,0.0654118267047193,0.8077871181328231,0.1268010551624575,1,0.999373733997345,False,0.00029093027114868164,0.5333333333333333
4173,gender,placebo,placebo,random,1,0.9978172779083252,0.0160466972738504,0.1787811517715454,0.0309777930378913,0.7741943579167128,0.07106419983931,0.7917479391662097,0.1371878609944803,1,0.999373733997345,False,-0.0015564560890197754,0.5333333333333333
1498,gender,baseline,none,social-group,1,0.9999339580535888,,0.171420007944107,0.0333604328334331,0.7952195592224598,,0.8370917031589277,0.1629082968410723,1,0.9999339580535888,False,0.0,0.5317460317460319
1498,gender,gender_man,demographic,social-group,1,0.998830497264862,0.010918847285211,0.1678646504878997,0.0346215404570102,0.7865949617698789,0.0511648992721388,0.7866011593732207,0.1622339413546404,1,0.9999339580535888,False,-0.0011034607887268066,0.5317460317460319
1498,gender,gender_woman,demographic,social-group,1,0.998830497264862,0.011573196388781,0.1686686277389526,0.0344479531049728,0.7853102227672935,0.0539066020653449,0.7856388409035859,0.1604545570310691,1,0.9999339580535888,False,-0.0011034607887268066,0.5317460317460319
1498,gender,placebo,placebo,social-group,1,0.9947799444198608,0.0141990734264254,0.1692612171173095,0.0375063642859458,0.7790333451703191,0.0642588966075898,0.7660034372506321,0.169737666141778,1,0.9999339580535888,False,-0.005154013633727916,0.5317460317460319
2846,gender,baseline,none,social-group,1,0.9997965693473816,,0.1708855032920837,0.0309976376593112,0.798116859048605,,0.8464575223407376,0.1535424776592624,1,0.9997965693473816,False,0.0,0.5317460317460319
2846,gender,gender_man,demographic,social-group,1,0.9997695088386536,0.0122800730168819,0.1666211783885955,0.0308771450072526,0.7902216035872698,0.0585383110314248,0.7942723428049063,0.1471893461636688,1,0.9997965693473816,False,-2.7060508728027344e-05,0.5317460317460319
2846,gender,gender_woman,demographic,social-group,1,0.999619960784912,0.0133551079779863,0.1678435504436493,0.0307471379637718,0.7880542036145926,0.0630119030702599,0.7919173359703651,0.145070760959375,1,0.9997965693473816,False,-0.00017660856246959344,0.5317460317460319
2846,gender,placebo,placebo,social-group,1,0.9924227595329284,0.0170785579830408,0.1690811216831207,0.0318180657923221,0.7820222545415163,0.0783500074611681,0.7756806610119019,0.1459693315269299,1,0.9997965693473816,False,-0.007373809814453236,0.5317460317460319
4071,gender,baseline,none,social-group,1,0.9975274205207824,,0.1720808148384094,0.030300036072731,0.7976191490888596,,0.8502820996338488,0.1497179003661511,1,0.9975274205207824,False,0.0,0.5317460317460319
4071,gender,gender_man,demographic,social-group,1,0.9902915358543396,0.0112865632399916,0.1680099070072174,0.0306173954159021,0.7900861343368888,0.053767592742565,0.8003754610324547,0.1458569462249802,1,0.9975274205207824,False,-0.00723588466644276,0.5317460317460319
4071,gender,gender_woman,demographic,social-group,1,0.985936403274536,0.0125078968703746,0.1685292720794677,0.0296945739537477,0.7892682570964098,0.0593545931810427,0.7997336792140041,0.1409117276049532,1,0.9975274205207824,False,-0.011591017246246338,0.5317460317460319
4071,gender,placebo,placebo,social-group,1,0.9241418242454528,0.017915928736329,0.1682503372430801,0.0352305695414543,0.7786031644791365,0.0809222439615256,0.7599491512480309,0.1591286047904435,1,0.9975274205207824,False,-0.07338559627532959,0.5317460317460319
1306,gender,baseline,none,social-group,1,0.9959298968315125,,0.1741012632846832,0.036030676215887,0.7898680604994297,,0.8285330811607091,0.1714669188392908,1,0.9959298968315125,False,0.0,0.525
1306,gender,gender_man,demographic,social-group,1,0.9964063763618468,0.010375146754086,0.1714893728494644,0.0362183861434459,0.7819170942530036,0.0475743237121138,0.786349449362224,0.1660762269256621,1,0.9959298968315125,False,0.00047647953033436163,0.525
1306,gender,gender_woman,demographic,social-group,1,0.9978172779083252,0.0113359075039625,0.1714640706777572,0.0359972566366195,0.7812027651816607,0.0518101040599273,0.7836665340863135,0.1645233618537592,1,0.9959298968315125,False,0.0018873810768127441,0.525
1306,gender,placebo,placebo,social-group,1,0.9890130758285522,0.0138433603569865,0.1727011352777481,0.036238495260477,0.7772170091047883,0.0621383181066003,0.7751989260211516,0.162662755872248,1,0.9959298968315125,False,-0.006916821002960205,0.525
3351,gender,baseline,none,social-group,1,0.9940890073776244,,0.1727156937122345,0.0216323696076869,0.8056519366800785,,0.8886926412429571,0.1113073587570429,1,0.9940890073776244,False,0.0,0.5238095238095237
3351,gender,gender_man,demographic,social-group,1,0.9933071732521056,0.0139573737978935,0.1716645061969757,0.0231885109096765,0.7911896090954542,0.0668423335516569,0.8221071061327082,0.1110505603156348,1,0.9940890073776244,False,-0.0007818341255187988,0.5238095238095237
3351,gender,gender_woman,demographic,social-group,1,0.9875683188438416,0.014767131768167,0.1728946566581726,0.0226655006408691,0.7896727109327912,0.0702102510504391,0.8220267442467972,0.1077630047027636,1,0.9940890073776244,False,-0.006520688533782848,0.5238095238095237
3351,gender,placebo,placebo,social-group,1,0.9324532747268676,0.0180946998298168,0.1737648695707321,0.0244209542870521,0.7837194763123989,0.0836631034607308,0.8034235658765131,0.112913330662756,1,0.9940890073776244,False,-0.061635732650756836,0.5238095238095237
1946,gender,baseline,none,social-group,1,0.9933071732521056,,0.1750913709402084,0.0284835193306207,0.7964251097291708,,0.860083336934495,0.139916663065505,1,0.9933071732521056,False,0.0,0.5238095238095237
1946,gender,gender_man,demographic,social-group,1,0.9875683188438416,0.0119765205308794,0.1725935041904449,0.0272489059716463,0.7881810693070292,0.0565413133363388,0.8148162377451398,0.1286424489185213,1,0.9933071732521056,False,-0.005738854408264049,0.5238095238095237
1946,gender,gender_woman,demographic,social-group,1,0.977022647857666,0.0131141394376754,0.1732121258974075,0.0273805875331163,0.7862931471318007,0.0613650861526814,0.810512735425633,0.1281221784216855,1,0.9933071732521056,False,-0.016284525394439586,0.5238095238095237
1946,gender,placebo,placebo,social-group,1,0.970687747001648,0.0162470676004886,0.1745089292526245,0.0283786952495574,0.7808653078973293,0.074141923602295,0.7963546418787137,0.1295034345189911,1,0.9933071732521056,False,-0.022619426250457653,0.5238095238095237
2448,gender,baseline,none,social-group,1,0.9999852180480956,,0.1690133661031723,0.0241399519145488,0.8068466819822788,,0.8750218108480325,0.1249781891519674,1,0.9999852180480956,False,0.0,0.5238095238095237
2448,gender,gender_man,demographic,social-group,1,0.9998766183853148,0.012649767100811,0.1668656170368194,0.0239896047860384,0.7964950110763311,0.0621594938174007,0.8199583603299663,0.117882145852633,1,0.9999852180480956,False,-0.00010859966278076172,0.5238095238095237
2448,gender,gender_woman,demographic,social-group,1,0.999841570854187,0.0136446859687566,0.1668414324522018,0.0239970348775386,0.7955168467015028,0.0667276777996407,0.8159177407082171,0.1173545814921421,1,0.9999852180480956,False,-0.00014364719390858038,0.5238095238095237
2448,gender,placebo,placebo,social-group,1,0.9968273043632508,0.0171575099229812,0.1704951524734497,0.0256511569023132,0.7866961807012558,0.0804369559785105,0.7993066089204033,0.1202564351010861,1,0.9999852180480956,False,-0.0031579136848447487,0.5238095238095237
3017,gender,baseline,none,social-group,1,0.977022647857666,,0.1732461005449295,0.0252816807478666,0.8014722187072039,,0.8726541918554952,0.1273458081445048,1,0.977022647857666,False,0.0,0.5138888888888888
3017,gender,gender_man,demographic,social-group,1,0.9840936064720154,0.0128660649061203,0.1713261604309082,0.0260908938944339,0.7897168807685375,0.0611844876238419,0.8147404368789412,0.1240750754972169,1,0.977022647857666,False,0.007070958614349365,0.5138888888888888
3017,gender,gender_woman,demographic,social-group,1,0.985936403274536,0.0140160471200943,0.1718176156282425,0.02655890583992,0.7876074314117432,0.0659912312999318,0.8089624640367115,0.1250463046633566,1,0.977022647857666,False,0.008913755416870006,0.5138888888888888
3017,gender,placebo,placebo,social-group,1,0.9149009585380554,0.0162167847156524,0.1758937835693359,0.0296747609972953,0.7782146707177162,0.0731192850678237,0.7930812382340311,0.1337994766981451,1,0.977022647857666,False,-0.062121689319610596,0.5138888888888888
2365,gender,baseline,none,social-group,1,0.8354835510253906,,0.1729155033826828,0.0320482738316059,0.7950362227857113,,0.8436393285331604,0.1563606714668396,1,0.8354835510253906,False,0.0,0.5050505050505051
2365,gender,gender_man,demographic,social-group,1,0.851952850818634,0.0141625646501779,0.1705636084079742,0.0335672013461589,0.7817066255956888,0.0648785822695049,0.7813503679322193,0.1537710497982757,1,0.8354835510253906,False,0.016469299793243408,0.5050505050505051
2365,gender,gender_woman,demographic,social-group,1,0.8807970285415649,0.0152090927585959,0.1717056334018707,0.0325940176844596,0.7804912561550736,0.06928695637446,0.7822268507133979,0.1484861929121419,1,0.8354835510253906,False,0.045313477516174316,0.5050505050505051
2365,gender,placebo,placebo,social-group,1,0.8354835510253906,0.019981337711215,0.1692427545785904,0.038110826164484,0.7726650815457106,0.0878938345550848,0.7444644040137648,0.1676417614311504,1,0.8354835510253906,False,0.0,0.5050505050505051
1916,gender,baseline,none,social-group,1,0.7772998809814453,,0.1754083037376403,0.0394626967608928,0.7851289995014668,,0.8163423790584423,0.1836576209415576,1,0.7772998809814453,False,0.0,0.5042735042735043
1916,gender,gender_man,demographic,social-group,1,0.9046505093574524,0.0109242070466279,0.172686755657196,0.0399884395301342,0.7764005977660418,0.0488561549694918,0.7723041919249368,0.1788396531055713,1,0.7772998809814453,False,0.12735062837600708,0.5042735042735043
1916,gender,gender_woman,demographic,social-group,1,0.9241418242454528,0.0119528323411941,0.1731557846069336,0.0399988144636154,0.7748925685882568,0.0530983462706358,0.7692139860554625,0.1776876676739016,1,0.7772998809814453,False,0.14684194326400746,0.5042735042735043
1916,gender,placebo,placebo,social-group,1,0.9399133324623108,0.0141152013093233,0.1749288737773895,0.0397483184933662,0.7712076064199209,0.0616943644342917,0.7645746916676366,0.1737309438980716,1,0.7772998809814453,False,0.16261345148086548,0.5042735042735043
3422,gender,baseline,none,social-group,1,0.9964063763618468,,0.1792164146900177,0.0229356978088617,0.7978478875011206,,0.8865423787793023,0.1134576212206977,1,0.9964063763618468,False,0.0,0.5
3422,gender,gender_man,demographic,social-group,1,0.999373733997345,0.0124047640711069,0.1744832247495651,0.023689741268754,0.789422269910574,0.0589082428889274,0.828592960307186,0.1124987968038865,1,0.9964063763618468,False,0.002967357635498158,0.5
3422,gender,gender_woman,demographic,social-group,1,0.998830497264862,0.0137163773179054,0.17360620200634,0.0237795058637857,0.7888979148119688,0.0649750915803985,0.8223803277533088,0.1126445806662925,1,0.9964063763618468,False,0.0024241209030151367,0.5
3422,gender,placebo,placebo,social-group,1,0.970687747001648,0.0169431772083044,0.1774600893259048,0.0267554633319377,0.778841270133853,0.0766109355871188,0.8024105104659891,0.120978553946892,1,0.9964063763618468,False,-0.025718629360198864,0.5
3793,gender,baseline,none,random,1,0.9669140577316284,,0.170790359377861,0.0381497964262962,0.7910598441958427,,0.817412807607674,0.182587192392326,1,0.9669140577316284,False,0.0,0.5
3793,gender,gender_man,demographic,random,1,0.9626730680465698,0.0104425968602299,0.1699384748935699,0.0388070344924926,0.7808118937537074,0.0476421692721595,0.7753088331472563,0.1770489975805841,1,0.9669140577316284,False,-0.004240989685058594,0.5
3793,gender,gender_woman,demographic,random,1,0.9525741338729858,0.0115389041602611,0.1706702411174774,0.0391378179192543,0.7786530368030071,0.0521303929071384,0.7710530049855957,0.1768166021072658,1,0.9669140577316284,False,-0.014339923858642578,0.5
3793,gender,placebo,placebo,random,1,0.6791787147521973,0.0162476208060979,0.168443351984024,0.0475070402026176,0.7678019870072603,0.0699731259397384,0.7254297735497457,0.2045971005105159,1,0.9669140577316284,False,-0.28773534297943115,0.5
1555,gender,baseline,none,social-group,1,0.9959298968315125,,0.1732986718416214,0.0274207405745983,0.7992805875837803,,0.8633877000509668,0.1366122999490332,1,0.9959298968315125,False,0.0,0.5
1555,gender,gender_man,demographic,social-group,1,0.9890130758285522,0.0116643263027071,0.1691522896289825,0.0279789194464683,0.7912044646218419,0.0558648262357787,0.8101336521522069,0.1340015216120143,1,0.9959298968315125,False,-0.006916821002960205,0.5
1555,gender,gender_woman,demographic,social-group,1,0.9820137619972228,0.012846958823502,0.1693513691425323,0.0277655106037855,0.7900361614301801,0.0611865305521647,0.8065739810058645,0.1322394884419707,1,0.9959298968315125,False,-0.013916134834289662,0.5
1555,gender,placebo,placebo,social-group,1,0.9046505093574524,0.0163269825279712,0.1713124215602874,0.029099877923727,0.7832607179880142,0.0753300572762272,0.7904078114959051,0.1342621312278676,1,0.9959298968315125,False,-0.09127938747406006,0.5
2831,gender,baseline,none,social-group,1,0.9971990585327148,,0.1768839955329895,0.0350642874836921,0.7880517169833183,,0.8345620592692775,0.1654379407307224,1,0.9971990585327148,False,0.0,0.4924242424242424
2831,gender,gender_man,demographic,social-group,1,0.9953904151916504,0.011640291661024,0.1729792952537536,0.0345858335494995,0.7807945795357227,0.0531022072190092,0.7891196070215023,0.1577781857594884,1,0.9971990585327148,False,-0.0018086433410644531,0.4924242424242424
2831,gender,gender_woman,demographic,social-group,1,0.9890130758285522,0.0125089809298515,0.1737071126699447,0.0345113985240459,0.7792725078761578,0.0566716035664157,0.7869754283824507,0.1563529680511335,1,0.9971990585327148,False,-0.008185982704162598,0.4924242424242424
2831,gender,placebo,placebo,social-group,1,0.9324532747268676,0.0152799393981695,0.1728314459323883,0.0371418595314025,0.7747467551380396,0.0678344918295555,0.7672761652703507,0.1648893429000938,1,0.9971990585327148,False,-0.06474578380584728,0.4924242424242424
2634,gender,baseline,none,social-group,1,0.9968273043632508,,0.1762863993644714,0.011445595882833,0.8122680047526956,,0.9390322578324732,0.0609677421675266,1,0.9968273043632508,False,0.0,0.4924242424242424
2634,gender,gender_man,demographic,social-group,1,0.9982993006706238,0.0143234739080071,0.1699046790599823,0.0110025880858302,0.8047692589461803,0.0733668982184448,0.8702762594807973,0.0563568423007578,1,0.9968273043632508,False,0.0014719963073729359,0.4924242424242424
2634,gender,gender_woman,demographic,social-group,1,0.9975274205207824,0.0154412621632218,0.1708439886569976,0.0108480155467987,0.8028667336329818,0.07832905347631,0.8666421036159582,0.0550288429077318,1,0.9968273043632508,False,0.0007001161575315162,0.4924242424242424
2634,gender,placebo,placebo,social-group,1,0.9982993006706238,0.0183353684842586,0.1701454222202301,0.013729671947658,0.7977895373478532,0.0906746774809576,0.8414273919788379,0.0678979305402044,1,0.9968273043632508,False,0.0014719963073729359,0.4924242424242424
2348,gender,baseline,none,random,1,0.9999885559082032,,0.1720086187124252,0.0176311880350112,0.8103601932525635,,0.9070280215034568,0.0929719784965432,1,0.9999885559082032,False,0.0,0.4924242424242424
2348,gender,gender_man,demographic,random,1,0.999925136566162,0.011760726571083,0.1698975414037704,0.0186384711414575,0.7997032608836889,0.0587165154209209,0.8482291931128844,0.0930542914661946,1,0.9999885559082032,False,-6.341934204123767e-05,0.4924242424242424
2348,gender,gender_woman,demographic,random,1,0.999841570854187,0.012861343100667,0.1701668947935104,0.0184430480003356,0.7985287141054869,0.0638371023620754,0.844621078571995,0.0915418190659295,1,0.9999885559082032,False,-0.0001469850540162243,0.4924242424242424
2348,gender,placebo,placebo,random,1,0.9933071732521056,0.0164879839867353,0.1695258021354675,0.0223799422383308,0.7916062716394663,0.0791193867322635,0.8134880232200542,0.1073925900476822,1,0.9999885559082032,False,-0.006681382656097634,0.4924242424242424
1567,gender,baseline,none,social-group,1,0.9796676635742188,,0.170821338891983,0.0383156910538673,0.7908629700541496,,0.8167914545607345,0.1832085454392654,1,0.9796676635742188,False,0.0,0.4923076923076923
1567,gender,gender_man,demographic,social-group,1,0.9933071732521056,0.0103934183716773,0.1677920222282409,0.0399963110685348,0.7818182483315468,0.047636515392319,0.7690470029923311,0.1833164816153499,1,0.9796676635742188,False,0.013639509677886852,0.4923076923076923
1567,gender,gender_woman,demographic,social-group,1,0.985936403274536,0.0113097429275512,0.1677076816558838,0.0396733507513999,0.781309224665165,0.0517156835272774,0.7668713113258133,0.1814130051469092,1,0.9796676635742188,False,0.006268739700317272,0.4923076923076923
1567,gender,placebo,placebo,social-group,1,0.957912266254425,0.0132508073002099,0.1708465218544006,0.0410636514425277,0.7748390194028616,0.0588503712546826,0.7587749946785048,0.1823746340668124,1,0.9796676635742188,False,-0.0217553973197937,0.4923076923076923
1961,gender,baseline,none,random,1,0.9046505093574524,,0.1776572912931442,0.0210834052413702,0.8012593034654856,,0.8939150078015917,0.1060849921984083,1,0.9046505093574524,False,0.0,0.4923076923076923
1961,gender,gender_man,demographic,random,1,0.9324532747268676,0.0140917776152491,0.1742328852415084,0.0217012539505958,0.7899740831926465,0.0670954224576715,0.8295780248935839,0.1033265526487445,1,0.9046505093574524,False,0.027802765369415172,0.4923076923076923
1961,gender,gender_woman,demographic,random,1,0.9324532747268676,0.0153108881786465,0.1751729398965835,0.0212434288114309,0.788272743113339,0.0723142046224241,0.8273518604661976,0.1003339349113783,1,0.9046505093574524,False,0.027802765369415172,0.4923076923076923
1961,gender,placebo,placebo,random,1,0.6791787147521973,0.0209206026047468,0.1744902580976486,0.0273126941174268,0.7772764451801777,0.0939308041382109,0.7834387262667696,0.1226304695950194,1,0.9046505093574524,False,-0.22547179460525513,0.4923076923076923
3628,gender,baseline,none,social-group,1,0.7310585379600525,,0.1771008819341659,0.0232862867414951,0.7996128313243389,,0.8837935238299344,0.1162064761700656,1,0.7310585379600525,False,0.0,0.4903846153846153
3628,gender,gender_man,demographic,social-group,1,0.8670357465744019,0.0134638603776693,0.1744606345891952,0.0236071944236755,0.7884683106094599,0.0636493776249841,0.8247494032305368,0.111601219144479,1,0.7310585379600525,False,0.13597720861434937,0.4903846153846153
3628,gender,gender_woman,demographic,social-group,1,0.8354835510253906,0.0145769622176885,0.1749876886606216,0.0235901214182376,0.7868452277034521,0.0683867504378865,0.8209419229759165,0.1106713265861969,1,0.7310585379600525,False,0.10442501306533813,0.4903846153846153
3628,gender,placebo,placebo,social-group,1,0.7981867790222168,0.0202334895730018,0.1744603663682937,0.028280671685934,0.7770254723727703,0.0907435023556966,0.7824228544166165,0.1268336432276869,1,0.7310585379600525,False,0.0671282410621643,0.4903846153846153
3516,gender,baseline,none,social-group,1,0.999925136566162,,0.1735353767871856,0.0320615842938423,0.794403038918972,,0.8440561371857704,0.1559438628142295,1,0.999925136566162,False,0.0,0.4833333333333334
3516,gender,gender_man,demographic,social-group,1,0.9996646642684937,0.0111056808382272,0.1710991114377975,0.0324594341218471,0.785335773602128,0.0517351261762792,0.797054610863162,0.1512102629605588,1,0.999925136566162,False,-0.000260472297668346,0.4833333333333334
3516,gender,gender_woman,demographic,social-group,1,0.9990890026092528,0.0121474592015147,0.171787679195404,0.0329769849777221,0.7830878766253591,0.0560017532101429,0.7919690081070297,0.1520292386828272,1,0.999925136566162,False,-0.0008361339569091797,0.4833333333333334
3516,gender,placebo,placebo,social-group,1,0.9964063763618468,0.0148796439170837,0.1746889650821685,0.0375513061881065,0.7728800848126411,0.0655144834164323,0.7691486012490881,0.1653369153344795,1,0.999925136566162,False,-0.0035187602043151855,0.4833333333333334
1918,gender,baseline,none,random,1,0.7310585379600525,,0.1778117716312408,0.0177292078733444,0.8044590204954147,,0.9093325198724972,0.0906674801275028,1,0.7310585379600525,False,0.0,0.4833333333333334
1918,gender,gender_man,demographic,random,1,0.9149009585380554,0.0146328406408429,0.174261212348938,0.0184619817882776,0.7926439652219415,0.0705686750641476,0.8403961453808506,0.0890351795550017,1,0.7310585379600525,False,0.18384242057800293,0.4833333333333334
1918,gender,gender_woman,demographic,random,1,0.9046505093574524,0.0156916975975036,0.1756551861763,0.018765240907669,0.7898878753185272,0.0746824945075971,0.8360069008039922,0.0893106046884106,1,0.7310585379600525,False,0.1735919713973999,0.4833333333333334
1918,gender,placebo,placebo,random,1,0.6513549089431763,0.0212075728923082,0.1763952523469925,0.0215781480073928,0.7808190267533064,0.0967582750371246,0.8047927232646023,0.098449001698273,1,0.7310585379600525,False,-0.07970362901687622,0.4833333333333334
3259,gender,baseline,none,social-group,0,0.0953494608402252,,0.1777208149433136,0.02249750867486,0.7997816763818264,,0.8876351161656718,0.1123648838343281,0,0.0953494608402252,False,0.0,0.4786324786324786
3259,gender,gender_man,demographic,social-group,0,0.1066906005144119,0.0128614073619246,0.174930453300476,0.0232320204377174,0.7889761188998818,0.0609476391718086,0.8289604588282692,0.1100919019999221,0,0.0953494608402252,False,0.011341139674186693,0.4786324786324786
3259,gender,gender_woman,demographic,social-group,0,0.1480471938848495,0.0138193182647228,0.1752403825521469,0.022918103262782,0.7880221959203482,0.0651922889980034,0.8266921308718689,0.1081155801301276,0,0.0953494608402252,False,0.05269773304462429,0.4786324786324786
3259,gender,placebo,placebo,social-group,0,0.0600866451859474,0.0182047951966524,0.1802382618188858,0.0247995555400848,0.776757387444377,0.0815471338032138,0.8073649549051828,0.1110879112916033,0,0.0953494608402252,False,-0.03526281565427781,0.4786324786324786
1878,gender,baseline,none,social-group,1,0.957912266254425,,0.1658460050821304,0.0408960916101932,0.7932579033076763,,0.8021878840135043,0.1978121159864957,1,0.957912266254425,False,0.0,0.4700854700854701
1878,gender,gender_man,demographic,social-group,1,0.6791787147521973,0.0110485590994358,0.1627300381660461,0.0432408154010772,0.7829805873334408,0.0509104644772559,0.7498409297424175,0.1992486057803265,1,0.957912266254425,False,-0.2787335515022278,0.4700854700854701
1878,gender,gender_woman,demographic,social-group,1,0.6791787147521973,0.0120762903243303,0.1631952226161956,0.0434653051197528,0.7812631819397211,0.0552092255497763,0.7460802624056769,0.1987105120445467,1,0.957912266254425,False,-0.2787335515022278,0.4700854700854701
1878,gender,placebo,placebo,social-group,1,0.5926666259765625,0.0161138884723186,0.1604030132293701,0.0474045611917972,0.776078537106514,0.0719622329369276,0.7163360365579154,0.2117017305051568,1,0.957912266254425,False,-0.36524564027786255,0.4700854700854701
3161,gender,baseline,none,social-group,1,0.5926666259765625,,0.1731847673654556,0.0388487316668033,0.787966500967741,,0.8167802170689412,0.1832197829310588,1,0.5926666259765625,False,0.0,0.4696969696969697
3161,gender,gender_man,demographic,social-group,1,0.8670357465744019,0.0107474336400628,0.1711790859699249,0.0390191860496997,0.7790542943403125,0.0486428718221687,0.7747563387069589,0.1766007894708722,1,0.5926666259765625,False,0.27436912059783936,0.4696969696969697
3161,gender,gender_woman,demographic,social-group,1,0.6791787147521973,0.0113619919866323,0.1708873361349105,0.0392390191555023,0.7785116527229548,0.0512983735998552,0.7715409782762017,0.177160648123943,1,0.5926666259765625,False,0.08651208877563477,0.4696969696969697
3161,gender,placebo,placebo,social-group,1,0.7310585379600525,0.0144598390907049,0.1728925108909607,0.0391010604798793,0.773546589538455,0.0638534834217495,0.7634793865041847,0.1726671300740657,1,0.5926666259765625,False,0.13839191198349,0.4696969696969697
1317,gender,baseline,none,social-group,1,0.9991958737373352,,0.1722962409257888,0.0314673632383346,0.7962363958358765,,0.8455692646023824,0.1544307353976176,1,0.9991958737373352,False,0.0,0.4692307692307692
1317,gender,gender_man,demographic,social-group,1,0.999373733997345,0.0114083997905254,0.1703431457281112,0.0304805822670459,0.7877678722143173,0.0537543486443575,0.8026265745218747,0.1436190768337677,1,0.9991958737373352,False,0.00017786026000976562,0.4692307692307692
1317,gender,gender_woman,demographic,social-group,1,0.9990890026092528,0.0123496456071734,0.171416237950325,0.0302819609642028,0.7859521554782987,0.0576957251532676,0.8008314138054583,0.141472861041274,1,0.9991958737373352,False,-0.00010687112808238641,0.4692307692307692
1317,gender,placebo,placebo,social-group,1,0.985936403274536,0.0155711816623806,0.1753729879856109,0.0323551148176193,0.776700715534389,0.0697323401624187,0.7853719209414625,0.1448957388961188,1,0.9991958737373352,False,-0.013259470462799183,0.4692307692307692
4357,gender,baseline,none,social-group,1,0.9989677667617798,,0.1717089265584945,0.0264935679733753,0.8017975054681301,,0.8663308045847259,0.1336691954152741,1,0.9989677667617798,False,0.0,0.4685314685314686
4357,gender,gender_man,demographic,social-group,1,0.9986749291419984,0.0130733773112297,0.1687796711921692,0.0270328484475612,0.7911141030490398,0.0625862133444984,0.8079993606834709,0.1294144259720306,1,0.9989677667617798,False,-0.0002928376197813831,0.4685314685314686
4357,gender,gender_woman,demographic,social-group,1,0.9940890073776244,0.0141998119652271,0.1693583875894546,0.0268166102468967,0.7896251901984215,0.0674976817738783,0.8050316848732518,0.1274706333528698,1,0.9989677667617798,False,-0.0048787593841553845,0.4685314685314686
4357,gender,placebo,placebo,social-group,1,0.9626730680465698,0.0185202527791261,0.1689895987510681,0.0307547003030776,0.781735448166728,0.0848523162536875,0.7742420715213342,0.1409056122249783,1,0.9989677667617798,False,-0.03629469871520996,0.4685314685314686
2776,gender,baseline,none,social-group,1,0.8933094143867493,,0.1779485940933227,0.0259536076337099,0.7960977982729673,,0.8727154125169554,0.1272845874830446,1,0.8933094143867493,False,0.0,0.4666666666666667
2776,gender,gender_man,demographic,social-group,1,0.9465966820716858,0.0118854511529207,0.1761493533849716,0.0258354227989912,0.7861297726631165,0.0555731917477182,0.8236272789269782,0.1207995293253035,1,0.8933094143867493,False,0.05328726768493652,0.4666666666666667
2776,gender,gender_woman,demographic,social-group,1,0.9324532747268676,0.0130010973662137,0.1764524579048156,0.0255323108285665,0.785014133900404,0.0604741958254632,0.8207630627358123,0.1187627414387244,1,0.8933094143867493,False,0.0391438603401183,0.4666666666666667
2776,gender,placebo,placebo,social-group,1,0.8354835510253906,0.0171269699931144,0.17839315533638,0.0301767475903034,0.7743031270802021,0.0758848351399205,0.790410398817411,0.1337047660426683,1,0.8933094143867493,False,-0.05782586336135864,0.4666666666666667
3490,gender,baseline,none,random,1,0.531209409236908,,0.1655110716819763,0.0252648685127496,0.809224059805274,,0.8675678469362452,0.1324321530637547,1,0.531209409236908,False,0.0,0.4666666666666667
3490,gender,gender_man,demographic,random,1,0.5926666259765625,0.0114009473472833,0.1594209372997284,0.0255835223942995,0.8035945929586887,0.0580480319713668,0.8116932201677947,0.1302587478608384,1,0.531209409236908,False,0.06145721673965454,0.4666666666666667
3490,gender,gender_woman,demographic,random,0,0.3775406777858734,0.0122094424441456,0.1615917831659317,0.02535299398005,0.8008457804098725,0.0613064712827753,0.8113902055326684,0.1273033231845562,1,0.531209409236908,True,-0.15366873145103455,0.4666666666666667
3490,gender,placebo,placebo,random,0,0.3486451506614685,0.0157953221350908,0.1616725325584411,0.0273805055767297,0.7951516397297382,0.0771073886764416,0.7892302986713801,0.1336623126521782,1,0.531209409236908,True,-0.18256425857543945,0.4666666666666667
2093,gender,baseline,none,social-group,1,0.7981867790222168,,0.1778329908847808,0.0189283229410648,0.8032386861741543,,0.903800586746344,0.096199413253656,1,0.7981867790222168,False,0.0,0.4666666666666666
2093,gender,gender_man,demographic,social-group,1,0.9149009585380554,0.0149780698120594,0.1722213327884674,0.0199258960783481,0.792874701321125,0.0723140529312223,0.8314838114270032,0.0962021356417743,1,0.7981867790222168,False,0.11671417951583862,0.4666666666666666
2093,gender,gender_woman,demographic,social-group,1,0.9525741338729858,0.0161794442683458,0.1732192635536193,0.020069520920515,0.7905317712575197,0.0772405646692931,0.8269476693125367,0.0958117660181701,1,0.7981867790222168,False,0.15438735485076904,0.4666666666666666
2093,gender,placebo,placebo,social-group,1,0.9149009585380554,0.020151412114501,0.1698242723941803,0.0224418677389621,0.7875824477523565,0.0948669820420857,0.7994832376007869,0.1056497803571274,1,0.7981867790222168,False,0.11671417951583862,0.4666666666666666
2636,gender,baseline,none,random,1,0.9525741338729858,,0.1812075972557068,0.0229237098246812,0.7958686929196119,,0.8877011559248293,0.1122988440751706,1,0.9525741338729858,False,0.0,0.4646464646464646
2636,gender,gender_man,demographic,random,1,0.9399133324623108,0.0136901009827852,0.177611619234085,0.0233943909406662,0.7853038888424635,0.0637650160916976,0.8272698479562114,0.1089651359520909,1,0.9525741338729858,False,-0.012660801410675049,0.4646464646464646
2636,gender,gender_woman,demographic,random,1,0.9046505093574524,0.0146513488143682,0.178470492362976,0.0234943404793739,0.7833838183432817,0.0676373699430586,0.8239019402798198,0.1084606897771215,1,0.9525741338729858,False,-0.04792362451553345,0.4646464646464646
2636,gender,placebo,placebo,random,1,0.7549149990081787,0.019213318824768,0.1780746132135391,0.0273860022425651,0.7753260657191277,0.0855164569324221,0.7925913336743466,0.1218922093932311,1,0.9525741338729858,False,-0.19765913486480713,0.4646464646464646
2670,gender,baseline,none,social-group,1,0.9820137619972228,,0.1730756759643554,0.0239432752132415,0.802981048822403,,0.8784722227474523,0.1215277772525476,1,0.9820137619972228,False,0.0,0.4642857142857143
2670,gender,gender_man,demographic,social-group,1,0.9465966820716858,0.0123064182698726,0.1704266369342804,0.0236739888787269,0.79359295591712,0.0596220847236743,0.8256822711236921,0.1146956441526335,1,0.9820137619972228,False,-0.035417079925537,0.4642857142857143
2670,gender,gender_woman,demographic,social-group,1,0.957912266254425,0.0132936919108033,0.1704843342304229,0.0236456133425235,0.7925763605162501,0.0640895702336029,0.8219137155954647,0.1139967141709324,1,0.9820137619972228,False,-0.02410149574279774,0.4642857142857143
2670,gender,placebo,placebo,social-group,1,0.6513549089431763,0.0222667902708053,0.166421428322792,0.0322948843240737,0.7790168970823288,0.1007624111382896,0.7530957169372063,0.146141871924504,1,0.9820137619972228,False,-0.3306588530540465,0.4642857142857143
1485,gender,baseline,none,random,1,0.9626730680465698,,0.1736096441745758,0.0147944586351513,0.8115958971902728,,0.92147485954649,0.0785251404535101,1,0.9626730680465698,False,0.0,0.4615384615384615
1485,gender,gender_man,demographic,random,1,0.977022647857666,0.0136889657005667,0.1695097237825393,0.015242725610733,0.8015585849061608,0.0689824031646494,0.8542053769490681,0.0768122198862824,1,0.9626730680465698,False,0.014349579811096191,0.4615384615384615
1485,gender,gender_woman,demographic,random,1,0.9740425944328308,0.0146058369427919,0.1704905480146408,0.0150086730718612,0.799894941970706,0.0729908433431689,0.8520051901420811,0.0750039665147499,1,0.9626730680465698,False,0.011369526386260986,0.4615384615384615
1485,gender,placebo,placebo,random,1,0.9149009585380554,0.0169103424996137,0.1716246604919433,0.0176426842808723,0.7938223127275705,0.0820182955940793,0.8324114154271697,0.085570288978751,1,0.9626730680465698,False,-0.047772109508514404,0.4615384615384615
3405,gender,baseline,none,social-group,1,0.9999785423278807,,0.1735245287418365,0.0346349738538265,0.7918404974043369,,0.8336132945076122,0.1663867054923878,1,0.9999785423278807,False,0.0,0.4571428571428571
3405,gender,gender_man,demographic,social-group,1,0.999841570854187,0.0100701116025447,0.170821726322174,0.0340059176087379,0.7851022444665432,0.0468600129282271,0.7948976753997756,0.1582423116719972,1,0.9999785423278807,False,-0.00013697147369373663,0.4571428571428571
3405,gender,gender_woman,demographic,social-group,1,0.9996646642684937,0.0111103737726807,0.1719614863395691,0.03408133238554,0.7828468075022101,0.0511637597627943,0.7918902059951031,0.1569460342421025,1,0.9999785423278807,False,-0.000313878059387096,0.4571428571428571
3405,gender,placebo,placebo,social-group,1,0.9947799444198608,0.0143793616443872,0.1715655028820037,0.0354186259210109,0.778636509552598,0.0649581447027458,0.775039743614674,0.1600021116825801,1,0.9999785423278807,False,-0.0051985979080199085,0.4571428571428571
1524,gender,baseline,none,social-group,0,0.1066906005144119,,0.1734879910945892,0.0265036560595035,0.8000083528459072,,0.8674761849474514,0.1325238150525486,0,0.1066906005144119,False,0.0,0.4545454545454545
1524,gender,gender_man,demographic,social-group,0,0.3486451506614685,0.0129949813708662,0.1705518662929535,0.0261168461292982,0.790336306206882,0.0619801222413303,0.8134544575048963,0.1245654202537734,0,0.1066906005144119,False,0.2419545501470566,0.4545454545454545
1524,gender,gender_woman,demographic,social-group,0,0.3486451506614685,0.0140925962477922,0.170884296298027,0.026024280115962,0.7889988273382187,0.0667891844865791,0.8098736805218683,0.1233371349915526,0,0.1066906005144119,False,0.2419545501470566,0.4545454545454545
1524,gender,placebo,placebo,social-group,0,0.222700148820877,0.0190835148096084,0.1680340468883514,0.0283297374844551,0.784552700817585,0.0885762545273348,0.7799310899974675,0.1314926554751975,0,0.1066906005144119,False,0.1160095483064651,0.4545454545454545
1521,gender,baseline,none,social-group,0,0.0052201258949935,,0.1756577938795089,0.0435613766312599,0.7807808294892311,,0.8012884706672129,0.1987115293327871,0,0.0052201258949935,False,0.0,0.4545454545454545
1521,gender,gender_man,demographic,social-group,0,0.0179862100630998,0.0089399283751845,0.1709409654140472,0.0441856794059276,0.7759334268048406,0.0398985366166061,0.7629025738933384,0.1971988894900554,0,0.0052201258949935,False,0.012766084168106298,0.4545454545454545
1521,gender,gender_woman,demographic,social-group,0,0.0179862100630998,0.0100054210051894,0.1713427752256393,0.0442376062273979,0.7744141975417733,0.0443530616561837,0.759545917156591,0.1961010211872252,0,0.0052201258949935,False,0.012766084168106298,0.4545454545454545
1521,gender,placebo,placebo,social-group,0,0.0850990414619445,0.0123855974525213,0.1688463538885116,0.0453578382730484,0.7734102103859186,0.054660880676115,0.7451631169086832,0.2001760024152017,0,0.0052201258949935,False,0.079878915566951,0.4545454545454545
2196,gender,baseline,none,random,1,0.9669140577316284,,0.1724476069211959,0.0351829640567302,0.7923694290220737,,0.8305501743263488,0.1694498256736512,1,0.9669140577316284,False,0.0,0.4545454545454545
2196,gender,gender_man,demographic,random,1,0.9820137619972228,0.0111864292994141,0.1692583709955215,0.0348439440131187,0.7847112556919456,0.0519601214423342,0.7861923833478794,0.1618474952097862,1,0.9669140577316284,False,0.015099704265594371,0.4545454545454545
2196,gender,gender_woman,demographic,random,1,0.9840936064720154,0.012068623676896,0.1702316701412201,0.0348448157310485,0.7828548904508352,0.0555786114730048,0.783953506918272,0.1604678816087231,1,0.9669140577316284,False,0.017179548740386963,0.4545454545454545
2196,gender,placebo,placebo,random,1,0.9149009585380554,0.014372119680047,0.1696622818708419,0.0362683795392513,0.7796972189098597,0.065238031081262,0.7701322744601303,0.1646296944586076,1,0.9669140577316284,False,-0.052013099193573,0.4545454545454545
4228,gender,baseline,none,social-group,1,0.9924227595329284,,0.1723217815160751,0.021214896813035,0.8064633216708899,,0.8903830684902064,0.1096169315097935,1,0.9924227595329284,False,0.0,0.4523809523809524
4228,gender,gender_man,demographic,social-group,1,0.9986749291419984,0.0144999930635094,0.1676327288150787,0.0218069739639759,0.7960603041574359,0.0710994149697225,0.8219720448366592,0.1069285401936182,1,0.9924227595329284,False,0.006252169609070046,0.4523809523809524
4228,gender,gender_woman,demographic,social-group,1,0.9989677667617798,0.0153561756014823,0.167821928858757,0.0217434857040643,0.7950784098356962,0.0749368360316254,0.8189567957392841,0.1061063682290904,1,0.9924227595329284,False,0.006545007228851429,0.4523809523809524
4228,gender,placebo,placebo,social-group,1,0.991422474384308,0.0210822876542806,0.1624064445495605,0.0272726826369762,0.7892385851591825,0.1000291617429288,0.7705701001875598,0.1294007380695113,1,0.9924227595329284,False,-0.0010002851486203834,0.4523809523809524
2283,gender,baseline,none,social-group,1,0.970687747001648,,0.175885871052742,0.0245635882019996,0.7995505407452583,,0.8774574484095616,0.1225425515904384,1,0.970687747001648,False,0.0,0.4499999999999999
2283,gender,gender_man,demographic,social-group,1,0.9465966820716858,0.0140800271183252,0.1740600764751434,0.028616651892662,0.7832432445138693,0.0649577314752995,0.8030203076474853,0.1320219608772151,1,0.970687747001648,False,-0.024091064929962158,0.4499999999999999
2283,gender,gender_woman,demographic,social-group,1,0.9324532747268676,0.014951467514038,0.174992486834526,0.029737215489149,0.7803188301622868,0.068059850214214,0.7965748132341047,0.1353653365516812,1,0.970687747001648,False,-0.038234472274780384,0.4499999999999999
2283,gender,placebo,placebo,social-group,1,0.6791787147521973,0.0208267718553543,0.1702266037464141,0.0397047512233257,0.7692418731749058,0.0902536874514508,0.7376841114481719,0.1720622011003773,1,0.970687747001648,False,-0.2915090322494507,0.4499999999999999
2626,gender,baseline,none,social-group,0,0.0229773707687854,,0.1774335205554962,0.0275579448789358,0.795008534565568,,0.8655654038057969,0.1344345961942031,0,0.0229773707687854,False,0.0,0.4499999999999999
2626,gender,gender_man,demographic,social-group,0,0.3486451506614685,0.0121425874531269,0.1748071610927581,0.0263007991015911,0.7867494523525238,0.0569404748877821,0.819726669034076,0.1233328560781418,0,0.0229773707687854,False,0.3256677798926831,0.4499999999999999
2626,gender,gender_woman,demographic,social-group,1,0.6513549089431763,0.0131769683212041,0.1750913858413696,0.0261574648320674,0.7855741810053587,0.0614523399420173,0.8165592495451554,0.1219884105128272,0,0.0229773707687854,True,0.6283775381743909,0.4499999999999999
2626,gender,placebo,placebo,social-group,0,0.1066906005144119,0.0159643180668354,0.1783884763717651,0.0268279090523719,0.7788192965090275,0.0721777162965167,0.8065282077333028,0.1212940759701804,0,0.0229773707687854,False,0.0837132297456265,0.4499999999999999
3296,gender,baseline,none,social-group,1,0.9999921321868896,,0.1748455464839935,0.0232119485735893,0.8019425049424171,,0.8828019683534787,0.1171980316465212,1,0.9999921321868896,False,0.0,0.4499999999999999
3296,gender,gender_man,demographic,social-group,1,0.9999810457229614,0.0124057978391647,0.171861246228218,0.0225946176797151,0.793138338252902,0.0599714695047342,0.83080279243976,0.1092257380555057,1,0.9999921321868896,False,-1.1086463928222656e-05,0.4499999999999999
3296,gender,gender_woman,demographic,social-group,1,0.9999724626541138,0.0133931506425142,0.1722334176301956,0.0226505510509014,0.7917228806763887,0.0643044741832854,0.826943536522547,0.1087519892941674,1,0.9999921321868896,False,-1.9669532775878906e-05,0.4499999999999999
3296,gender,placebo,placebo,social-group,1,0.9997387528419496,0.0157779678702354,0.1749556362628936,0.0226838942617177,0.7865825016051531,0.0739300572300983,0.8197811218797328,0.1062888208901689,1,0.9999921321868896,False,-0.0002533793449400745,0.4499999999999999
3211,gender,baseline,none,social-group,1,0.999841570854187,,0.174198105931282,0.031433992087841,0.7943679019808769,,0.8471347985521318,0.1528652014478682,1,0.999841570854187,False,0.0,0.4499999999999999
3211,gender,gender_man,demographic,social-group,1,0.9997695088386536,0.0116286184638738,0.1715978682041168,0.0308836661279201,0.7858898472040892,0.0543113827720174,0.8014466664160639,0.1442419508119186,1,0.999841570854187,False,-7.206201553344727e-05,0.4499999999999999
3211,gender,gender_woman,demographic,social-group,1,0.9994471669197084,0.0126096354797482,0.17289499938488,0.0310402140021324,0.7834551511332393,0.0582310571954861,0.7984258239791321,0.1433431188253817,1,0.999841570854187,False,-0.00039440393447864874,0.4499999999999999
3211,gender,placebo,placebo,social-group,1,0.9924227595329284,0.0146828582510352,0.1741139888763427,0.0318019241094589,0.7794012287631631,0.0665591116791469,0.7892790512845258,0.1441618370363272,1,0.999841570854187,False,-0.007418811321258656,0.4499999999999999
1427,gender,baseline,none,random,1,0.9986749291419984,,0.1711408346891403,0.025595873594284,0.8032632917165756,,0.8698978252832719,0.1301021747167281,1,0.9986749291419984,False,0.0,0.4487179487179488
1427,gender,gender_man,demographic,random,1,0.9890130758285522,0.0113125452771782,0.1678847372531891,0.0263517163693904,0.7944510011002421,0.0550357595402115,0.8167626120867809,0.1282016283730075,1,0.9986749291419984,False,-0.009661853313446156,0.4487179487179488
1427,gender,gender_woman,demographic,random,1,0.977022647857666,0.0121900662779808,0.1687554717063903,0.026668794453144,0.7923856675624847,0.0587149554409958,0.8128315117993116,0.1284535327596926,1,0.9986749291419984,False,-0.021652281284332386,0.4487179487179488
1427,gender,placebo,placebo,random,1,0.9399133324623108,0.0136944958940148,0.1707063019275665,0.0272559933364391,0.7883432088419795,0.0647014245046863,0.8065240949444386,0.128774480550875,1,0.9986749291419984,False,-0.05876159667968761,0.4487179487179488
3421,gender,baseline,none,random,1,0.9902915358543396,,0.1747035533189773,0.0292950496077537,0.7960013970732689,,0.8563958321897162,0.1436041678102838,1,0.9902915358543396,False,0.0,0.4476190476190476
3421,gender,gender_man,demographic,random,1,0.9953904151916504,0.0117736710235476,0.1728814095258712,0.0293212831020355,0.7860236363485456,0.0550232316440602,0.8079462917104123,0.1370304766455274,1,0.9902915358543396,False,0.005098879337310791,0.4476190476190476
3421,gender,gender_woman,demographic,random,1,0.9933071732521056,0.0130390534177422,0.1728642284870147,0.0294611360877752,0.7846355820074677,0.060544139738972,0.8026591862217872,0.1367966740392407,1,0.9902915358543396,False,0.0030156373977660023,0.4476190476190476
3421,gender,placebo,placebo,random,1,0.9046505093574524,0.015700215473771,0.1758864670991897,0.0312933027744293,0.7771200146526098,0.0704424645815553,0.7891532603299739,0.1404042750884708,1,0.9902915358543396,False,-0.08564102649688721,0.4476190476190476
3937,gender,baseline,none,social-group,1,0.9997040629386902,,0.1730537712574005,0.0353759005665779,0.7915703281760216,,0.8302741627091688,0.1697258372908312,1,0.9997040629386902,False,0.0,0.4476190476190476
3937,gender,gender_man,demographic,social-group,1,0.9989677667617798,0.0112521890550851,0.1690403819084167,0.0348539315164089,0.7848534975200891,0.0523001253814751,0.7856989537824384,0.1620009208360864,1,0.9997040629386902,False,-0.0007362961769104004,0.4476190476190476
3937,gender,gender_woman,demographic,social-group,1,0.9980732202529908,0.0121300816535949,0.1700924336910247,0.0352060347795486,0.7825714498758316,0.0557888172766077,0.7822911645866605,0.1619200181367318,1,0.9997040629386902,False,-0.0016308426856993519,0.4476190476190476
3937,gender,placebo,placebo,social-group,1,0.985936403274536,0.0151061546057462,0.1740724891424179,0.0356224551796913,0.7751989010721445,0.0671978681500762,0.7743400275738077,0.158462104276116,1,0.9997040629386902,False,-0.013767659664154164,0.4476190476190476
4506,gender,baseline,none,moral,1,0.5926666259765625,,0.177321195602417,0.032565951347351,0.7901128530502319,,0.8448406592751245,0.1551593407248755,1,0.5926666259765625,False,0.0,0.4464285714285714
4506,gender,gender_man,demographic,moral,1,0.7549149990081787,0.0111760748550295,0.172733873128891,0.0333530195057392,0.7827370325103402,0.0514403120981098,0.7950451709498625,0.1535145169520276,1,0.5926666259765625,False,0.1622483730316162,0.4464285714285714
4506,gender,gender_woman,demographic,moral,1,0.6513549089431763,0.0119389053434133,0.1726590394973755,0.0336296781897544,0.7817723769694567,0.0547084973827642,0.7911878299348474,0.1541036726823883,1,0.5926666259765625,False,0.05868828296661377,0.4464285714285714
4506,gender,placebo,placebo,moral,1,0.622459352016449,0.0168463587760925,0.1754935681819915,0.0371806658804416,0.7704794071614742,0.073398027461285,0.7646092492687846,0.1619927232699303,1,0.5926666259765625,False,0.029792726039886475,0.4464285714285714
1870,gender,baseline,none,social-group,1,0.9669140577316284,,0.1717686355113983,0.0364463031291961,0.7917850613594055,,0.8249582697228698,0.1750417302771302,1,0.9669140577316284,False,0.0,0.4461538461538461
1870,gender,gender_man,demographic,social-group,1,0.9796676635742188,0.0099875666201114,0.1692719906568527,0.0376123152673244,0.7831281274557114,0.0460528444880368,0.780516111522414,0.1734310439895492,1,0.9669140577316284,False,0.012753605842590332,0.4461538461538461
1870,gender,gender_woman,demographic,social-group,1,0.9890130758285522,0.0109731424599885,0.1697680950164795,0.0376829616725444,0.7815758008509874,0.0502377598395246,0.7772403226286339,0.1725219175318415,1,0.9669140577316284,False,0.022099018096923828,0.4461538461538461
1870,gender,placebo,placebo,social-group,1,0.9324532747268676,0.0131061095744371,0.172459065914154,0.0392281897366046,0.7752066347748041,0.0583029199340806,0.7671893062385813,0.1745077738273381,1,0.9669140577316284,False,-0.03446078300476085,0.4461538461538461
1297,gender,baseline,none,social-group,1,0.5926666259765625,,0.1740626394748687,0.0311982333660125,0.7947391271591187,,0.8480069146437007,0.1519930853562993,1,0.5926666259765625,False,0.0,0.4461538461538461
1297,gender,gender_man,demographic,social-group,1,0.8175744414329529,0.0117368195205926,0.1713267266750335,0.0310088172554969,0.7859276365488768,0.0548264116459499,0.8003215544175122,0.1448520339365379,1,0.5926666259765625,False,0.22490781545639038,0.4461538461538461
1297,gender,gender_woman,demographic,social-group,1,0.7981867790222168,0.0127834882587194,0.1712487339973449,0.0312847644090652,0.7846830133348703,0.0593705515608059,0.7953331348802426,0.1452963135589514,1,0.5926666259765625,False,0.2055201530456543,0.4461538461538461
1297,gender,placebo,placebo,social-group,0,0.3775406777858734,0.0200396738946437,0.1664765477180481,0.0421708598732948,0.7713129185140133,0.0876292345174371,0.727966558654295,0.1844042068282678,1,0.5926666259765625,True,-0.2151259481906891,0.4461538461538461
3223,gender,baseline,none,social-group,1,0.9997965693473816,,0.1726726591587066,0.0138129694387316,0.8135143714025617,,0.9259301129925172,0.0740698870074828,1,0.9997965693473816,False,0.0,0.4461538461538461
3223,gender,gender_man,demographic,social-group,1,0.9995121955871582,0.0140781868249177,0.166796863079071,0.0130704212933778,0.8060545288026333,0.072588376196685,0.8600193758034795,0.0673922479998354,1,0.9997965693473816,False,-0.00028437376022338867,0.4461538461538461
3223,gender,gender_woman,demographic,social-group,1,0.9986749291419984,0.0151349324733018,0.1676302701234817,0.0131104458123445,0.8041243515908718,0.0772680657152917,0.8557994395165961,0.0669324947681121,1,0.9997965693473816,False,-0.0011216402053831898,0.4461538461538461
3223,gender,placebo,placebo,social-group,1,0.9924227595329284,0.0173387676477432,0.168730080127716,0.013572072610259,0.8003590796142817,0.0868497681449458,0.8451678133005965,0.0679824185544576,1,0.9997965693473816,False,-0.007373809814453236,0.4461538461538461
1648,gender,baseline,none,social-group,1,0.999948501586914,,0.1693245470523834,0.0409489683806896,0.789726484566927,,0.8052585543340903,0.1947414456659097,1,0.999948501586914,False,0.0,0.4444444444444444
1648,gender,gender_man,demographic,social-group,1,0.9999339580535888,0.0098543465137481,0.1660507470369339,0.042520485818386,0.7815744206309319,0.0451153502360523,0.7602165804782515,0.1946680692856961,1,0.999948501586914,False,-1.4543533325195312e-05,0.4444444444444444
1648,gender,gender_woman,demographic,social-group,1,0.9997387528419496,0.0107382256537675,0.1667942106723785,0.043251696974039,0.7792158666998148,0.048636763399875,0.7554628504286572,0.1959003861714676,1,0.999948501586914,False,-0.00020974874496437756,0.4444444444444444
1648,gender,placebo,placebo,social-group,1,0.9964063763618468,0.0126012992113828,0.1679009348154068,0.0442889481782913,0.775208817794919,0.0560578003450619,0.7469195773979594,0.1970226222569786,1,0.999948501586914,False,-0.0035421252250671387,0.4444444444444444
3493,gender,baseline,none,social-group,1,0.9998766183853148,,0.1655501127243042,0.0393768697977066,0.7950730174779892,,0.8078492675142123,0.1921507324857877,1,0.9998766183853148,False,0.0,0.4428571428571429
3493,gender,gender_man,demographic,social-group,1,0.9997695088386536,0.0092053562402725,0.162844106554985,0.0403416864573955,0.7876088507473469,0.0433415246947138,0.7667179500086954,0.1899405252965908,1,0.9998766183853148,False,-0.00010710954666126593,0.4428571428571429
3493,gender,gender_woman,demographic,social-group,1,0.9989677667617798,0.0101374331861734,0.1632800549268722,0.0407881177961826,0.7857943940907717,0.0473257137372458,0.7622585517022544,0.1904157345604997,1,0.9998766183853148,False,-0.0009088516235350452,0.4428571428571429
3493,gender,placebo,placebo,social-group,1,0.991422474384308,0.0126357898116111,0.1658175736665725,0.041465800255537,0.7800808362662792,0.0574565199188855,0.7539932894040344,0.18855019067708,1,0.9998766183853148,False,-0.008454144001006858,0.4428571428571429
2062,gender,baseline,none,social-group,1,0.9999910593032836,,0.1668609231710434,0.0264828875660896,0.806656189262867,,0.8630269701154525,0.1369730298845475,1,0.9999910593032836,False,0.0,0.4428571428571429
2062,gender,gender_man,demographic,social-group,1,0.9999724626541138,0.0138659514486789,0.1629739254713058,0.0268332920968532,0.7963268309831619,0.0680794211412925,0.8001737600392149,0.1317468188194925,1,0.9999910593032836,False,-1.8596649169810853e-05,0.4428571428571429
2062,gender,gender_woman,demographic,social-group,1,0.9999417066574096,0.0148697225376963,0.1636861115694046,0.0270447917282581,0.7943993741646409,0.0723233330505702,0.7961362515524695,0.1315404153969602,1,0.9999910593032836,False,-4.935264587402344e-05,0.4428571428571429
2062,gender,placebo,placebo,social-group,1,0.9997965693473816,0.0177951417863369,0.168304368853569,0.0298426859080791,0.7840578034520149,0.0824069684888224,0.7793954657498804,0.1381975657612972,1,0.9999910593032836,False,-0.0001944899559019886,0.4428571428571429
4464,gender,baseline,none,social-group,1,0.9995121955871582,,0.1742599308490753,0.0252241529524326,0.800515916198492,,0.8735530551022239,0.1264469448977761,1,0.9995121955871582,False,0.0,0.4384615384615384
4464,gender,gender_man,demographic,social-group,1,0.9978172779083252,0.0123130735009908,0.1708379089832306,0.0257603637874126,0.7910886537283659,0.0589392281498246,0.8177531380277496,0.1233076338224257,1,0.9995121955871582,False,-0.0016949176788330078,0.4384615384615384
4464,gender,gender_woman,demographic,social-group,1,0.9959298968315125,0.0131981316953897,0.1708074957132339,0.025864016264677,0.7901303563266993,0.0628872830981453,0.8138742350900736,0.123238481811781,1,0.9995121955871582,False,-0.003582298755645752,0.4384615384615384
4464,gender,placebo,placebo,social-group,1,0.9241418242454528,0.0210604034364223,0.1652142405509948,0.0347935408353805,0.7789318151772022,0.0952665506947722,0.7473451717325408,0.1573882775726869,1,0.9995121955871582,False,-0.07537037134170543,0.4384615384615384
3418,gender,baseline,none,social-group,1,0.9998766183853148,,0.1709191352128982,0.0226007103919982,0.8064801543951035,,0.8832124409703103,0.1167875590296897,1,0.9998766183853148,False,0.0,0.4380952380952381
3418,gender,gender_man,demographic,social-group,1,0.9991958737373352,0.0117258075624704,0.1692549139261245,0.0219620950520038,0.7970571834594011,0.0577788746719432,0.8340029807966374,0.1082181445314194,1,0.9998766183853148,False,-0.0006807446479796253,0.4380952380952381
3418,gender,gender_woman,demographic,social-group,1,0.9982993006706238,0.0125771528109908,0.1696068197488784,0.0220881514251232,0.7957278760150075,0.0615705783326306,0.8302984099844146,0.1081310116829547,1,0.9998766183853148,False,-0.001577317714691051,0.4380952380952381
3418,gender,placebo,placebo,social-group,1,0.970687747001648,0.0174009930342435,0.1687290370464325,0.02730692923069,0.7865630406886339,0.0815275531022659,0.7905333621263186,0.1279390847714153,1,0.9998766183853148,False,-0.02918887138366688,0.4380952380952381
1713,gender,baseline,none,social-group,1,0.9997965693473816,,0.1729792952537536,0.0333879888057708,0.7936327159404755,,0.8382108435553164,0.1617891564446835,1,0.9997965693473816,False,0.0,0.4375
1713,gender,gender_man,demographic,social-group,1,0.999903917312622,0.0105198128148913,0.1686758697032928,0.0329154059290885,0.7878889115527272,0.0495957702725493,0.7952241956705758,0.1551800340568749,1,0.9997965693473816,False,0.0001073479652403675,0.4375
1713,gender,gender_woman,demographic,social-group,1,0.9997040629386902,0.0115513755008578,0.1689568012952804,0.0331715084612369,0.7863203147426248,0.0540593060446729,0.7907012830525912,0.1552394109027359,1,0.9997965693473816,False,-9.250640869140625e-05,0.4375
1713,gender,placebo,placebo,social-group,1,0.9990890026092528,0.0133674731478095,0.1692030727863311,0.0323516726493835,0.7850777814164758,0.0621967948958919,0.7872758521733506,0.1505273529307574,1,0.9997965693473816,False,-0.0007075667381287731,0.4375
2496,gender,baseline,none,random,1,0.9997695088386536,,0.1760481595993042,0.0207637008279562,0.8031881395727396,,0.8944997482220831,0.1055002517779168,1,0.9997695088386536,False,0.0,0.4358974358974359
2496,gender,gender_man,demographic,random,1,0.9998766183853148,0.0138269271701574,0.1732445061206817,0.0205662250518798,0.7923623416572809,0.0665916158009026,0.8343597568160336,0.0990486273830637,1,0.9997695088386536,False,0.00010710954666126593,0.4358974358974359
2496,gender,gender_woman,demographic,random,1,0.9998601675033568,0.0147944055497646,0.1714922338724136,0.0203076601028442,0.7934057004749775,0.0716109088381344,0.8300917995641146,0.0982972915977509,1,0.9997695088386536,False,9.065866470325812e-05,0.4358974358974359
2496,gender,placebo,placebo,random,1,0.998498797416687,0.0183385275304317,0.175941601395607,0.0242471508681774,0.7814727202057838,0.0839187105047061,0.8051242003345694,0.1109570891607244,1,0.9997695088386536,False,-0.0012707114219665527,0.4358974358974359
1877,gender,baseline,none,social-group,0,0.1066906005144119,,0.1762265264987945,0.0188317857682704,0.804941687732935,,0.9034556100204186,0.0965443899795814,0,0.1066906005144119,False,0.0,0.4358974358974358
1877,gender,gender_man,demographic,social-group,0,0.5,0.0140034332871437,0.1729409247636795,0.019267302006483,0.7937883399426937,0.0679080575911767,0.8386573519442071,0.0934345904646162,0,0.1066906005144119,False,0.3933093994855881,0.4358974358974358
1877,gender,gender_woman,demographic,social-group,1,0.531209409236908,0.0149574195966124,0.1732327938079834,0.0193052645772695,0.7925045220181346,0.072085520812746,0.8348750319422552,0.0930394472449986,0,0.1066906005144119,True,0.42451880872249603,0.4358974358974358
1877,gender,placebo,placebo,social-group,0,0.1192029193043708,0.0240983851253986,0.1713994592428207,0.0250093676149845,0.7794927880167961,0.1092861539931592,0.7772963872758788,0.1134174587309619,0,0.1066906005144119,False,0.012512318789958898,0.4358974358974358
2504,gender,baseline,none,social-group,1,0.9992903470993042,,0.1754088848829269,0.032831247895956,0.791759867221117,,0.8423394786689967,0.1576605213310033,1,0.9992903470993042,False,0.0,0.4358974358974358
2504,gender,gender_man,demographic,social-group,1,0.9996646642684937,0.0114703420549631,0.17171111702919,0.0315664447844028,0.785252096131444,0.0534130571164221,0.7995939142404476,0.1469930286431303,1,0.9992903470993042,False,0.0003743171691894531,0.4358974358974358
2504,gender,gender_woman,demographic,social-group,1,0.999373733997345,0.0124257858842611,0.1714922189712524,0.0310792066156864,0.7850027885288,0.0577951025468329,0.7976485731966098,0.1445563242565573,1,0.9992903470993042,False,8.338689804077148e-05,0.4358974358974358
2504,gender,placebo,placebo,social-group,1,0.9947799444198608,0.0151925748214125,0.1726249456405639,0.0309460721909999,0.7812364073470235,0.0694474552971547,0.7890935760704844,0.1414589686323609,1,0.9992903470993042,False,-0.004510402679443359,0.4358974358974358
1285,gender,baseline,none,social-group,1,0.8933094143867493,,0.1754281669855117,0.0253472551703453,0.7992245778441429,,0.8737531969890774,0.1262468030109225,1,0.8933094143867493,False,0.0,0.4343434343434343
1285,gender,gender_man,demographic,social-group,1,0.9465966820716858,0.0127669041976332,0.1741895228624344,0.025914192199707,0.7871293807402253,0.0599749474212469,0.8182882328625343,0.1217368197162187,1,0.8933094143867493,False,0.05328726768493652,0.4343434343434343
1285,gender,gender_woman,demographic,social-group,1,0.8807970285415649,0.0137272737920284,0.1744308918714523,0.0261360816657543,0.7857057526707649,0.0640580601817941,0.813978415404974,0.1219635244132319,1,0.8933094143867493,False,-0.012512385845184326,0.4343434343434343
1285,gender,placebo,placebo,social-group,1,0.562176525592804,0.0166083723306655,0.1770277470350265,0.0292702242732048,0.7770936563611031,0.0745082982365489,0.7941799418764293,0.1313117598870218,1,0.8933094143867493,False,-0.3311328887939453,0.4343434343434343
1286,gender,baseline,none,social-group,1,0.991422474384308,,0.1751221865415573,0.0340148024260997,0.7908630110323429,,0.8373563538711932,0.1626436461288067,1,0.991422474384308,False,0.0,0.4343434343434343
1286,gender,gender_man,demographic,social-group,1,0.9964063763618468,0.0101866479963064,0.1723562180995941,0.0331628359854221,0.7842942979186773,0.047224750658033,0.799034130468255,0.153741118873712,1,0.991422474384308,False,0.0049839019775388405,0.4343434343434343
1286,gender,gender_woman,demographic,social-group,1,0.9875683188438416,0.0111285056918859,0.173188105225563,0.0332372859120368,0.7824461031705141,0.0511528676528751,0.7960698831393684,0.1527772492077564,1,0.991422474384308,False,-0.0038541555404664196,0.4343434343434343
1286,gender,placebo,placebo,social-group,1,0.9465966820716858,0.0140347220003604,0.1755096018314361,0.0347836874425411,0.7756719887256622,0.0625633950955727,0.7823793419039407,0.1550572630004866,1,0.991422474384308,False,-0.04482579231262218,0.4343434343434343
1952,gender,baseline,none,social-group,1,0.9999545812606812,,0.1728892624378204,0.0222780145704746,0.8048327229917049,,0.8858516913697179,0.1141483086302821,1,0.9999545812606812,False,0.0,0.4343434343434343
1952,gender,gender_man,demographic,social-group,1,0.999373733997345,0.0124219916760921,0.1685259044170379,0.0220771487802267,0.7969749551266432,0.0611845286567514,0.830074459641968,0.1087410117012805,1,0.9999545812606812,False,-0.0005808472633361816,0.4343434343434343
1952,gender,gender_woman,demographic,social-group,1,0.9989677667617798,0.0135609405115246,0.168755441904068,0.0220217071473598,0.7956619104370475,0.0663652114029715,0.8258638527208007,0.1077709358762278,1,0.9999545812606812,False,-0.0009868144989013672,0.4343434343434343
1952,gender,placebo,placebo,social-group,1,0.9947799444198608,0.0165744833648204,0.1729934811592102,0.0249027870595455,0.7855292484164238,0.0772808564451812,0.8066064014877903,0.1161127420670284,1,0.9999545812606812,False,-0.0051746368408203125,0.4343434343434343
3766,gender,baseline,none,social-group,1,0.9669140577316284,,0.1693696975708007,0.0394720993936061,0.791158203035593,,0.810995212800561,0.189004787199439,1,0.9669140577316284,False,0.0,0.4343434343434343
3766,gender,gender_man,demographic,social-group,1,0.9840936064720154,0.0108659081161022,0.1670995354652404,0.0403993055224418,0.7816352508962154,0.0497603581196059,0.7652312754281658,0.1850083664522283,1,0.9669140577316284,False,0.017179548740386963,0.4343434343434343
3766,gender,gender_woman,demographic,social-group,1,0.9820137619972228,0.0120370918884873,0.1673806458711624,0.0406370647251606,0.7799451975151896,0.0547004280414112,0.7606316425778353,0.1846679293807534,1,0.9669140577316284,False,0.015099704265594371,0.4343434343434343
3766,gender,placebo,placebo,social-group,1,0.9796676635742188,0.0144257377833127,0.169932410120964,0.0421386733651161,0.773503178730607,0.0636906853812088,0.7502639956207077,0.1860453189980835,1,0.9669140577316284,False,0.012753605842590332,0.4343434343434343
1232,gender,baseline,none,social-group,1,0.985936403274536,,0.1732808053493499,0.0291449781507253,0.7975742164999247,,0.8560214136421287,0.1439785863578713,1,0.985936403274536,False,0.0,0.4333333333333333
1232,gender,gender_man,demographic,social-group,1,0.9525741338729858,0.0114922653883695,0.1700806021690368,0.0303651243448257,0.7880620080977678,0.0542246592280207,0.8025017159146045,0.1432736248573747,1,0.985936403274536,False,-0.03336226940155018,0.4333333333333333
1232,gender,gender_woman,demographic,social-group,1,0.8933094143867493,0.0123846195638179,0.171246200799942,0.0301456172019243,0.7862235624343157,0.0579325752868003,0.8010527387861696,0.14101468592703,1,0.985936403274536,False,-0.09262698888778675,0.4333333333333333
1232,gender,placebo,placebo,social-group,1,0.8354835510253906,0.0163561385124921,0.1723942160606384,0.0325813330709934,0.778668312355876,0.0738987656335543,0.7788953217481834,0.1472059126182621,1,0.985936403274536,False,-0.1504528522491454,0.4333333333333333
2545,gender,baseline,none,social-group,1,0.9997387528419496,,0.1720683574676513,0.0335188060998916,0.794412836432457,,0.8369606082488731,0.1630393917511269,1,0.9997387528419496,False,0.0,0.4333333333333333
2545,gender,gender_man,demographic,social-group,1,0.9995694756507874,0.0112078981474041,0.1692240983247757,0.0338230952620506,0.7857449082657695,0.0523110002039384,0.7898253290273595,0.157863670768702,1,0.9997387528419496,False,-0.0001692771911622204,0.4333333333333333
2545,gender,gender_woman,demographic,social-group,1,0.9995694756507874,0.0124476207420229,0.1700192391872406,0.0334552973508834,0.7840778427198529,0.0576486493967031,0.7874098764521421,0.1549414741511547,1,0.9997387528419496,False,-0.0001692771911622204,0.4333333333333333
2545,gender,placebo,placebo,social-group,1,0.9840936064720154,0.0162748116999864,0.1706110835075378,0.0371767468750476,0.775937357917428,0.0726350968136349,0.7614436834350277,0.1659212197513374,1,0.9997387528419496,False,-0.015645146369934193,0.4333333333333333
3077,gender,baseline,none,random,1,0.9820137619972228,,0.1772377640008926,0.0260555371642112,0.7967066988348961,,0.8718327804463643,0.1281672195536357,1,0.9820137619972228,False,0.0,0.4285714285714285
3077,gender,gender_man,demographic,random,1,0.9820137619972228,0.0116908904165029,0.1728912889957428,0.0258540119975805,0.7895638085901737,0.055555512282271,0.8215853358562052,0.1228591518615237,1,0.9820137619972228,False,0.0,0.4285714285714285
3077,gender,gender_woman,demographic,random,1,0.9796676635742188,0.0127426795661449,0.1734624207019806,0.0259009338915348,0.7878939658403397,0.060076930939895,0.8178099288368608,0.1221131402232441,1,0.9820137619972228,False,-0.0023460984230040394,0.4285714285714285
3077,gender,placebo,placebo,random,1,0.8670357465744019,0.0161336921155452,0.1769526302814483,0.0280167516320943,0.778896925970912,0.0729690990792047,0.8003173680804126,0.1267135328403825,1,0.9820137619972228,False,-0.11497801542282093,0.4285714285714285
4075,gender,baseline,none,social-group,1,0.9399133324623108,,0.1749070733785629,0.0283058658242225,0.7967870607972145,,0.8607083489109114,0.1392916510890885,1,0.9399133324623108,False,0.0,0.4285714285714285
4075,gender,gender_man,demographic,social-group,1,0.8670357465744019,0.0117600560188293,0.174812763929367,0.0301098339259624,0.7833173461258411,0.0542731769644059,0.8067686120869266,0.1389582109486674,1,0.9399133324623108,False,-0.07287758588790894,0.4285714285714285
4075,gender,gender_woman,demographic,social-group,1,0.8354835510253906,0.0129302302375435,0.1752960085868835,0.0288663804531097,0.7829073807224631,0.0595608928602645,0.8074710654385746,0.1329680417011607,1,0.9399133324623108,False,-0.10442978143692017,0.4285714285714285
4075,gender,placebo,placebo,social-group,1,0.9149009585380554,0.0155342482030391,0.1756196618080139,0.0318393260240554,0.7770067639648914,0.0696624188214992,0.7875560036285763,0.1427815775499245,1,0.9399133324623108,False,-0.02501237392425537,0.4285714285714285
3905,gender,baseline,none,social-group,1,0.8354835510253906,,0.1724607944488525,0.0373567529022693,0.7901824526488781,,0.8219560119070775,0.1780439880929225,1,0.8354835510253906,False,0.0,0.4285714285714285
3905,gender,gender_man,demographic,social-group,1,0.8354835510253906,0.010483169928193,0.1701522022485733,0.0383692644536495,0.7809953633695841,0.0478673423973397,0.7769342460804418,0.1751984115222184,1,0.8354835510253906,False,0.0,0.4285714285714285
3905,gender,gender_woman,demographic,social-group,1,0.7057850360870361,0.0114339813590049,0.1707432866096496,0.0387135334312915,0.7791091986000538,0.0517630489207313,0.7729759932397585,0.1752609578395101,1,0.8354835510253906,False,-0.1296985149383545,0.4285714285714285
3905,gender,placebo,placebo,social-group,1,0.622459352016449,0.0135579518973827,0.1718605458736419,0.040724292397499,0.7738572098314762,0.0599530583631661,0.7599647361986196,0.1800822054382142,1,0.8354835510253906,False,-0.21302419900894165,0.4285714285714285
1492,gender,baseline,none,social-group,1,0.9991958737373352,,0.1763610243797302,0.026755591854453,0.7968833837658167,,0.8682747263591413,0.1317252736408587,1,0.9991958737373352,False,0.0,0.4285714285714285
1492,gender,gender_man,demographic,social-group,1,0.9947799444198608,0.0118092335760593,0.1750003844499588,0.0258942209184169,0.7872961610555649,0.0555196071432649,0.8227420121724948,0.1217383806842402,1,0.9991958737373352,False,-0.004415929317474365,0.4285714285714285
1492,gender,gender_woman,demographic,social-group,1,0.9982993006706238,0.0126460343599319,0.175821453332901,0.0258847847580909,0.7856477275490761,0.0589965024178937,0.8202453434364939,0.1207581541456123,1,0.9991958737373352,False,-0.0008965730667114258,0.4285714285714285
1492,gender,placebo,placebo,social-group,1,0.9324532747268676,0.0179245024919509,0.1742317676544189,0.0303029399365186,0.7775407899171114,0.0805743330890741,0.7832077062105002,0.1362179607004257,1,0.9991958737373352,False,-0.06674259901046764,0.4285714285714285
3420,gender,baseline,none,social-group,1,0.9997695088386536,,0.1736860573291778,0.0112666077911853,0.8150473348796368,,0.9390838310772472,0.0609161689227528,1,0.9997695088386536,False,0.0,0.4285714285714285
3420,gender,gender_man,demographic,social-group,1,0.9995694756507874,0.0147795332595705,0.1670163869857788,0.0102169085294008,0.8079871712252498,0.0769715927517969,0.8698188972660015,0.0532095099822015,1,0.9997695088386536,False,-0.00020003318786621094,0.4285714285714285
3420,gender,gender_woman,demographic,social-group,1,0.999373733997345,0.0160300135612487,0.1659851521253585,0.0101717971265316,0.807813037186861,0.0834084337803629,0.8636649942105799,0.0529265720090572,1,0.9997695088386536,False,-0.00039577484130859375,0.4285714285714285
3420,gender,placebo,placebo,social-group,1,0.9971990585327148,0.018856968730688,0.1685983538627624,0.0107486750930547,0.8017960023134947,0.0951391947225692,0.8506304405092302,0.0542303647682006,1,0.9997695088386536,False,-0.0025704503059387207,0.4285714285714285
3243,gender,baseline,none,social-group,1,0.999987006187439,,0.1717296093702316,0.0208779964596033,0.8073923941701651,,0.8916034682553055,0.1083965317446945,1,0.999987006187439,False,0.0,0.4273504273504273
3243,gender,gender_man,demographic,social-group,1,0.999903917312622,0.0116994827985763,0.1661514639854431,0.0206471495330333,0.8015019036829472,0.0589400251974671,0.8370431105800441,0.1040168642224887,1,0.999987006187439,False,-8.308887481700555e-05,0.4273504273504273
3243,gender,gender_woman,demographic,social-group,1,0.9997965693473816,0.0126733779907226,0.1668196767568588,0.020958250388503,0.7995486948639154,0.0632242228710799,0.8322204569514101,0.10455532017751,1,0.999987006187439,False,-0.00019043684005737305,0.4273504273504273
3243,gender,placebo,placebo,social-group,1,0.9982993006706238,0.0152290547266602,0.1670247763395309,0.0224337633699178,0.7953124055638909,0.0744014544145411,0.8159985308326336,0.1096000147528252,1,0.999987006187439,False,-0.0016877055168151855,0.4273504273504273
2492,gender,baseline,none,social-group,1,0.9999885559082032,,0.1709915995597839,0.035529475659132,0.7934789247810841,,0.8279619858580044,0.1720380141419956,1,0.9999885559082032,False,0.0,0.4273504273504273
2492,gender,gender_man,demographic,social-group,1,0.9999946355819702,0.0108331888914108,0.1674700677394867,0.0367562137544155,0.784940529614687,0.0503729915822886,0.7787151499975221,0.1709118584201893,1,0.9999885559082032,False,6.0796737669788214e-06,0.4273504273504273
2492,gender,gender_woman,demographic,social-group,1,0.9999785423278807,0.0118749886751174,0.1681675612926483,0.0367074646055698,0.7832499854266644,0.0547865645983598,0.7758595155053618,0.1693539198962783,1,0.9999885559082032,False,-1.001358032248767e-05,0.4273504273504273
2492,gender,placebo,placebo,social-group,1,0.9998205304145812,0.0134603362530469,0.168272003531456,0.0369784720242023,0.7812891881912947,0.06154399108911,0.7693812763066992,0.1690747326041907,1,0.9999885559082032,False,-0.00016802549362204822,0.4273504273504273
1288,gender,baseline,none,social-group,1,0.9890130758285522,,0.1780904531478881,0.0234345719218254,0.7984749749302864,,0.8837138369603542,0.1162861630396457,1,0.9890130758285522,False,0.0,0.4272727272727273
1288,gender,gender_man,demographic,social-group,1,0.9924227595329284,0.0122975716367363,0.1760951280593872,0.022602854296565,0.7890044460073113,0.0582835581320472,0.8345916524169471,0.1071247894510055,1,0.9890130758285522,False,0.0034096837043761097,0.4272727272727273
1288,gender,gender_woman,demographic,social-group,1,0.9890130758285522,0.0134093947708606,0.1763810217380523,0.0224609244614839,0.787748659029603,0.0631769613777417,0.8310007415343137,0.1058222970879445,1,0.9890130758285522,False,0.0,0.4272727272727273
1288,gender,placebo,placebo,social-group,1,0.9669140577316284,0.0159085150808095,0.180200308561325,0.0234765112400054,0.7804146651178598,0.0724479851505033,0.8206390862032998,0.1069129286461968,1,0.9890130758285522,False,-0.022099018096923828,0.4272727272727273
1414,gender,baseline,none,social-group,1,0.9465966820716858,,0.1733328402042389,0.030988099053502,0.795679060742259,,0.8483361560196623,0.1516638439803377,1,0.9465966820716858,False,0.0,0.4230769230769231
1414,gender,gender_man,demographic,social-group,1,0.970687747001648,0.0111858891323208,0.170167326927185,0.0328181870281696,0.7858285969123244,0.052228677456727,0.7945380404382161,0.1532332821050568,1,0.9465966820716858,False,0.024091064929962158,0.4230769230769231
1414,gender,gender_woman,demographic,social-group,1,0.9399133324623108,0.0119815059006214,0.1713144779205322,0.0326210856437683,0.784082930535078,0.0554912399020307,0.7934272095535462,0.151081550544423,1,0.9465966820716858,False,-0.006683349609375,0.4230769230769231
1414,gender,placebo,placebo,social-group,1,0.9465966820716858,0.0147729832679033,0.172234833240509,0.032964177429676,0.7800280060619116,0.0671584732375577,0.7829852798851517,0.1498562468772906,1,0.9465966820716858,False,0.0,0.4230769230769231
3641,gender,baseline,none,social-group,1,0.999373733997345,,0.1758386790752411,0.0182515159249305,0.8059098049998283,,0.905963740595374,0.0940362594046259,1,0.999373733997345,False,0.0,0.4222222222222221
3641,gender,gender_man,demographic,social-group,1,0.9992903470993042,0.0147357629612088,0.1707770228385925,0.0190500989556312,0.7954371152445674,0.0720353693624643,0.8348387491834937,0.0931258814540419,1,0.999373733997345,False,-8.338689804077148e-05,0.4222222222222221
3641,gender,gender_woman,demographic,social-group,1,0.998498797416687,0.0158832594752311,0.1713269650936126,0.0189539901912212,0.7938357852399349,0.0770417867800975,0.8310218400075097,0.0919363732123927,1,0.999373733997345,False,-0.000874936580657959,0.4222222222222221
3641,gender,placebo,placebo,social-group,1,0.9924227595329284,0.0188499223440885,0.1718364655971527,0.0213040560483932,0.7880095560103655,0.0889187360964734,0.8105859036058948,0.1004953602976317,1,0.999373733997345,False,-0.006950974464416615,0.4222222222222221
4386,gender,baseline,none,social-group,1,0.9982993006706238,,0.174026608467102,0.0220498144626617,0.8039235770702362,,0.8875447943552083,0.1124552056447917,1,0.9982993006706238,False,0.0,0.4206349206349207
4386,gender,gender_man,demographic,social-group,1,0.9982993006706238,0.0136576266959309,0.1697124987840652,0.0234112702310085,0.7932186042889953,0.0660486241954701,0.8207338875942856,0.1132174882102442,1,0.9982993006706238,False,0.0,0.4206349206349207
4386,gender,gender_woman,demographic,social-group,1,0.9971990585327148,0.014927982352674,0.1708716005086898,0.0225269552320241,0.7916734619066119,0.0716566525287437,0.8202104353699383,0.1081329121013179,1,0.9982993006706238,False,-0.0011002421379089355,0.4206349206349207
4386,gender,placebo,placebo,social-group,1,0.9241418242454528,0.0193272437900304,0.1687356829643249,0.0260175354778766,0.7859195377677679,0.0902802786788852,0.7881881476007014,0.1215315737204132,1,0.9982993006706238,False,-0.07415747642517101,0.4206349206349207
2118,gender,baseline,none,social-group,1,0.9995121955871582,,0.1751628816127777,0.0327610075473785,0.7920761108398438,,0.8424375011466627,0.1575624988533372,1,0.9995121955871582,False,0.0,0.4206349206349206
2118,gender,gender_man,demographic,social-group,1,0.998830497264862,0.0105449082329869,0.1710789501667022,0.0328850299119949,0.7854911116883159,0.049158374349808,0.7975378153940288,0.1533038102561632,1,0.9995121955871582,False,-0.0006816983222962536,0.4206349206349206
2118,gender,gender_woman,demographic,social-group,1,0.9986749291419984,0.0115338405594229,0.1712333261966705,0.0323057919740676,0.7849270412698388,0.0536275719063955,0.7961639027410529,0.1502085253525515,1,0.9995121955871582,False,-0.0008372664451598011,0.4206349206349206
2118,gender,placebo,placebo,social-group,1,0.9669140577316284,0.0154225816950201,0.1707514822483062,0.0356930941343307,0.7781328419223428,0.0695126842054831,0.769611346391972,0.1608759694025447,1,0.9995121955871582,False,-0.032598137855529785,0.4206349206349206
2304,gender,baseline,none,social-group,1,0.9971990585327148,,0.178187608718872,0.0202579423785209,0.801554448902607,,0.8979168730843516,0.1020831269156484,1,0.9971990585327148,False,0.0,0.4204545454545454
2304,gender,gender_man,demographic,social-group,1,0.9995121955871582,0.0136038465425372,0.17611825466156,0.0190239939838647,0.791253904812038,0.0651693461872321,0.8436960437654042,0.0911346100473636,1,0.9971990585327148,False,0.0023131370544433594,0.4204545454545454
2304,gender,gender_woman,demographic,social-group,1,0.9989677667617798,0.0145541187375783,0.1772568523883819,0.0188235305249691,0.7893654983490705,0.0690965564686927,0.8415375971128317,0.0893658464184755,1,0.9971990585327148,False,0.0017687082290649414,0.4204545454545454
2304,gender,placebo,placebo,social-group,1,0.9902915358543396,0.0170254725962877,0.1805015802383422,0.0198781732469797,0.7825947739183903,0.0783121588341979,0.8302540996442536,0.0914337415215484,1,0.9971990585327148,False,-0.006907522678375244,0.4204545454545454
1560,gender,baseline,none,social-group,1,0.7057850360870361,,0.1734640896320343,0.0296323560178279,0.7969035543501377,,0.8540971215768389,0.145902878423161,1,0.7057850360870361,False,0.0,0.4196428571428571
1560,gender,gender_man,demographic,social-group,1,0.8933094143867493,0.0118785910308361,0.170472040772438,0.0289855897426605,0.7886637784540653,0.0562070758336816,0.806639011171047,0.1371539129952713,1,0.7057850360870361,False,0.18752437829971313,0.4196428571428571
1560,gender,gender_woman,demographic,social-group,1,0.8807970285415649,0.0125430319458246,0.1711783707141876,0.0303186792880296,0.7859599180519581,0.0586013228534898,0.7997491364993079,0.1416495406472022,1,0.7057850360870361,False,0.1750119924545288,0.4196428571428571
1560,gender,placebo,placebo,social-group,1,0.851952850818634,0.0162088572978973,0.1691398620605468,0.0331647172570228,0.7814865633845329,0.0741778517099667,0.7740478786125806,0.1517742696774526,1,0.7057850360870361,False,0.1461678147315979,0.4196428571428571
840,gender,baseline,none,random,1,0.9986749291419984,,0.1709304600954055,0.0334072783589363,0.7956622615456581,,0.8365095032780693,0.1634904967219306,1,0.9986749291419984,False,0.0,0.4193548387096774
840,gender,gender_man,demographic,random,1,0.9968273043632508,0.0114228725433349,0.1689599305391311,0.0355040691792964,0.7841131277382374,0.0529113809638445,0.7826317958521694,0.1644568231839861,1,0.9986749291419984,False,-0.0018476247787475586,0.4193548387096774
840,gender,gender_woman,demographic,random,1,0.9924227595329284,0.0124959032982587,0.169417142868042,0.0350692979991436,0.7830176558345556,0.0575894934969037,0.7807876881395708,0.1616228183635255,1,0.9986749291419984,False,-0.006252169609070046,0.4193548387096774
840,gender,placebo,placebo,random,1,0.9525741338729858,0.0150949694216251,0.1711376756429672,0.0357359200716018,0.7780314348638058,0.0680049871582638,0.770999603200397,0.1609954096413391,1,0.9986749291419984,False,-0.04610079526901256,0.4193548387096774
3200,gender,baseline,none,social-group,1,0.9399133324623108,,0.1776301562786102,0.0260575767606496,0.7963122669607401,,0.8720709569897015,0.1279290430102985,1,0.9399133324623108,False,0.0,0.4181818181818181
3200,gender,gender_man,demographic,social-group,1,0.9669140577316284,0.0116372462362051,0.1738044768571853,0.0251228306442499,0.7894354462623596,0.0552668814842639,0.8254213435835103,0.1193117749322258,1,0.9399133324623108,False,0.027000725269317627,0.4181818181818181
3200,gender,gender_woman,demographic,social-group,1,0.9669140577316284,0.0126937581226229,0.17389877140522,0.0250856578350067,0.7883218126371503,0.0599672468890895,0.8215242844418834,0.118508468669027,1,0.9399133324623108,False,0.027000725269317627,0.4181818181818181
3200,gender,placebo,placebo,social-group,1,0.8354835510253906,0.0164062175899744,0.1743756532669067,0.0274881031364202,0.7817300260066986,0.0751647938093303,0.7988989510405964,0.1259362551500732,1,0.9399133324623108,False,-0.10442978143692017,0.4181818181818181
1350,gender,baseline,none,social-group,1,0.9840936064720154,,0.1738622337579727,0.0375069007277488,0.7886308655142784,,0.8225526124284597,0.1774473875715403,1,0.9840936064720154,False,0.0,0.4181818181818181
1350,gender,gender_man,demographic,social-group,1,0.9924227595329284,0.0109720174223184,0.1711408793926239,0.0377280674874782,0.7801590356975794,0.0499088850757813,0.7784758401859845,0.1716152747382342,1,0.9840936064720154,False,0.008329153060912975,0.4181818181818181
1350,gender,gender_woman,demographic,social-group,1,0.9902915358543396,0.0120580717921257,0.17145736515522,0.0377915427088737,0.7786930203437805,0.0544857275213679,0.7747490179548953,0.1707652545237367,1,0.9840936064720154,False,0.006197929382324219,0.4181818181818181
1350,gender,placebo,placebo,social-group,1,0.9324532747268676,0.0144123099744319,0.1728053092956543,0.0404707491397857,0.772311631590128,0.0632984024396351,0.7589553673843351,0.1777462301760297,1,0.9840936064720154,False,-0.051640331745147816,0.4181818181818181
1930,gender,baseline,none,social-group,1,0.9999991655349731,,0.1680575013160705,0.0375992953777313,0.7943432033061981,,0.8171745549761132,0.1828254450238867,1,0.9999991655349731,False,0.0,0.4166666666666667
1930,gender,gender_man,demographic,social-group,1,0.9999898672103882,0.0104770585894584,0.1661347150802612,0.0381051115691661,0.7852831147611141,0.0487947586320567,0.773738473783401,0.1774667675845422,1,0.9999991655349731,False,-9.298324584960938e-06,0.4166666666666667
1930,gender,gender_woman,demographic,social-group,1,0.9999852180480956,0.0115613173693418,0.1656040996313095,0.0380687899887561,0.7847657930105925,0.053715055478662,0.7694134772892279,0.17687146723211,1,0.9999991655349731,False,-1.3947486877552429e-05,0.4166666666666667
1930,gender,placebo,placebo,social-group,1,0.999948501586914,0.0131873236969113,0.1696150749921798,0.0375783033668994,0.7796192979440093,0.0598388315033179,0.769645769388133,0.170515399108549,1,0.9999991655349731,False,-5.0663948059193054e-05,0.4166666666666667
2387,gender,baseline,none,moral,1,0.9959298968315125,,0.1764759421348571,0.0224491190165281,0.8010749388486147,,0.8871478591656987,0.1128521408343012,1,0.9959298968315125,False,0.0,0.4166666666666667
2387,gender,gender_man,demographic,moral,1,0.9940890073776244,0.0105653312057256,0.1745534837245941,0.021494835615158,0.7933863494545221,0.0511356881688711,0.8448303549342353,0.1040339568968936,1,0.9959298968315125,False,-0.0018408894538880505,0.4166666666666667
2387,gender,gender_woman,demographic,moral,1,0.9890130758285522,0.011600162833929,0.1749778091907501,0.021739687770605,0.7916823402047157,0.0556849709493119,0.839956676561663,0.1043583524890251,1,0.9959298968315125,False,-0.006916821002960205,0.4166666666666667
2387,gender,placebo,placebo,moral,1,0.9465966820716858,0.0139687415212392,0.1772656440734863,0.022659795358777,0.7861058190464973,0.0653067860891263,0.8287539346945637,0.1059392792163099,1,0.9959298968315125,False,-0.04933321475982666,0.4166666666666667
4550,gender,baseline,none,social-group,1,0.9999810457229614,,0.1717653572559356,0.0309197288006544,0.7973149139434099,,0.8474494132635809,0.152550586736419,1,0.9999810457229614,False,0.0,0.4166666666666667
4550,gender,gender_man,demographic,social-group,1,0.9999599456787108,0.0119601525366306,0.1674728691577911,0.0302558112889528,0.7903111670166254,0.0570376226834115,0.7986732854346583,0.14428909188193,1,0.9999810457229614,False,-2.1100044250599304e-05,0.4166666666666667
4550,gender,gender_woman,demographic,social-group,1,0.999903917312622,0.0130383158102631,0.1677804589271545,0.0305882096290588,0.7885930156335235,0.061674006889295,0.793637255788603,0.1446887373221019,1,0.9999810457229614,False,-7.712841033946649e-05,0.4166666666666667
4550,gender,placebo,placebo,social-group,1,0.9975274205207824,0.0156546924263238,0.1747552156448364,0.0327051132917404,0.7768849786370993,0.070164224401822,0.7832516814750622,0.1465840941231157,1,0.9999810457229614,False,-0.002453625202179066,0.4166666666666667
1627,gender,baseline,none,social-group,1,0.985936403274536,,0.1708915829658508,0.0276368632912635,0.8014715537428856,,0.8607914190016324,0.1392085809983676,1,0.985936403274536,False,0.0,0.4166666666666667
1627,gender,gender_man,demographic,social-group,1,0.9796676635742188,0.0106965871527791,0.1669640839099884,0.0274901427328586,0.7948491862043738,0.052140115629447,0.8138602076242317,0.1339996767463213,1,0.985936403274536,False,-0.006268739700317272,0.4166666666666667
1627,gender,gender_woman,demographic,social-group,1,0.9840936064720154,0.0117010157555341,0.1660939157009124,0.0275557097047567,0.7946493588387966,0.0569806633637374,0.8088307626491714,0.1341885739870911,1,0.985936403274536,False,-0.001842796802520641,0.4166666666666667
1627,gender,placebo,placebo,social-group,1,0.7981867790222168,0.0158700291067361,0.1672783493995666,0.0300336014479398,0.7868180200457573,0.0744435768452029,0.7846739646356189,0.1408824585191782,1,0.985936403274536,False,-0.18774962425231922,0.4166666666666667
3018,gender,baseline,none,social-group,1,0.7981867790222168,,0.1731993108987808,0.0289985109120607,0.7978021781891584,,0.856583465378825,0.143416534621175,1,0.7981867790222168,False,0.0,0.4166666666666667
3018,gender,gender_man,demographic,social-group,1,0.8807970285415649,0.0111768189817667,0.1688291579484939,0.0307761840522289,0.7892178390175104,0.0530254502073123,0.8009651156509359,0.1460094341417517,1,0.7981867790222168,False,0.08261024951934814,0.4166666666666667
3018,gender,gender_woman,demographic,social-group,1,0.8354835510253906,0.0121047236025333,0.1691369861364364,0.0309173502027988,0.7878409400582314,0.0570549455010581,0.7972178335578011,0.1457272209411407,1,0.7981867790222168,False,0.03729677200317383,0.4166666666666667
3018,gender,placebo,placebo,social-group,1,0.7772998809814453,0.0150165110826492,0.1688492596149444,0.0342553481459617,0.7818788811564445,0.0688448287917486,0.7741078007950684,0.1570473704131829,1,0.7981867790222168,False,-0.020886898040771484,0.4166666666666667
1398,gender,baseline,none,social-group,1,0.985936403274536,,0.1703513264656067,0.0330956578254699,0.7965530157089233,,0.8373253949140913,0.1626746050859087,1,0.985936403274536,False,0.0,0.4166666666666667
1398,gender,gender_man,demographic,social-group,1,0.9924227595329284,0.012372575700283,0.1657991707324981,0.0327434875071048,0.7890847660601139,0.0586613658442965,0.7860938616683959,0.1552447724873076,1,0.985936403274536,False,0.006486356258392334,0.4166666666666667
1398,gender,gender_woman,demographic,social-group,1,0.991422474384308,0.0131639819592237,0.1664178222417831,0.0323641411960125,0.7880540546029806,0.0621100910166733,0.7851899309989041,0.1526999779844226,1,0.985936403274536,False,0.0054860711097719506,0.4166666666666667
1398,gender,placebo,placebo,social-group,1,0.9465966820716858,0.0159235801547765,0.1670980155467987,0.0348660796880722,0.7821123246103525,0.0730816009960201,0.7668998039837642,0.1600185950202156,1,0.985936403274536,False,-0.03933972120285023,0.4166666666666667
2483,gender,baseline,none,social-group,1,0.9820137619972228,,0.1732422411441803,0.0265271086245775,0.8002306502312422,,0.8672113181762674,0.1327886818237325,1,0.9820137619972228,False,0.0,0.4166666666666666
2483,gender,gender_man,demographic,social-group,1,0.985936403274536,0.0121187772601842,0.1691637188196182,0.0270391199737787,0.7916783839464188,0.0581734026922452,0.8120315213765842,0.1297950759311705,1,0.9820137619972228,False,0.003922641277313232,0.4166666666666666
2483,gender,gender_woman,demographic,social-group,1,0.9875683188438416,0.0132781229913234,0.1694983094930648,0.0268028266727924,0.7904207408428192,0.0633560927962108,0.8087551705960756,0.1278887366077135,1,0.9820137619972228,False,0.005554556846618763,0.4166666666666666
2483,gender,placebo,placebo,social-group,1,0.970687747001648,0.0187526755034923,0.1629582792520523,0.0358365699648857,0.7824524752795696,0.0862003625533839,0.7490697927336543,0.1647298447129618,1,0.9820137619972228,False,-0.01132601499557484,0.4166666666666666
2000,gender,baseline,none,social-group,1,0.9924227595329284,,0.1724133789539337,0.0247339829802513,0.802852638065815,,0.8745406342870141,0.1254593657129858,1,0.9924227595329284,False,0.0,0.4166666666666666
2000,gender,gender_man,demographic,social-group,1,0.9890130758285522,0.0130459731444716,0.169622391462326,0.0252263247966766,0.7921053105965257,0.0627527965332125,0.8159053603006144,0.121341843166173,1,0.9924227595329284,False,-0.0034096837043761097,0.4166666666666666
2000,gender,gender_woman,demographic,social-group,1,0.9796676635742188,0.0139359030872583,0.1699310541152954,0.025289824232459,0.7908432185649872,0.0666289803832555,0.8124577790373713,0.1209132405793731,1,0.9924227595329284,False,-0.012755095958709606,0.4166666666666666
2000,gender,placebo,placebo,social-group,1,0.8807970285415649,0.0215425230562686,0.1679245978593826,0.0336226150393486,0.7769102640450001,0.0965643845695083,0.7527222045448796,0.150713410885612,1,0.9924227595329284,False,-0.11162573099136341,0.4166666666666666
4208,gender,baseline,none,social-group,1,0.9971990585327148,,0.1733593195676803,0.0264608282595872,0.8001798521727324,,0.8675767756789918,0.1324232243210082,1,0.9971990585327148,False,0.0,0.4166666666666666
4208,gender,gender_man,demographic,social-group,1,0.9980732202529908,0.0123565327376127,0.1713556200265884,0.0272956602275371,0.7889921870082617,0.0585595981609293,0.812081873164088,0.1293585286749826,1,0.9971990585327148,False,0.0008741617202759899,0.4166666666666666
4208,gender,gender_woman,demographic,social-group,1,0.9953904151916504,0.0134233804419636,0.171459749341011,0.0272314455360174,0.7878854246810079,0.0632836306594051,0.8083355379193455,0.1283808314212493,1,0.9971990585327148,False,-0.0018086433410644531,0.4166666666666666
4208,gender,placebo,placebo,social-group,1,0.9740425944328308,0.0157744288444519,0.1716111451387405,0.0314853601157665,0.781129065901041,0.0720718304117976,0.784074622997448,0.1438535465907544,1,0.9971990585327148,False,-0.023156464099884033,0.4166666666666666
1925,gender,baseline,none,social-group,1,0.9875683188438416,,0.1727929413318634,0.0295265670865774,0.7976804915815592,,0.8540597131863822,0.1459402868136178,1,0.9875683188438416,False,0.0,0.4153846153846154
1925,gender,gender_man,demographic,social-group,1,0.9924227595329284,0.0107006467878818,0.1703893542289734,0.0299745220690965,0.7889354769140482,0.0506984624011124,0.8072856192870733,0.1420159183118142,1,0.9875683188438416,False,0.004854440689086803,0.4153846153846154
1925,gender,gender_woman,demographic,social-group,1,0.9933071732521056,0.011445858515799,0.1705895960330963,0.0296271443367004,0.7883374011144042,0.0540759613463196,0.8059505880172078,0.1399734506364725,1,0.9875683188438416,False,0.005738854408264049,0.4153846153846154
1925,gender,placebo,placebo,social-group,1,0.9933071732521056,0.0126239620149135,0.170221671462059,0.0307807214558124,0.786373645067215,0.0590936545206959,0.7968196223523882,0.1440867231269158,1,0.9875683188438416,False,0.005738854408264049,0.4153846153846154
1932,gender,baseline,none,social-group,1,0.9999971389770508,,0.1680884063243866,0.0410677604377269,0.7908438332378864,,0.8036502529498166,0.1963497470501834,1,0.9999971389770508,False,0.0,0.4153846153846154
1932,gender,gender_man,demographic,social-group,1,0.9999833106994628,0.0098126539960503,0.1667152047157287,0.0423216372728347,0.7811505040153861,0.0448374530263493,0.76178016296391,0.1933823840097405,1,0.9999971389770508,False,-1.3828277588001647e-05,0.4153846153846154
1932,gender,gender_woman,demographic,social-group,1,0.9999785423278807,0.0107712317258119,0.165831372141838,0.0421009510755538,0.7812964450567961,0.0492503733129037,0.7582472639043455,0.1925023627827507,1,0.9999971389770508,False,-1.8596649170032897e-05,0.4153846153846154
1932,gender,placebo,placebo,social-group,1,0.9998766183853148,0.012598842382431,0.1662923395633697,0.0411152653396129,0.7799935527145863,0.0572657871525309,0.7558521198591929,0.1868820929882761,1,0.9999971389770508,False,-0.00012052059173595087,0.4153846153846154
1919,gender,baseline,none,social-group,1,0.6513549089431763,,0.1724172085523605,0.0237638503313064,0.803818941116333,,0.8788677639598319,0.121132236040168,1,0.6513549089431763,False,0.0,0.4153846153846154
1919,gender,gender_man,demographic,social-group,1,0.851952850818634,0.0113929267972707,0.1698237806558609,0.0230977125465869,0.7956855800002813,0.0557617362361719,0.8311884234901029,0.1130498402737251,1,0.6513549089431763,False,0.20059794187545776,0.4153846153846154
1919,gender,gender_woman,demographic,social-group,1,0.8354835510253906,0.0123411295935511,0.1698914319276809,0.0227722078561782,0.7949952306225896,0.0601992316131501,0.828719411961161,0.1110813564256889,1,0.6513549089431763,False,0.18412864208221436,0.4153846153846154
1919,gender,placebo,placebo,social-group,1,0.9046505093574524,0.0153764523565769,0.1714666187763214,0.0240826122462749,0.7890743166208267,0.0728998579510833,0.8129243249532692,0.1141758170956475,1,0.6513549089431763,False,0.2532956004142761,0.4153846153846154
3596,gender,baseline,none,social-group,1,0.999841570854187,,0.174203872680664,0.0277911983430385,0.7980049289762974,,0.8624164530243539,0.1375835469756461,1,0.999841570854187,False,0.0,0.4142857142857143
3596,gender,gender_man,demographic,social-group,1,0.9999151229858398,0.0118461623787879,0.1709857881069183,0.0260392762720584,0.7911287732422352,0.0567151472353173,0.818618202042814,0.1246666507218686,1,0.999841570854187,False,7.355213165283203e-05,0.4142857142857143
3596,gender,gender_woman,demographic,social-group,1,0.9997387528419496,0.0129060875624418,0.1713902950286865,0.025821141898632,0.7898824755102396,0.0614231849236867,0.8156877701890061,0.1228890448873072,1,0.999841570854187,False,-0.0001028180122374378,0.4142857142857143
3596,gender,placebo,placebo,social-group,1,0.998498797416687,0.0155677841976284,0.1735951006412506,0.0277651418000459,0.7830719733610749,0.0717647435365322,0.8002428424345474,0.1279924140289203,1,0.999841570854187,False,-0.0013427734375,0.4142857142857143
2661,gender,baseline,none,social-group,1,0.9989677667617798,,0.1771126091480255,0.0305002592504024,0.792387131601572,,0.8530907092335448,0.1469092907664552,1,0.9989677667617798,False,0.0,0.4142857142857143
2661,gender,gender_man,demographic,social-group,1,0.9959298968315125,0.011488851159811,0.1727706789970398,0.0305180437862873,0.7852224260568619,0.0534918564768436,0.8044167546225307,0.1420913889006256,1,0.9989677667617798,False,-0.003037869930267334,0.4142857142857143
2661,gender,gender_woman,demographic,social-group,1,0.9940890073776244,0.0125081799924373,0.1731409132480621,0.0305417068302631,0.7838091999292374,0.0578571335521365,0.8008708658804649,0.1412720005673986,1,0.9989677667617798,False,-0.0048787593841553845,0.4142857142857143
2661,gender,placebo,placebo,social-group,1,0.970687747001648,0.0165879521518945,0.1752778887748718,0.0363326221704483,0.7718015369027853,0.0726909021505019,0.7680940808974764,0.1592150169520215,1,0.9989677667617798,False,-0.028280019760131836,0.4142857142857143
3372,gender,baseline,none,social-group,1,0.999841570854187,,0.1718405932188034,0.0266394894570112,0.8015199173241854,,0.8657825556203412,0.1342174443796587,1,0.999841570854187,False,0.0,0.4141414141414141
3372,gender,gender_man,demographic,social-group,1,0.999619960784912,0.0123839806765317,0.1676255166530609,0.0260336622595787,0.7939568404108286,0.0601038185457074,0.8135456522181505,0.1263505292361421,1,0.999841570854187,False,-0.00022161006927501337,0.4141414141414141
3372,gender,gender_woman,demographic,social-group,1,0.9986749291419984,0.0133893713355064,0.1696191430091858,0.0256594195961952,0.7913320660591125,0.0641659266118935,0.8128663556770366,0.1229677177110698,1,0.999841570854187,False,-0.0011666417121886097,0.4141414141414141
3372,gender,placebo,placebo,social-group,1,0.9940890073776244,0.0168313384056091,0.1698886007070541,0.0278441943228244,0.7854358665645123,0.078444324016855,0.7917847125094369,0.1297709634737079,1,0.999841570854187,False,-0.005752563476562611,0.4141414141414141
2601,gender,baseline,none,social-group,1,0.9990890026092528,,0.1748097836971283,0.0301332026720047,0.795057013630867,,0.8529678755742814,0.1470321244257185,1,0.9990890026092528,False,0.0,0.4134615384615384
2601,gender,gender_man,demographic,social-group,1,0.9989677667617798,0.0111576952040195,0.1716126203536987,0.0296149868518114,0.7876146975904703,0.0525351569879578,0.8080249358441411,0.139439907167901,1,0.9990890026092528,False,-0.00012123584747303351,0.4134615384615384
2601,gender,gender_woman,demographic,social-group,1,0.9991958737373352,0.0121023282408714,0.1719409227371215,0.0296615175902843,0.7862952314317226,0.056631063134208,0.804572232473079,0.138796704392713,1,0.9990890026092528,False,0.00010687112808238641,0.4134615384615384
2601,gender,placebo,placebo,social-group,1,0.9840936064720154,0.0140209393575787,0.1742849200963974,0.0294481981545686,0.7822459423914552,0.0643888775785024,0.8003750745701756,0.1352360478513219,1,0.9990890026092528,False,-0.014995396137237438,0.4134615384615384
2445,gender,baseline,none,social-group,1,0.9999339580535888,,0.1723048686981201,0.0252892598509788,0.802405871450901,,0.8720141127842527,0.1279858872157472,1,0.9999339580535888,False,0.0,0.4126984126984127
2445,gender,gender_man,demographic,social-group,1,0.9999339580535888,0.0136918378993868,0.1682236194610595,0.026604950428009,0.7914795922115445,0.0656618603646569,0.806748947238406,0.1275891923969371,1,0.9999339580535888,False,0.0,0.4126984126984127
2445,gender,gender_woman,demographic,social-group,1,0.999948501586914,0.014802286401391,0.1691574156284332,0.0258792657405138,0.7901610322296619,0.0705411704921826,0.8061296594518638,0.1233291700559536,1,0.9999339580535888,False,1.4543533325195312e-05,0.4126984126984127
2445,gender,placebo,placebo,social-group,1,0.9998205304145812,0.0182420928031206,0.1685532182455063,0.0305250622332096,0.7826796267181635,0.0839410154125907,0.7755978682537715,0.1404611163336377,1,0.9999339580535888,False,-0.00011342763900756836,0.4126984126984127
2867,gender,baseline,none,social-group,1,0.999995231628418,,0.1707316488027572,0.0324361734092235,0.7968321777880192,,0.8403478806039454,0.1596521193960546,1,0.999995231628418,False,0.0,0.4107142857142857
2867,gender,gender_man,demographic,social-group,1,0.9999645948410034,0.0111654959619045,0.1701065748929977,0.0330118276178836,0.785716101527214,0.052106089358471,0.7938374096484029,0.1540565009931261,1,0.999995231628418,False,-3.063678741455078e-05,0.4107142857142857
2867,gender,gender_woman,demographic,social-group,1,0.9999724626541138,0.0121049303561449,0.17043536901474,0.0332607105374336,0.7841989900916815,0.0560930199598583,0.7897802196901127,0.1541267603500289,1,0.999995231628418,False,-2.276897430419922e-05,0.4107142857142857
2867,gender,placebo,placebo,social-group,1,0.9996646642684937,0.0143329026177525,0.172257587313652,0.0353833027184009,0.7780262073501945,0.0645702469947193,0.7760266888146218,0.1594030641906588,1,0.999995231628418,False,-0.0003305673599243164,0.4107142857142857
4496,gender,baseline,none,social-group,1,0.999993085861206,,0.169855922460556,0.0282741114497184,0.8018699660897255,,0.8572951768507608,0.1427048231492391,1,0.999993085861206,False,0.0,0.4107142857142857
4496,gender,gender_man,demographic,social-group,1,0.9999885559082032,0.0116278193891048,0.1657043993473053,0.0287652481347322,0.7939025331288576,0.0564190310809344,0.8040098787381413,0.1395710901809241,1,0.999993085861206,False,-4.529953002818665e-06,0.4107142857142857
4496,gender,gender_woman,demographic,social-group,1,0.999948501586914,0.0129275722429156,0.1663643419742584,0.0285461992025375,0.7921618865802884,0.0622002000990525,0.8004515593263668,0.1373482405745807,1,0.999993085861206,False,-4.458427429210321e-05,0.4107142857142857
4496,gender,placebo,placebo,social-group,1,0.999619960784912,0.0153906838968396,0.1698069125413894,0.0314293652772903,0.7833730382844806,0.0710469452876835,0.7838678583526673,0.1450851963596492,1,0.999993085861206,False,-0.00037312507629405633,0.4107142857142857
2753,gender,baseline,none,social-group,1,0.7772998809814453,,0.1733068376779556,0.0398427322506904,0.7868504300713539,,0.8130761780845807,0.1869238219154193,1,0.7772998809814453,False,0.0,0.409090909090909
2753,gender,gender_man,demographic,social-group,1,0.7772998809814453,0.0102422591298818,0.1692161709070205,0.0406195968389511,0.7799219731241465,0.0465392173643011,0.7688917122220282,0.1845690704136706,1,0.7772998809814453,False,0.0,0.409090909090909
2753,gender,gender_woman,demographic,social-group,1,0.8175744414329529,0.0110720908269286,0.1702141314744949,0.0405156686902046,0.7781981090083718,0.0499188297152368,0.7674151501301655,0.1826660201545976,1,0.7772998809814453,False,0.04027456045150757,0.409090909090909
2753,gender,placebo,placebo,social-group,1,0.8175744414329529,0.012746412307024,0.1700925678014755,0.0421250537037849,0.7750359661877155,0.0566597784144461,0.7560878284366334,0.1872523931489205,1,0.7772998809814453,False,0.04027456045150757,0.409090909090909
2746,gender,baseline,none,social-group,1,0.9399133324623108,,0.1714424937963485,0.0463304966688156,0.7822270095348358,,0.7872532467416945,0.2127467532583055,1,0.9399133324623108,False,0.0,0.409090909090909
2746,gender,gender_man,demographic,social-group,1,0.7772998809814453,0.0085941851139068,0.1696586310863495,0.0476334020495414,0.7741137817502022,0.0380465226276129,0.7510800455242087,0.2108734318481783,1,0.9399133324623108,False,-0.16261345148086548,0.409090909090909
2746,gender,gender_woman,demographic,social-group,1,0.6513549089431763,0.0095203891396522,0.1710000932216644,0.0471418388187885,0.7723376788198948,0.0418180272005599,0.7511128426314563,0.2070691301679837,1,0.9399133324623108,False,-0.2885584235191345,0.409090909090909
2746,gender,placebo,placebo,social-group,1,0.8175744414329529,0.0115024503320455,0.1723300516605377,0.0492398291826248,0.7669276688247919,0.0493514192527588,0.7393844253910671,0.211264155356174,1,0.9399133324623108,False,-0.12233889102935791,0.409090909090909
3392,gender,baseline,none,social-group,0,0.3208213150501251,,0.1797244846820831,0.0243057943880558,0.7959697209298611,,0.8808716309224854,0.1191283690775145,0,0.3208213150501251,False,0.0,0.4017094017094017
3392,gender,gender_man,demographic,social-group,0,0.4687906503677368,0.0128705352544784,0.1771321147680282,0.0254465527832508,0.7845507971942425,0.0597381428516221,0.8221525652509618,0.118109291897416,0,0.3208213150501251,False,0.1479693353176117,0.4017094017094017
3392,gender,gender_woman,demographic,social-group,0,0.4378235042095184,0.0138934254646301,0.1770306378602981,0.0254305861890316,0.7836453504860401,0.0642159782368517,0.8182428168657202,0.1175412048974281,0,0.3208213150501251,False,0.11700218915939326,0.4017094017094017
3392,gender,placebo,placebo,social-group,1,0.5926666259765625,0.0174571927636861,0.1806812286376953,0.0269427150487899,0.7749188635498285,0.0775595549187697,0.8027382102617674,0.1197022348194628,0,0.3208213150501251,True,0.2718453109264374,0.4017094017094017
2827,gender,baseline,none,social-group,0,0.1645164489746093,,0.178317591547966,0.0237652044743299,0.797917203977704,,0.8823986754829545,0.1176013245170455,0,0.1645164489746093,False,0.0,0.4015151515151515
2827,gender,gender_man,demographic,social-group,0,0.2018132209777832,0.0116632189601659,0.1757785677909851,0.023963488638401,0.7885947246104479,0.0551699523045222,0.8314767333363918,0.1133533143590859,0,0.1645164489746093,False,0.03729677200317391,0.4015151515151515
2827,gender,gender_woman,demographic,social-group,0,0.2689414322376251,0.0126427561044693,0.1762300431728363,0.0237558092921972,0.7873713914304972,0.0594593370549979,0.8288162367164775,0.1117244262285244,0,0.1645164489746093,False,0.10442498326301583,0.4015151515151515
2827,gender,placebo,placebo,social-group,0,0.1192029193043708,0.0150194130837917,0.1764169931411743,0.0247860252857208,0.7837775684893131,0.069462788753485,0.8159051394834343,0.1146320717630805,0,0.1645164489746093,False,-0.045313529670238495,0.4015151515151515
2826,gender,baseline,none,social-group,1,0.977022647857666,,0.1738196611404419,0.0263252165168523,0.7998551223427057,,0.8684691967888944,0.1315308032111056,1,0.977022647857666,False,0.0,0.4015151515151515
2826,gender,gender_man,demographic,social-group,1,0.9465966820716858,0.010926934890449,0.1716234683990478,0.0255617015063762,0.7918878952041268,0.052505042420126,0.8246683611574867,0.1228265964223872,1,0.977022647857666,False,-0.030425965785980225,0.4015151515151515
2826,gender,gender_woman,demographic,social-group,1,0.9399133324623108,0.0122059900313615,0.1719855070114135,0.0256549324840307,0.7901535704731941,0.0581662983682187,0.8195779523112833,0.1222557493204979,1,0.977022647857666,False,-0.037109315395355225,0.4015151515151515
2826,gender,placebo,placebo,social-group,1,0.7549149990081787,0.0176377967000007,0.1697668135166168,0.0328036434948444,0.779791746288538,0.0800959837005541,0.7709375586759867,0.1489664576234591,1,0.977022647857666,False,-0.2221076488494873,0.4015151515151515
4293,gender,baseline,none,social-group,1,0.9999921321868896,,0.173061802983284,0.0281584821641445,0.7987797148525715,,0.8600614140690955,0.1399385859309044,1,0.9999921321868896,False,0.0,0.4
4293,gender,gender_man,demographic,social-group,1,0.9999417066574096,0.0122152529656887,0.1712505668401718,0.0279485285282135,0.788585651665926,0.0577787319637659,0.8100233886186573,0.1321978794175768,1,0.9999921321868896,False,-5.042552948009149e-05,0.4
4293,gender,gender_woman,demographic,social-group,1,0.999841570854187,0.0133060775697231,0.1718343645334243,0.02815124951303,0.7867083083838224,0.0623844157683725,0.8056308393045313,0.1319847449270961,1,0.9999921321868896,False,-0.00015056133270263672,0.4
4293,gender,placebo,placebo,social-group,1,0.9875683188438416,0.0184035450220108,0.1709524691104889,0.0340515188872814,0.7765924669802189,0.0823765643586481,0.7652045873285405,0.1524188483128113,1,0.9999921321868896,False,-0.012423813343048096,0.4
3570,gender,baseline,none,social-group,1,0.9999885559082032,,0.1664808392524719,0.0294252578169107,0.8040939029306173,,0.8497991728838873,0.1502008271161127,1,0.9999885559082032,False,0.0,0.4
3570,gender,gender_man,demographic,social-group,1,0.9998601675033568,0.0118317268788814,0.1613065898418426,0.0293731614947319,0.797488521784544,0.058424969207392,0.7965306029232839,0.1450444278693241,1,0.9999885559082032,False,-0.00012838840484641345,0.4
3570,gender,gender_woman,demographic,social-group,1,0.9997040629386902,0.0128322932869195,0.1621361523866653,0.0291788317263126,0.7958527226001024,0.0628580182423046,0.7942116811534157,0.1429303006042797,1,0.9999885559082032,False,-0.0002844929695130505,0.4
3570,gender,placebo,placebo,social-group,1,0.998830497264862,0.0164529718458652,0.1623766124248504,0.0321156419813632,0.789054773747921,0.0779964170708655,0.7697572270766195,0.1522463558525149,1,0.9999885559082032,False,-0.0011580586433412865,0.4
1166,gender,baseline,none,social-group,1,0.9999810457229614,,0.1724262833595276,0.0292588882148265,0.7983148284256458,,0.8549279156894295,0.1450720843105705,1,0.9999810457229614,False,0.0,0.4
1166,gender,gender_man,demographic,social-group,1,0.9999417066574096,0.0124328359961509,0.1680199801921844,0.0300421696156263,0.7895050141960382,0.0590647608476998,0.7982136940243548,0.1427215451279453,1,0.9999810457229614,False,-3.9339065551868835e-05,0.4
1166,gender,gender_woman,demographic,social-group,1,0.9996646642684937,0.0134725365787744,0.168692335486412,0.030049068853259,0.7877860590815544,0.0634856339808136,0.7949163695670728,0.1415979964521135,1,0.9999810457229614,False,-0.00031638145446777344,0.4
1166,gender,placebo,placebo,social-group,1,0.9875683188438416,0.0180829968303442,0.1693446189165115,0.0341186411678791,0.7784537430852652,0.0816217664074717,0.7643758972722621,0.1540023363202662,1,0.9999810457229614,False,-0.012412726879119873,0.4
3299,gender,baseline,none,social-group,1,0.562176525592804,,0.1699787825345993,0.0389554649591445,0.7910657525062561,,0.8135515578396929,0.186448442160307,1,0.562176525592804,False,0.0,0.4
3299,gender,gender_man,demographic,social-group,1,0.7310585379600525,0.0106533262878656,0.1644113063812255,0.0408383384346962,0.7840970288962126,0.0493431203535612,0.7615055297325709,0.1891513499138678,1,0.562176525592804,False,0.16888201236724854,0.4
3299,gender,gender_woman,demographic,social-group,1,0.6791787147521973,0.0114677445963025,0.1652300655841827,0.0406916216015815,0.7826105682179332,0.0527520795389857,0.7600648487357292,0.187183071725285,1,0.562176525592804,False,0.11700218915939331,0.4
3299,gender,placebo,placebo,social-group,1,0.622459352016449,0.0135262385010719,0.1676251590251922,0.0404371656477451,0.7784114368259907,0.0610421328038037,0.7564702646388811,0.1824876025573151,1,0.562176525592804,False,0.06028282642364502,0.4
1588,gender,baseline,none,social-group,1,0.8670357465744019,,0.1770347207784652,0.0287481434643268,0.7942171357572079,,0.8602986523192306,0.1397013476807693,1,0.8670357465744019,False,0.0,0.4
1588,gender,gender_man,demographic,social-group,1,0.851952850818634,0.011937653645873,0.1752974241971969,0.0283918604254722,0.7843730617314577,0.0553625337433762,0.812966253682465,0.1316712125741588,1,0.8670357465744019,False,-0.015082895755767822,0.4
1588,gender,gender_woman,demographic,social-group,1,0.8933094143867493,0.0130931641906499,0.1750201284885406,0.0279684402048587,0.7839182671159506,0.0605935726999923,0.8099718849554829,0.1294345423445247,1,0.8670357465744019,False,0.026273667812347412,0.4
1588,gender,placebo,placebo,social-group,1,0.6791787147521973,0.0183827150613069,0.1727221012115478,0.0312210768461227,0.7776741068810225,0.0826836442819076,0.7768870228674433,0.1404293328506491,1,0.8670357465744019,False,-0.1878570318222046,0.4
3846,gender,baseline,none,social-group,1,0.9626730680465698,,0.1744916141033172,0.0331905409693717,0.7923178449273109,,0.8401858794379562,0.1598141205620437,1,0.9626730680465698,False,0.0,0.4
3846,gender,gender_man,demographic,social-group,1,0.9840936064720154,0.0106619708240032,0.1704646050930023,0.0320084318518638,0.7868649922311306,0.0500244935621529,0.7997963679334168,0.1501791385044302,1,0.9626730680465698,False,0.021420538425445557,0.4
3846,gender,gender_woman,demographic,social-group,1,0.9796676635742188,0.0115138236433267,0.1709588021039962,0.031891644001007,0.7856357302516699,0.053711486792292,0.7975153802669954,0.1487731329407125,1,0.9626730680465698,False,0.016994595527648926,0.4
3846,gender,placebo,placebo,social-group,1,0.7981867790222168,0.0140331275761127,0.1723738461732864,0.0328122340142726,0.7807807922363281,0.0640141332471244,0.7863081339072859,0.1496777328455896,1,0.9626730680465698,False,-0.16448628902435303,0.4
1595,gender,baseline,none,random,1,0.9669140577316284,,0.1688835620880127,0.0421479865908622,0.788968451321125,,0.8002763716860244,0.1997236283139756,1,0.9669140577316284,False,0.0,0.4
1595,gender,gender_man,demographic,random,1,0.9820137619972228,0.0110151134431362,0.1649771481752395,0.041365660727024,0.7826420776546001,0.0506773037038525,0.7590114332850363,0.1903112630111112,1,0.9669140577316284,False,0.015099704265594371,0.4
1595,gender,gender_woman,demographic,random,1,0.9820137619972228,0.0120980935171246,0.1662550419569015,0.0414620824158191,0.7801847821101546,0.0550375612446782,0.7563400002642943,0.1886224384910275,1,0.9669140577316284,False,0.015099704265594371,0.4
1595,gender,placebo,placebo,random,1,0.7310585379600525,0.0143440011888742,0.1674789935350418,0.0451170802116394,0.7730599250644445,0.0632061181479187,0.737987742282191,0.1988061395698903,1,0.9669140577316284,False,-0.23585551977157593,0.4
3173,gender,baseline,none,social-group,1,0.9796676635742188,,0.174369066953659,0.0300700850784778,0.7955608479678631,,0.8529142545369638,0.1470857454630362,1,0.9796676635742188,False,0.0,0.4
3173,gender,gender_man,demographic,social-group,1,0.970687747001648,0.0120479213073849,0.1714152693748474,0.0310704931616783,0.7854663161560893,0.0561586464722748,0.7990133125181631,0.144828041009562,1,0.9796676635742188,False,-0.0089799165725708,0.4
3173,gender,gender_woman,demographic,social-group,1,0.9149009585380554,0.012977173551917,0.1720522940158844,0.0310803651809692,0.7838901672512293,0.0600489731857926,0.7961335762815405,0.1438174505326668,1,0.9796676635742188,False,-0.06476670503616333,0.4
3173,gender,placebo,placebo,social-group,1,0.9149009585380554,0.0162108447402715,0.1726376116275787,0.0331923514604568,0.7779591921716928,0.0730084028193889,0.7775039791832797,0.1494876179973313,1,0.9796676635742188,False,-0.06476670503616333,0.4
2770,gender,baseline,none,social-group,0,0.2689414322376251,,0.1786960661411285,0.0250023752450943,0.7963015586137772,,0.8772578961579363,0.1227421038420637,0,0.2689414322376251,False,0.0,0.3999999999999999
2770,gender,gender_man,demographic,social-group,0,0.4378235042095184,0.0126119907945394,0.1750198602676391,0.0249059610068798,0.7874621879309416,0.0593399860088967,0.823476343168392,0.1171836708227112,0,0.2689414322376251,False,0.16888207197189326,0.3999999999999999
2770,gender,gender_woman,demographic,social-group,1,0.562176525592804,0.0132510755211114,0.1750369518995285,0.0246747098863124,0.7870372626930475,0.0622225075084949,0.8219135146034496,0.1158639778880553,0,0.2689414322376251,True,0.29323509335517883,0.3999999999999999
2770,gender,placebo,placebo,social-group,0,0.3775406777858734,0.0178633816540241,0.1752097606658935,0.0267104469239711,0.7802164107561111,0.0812771404611175,0.7971921892287748,0.1215306703101076,0,0.2689414322376251,False,0.10859924554824829,0.3999999999999999
4225,gender,baseline,none,social-group,1,0.9953904151916504,,0.177174910902977,0.01967229321599,0.8031527958810329,,0.900063131178125,0.099936868821875,1,0.9953904151916504,False,0.0,0.3999999999999999
4225,gender,gender_man,demographic,social-group,1,0.998498797416687,0.0137112205848097,0.1732630580663681,0.0193502660840749,0.7936754552647471,0.0664546266291461,0.839759798276507,0.0937855750943468,1,0.9953904151916504,False,0.003108382225036621,0.3999999999999999
4225,gender,gender_woman,demographic,social-group,1,0.9978172779083252,0.014491181820631,0.1747877597808838,0.0190429892390966,0.7916780691593885,0.0695614799755208,0.8390271685539201,0.0914113514705591,1,0.9953904151916504,False,0.0024268627166748047,0.3999999999999999
4225,gender,placebo,placebo,social-group,1,0.9964063763618468,0.0180884953588247,0.1773219555616378,0.0210706070065498,0.7835189420729876,0.0835569427276327,0.8191107215552447,0.0973323357171225,1,0.9953904151916504,False,0.0010159611701964222,0.3999999999999999
4246,gender,baseline,none,random,1,0.9999724626541138,,0.1681745499372482,0.0393420085310936,0.7924834415316582,,0.8104150877333699,0.18958491226663,1,0.9999724626541138,False,0.0,0.3999999999999999
4246,gender,gender_man,demographic,random,1,0.9998205304145812,0.0100858062505722,0.1667949259281158,0.0411044135689735,0.7820148542523384,0.0462683189534734,0.765166476624039,0.1885652044224875,1,0.9999724626541138,False,-0.00015193223953258173,0.3999999999999999
4246,gender,gender_woman,demographic,random,1,0.9995694756507874,0.011157838627696,0.1673027276992797,0.0402888059616088,0.7812506277114153,0.0510074086657312,0.764814664147086,0.1841779271871827,1,0.9999724626541138,False,-0.000402987003326416,0.3999999999999999
4246,gender,placebo,placebo,random,1,0.9964063763618468,0.0121915750205516,0.1714774668216705,0.0412821248173713,0.7750488333404064,0.054196540527396,0.7622875194115267,0.1835159400610772,1,0.9999724626541138,False,-0.0035660862922669567,0.3999999999999999
2783,gender,baseline,none,social-group,1,0.9990890026092528,,0.1720980405807495,0.0321972407400608,0.7957047186791897,,0.8423985099807537,0.1576014900192463,1,0.9990890026092528,False,0.0,0.3958333333333333
2783,gender,gender_man,demographic,social-group,1,0.9986749291419984,0.0119705945253372,0.1679420918226242,0.0326942913234233,0.7873930223286152,0.0563038647952539,0.7899180622481887,0.1537780729565574,1,0.9990890026092528,False,-0.00041407346725441663,0.3958333333333333
2783,gender,gender_woman,demographic,social-group,1,0.9968273043632508,0.0129058603197336,0.1686448752880096,0.0326135791838169,0.7858356852084398,0.0602614881582607,0.787455535961473,0.1522829758802662,1,0.9990890026092528,False,-0.0022616982460019752,0.3958333333333333
2783,gender,placebo,placebo,social-group,1,0.9324532747268676,0.0171140991151332,0.1687407344579696,0.0364822968840599,0.7776628695428371,0.0769736439430687,0.7589408665615595,0.1640854894953718,1,0.9990890026092528,False,-0.06663572788238525,0.3958333333333333
1718,gender,baseline,none,social-group,1,0.9999339580535888,,0.1682508289813995,0.0254678577184677,0.8062813133001328,,0.8685317449114982,0.1314682550885018,1,0.9999339580535888,False,0.0,0.3958333333333333
1718,gender,gender_man,demographic,social-group,1,0.9980732202529908,0.0136984651908278,0.1681051850318908,0.0243505425751209,0.7938458072021604,0.0664476671801719,0.8154342278972678,0.1181181049225602,1,0.9999339580535888,False,-0.0018607378005979225,0.3958333333333333
1718,gender,gender_woman,demographic,social-group,1,0.9971990585327148,0.0147780105471611,0.1687204241752624,0.0242303442209959,0.7922712210565805,0.0711408916103352,0.8122149710475024,0.1166441373421623,1,0.9999339580535888,False,-0.0027348995208739124,0.3958333333333333
1718,gender,placebo,placebo,social-group,1,0.977022647857666,0.0196806378662586,0.16749307513237,0.0324421450495719,0.7803841419517994,0.0896139196921707,0.7626638468685132,0.147722233439316,1,0.9999339580535888,False,-0.02291131019592274,0.3958333333333333
2775,gender,baseline,none,social-group,1,0.9975274205207824,,0.179552212357521,0.0221445728093385,0.7983032148331404,,0.890208598064571,0.109791401935429,1,0.9975274205207824,False,0.0,0.3958333333333333
2775,gender,gender_man,demographic,social-group,1,0.9933071732521056,0.0137892793864011,0.1758592128753662,0.0224057640880346,0.787945743650198,0.0650271285460762,0.8293123462953325,0.1056605251585913,1,0.9975274205207824,False,-0.004220247268676758,0.3958333333333333
2775,gender,gender_woman,demographic,social-group,1,0.9947799444198608,0.0149182099848985,0.1757605671882629,0.0220401473343372,0.7872810754925013,0.0701310897440752,0.8262573139423101,0.1036115963136146,1,0.9975274205207824,False,-0.00274747610092152,0.3958333333333333
2775,gender,placebo,placebo,social-group,1,0.985936403274536,0.0192622449249029,0.1765687763690948,0.0262095723301172,0.777959406375885,0.0867510062484849,0.7952094411529189,0.1180395525985961,1,0.9975274205207824,False,-0.011591017246246338,0.3958333333333333
1418,gender,baseline,none,random,1,0.9999724626541138,,0.1723903715610504,0.0147160924971103,0.8128935359418392,,0.921349096242148,0.0786509037578518,1,0.9999724626541138,False,0.0,0.3956043956043956
1418,gender,gender_man,demographic,random,1,0.9999339580535888,0.0137477628886699,0.1666196137666702,0.0148808360099792,0.8047517873346806,0.0704117220895404,0.8533733112951855,0.076214966615274,1,0.9999724626541138,False,-3.8504600525013366e-05,0.3956043956043956
1418,gender,gender_woman,demographic,random,1,0.9998601675033568,0.0146873202174901,0.1661770641803741,0.0154852997511625,0.8036503158509731,0.0748018530365585,0.846332220500278,0.0788659264631634,1,0.9999724626541138,False,-0.00011229515075694696,0.3956043956043956
1418,gender,placebo,placebo,random,1,0.998498797416687,0.0180902909487485,0.1653018742799759,0.0180859006941318,0.7985219340771437,0.0897878926218954,0.820446004992266,0.0897661023858385,1,0.9999724626541138,False,-0.0014736652374267578,0.3956043956043956
1250,gender,baseline,none,social-group,1,0.999948501586914,,0.1729830950498581,0.029665982350707,0.7973509225994349,,0.8536090924703893,0.1463909075296107,1,0.999948501586914,False,0.0,0.3942307692307692
1250,gender,gender_man,demographic,social-group,1,0.9998601675033568,0.0116112837567925,0.1681780815124511,0.0315369702875614,0.7886736644431949,0.0549448024364734,0.795821690038459,0.1492335075250675,1,0.999948501586914,False,-8.83340835571289e-05,0.3942307692307692
1250,gender,gender_woman,demographic,social-group,1,0.9998601675033568,0.0125926341861486,0.1688017547130584,0.031038349494338,0.7875672616064548,0.0592782180438684,0.7946127136032229,0.1461090683529085,1,0.999948501586914,False,-8.83340835571289e-05,0.3942307692307692
1250,gender,placebo,placebo,social-group,1,0.9991958737373352,0.0167018435895442,0.1657054871320724,0.0347257182002067,0.7828669510781765,0.0769198593787425,0.763151846091071,0.1599282945301863,1,0.999948501586914,False,-0.0007526278495787464,0.3942307692307692
3196,gender,baseline,none,social-group,1,0.9465966820716858,,0.1720467507839203,0.0258544795215129,0.8020987696945667,,0.8693566508828159,0.1306433491171841,1,0.9465966820716858,False,0.0,0.393939393939394
3196,gender,gender_man,demographic,social-group,1,0.9149009585380554,0.0134226474910974,0.1675425767898559,0.026167094707489,0.7928676810115576,0.0648022846296932,0.8088673829756355,0.1263303323946712,1,0.9465966820716858,False,-0.03169572353363037,0.393939393939394
3196,gender,gender_woman,demographic,social-group,1,0.9149009585380554,0.014456920325756,0.1679267287254333,0.0263734199106693,0.7912429310381413,0.0692523630344582,0.8044121790008205,0.1263354579647213,1,0.9465966820716858,False,-0.03169572353363037,0.393939393939394
3196,gender,placebo,placebo,social-group,1,0.8354835510253906,0.0204508174210786,0.1675033271312713,0.0300713442265987,0.7819745112210512,0.0938001218830579,0.7682740585487199,0.1379258195682221,1,0.9465966820716858,False,-0.11111313104629517,0.393939393939394
3514,gender,baseline,none,social-group,1,0.9740425944328308,,0.1701054126024246,0.0436035431921482,0.7862910442054272,,0.7959676372474441,0.2040323627525558,1,0.9740425944328308,False,0.0,0.3939393939393939
3514,gender,gender_man,demographic,social-group,1,0.9669140577316284,0.0094777168706059,0.1678938567638397,0.0441098101437091,0.7785186162218451,0.042792386018769,0.7580495204599649,0.199158093521266,1,0.9740425944328308,False,-0.007128536701202393,0.3939393939393939
3514,gender,gender_woman,demographic,social-group,1,0.9525741338729858,0.0105314152315258,0.1682387441396713,0.0441092550754547,0.7771205855533481,0.0472516282298771,0.7548420052940362,0.1979063664760867,1,0.9740425944328308,False,-0.02146846055984497,0.3939393939393939
3514,gender,placebo,placebo,social-group,1,0.970687747001648,0.0122283734381198,0.169297993183136,0.0459382161498069,0.7725354172289371,0.0537594613154674,0.7442828730551427,0.2019576656293898,1,0.9740425944328308,False,-0.0033548474311828613,0.3939393939393939
3855,gender,baseline,none,social-group,1,0.9999885559082032,,0.1677361577749252,0.0388648100197315,0.7933990322053432,,0.8118846662017589,0.1881153337982411,1,0.9999885559082032,False,0.0,0.3939393939393939
3855,gender,gender_man,demographic,social-group,1,0.9999417066574096,0.0100925210863351,0.1648469418287277,0.0404442548751831,0.784616282209754,0.0468583288926412,0.7653639909274195,0.1877776801799392,1,0.9999885559082032,False,-4.6849250793679076e-05,0.3939393939393939
3855,gender,gender_woman,demographic,social-group,1,0.999841570854187,0.011153869330883,0.1661243289709091,0.0404440052807331,0.7822777964174747,0.0512298201439766,0.7630105071389354,0.185759672717088,1,0.9999885559082032,False,-0.0001469850540162243,0.3939393939393939
3855,gender,placebo,placebo,social-group,1,0.9933071732521056,0.0130709800869226,0.1695915758609771,0.0406314618885517,0.7767059821635485,0.0585370813493816,0.7594989668966057,0.1819639517540126,1,0.9999885559082032,False,-0.006681382656097634,0.3939393939393939
2975,gender,baseline,none,social-group,1,0.9669140577316284,,0.1736879348754882,0.0329381823539733,0.7933738827705383,,0.8405904210192606,0.1594095789807394,1,0.9669140577316284,False,0.0,0.3939393939393939
2975,gender,gender_man,demographic,social-group,1,0.9525741338729858,0.0114450883120298,0.1705561727285385,0.0341006629168987,0.7838980760425329,0.0529615289972265,0.7892394922041841,0.1577989787985894,1,0.9669140577316284,False,-0.014339923858642578,0.3939393939393939
2975,gender,gender_woman,demographic,social-group,1,0.8933094143867493,0.0123823508620262,0.1709928661584854,0.034174732863903,0.7824500501155853,0.0569172774740008,0.7859935902046161,0.1570891323213829,1,0.9669140577316284,False,-0.07360464334487915,0.3939393939393939
2975,gender,placebo,placebo,social-group,1,0.622459352016449,0.0144279906526207,0.1731785386800766,0.0376632586121559,0.7747302120551467,0.0640476061359493,0.7687606059382948,0.1671917879257559,1,0.9669140577316284,False,-0.34445470571517944,0.3939393939393939
1682,gender,baseline,none,social-group,1,0.9991958737373352,,0.1699544340372085,0.026836397126317,0.8032091688364744,,0.8636298400304178,0.1363701599695821,1,0.9991958737373352,False,0.0,0.3931623931623932
1682,gender,gender_man,demographic,social-group,1,0.9995694756507874,0.0109764644876122,0.1669277250766754,0.0255464483052492,0.7965493621304631,0.0539514872135762,0.8204826823090039,0.1255658304774199,1,0.9991958737373352,False,0.00037360191345214844,0.3931623931623932
1682,gender,gender_woman,demographic,social-group,1,0.998498797416687,0.0119905723258852,0.1668514311313629,0.0257015898823738,0.795456406660378,0.0586211092223078,0.8157255302263345,0.1256533605513576,1,0.9991958737373352,False,-0.0006970763206481934,0.3931623931623932
1682,gender,placebo,placebo,social-group,1,0.9947799444198608,0.0143565405160188,0.1686426401138305,0.0262652970850467,0.7907355222851038,0.0686047659535334,0.8058827850543789,0.1255124489920876,1,0.9991958737373352,False,-0.004415929317474365,0.3931623931623932
2904,gender,baseline,none,social-group,0,0.3775406777858734,,0.1738267689943313,0.024537781253457,0.8016354497522116,,0.8762995644997782,0.1237004355002218,0,0.3775406777858734,False,0.0,0.3931623931623932
2904,gender,gender_man,demographic,social-group,0,0.2942149639129638,0.013780009932816,0.1734258830547332,0.0271260868757963,0.7856680201366544,0.0642928318098023,0.8091460880700427,0.1265610801201549,0,0.3775406777858734,False,-0.0833257138729096,0.3931623931623932
2904,gender,gender_woman,demographic,social-group,0,0.2450850158929824,0.014834651723504,0.1737168878316879,0.0267412196844816,0.7847072407603264,0.0689045547834215,0.8068868105234253,0.1242086346931532,0,0.3775406777858734,False,-0.132455661892891,0.3931623931623932
2904,gender,placebo,placebo,social-group,0,0.0758581757545471,0.0222428794950246,0.168533518910408,0.0381779447197914,0.7710456568747759,0.0971498473949418,0.7361009911842137,0.1667491614208444,0,0.3775406777858734,False,-0.3016825020313263,0.3931623931623932
2449,gender,baseline,none,social-group,1,0.9998601675033568,,0.1726766973733902,0.0357521772384643,0.7915711253881454,,0.8284682134131193,0.1715317865868807,1,0.9998601675033568,False,0.0,0.3931623931623932
2449,gender,gender_man,demographic,social-group,1,0.999841570854187,0.0104291858151555,0.1695266515016555,0.0339833609759807,0.7860608017072082,0.0487483635461809,0.7924057529169837,0.1588458835368354,1,0.9998601675033568,False,-1.8596649169810853e-05,0.3931623931623932
2449,gender,gender_woman,demographic,social-group,1,0.9996646642684937,0.0114857638254761,0.1699021309614181,0.0333911813795566,0.785220923833549,0.0534771078751398,0.7910553206297722,0.1554675714950879,1,0.9998601675033568,False,-0.00019550323486317023,0.3931623931623932
2449,gender,placebo,placebo,social-group,1,0.9975274205207824,0.0135346576571464,0.1738083660602569,0.0354232713580131,0.7772337049245834,0.0607572058985151,0.7802273948193773,0.1590153992821075,1,0.9998601675033568,False,-0.002332746982574463,0.3931623931623932
3134,gender,baseline,none,social-group,1,0.9840936064720154,,0.1745414435863495,0.0279037542641162,0.7975548021495342,,0.8621663810236332,0.1378336189763667,1,0.9840936064720154,False,0.0,0.3931623931623932
3134,gender,gender_man,demographic,social-group,1,0.9959298968315125,0.01197668351233,0.1719222217798233,0.0281622074544429,0.7879388872534037,0.0564775095122775,0.8107201719028173,0.1328023185849051,1,0.9840936064720154,False,0.01183629035949707,0.3931623931623932
3134,gender,gender_woman,demographic,social-group,1,0.9902915358543396,0.0129000153392553,0.1722430288791656,0.0279758181422948,0.7868811376392841,0.0605296743627568,0.8082017094649955,0.1312686161722476,1,0.9840936064720154,False,0.006197929382324219,0.3931623931623932
3134,gender,placebo,placebo,social-group,1,0.9525741338729858,0.0165321975946426,0.1748067438602447,0.03072558529675,0.7779354732483625,0.0744477194826018,0.7871889599717699,0.1383633205456283,1,0.9840936064720154,False,-0.03151947259902954,0.3931623931623932
2901,gender,baseline,none,social-group,1,0.9933071732521056,,0.1716146916151046,0.0298202112317085,0.7985650971531868,,0.8519610513854884,0.1480389486145116,1,0.9933071732521056,False,0.0,0.3923076923076923
2901,gender,gender_man,demographic,social-group,1,0.9968273043632508,0.0120516968891024,0.1686133593320846,0.0300175342708826,0.7893174095079303,0.0572030980868165,0.8003193758832741,0.1424775260299094,1,0.9933071732521056,False,0.0035201311111452416,0.3923076923076923
2901,gender,gender_woman,demographic,social-group,1,0.9953904151916504,0.013061087578535,0.1683835089206695,0.0295263919979333,0.789029011502862,0.0619094012478984,0.7981358485361308,0.1399547502159707,1,0.9933071732521056,False,0.0020832419395447888,0.3923076923076923
2901,gender,placebo,placebo,social-group,1,0.977022647857666,0.0156508423388004,0.1726094782352447,0.0284390226006507,0.783300656825304,0.0722237645463615,0.796539000563987,0.1312372348896515,1,0.9933071732521056,False,-0.016284525394439586,0.3923076923076923
3073,gender,baseline,none,social-group,1,0.9999687671661376,,0.1741880923509597,0.0336839221417903,0.7921279855072498,,0.8379583599842144,0.1620416400157856,1,0.9999687671661376,False,0.0,0.3923076923076922
3073,gender,gender_man,demographic,social-group,1,0.9997040629386902,0.0107140224426984,0.1696546375751495,0.0341283716261386,0.7855029683560133,0.0499495138025087,0.7909416567439277,0.1591088294535634,1,0.9999687671661376,False,-0.00026470422744739874,0.3923076923076922
3073,gender,gender_woman,demographic,social-group,1,0.9991958737373352,0.0115341991186141,0.1710018813610077,0.0341507345438003,0.7833131849765778,0.0532298151937275,0.7891660659764815,0.1576041188297909,1,0.9999687671661376,False,-0.0007728934288023792,0.3923076923076922
3073,gender,placebo,placebo,social-group,1,0.9959298968315125,0.0140873994678258,0.1720812916755676,0.0373375490307807,0.7764937598258257,0.0630291103140916,0.7699171689410901,0.1670537207448182,1,0.9999687671661376,False,-0.004038870334625133,0.3923076923076922
3922,gender,baseline,none,social-group,1,0.9999979734420776,,0.1717001050710678,0.0275302249938249,0.8007696699351072,,0.8618170989082943,0.1381829010917057,1,0.9999979734420776,False,0.0,0.3904761904761905
3922,gender,gender_man,demographic,social-group,1,0.9999938011169434,0.012200741097331,0.1688950359821319,0.0268924590200185,0.7920117639005184,0.0586607268090652,0.81204129209187,0.1292979810990647,1,0.9999979734420776,False,-4.172325134277344e-06,0.3904761904761905
3922,gender,gender_woman,demographic,social-group,1,0.999987006187439,0.0133811552077531,0.169010654091835,0.0268018841743469,0.7908063065260649,0.0639653853112949,0.8079146712560588,0.1281199434326463,1,0.9999979734420776,False,-1.0967254638671875e-05,0.3904761904761905
3922,gender,placebo,placebo,social-group,1,0.9997695088386536,0.0149692632257938,0.1700984388589859,0.0273485612124204,0.7875837367027998,0.070471361248125,0.8007787926341322,0.1287498461177428,1,0.9999979734420776,False,-0.00022846460342407227,0.3904761904761905
3406,gender,baseline,none,social-group,1,0.9996646642684937,,0.1716269999742508,0.0295696090906858,0.7988033909350634,,0.853031275089024,0.1469687249109759,1,0.9996646642684937,False,0.0,0.3904761904761904
3406,gender,gender_man,demographic,social-group,1,0.9995694756507874,0.0121979191899299,0.167551964521408,0.0292923171073198,0.7909577991813421,0.058351467513067,0.8015221991790922,0.1401263333078407,1,0.9996646642684937,False,-9.518861770629883e-05,0.3904761904761904
3406,gender,gender_woman,demographic,social-group,1,0.9989677667617798,0.0134289413690567,0.1683092266321182,0.0295164417475461,0.7887453902512789,0.0635675660996457,0.7967126815945711,0.1397197523057831,1,0.9996646642684937,False,-0.0006968975067138672,0.3904761904761904
3406,gender,placebo,placebo,social-group,1,0.991422474384308,0.0179470051079988,0.1715025156736374,0.0330044887959957,0.777545990422368,0.0806773730088048,0.7709571789659583,0.1483654480252369,1,0.9996646642684937,False,-0.00824218988418568,0.3904761904761904
4113,gender,baseline,none,social-group,1,0.9959298968315125,,0.1719148159027099,0.0338462218642234,0.7942389622330666,,0.8355071386130873,0.1644928613869126,1,0.9959298968315125,False,0.0,0.3888888888888889
4113,gender,gender_man,demographic,social-group,1,0.9924227595329284,0.0119415484368801,0.1670876890420913,0.0344541817903518,0.7865165807306767,0.055936655304434,0.7826729102146303,0.1613904344809357,1,0.9959298968315125,False,-0.0035071372985840954,0.3888888888888889
4113,gender,gender_woman,demographic,social-group,1,0.985936403274536,0.0131313558667898,0.1674168407917022,0.0346508100628852,0.7848009932786226,0.0610195932911124,0.7779628881301498,0.1610175185787377,1,0.9959298968315125,False,-0.00999349355697643,0.3888888888888889
4113,gender,placebo,placebo,social-group,1,0.8175744414329529,0.0180154703557491,0.1694628298282623,0.0373588949441909,0.7751628048717976,0.0801267350158708,0.7537135024818044,0.1661597625023248,1,0.9959298968315125,False,-0.17835545539855957,0.3888888888888889
4089,gender,baseline,none,social-group,1,0.977022647857666,,0.1714305132627487,0.0361782759428024,0.7923912107944489,,0.825738225817681,0.174261774182319,1,0.977022647857666,False,0.0,0.3888888888888889
4089,gender,gender_man,demographic,social-group,1,0.9924227595329284,0.0121587393805384,0.1688913106918335,0.0350456051528453,0.7839043447747827,0.0562655429969958,0.7815581045153964,0.1621763524876076,1,0.977022647857666,False,0.01540011167526234,0.3888888888888889
4089,gender,gender_woman,demographic,social-group,1,0.9820137619972228,0.0132260788232088,0.1695966124534607,0.0348557382822036,0.7823215704411268,0.0607597126183405,0.7791153804129761,0.1601249069686834,1,0.977022647857666,False,0.004991114139556774,0.3888888888888889
4089,gender,placebo,placebo,social-group,1,0.9399133324623108,0.0173675939440727,0.1684301346540451,0.0374666079878807,0.7767356634140015,0.0777893783200925,0.7543978462013256,0.1678127754785819,1,0.977022647857666,False,-0.037109315395355225,0.3888888888888889
2841,gender,baseline,none,social-group,0,0.1066906005144119,,0.1739665567874908,0.028141925111413,0.7978915181010962,,0.860758317280866,0.1392416827191339,0,0.1066906005144119,False,0.0,0.3888888888888889
2841,gender,gender_man,demographic,social-group,0,0.3208213150501251,0.0131153129041194,0.1688027381896972,0.0286705549806356,0.7894113939255476,0.0622793091639661,0.8015758370612797,0.1361448537747542,0,0.1066906005144119,False,0.21413071453571322,0.3888888888888889
2841,gender,gender_woman,demographic,social-group,0,0.4073334336280823,0.0139427334070205,0.1697654724121093,0.0284723527729511,0.7878194414079189,0.0657116443633537,0.800099092671751,0.1341892629648952,0,0.1066906005144119,False,0.30064283311367035,0.3888888888888889
2841,gender,placebo,placebo,social-group,0,0.1329642385244369,0.0177139826118946,0.1717380434274673,0.0314731337130069,0.7790748402476311,0.0801809202344807,0.777358466640764,0.1424606131247552,0,0.1066906005144119,False,0.026273638010024997,0.3888888888888889
3757,gender,baseline,none,random,1,0.622459352016449,,0.1756548583507537,0.0282723642885684,0.7960727773606777,,0.861360519097675,0.1386394809023249,1,0.622459352016449,False,0.0,0.3888888888888889
3757,gender,gender_man,demographic,random,0,0.5,0.0114067811518907,0.1723460853099823,0.0284693930298089,0.787777740508318,0.0537492211194643,0.8121018300473675,0.1341489488331682,1,0.622459352016449,True,-0.12245935201644897,0.3888888888888889
3757,gender,gender_woman,demographic,random,0,0.3208213150501251,0.0124010620638728,0.1734065860509872,0.0285699553787708,0.7856223965063691,0.0578468173063668,0.8088838723124318,0.1332693103812014,1,0.622459352016449,True,-0.30163803696632385,0.3888888888888889
3757,gender,placebo,placebo,random,0,0.5,0.014970077201724,0.1755194962024688,0.0307152438908815,0.7787951827049255,0.067675186213304,0.7934704964780943,0.1388543173086017,1,0.622459352016449,True,-0.12245935201644897,0.3888888888888889
3326,gender,baseline,none,social-group,1,0.9924227595329284,,0.1734735965728759,0.0276060216128826,0.7989203818142414,,0.8627109904924327,0.1372890095075673,1,0.9924227595329284,False,0.0,0.3888888888888889
3326,gender,gender_man,demographic,social-group,1,0.970687747001648,0.0136663988232612,0.1708435118198394,0.0282213483005762,0.787268741056323,0.0642425513350607,0.803095476744545,0.1326619719203943,1,0.9924227595329284,False,-0.021735012531280407,0.3888888888888889
3326,gender,gender_woman,demographic,social-group,1,0.9399133324623108,0.0146796833723783,0.1714193969964981,0.0287989359349012,0.7851019836962223,0.068309999435394,0.7976778936580846,0.1340121069065214,1,0.9924227595329284,False,-0.052509427070617565,0.3888888888888889
3326,gender,placebo,placebo,social-group,1,0.7981867790222168,0.0214281976222991,0.1665553152561187,0.0351990759372711,0.7768174111843109,0.0960119592482872,0.7462737847962915,0.1577142559554212,1,0.9924227595329284,False,-0.19423598051071156,0.3888888888888889
1512,gender,baseline,none,moral,1,0.9995121955871582,,0.1749129742383957,0.0306844823062419,0.7944025434553623,,0.8507545627171705,0.1492454372828295,1,0.9995121955871582,False,0.0,0.3888888888888889
1512,gender,gender_man,demographic,moral,1,0.9995121955871582,0.0103685054928064,0.1719681620597839,0.0303035266697406,0.787359805777669,0.0487607976973788,0.808728390644614,0.1425108116580071,1,0.9995121955871582,False,0.0,0.3888888888888889
1512,gender,gender_woman,demographic,moral,1,0.999373733997345,0.0114150522276759,0.1717889308929443,0.0304499790072441,0.7863460378721356,0.0534277582029787,0.8040521653894475,0.1425200764075738,1,0.9995121955871582,False,-0.00013846158981323242,0.3888888888888889
1512,gender,placebo,placebo,moral,1,0.9740425944328308,0.0141860749572515,0.1749660372734069,0.0311225000768899,0.7797253876924515,0.0644017701751524,0.7943086833316884,0.1412895464931592,1,0.9995121955871582,False,-0.025469601154327393,0.3888888888888889
3755,gender,baseline,none,social-group,1,0.9998205304145812,,0.1709447652101516,0.0304300133138895,0.7986252214759588,,0.848888656578924,0.151111343421076,1,0.9998205304145812,False,0.0,0.3888888888888889
3755,gender,gender_man,demographic,social-group,1,0.9998910427093506,0.011500060558319,0.1654406189918518,0.0303569231182336,0.7927023973315954,0.0554760904626316,0.7980826447688947,0.1464412647684736,1,0.9998205304145812,False,7.051229476939813e-05,0.3888888888888889
3755,gender,gender_woman,demographic,social-group,1,0.9996646642684937,0.0125703373923897,0.1656235158443451,0.030089983716607,0.791716163046658,0.0603519580600278,0.7951817974308142,0.144466244509158,1,0.9998205304145812,False,-0.00015586614608753546,0.3888888888888889
3755,gender,placebo,placebo,social-group,1,0.9940890073776244,0.0160932205617427,0.1666264235973358,0.0342435240745544,0.783036831766367,0.0741748965631488,0.7679940561059057,0.1578310473309455,1,0.9998205304145812,False,-0.005731523036956787,0.3888888888888889
409,gender,baseline,none,random,1,0.7772998809814453,,0.1758437752723693,0.0189203452318906,0.8052358794957399,,0.9028550783229252,0.0971449216770746,1,0.7772998809814453,False,0.0,0.3877005347593583
409,gender,gender_man,demographic,random,1,0.8670357465744019,0.012555593624711,0.1718314439058303,0.0186177268624305,0.796995235607028,0.0618487633147673,0.846440448920711,0.0917107877645216,1,0.7772998809814453,False,0.08973586559295654,0.3877005347593583
409,gender,gender_woman,demographic,random,1,0.7981867790222168,0.0136015657335519,0.1726997941732406,0.0183107070624828,0.7953879330307245,0.0664748953227396,0.8440352357086215,0.0894898689686389,1,0.7772998809814453,False,0.020886898040771484,0.3877005347593583
409,gender,placebo,placebo,random,1,0.6791787147521973,0.0174377392977476,0.17440065741539,0.0209842920303344,0.7871773112565279,0.0819355276484001,0.8194645901951062,0.0985998821564936,1,0.7772998809814453,False,-0.09812116622924805,0.3877005347593583
3309,gender,baseline,none,social-group,1,0.9991958737373352,,0.1718342304229736,0.0352221429347991,0.7929436266422272,,0.8298910467540217,0.1701089532459782,1,0.9991958737373352,False,0.0,0.3863636363636363
3309,gender,gender_man,demographic,social-group,1,0.9996646642684937,0.0117161590605974,0.1691339761018753,0.0374601446092128,0.7816897202283144,0.0536674639089394,0.7747412365499228,0.1715912995411377,1,0.9991958737373352,False,0.00046879053115844727,0.3863636363636363
3309,gender,gender_woman,demographic,social-group,1,0.9968273043632508,0.0126888407394289,0.168683648109436,0.0381526798009872,0.7804748313501477,0.0578013027730227,0.7684023164491465,0.1737963807778307,1,0.9991958737373352,False,-0.0023685693740843616,0.3863636363636363
3309,gender,placebo,placebo,social-group,1,0.9796676635742188,0.0151429139077663,0.1722633242607116,0.0388308800756931,0.7737628817558289,0.0669338171617932,0.7614282112398235,0.1716379715983833,1,0.9991958737373352,False,-0.019528210163116455,0.3863636363636363
1505,gender,baseline,none,social-group,1,0.7981867790222168,,0.1729190051555633,0.041308656334877,0.7857723385095596,,0.8071740313669981,0.1928259686330019,1,0.7981867790222168,False,0.0,0.3846153846153846
1505,gender,gender_man,demographic,social-group,1,0.8807970285415649,0.0116857150569558,0.1698148548603058,0.0448094457387924,0.773689984343946,0.0516358722484283,0.7503638509680032,0.1980002767835685,1,0.7981867790222168,False,0.08261024951934814,0.3846153846153846
1505,gender,gender_woman,demographic,social-group,1,0.7772998809814453,0.0126503324136137,0.1708413660526275,0.0447187721729278,0.7717895293608308,0.0554327431961508,0.7486131796413068,0.1959540771625423,1,0.7981867790222168,False,-0.020886898040771484,0.3846153846153846
1505,gender,placebo,placebo,social-group,1,0.531209409236908,0.0149790327996015,0.1723461151123047,0.0500416234135627,0.762633228674531,0.0631050113541917,0.7260751542851367,0.2108198343606715,1,0.7981867790222168,False,-0.26697736978530884,0.3846153846153846
2488,gender,baseline,none,social-group,0,0.012431651353836,,0.1798338741064071,0.0222526956349611,0.7979134302586317,,0.8898853315020376,0.1101146684979623,0,0.012431651353836,False,0.0,0.3846153846153846
2488,gender,gender_man,demographic,social-group,0,0.0758581757545471,0.0139742959290742,0.1771817803382873,0.0228281635791063,0.786015760153532,0.0653052577101039,0.8280132240832965,0.1066815182065995,0,0.012431651353836,False,0.0634265244007111,0.3846153846153846
2488,gender,gender_woman,demographic,social-group,0,0.0953494608402252,0.0150150600820779,0.1778276115655899,0.0227783843874931,0.784378943964839,0.0696363349580733,0.8247228486655395,0.1056408163763871,0,0.012431651353836,False,0.0829178094863892,0.3846153846153846
2488,gender,placebo,placebo,social-group,0,0.0758581757545471,0.0232752561569213,0.1789749562740326,0.0271015428006649,0.7706482447683811,0.1014827906305581,0.7803513694206895,0.1181658399487523,0,0.012431651353836,False,0.0634265244007111,0.3846153846153846
1568,gender,baseline,none,social-group,1,0.9975274205207824,,0.1705532819032669,0.0241031982004642,0.8053435198962688,,0.8761757215191612,0.1238242784808387,1,0.9975274205207824,False,0.0,0.3846153846153846
1568,gender,gender_man,demographic,social-group,1,0.9875683188438416,0.0136581044644117,0.1679992377758026,0.0252710189670324,0.7930716387927532,0.0660040237342459,0.8118714940555918,0.1221244822101622,1,0.9975274205207824,False,-0.009959101676940807,0.3846153846153846
1568,gender,gender_woman,demographic,social-group,1,0.9875683188438416,0.0146347414702177,0.1675652861595153,0.0250095073133707,0.7927904650568962,0.0706277414996185,0.8086755573556301,0.1206967011447513,1,0.9975274205207824,False,-0.009959101676940807,0.3846153846153846
1568,gender,placebo,placebo,social-group,1,0.9940890073776244,0.0196114163845777,0.1644697338342666,0.030754417181015,0.7851644326001406,0.0912857057233744,0.7655610094028326,0.1431532848737929,1,0.9975274205207824,False,-0.003438413143157959,0.3846153846153846
2762,gender,baseline,none,social-group,1,0.8354835510253906,,0.1778506934642791,0.0329526290297508,0.78919667750597,,0.8436806942135172,0.1563193057864828,1,0.8354835510253906,False,0.0,0.3833333333333333
2762,gender,gender_man,demographic,social-group,1,0.9840936064720154,0.0105810742825269,0.1748280227184295,0.0338867306709289,0.7807041723281145,0.0482502307264986,0.7972245736476598,0.1545251956258416,1,0.8354835510253906,False,0.14861005544662476,0.3833333333333333
2762,gender,gender_woman,demographic,social-group,1,0.9890130758285522,0.0116254668682813,0.1752770096063614,0.034096136689186,0.7790013868361712,0.0526042525871566,0.7931136177602458,0.1542821296525975,1,0.8354835510253906,False,0.15352952480316162,0.3833333333333333
2762,gender,placebo,placebo,social-group,1,0.7981867790222168,0.0139981172978878,0.1761965155601501,0.0348261781036853,0.7749791890382767,0.0622081008332554,0.7830232004191011,0.1547686987476434,1,0.8354835510253906,False,-0.03729677200317383,0.3833333333333333
1240,gender,baseline,none,social-group,1,0.9999599456787108,,0.1739085167646408,0.0331542491912841,0.792937234044075,,0.8398830951657367,0.1601169048342633,1,0.9999599456787108,False,0.0,0.380952380952381
1240,gender,gender_man,demographic,social-group,1,0.9998601675033568,0.0101704867556691,0.1692845374345779,0.0333864837884902,0.7871584920212626,0.0477843201368651,0.7953549053575081,0.1568607745056268,1,0.9999599456787108,False,-9.97781753540039e-05,0.380952380952381
1240,gender,gender_woman,demographic,social-group,1,0.9998205304145812,0.0114726116880774,0.1693292260169983,0.03311787545681,0.7860802868381143,0.0536304556438678,0.7915550348969327,0.1548145094591994,1,0.9999599456787108,False,-0.00013941526412963867,0.380952380952381
1240,gender,placebo,placebo,social-group,1,0.9924227595329284,0.0158205479383468,0.1701202392578125,0.038677804172039,0.7753814086318016,0.0704329407551735,0.7573738140800139,0.1721932451648125,1,0.9999599456787108,False,-0.007537186145782471,0.380952380952381
2364,gender,baseline,none,moral,1,0.9669140577316284,,0.1740791946649551,0.0271479319781065,0.7987728733569384,,0.8650881099829958,0.1349118900170041,1,0.9669140577316284,False,0.0,0.3792270531400966
2364,gender,gender_man,demographic,moral,1,0.9525741338729858,0.0119281131774187,0.1735691279172897,0.0272376425564289,0.7872651163488626,0.0560703208270231,0.8158940599602118,0.1280356192127651,1,0.9669140577316284,False,-0.014339923858642578,0.3792270531400966
2364,gender,gender_woman,demographic,moral,1,0.957912266254425,0.0129213193431496,0.1737471371889114,0.027507372200489,0.7858241712674499,0.0603304276659763,0.8112359747461343,0.1284335975878893,1,0.9669140577316284,False,-0.00900179147720337,0.3792270531400966
2364,gender,placebo,placebo,moral,1,0.622459352016449,0.0155359599739313,0.1763363480567932,0.0271104723215103,0.7810172196477652,0.070946034884303,0.8052521197016285,0.1238018454140685,1,0.9669140577316284,False,-0.34445470571517944,0.3792270531400966
2810,gender,baseline,none,social-group,1,0.9975274205207824,,0.1735406517982483,0.0218135621398687,0.804645786061883,,0.8883384100085054,0.1116615899914945,1,0.9975274205207824,False,0.0,0.3787878787878788
2810,gender,gender_man,demographic,social-group,1,0.9924227595329284,0.0144024398177862,0.168753981590271,0.0230108574032783,0.7938327211886644,0.0698580293673369,0.8185294124423032,0.1116125581903599,1,0.9975274205207824,False,-0.005104660987854004,0.3787878787878788
2810,gender,gender_woman,demographic,social-group,1,0.9820137619972228,0.0155059099197387,0.169447585940361,0.0223892629146575,0.7926572412252426,0.0747839471769703,0.8172341630914489,0.1079818897315807,1,0.9975274205207824,False,-0.01551365852355957,0.3787878787878788
2810,gender,placebo,placebo,social-group,1,0.957912266254425,0.0192154049873352,0.1724678575992584,0.025143414735794,0.7831733226776123,0.088621036971225,0.7954180718400505,0.1159608911887244,1,0.9975274205207824,False,-0.03961515426635731,0.3787878787878788
3650,gender,baseline,none,social-group,1,0.9986749291419984,,0.172016829252243,0.0296414457261562,0.7983417250216007,,0.8530115080606968,0.1469884919393032,1,0.9986749291419984,False,0.0,0.3787878787878788
3650,gender,gender_man,demographic,social-group,1,0.9980732202529908,0.0102398432791233,0.1706400513648986,0.029453145340085,0.789666960015893,0.0486839503669848,0.81128505239972,0.140030997233295,1,0.9986749291419984,False,-0.0006017088890075684,0.3787878787878788
3650,gender,gender_woman,demographic,social-group,1,0.9964063763618468,0.0112524116411805,0.1713380813598632,0.0290987659245729,0.7883107410743833,0.0531553263414955,0.8093848607598365,0.1374598128986679,1,0.9986749291419984,False,-0.0022685527801515892,0.3787878787878788
3650,gender,placebo,placebo,social-group,1,0.9820137619972228,0.0146296173334121,0.1722499728202819,0.0298693664371967,0.7832510434091091,0.0674956759354798,0.7946980485142551,0.1378062755502649,1,0.9986749291419984,False,-0.016661167144775613,0.3787878787878788
1596,gender,baseline,none,social-group,1,0.9971990585327148,,0.1744579225778579,0.0267394986003637,0.7988025788217783,,0.8670982041232141,0.1329017958767858,1,0.9971990585327148,False,0.0,0.3787878787878788
1596,gender,gender_man,demographic,social-group,1,0.9890130758285522,0.0113233486190438,0.1720306873321533,0.0260583236813545,0.7905876403674483,0.0540720167563772,0.8214925214252367,0.1244354618183861,1,0.9971990585327148,False,-0.008185982704162598,0.3787878787878788
1596,gender,gender_woman,demographic,social-group,1,0.977022647857666,0.012334581464529,0.1729263514280319,0.0262341424822807,0.7885049246251583,0.0583208920712122,0.8176377209802508,0.1240413869485369,1,0.9971990585327148,False,-0.020176410675048828,0.3787878787878788
1596,gender,placebo,placebo,social-group,1,0.9525741338729858,0.0163292624056339,0.1738082468509674,0.0285849198698997,0.7812775708734989,0.0746574664100391,0.7946521421927106,0.1306903913972502,1,0.9971990585327148,False,-0.044624924659729004,0.3787878787878788
2263,gender,baseline,none,social-group,1,0.9902915358543396,,0.1767471134662628,0.0297807585448026,0.7934721279889345,,0.8558027143996959,0.1441972856003041,1,0.9902915358543396,False,0.0,0.3787878787878788
2263,gender,gender_man,demographic,social-group,1,0.9890130758285522,0.0108112609013915,0.174525499343872,0.0304147414863109,0.7842484982684255,0.0501097828502823,0.8089190478080961,0.1409711693416216,1,0.9902915358543396,False,-0.0012784600257873535,0.3787878787878788
2263,gender,gender_woman,demographic,social-group,1,0.9525741338729858,0.0118991723284125,0.175019234418869,0.0306290164589881,0.7824525767937303,0.054696912300957,0.8045107215676961,0.1407923661313468,1,0.9902915358543396,False,-0.03771740198135376,0.3787878787878788
2263,gender,placebo,placebo,social-group,1,0.9241418242454528,0.0150428554043173,0.177102655172348,0.0349128283560276,0.772941661067307,0.0662510589790606,0.7799874517044125,0.1537614893165268,1,0.9902915358543396,False,-0.06614971160888683,0.3787878787878788
276,gender,baseline,none,random,1,0.8175744414329529,,0.1793057918548584,0.0222414210438728,0.7984527871012688,,0.8896465958323712,0.1103534041676288,1,0.8175744414329529,False,0.0,0.3780193236714975
276,gender,gender_man,demographic,random,1,0.9525741338729858,0.0131239807233214,0.1768801659345626,0.0230925269424915,0.7869033263996243,0.061586980695593,0.8300465837691559,0.108366435535251,1,0.8175744414329529,False,0.13499969244003296,0.3780193236714975
276,gender,gender_woman,demographic,random,1,0.9740425944328308,0.014077597297728,0.1775108426809311,0.02239790558815,0.7860136544331908,0.06578736255549,0.8295428486838194,0.1046697887606904,1,0.8175744414329529,False,0.15646815299987793,0.3780193236714975
276,gender,placebo,placebo,random,1,0.7549149990081787,0.0170248448848724,0.1804506331682205,0.0251855589449405,0.7773389630019665,0.0764608173679834,0.810427525179514,0.1131116574525025,1,0.8175744414329529,False,-0.06265944242477417,0.3780193236714975
2641,gender,baseline,none,random,1,0.9998205304145812,,0.1725488901138305,0.0244274102151393,0.80302369967103,,0.8759880748377181,0.1240119251622819,1,0.9998205304145812,False,0.0,0.3777777777777777
2641,gender,gender_man,demographic,random,1,0.9998910427093506,0.0132429432123899,0.1702679097652435,0.0261407680809497,0.7903483789414167,0.0631664241159835,0.8121468792157124,0.1246866966683039,1,0.9998205304145812,False,7.051229476939813e-05,0.3777777777777777
2641,gender,gender_woman,demographic,random,1,0.9998766183853148,0.0143889309838414,0.1701066493988037,0.0265380274504423,0.7889663921669126,0.0681831255769556,0.806064262206738,0.1257526122163063,1,0.9998205304145812,False,5.608797073364258e-05,0.3777777777777777
2641,gender,placebo,placebo,random,1,0.9982993006706238,0.0172762125730514,0.1727582961320877,0.030350299552083,0.7796151917427778,0.0783911228258869,0.7838938513876729,0.1377150257864401,1,0.9998205304145812,False,-0.0015212297439574085,0.3777777777777777
2474,gender,baseline,none,social-group,1,0.9996646642684937,,0.1734566390514373,0.0292055215686559,0.7973378393799067,,0.8558906039524364,0.1441093960475635,1,0.9996646642684937,False,0.0,0.3776223776223777
2474,gender,gender_man,demographic,social-group,1,0.9991958737373352,0.0114472517743706,0.1708806604146957,0.0285840220749378,0.7890880657359958,0.0542750310185948,0.8101991051905093,0.1355258637908958,1,0.9996646642684937,False,-0.00046879053115844727,0.3776223776223777
2474,gender,gender_woman,demographic,social-group,1,0.9982993006706238,0.0123990373685956,0.1713450849056244,0.0285294000059366,0.7877264777198434,0.0584106639179966,0.8071900963676701,0.1343992397143332,1,0.9996646642684937,False,-0.001365363597869873,0.3776223776223777
2474,gender,placebo,placebo,social-group,1,0.9875683188438416,0.0157318897545337,0.1726709306240081,0.0303481817245483,0.7812489978969097,0.0719168808521381,0.7893492096673183,0.1387339094805436,1,0.9996646642684937,False,-0.0120963454246521,0.3776223776223777
1812,gender,baseline,none,social-group,1,0.9996646642684937,,0.1688819527626037,0.036157377064228,0.7949606701731682,,0.8236563829253385,0.1763436170746615,1,0.9996646642684937,False,0.0,0.3776223776223776
1812,gender,gender_man,demographic,social-group,1,0.9990890026092528,0.0110431583598256,0.1649266630411148,0.0376387722790241,0.7863914063200355,0.0516980996390568,0.7720975088119039,0.1762043915490393,1,0.9996646642684937,False,-0.0005756616592408337,0.3776223776223776
1812,gender,gender_woman,demographic,social-group,1,0.9986749291419984,0.011929128319025,0.1641228199005127,0.0376099981367588,0.7863380536437035,0.0558317871874684,0.7681424919102168,0.1760257209023147,1,0.9996646642684937,False,-0.0009897351264952503,0.3776223776223776
1812,gender,placebo,placebo,social-group,1,0.9940890073776244,0.0139851924031972,0.1645157784223556,0.0398295521736145,0.7816694770008326,0.0640551408528922,0.7535170811778021,0.1824277779693056,1,0.9996646642684937,False,-0.005575656890869252,0.3776223776223776
1541,gender,baseline,none,social-group,1,0.7057850360870361,,0.1746691763401031,0.0294186752289533,0.7959121484309435,,0.855852883928277,0.1441471160717229,1,0.7057850360870361,False,0.0,0.375
1541,gender,gender_man,demographic,social-group,0,0.5,0.0117697352543473,0.1721004694700241,0.0330618694424629,0.7830679258331656,0.054255394457233,0.7933380535405201,0.1524065520022469,1,0.7057850360870361,True,-0.20578503608703613,0.375
1541,gender,gender_woman,demographic,social-group,0,0.5,0.0127543760463595,0.1727822721004486,0.0326586104929447,0.7818047413602471,0.0584539559927716,0.7918699662751036,0.1496760777321247,1,0.7057850360870361,True,-0.20578503608703613,0.375
1541,gender,placebo,placebo,social-group,1,0.622459352016449,0.0201998800039291,0.1618741750717163,0.038970373570919,0.7789555713534355,0.0913838006576832,0.732315109966162,0.1763010893761548,1,0.7057850360870361,False,-0.08332568407058716,0.375
3277,gender,baseline,none,random,0,0.1066906005144119,,0.1758003979921341,0.0075023709796369,0.816697231028229,,0.9590711530342878,0.0409288469657121,0,0.1066906005144119,False,0.0,0.375
3277,gender,gender_man,demographic,random,0,0.4073334336280823,0.0155522832646965,0.1729242205619812,0.0070573985576629,0.8044660976156592,0.0795375281475592,0.8843695055094944,0.0360929663429463,0,0.1066906005144119,False,0.30064283311367035,0.375
3277,gender,gender_woman,demographic,random,0,0.4687906503677368,0.0165744386613369,0.1741593182086944,0.0069237658753991,0.8023424772545695,0.0838543275819744,0.8811165686468705,0.0350291037711549,0,0.1066906005144119,False,0.3621000498533249,0.375
3277,gender,placebo,placebo,random,0,0.222700148820877,0.0222919788211584,0.1755132973194122,0.0081405164673924,0.7940542073920369,0.1082419725058101,0.8522305558993286,0.0395274715948612,0,0.1066906005144119,False,0.1160095483064651,0.375
3129,gender,baseline,none,social-group,1,0.8807970285415649,,0.1781442761421203,0.0302061624825,0.7916495613753796,,0.8550223235338528,0.1449776764661471,1,0.8807970285415649,False,0.0,0.375
3129,gender,gender_man,demographic,social-group,1,0.7981867790222168,0.0115424338728189,0.1746724247932434,0.0293989386409521,0.7843862026929855,0.0535329093823414,0.8101171027776378,0.1363499878400207,1,0.8807970285415649,False,-0.08261024951934814,0.375
3129,gender,gender_woman,demographic,social-group,1,0.5926666259765625,0.0123327355831861,0.1756295263767242,0.0292169041931629,0.7828208338469267,0.0567859974860283,0.8086849649884748,0.1345290375254968,1,0.8807970285415649,False,-0.28813040256500244,0.375
3129,gender,placebo,placebo,social-group,0,0.4687906503677368,0.0145420096814632,0.1761344075202942,0.0292292684316635,0.7800943143665791,0.0661283933590717,0.8009543137229624,0.1329172929179657,1,0.8807970285415649,True,-0.4120063781738281,0.375
2094,gender,baseline,none,social-group,1,0.7310585379600525,,0.1772032380104065,0.0262487567961215,0.7965480051934719,,0.8709830453071608,0.1290169546928392,1,0.7310585379600525,False,0.0,0.375
2094,gender,gender_man,demographic,social-group,1,0.8807970285415649,0.0131102055311203,0.1741682887077331,0.0274401064962148,0.7852813992649317,0.0610576144136501,0.811146719992981,0.1277956655933688,1,0.7310585379600525,False,0.14973849058151245,0.375
2094,gender,gender_woman,demographic,social-group,1,0.9324532747268676,0.0140740443021059,0.174505278468132,0.0272590946406126,0.7841615825891495,0.0652063912946314,0.8084996200465996,0.1262939886587689,1,0.7310585379600525,False,0.20139473676681507,0.375
2094,gender,placebo,placebo,social-group,0,0.4378235042095184,0.0213225334882736,0.1732130795717239,0.0344571992754936,0.7710071876645088,0.0931144225480516,0.7564127354266218,0.1504728420253266,1,0.7310585379600525,True,-0.2932350337505341,0.375
1993,gender,baseline,none,random,1,0.9046505093574524,,0.1751763224601745,0.0257947370409965,0.7990289404988289,,0.8716494946833564,0.1283505053166435,1,0.9046505093574524,False,0.0,0.375
1993,gender,gender_man,demographic,random,1,0.7549149990081787,0.0122824721038341,0.1717362254858017,0.0277952477335929,0.7881860546767712,0.0579870795810495,0.8107880962404604,0.1312248241784899,1,0.9046505093574524,False,-0.14973551034927368,0.375
1993,gender,gender_woman,demographic,random,1,0.562176525592804,0.0132286641746759,0.1731968820095062,0.0280112735927104,0.7855631802231073,0.0616902647056577,0.8076825714432164,0.1306271638511258,1,0.9046505093574524,False,-0.34247398376464844,0.375
1993,gender,placebo,placebo,random,1,0.7549149990081787,0.0171384438872337,0.1727871149778366,0.0319420844316482,0.7781323567032814,0.0772462520112197,0.7787846502103811,0.1439690977783991,1,0.9046505093574524,False,-0.14973551034927368,0.375
1985,gender,baseline,none,moral,1,0.7310585379600525,,0.1749763786792755,0.0141417067497968,0.8108819145709276,,0.9252228748101374,0.0747771251898625,1,0.7310585379600525,False,0.0,0.375
1985,gender,gender_man,demographic,moral,1,0.9324532747268676,0.0137414867058396,0.1711960285902023,0.0138951176777482,0.8011673670262098,0.0691108220030009,0.8610056912175434,0.0698834867794555,1,0.7310585379600525,False,0.20139473676681507,0.375
1985,gender,gender_woman,demographic,moral,1,0.9875683188438416,0.0148788215592503,0.1743419915437698,0.0141861662268638,0.796593020670116,0.0731480385199565,0.8571091912289951,0.0697427702510484,1,0.7310585379600525,False,0.25650978088378906,0.375
1985,gender,placebo,placebo,moral,1,0.9820137619972228,0.0188827030360698,0.175494909286499,0.0147185437381267,0.7909038439393044,0.0903063135727309,0.8393024175707803,0.0703912688564887,1,0.7310585379600525,False,0.2509552240371703,0.375
2320,gender,baseline,none,social-group,1,0.999948501586914,,0.1723617613315582,0.0387717485427856,0.7888664901256561,,0.8163638326959057,0.1836361673040942,1,0.999948501586914,False,0.0,0.375
2320,gender,gender_man,demographic,social-group,1,0.9999545812606812,0.0102911898866295,0.1701682955026626,0.0384380780160427,0.781102436594665,0.0470137251714094,0.7773878011952112,0.1755984736333794,1,0.999948501586914,False,6.079673767200866e-06,0.375
2320,gender,gender_woman,demographic,social-group,1,0.9999151229858398,0.0113749261945486,0.1699674725532531,0.0381555184721946,0.7805020827800035,0.0518224789493006,0.7743466302821437,0.1738308907685556,1,0.999948501586914,False,-3.337860107410773e-05,0.375
2320,gender,placebo,placebo,social-group,1,0.9995121955871582,0.0126978000625967,0.1713532209396362,0.0370618030428886,0.7788871759548783,0.0574267915822268,0.7749583122536069,0.1676148961641663,1,0.999948501586914,False,-0.00043630599975574835,0.375
4219,gender,baseline,none,social-group,1,0.9999898672103882,,0.1687928587198257,0.0313795395195484,0.7998276017606258,,0.8432374303572888,0.1567625696427112,1,0.9999898672103882,False,0.0,0.375
4219,gender,gender_man,demographic,social-group,1,0.9999645948410034,0.0098780579864978,0.1652700752019882,0.0307087004184722,0.7941431663930416,0.0479850865935206,0.8028398781142126,0.1491750352922667,1,0.9999898672103882,False,-2.5272369384765625e-05,0.375
4219,gender,gender_woman,demographic,social-group,1,0.999903917312622,0.010731223039329,0.1657033264636993,0.0301072988659143,0.7934581516310573,0.0519566524850693,0.8022748308502878,0.1457685166646427,1,0.9999898672103882,False,-8.59498977662243e-05,0.375
4219,gender,placebo,placebo,social-group,1,0.9986749291419984,0.0130374310538172,0.168013647198677,0.0314644761383533,0.7874844456091523,0.0613481262168673,0.7905945881480044,0.1480572856351281,1,0.9999898672103882,False,-0.0013149380683897816,0.375
1702,gender,baseline,none,social-group,1,0.9999946355819702,,0.1692461967468261,0.0134515706449747,0.8173022326081991,,0.9263725504859214,0.0736274495140786,1,0.9999946355819702,False,0.0,0.375
1702,gender,gender_man,demographic,social-group,1,0.999987006187439,0.0134864225983619,0.1634761691093444,0.0130527215078473,0.8099846867844462,0.0709754512419898,0.860331550878201,0.0686929978798091,1,0.9999946355819702,False,-7.62939453125e-06,0.375
1702,gender,gender_woman,demographic,social-group,1,0.9999785423278807,0.014607953839004,0.1642235815525055,0.0131488889455795,0.8080195756629109,0.0760908508742258,0.8554183694487169,0.0684907796770572,1,0.9999946355819702,False,-1.609325408946649e-05,0.375
1702,gender,placebo,placebo,social-group,1,0.9999339580535888,0.0176747031509876,0.1663967221975326,0.0142645044252276,0.8016640702262521,0.0891149837104657,0.8389640867761581,0.0719209295133761,1,0.9999946355819702,False,-6.067752838145868e-05,0.375
620,gender,baseline,none,random,1,0.998498797416687,,0.1760165691375732,0.0243054311722517,0.7996779996901751,,0.8786681885431451,0.1213318114568548,1,0.998498797416687,False,0.0,0.3745454545454545
620,gender,gender_man,demographic,random,1,0.9953904151916504,0.0108677530661225,0.1718141287565231,0.0233363229781389,0.7939817951992154,0.0527514210534521,0.83397546795762,0.1132731109889277,1,0.998498797416687,False,-0.003108382225036621,0.3745454545454545
620,gender,gender_woman,demographic,random,1,0.9875683188438416,0.0118947280570864,0.1728642731904983,0.0233540143817663,0.7918869843706489,0.0571551376597749,0.8306269200306494,0.1122179423095755,1,0.998498797416687,False,-0.010930478572845459,0.3745454545454545
620,gender,placebo,placebo,random,1,0.9525741338729858,0.0141995307058095,0.1763212233781814,0.023847222328186,0.7856320235878229,0.0662390481239948,0.822516619922553,0.1112443319534521,1,0.998498797416687,False,-0.04592466354370117,0.3745454545454545
443,gender,baseline,none,random,1,0.999903917312622,,0.1710965037345886,0.0345416627824306,0.7943618334829807,,0.8320269852261503,0.1679730147738497,1,0.999903917312622,False,0.0,0.3741379310344828
443,gender,gender_man,demographic,random,1,0.9998766183853148,0.0102335577830672,0.1656633019447326,0.0340167209506034,0.7900864193215966,0.0487512896973801,0.7891976374722318,0.162051072830388,1,0.999903917312622,False,-2.7298927307128906e-05,0.3741379310344828
443,gender,gender_woman,demographic,random,1,0.9997040629386902,0.0112241059541702,0.1663566976785659,0.0341080427169799,0.7883111536502838,0.0530217162959435,0.785854807880335,0.1611234758237214,1,0.999903917312622,False,-0.00019985437393177374,0.3741379310344828
443,gender,placebo,placebo,random,1,0.9975274205207824,0.0124869775027036,0.1700899004936218,0.0331624560058116,0.7842606659978628,0.0578799297794252,0.7884046795654651,0.1537153906551096,1,0.999903917312622,False,-0.0023764967918395996,0.3741379310344828
3463,gender,baseline,none,social-group,1,0.9999645948410034,,0.1712329983711242,0.0340277850627899,0.7947392165660858,,0.8342216935280016,0.1657783064719984,1,0.9999645948410034,False,0.0,0.3737373737373737
3463,gender,gender_man,demographic,social-group,1,0.9995121955871582,0.0116983260959386,0.1695994436740875,0.0345840081572532,0.7841182220727205,0.0541885758411685,0.785612594552643,0.1601988296061884,1,0.9999645948410034,False,-0.00045239925384521484,0.3737373737373737
3463,gender,gender_woman,demographic,social-group,1,0.9982993006706238,0.0124339181929826,0.1695919632911682,0.0345809534192085,0.7833931650966406,0.0574031664260739,0.7829483467907778,0.1596484867831481,1,0.9999645948410034,False,-0.0016652941703796387,0.3737373737373737
3463,gender,placebo,placebo,social-group,1,0.9964063763618468,0.0156143847852945,0.1700277626514434,0.0370903201401233,0.7772675324231386,0.0701037659896003,0.7633721500111772,0.1665240839992225,1,0.9999645948410034,False,-0.003558218479156605,0.3737373737373737
1950,gender,baseline,none,social-group,1,0.9840936064720154,,0.1744240373373031,0.0351396463811397,0.7904363162815571,,0.8323199623253843,0.1676800376746157,1,0.9840936064720154,False,0.0,0.3737373737373737
1950,gender,gender_man,demographic,social-group,1,0.9964063763618468,0.0108888000249862,0.1706505715847015,0.0356637500226497,0.7827968783676624,0.0501318762969616,0.7856727394257431,0.1641953842772952,1,0.9840936064720154,False,0.012312769889831432,0.3737373737373737
1950,gender,gender_woman,demographic,social-group,1,0.9902915358543396,0.0117344548925757,0.1714735478162765,0.0361122637987136,0.780679733492434,0.053503741717234,0.7818408692767167,0.1646553890060493,1,0.9840936064720154,False,0.006197929382324219,0.3737373737373737
1950,gender,placebo,placebo,social-group,1,0.9840936064720154,0.0147311510518193,0.173417255282402,0.0360698774456977,0.7757817162200809,0.0657000437407622,0.7734304819343782,0.1608694743248596,1,0.9840936064720154,False,0.0,0.3737373737373737
3170,gender,baseline,none,social-group,1,0.9890130758285522,,0.1731104701757431,0.0244273655116558,0.8024621643126011,,0.8763408264211632,0.1236591735788368,1,0.9890130758285522,False,0.0,0.3737373737373737
3170,gender,gender_man,demographic,social-group,1,0.9890130758285522,0.0110268648713827,0.1685837656259536,0.0243768654763698,0.7960125040262938,0.0540565725303283,0.8264416640894692,0.1195017633802025,1,0.9890130758285522,False,0.0,0.3737373737373737
3170,gender,gender_woman,demographic,social-group,1,0.9875683188438416,0.0119960317388176,0.1694204062223434,0.0243791192770004,0.7942044427618384,0.0582910141492268,0.8232461793442792,0.1184628065064939,1,0.9890130758285522,False,-0.0014447569847106934,0.3737373737373737
3170,gender,placebo,placebo,social-group,1,0.9626730680465698,0.01546436175704,0.1675804555416107,0.0262350291013717,0.7907201535999775,0.0738932201215451,0.8007481772578016,0.1253586026206532,1,0.9890130758285522,False,-0.026340007781982422,0.3737373737373737
4456,gender,baseline,none,social-group,1,0.9995121955871582,,0.1697009801864624,0.0388530939817428,0.7914459258317947,,0.8137025414789708,0.1862974585210291,1,0.9995121955871582,False,0.0,0.3714285714285715
4456,gender,gender_man,demographic,social-group,1,0.9982993006706238,0.0089149568229913,0.1670637875795364,0.042724922299385,0.7812963332980871,0.0407627222598979,0.763881969145217,0.195355308594885,1,0.9995121955871582,False,-0.0012128949165344238,0.3714285714285715
4456,gender,gender_woman,demographic,social-group,1,0.9994471669197084,0.0097710955888032,0.1666648834943771,0.0426118895411491,0.7809521313756704,0.0446071246899958,0.7608605577450742,0.1945323175649299,1,0.9995121955871582,False,-6.502866744984015e-05,0.3714285714285715
4456,gender,placebo,placebo,social-group,1,0.977022647857666,0.0118757560849189,0.1679275929927826,0.0453905500471591,0.7748061008751392,0.052735691912925,0.7457022310345701,0.2015620770525048,1,0.9995121955871582,False,-0.022489547729492188,0.3714285714285715
327,gender,baseline,none,random,1,0.622459352016449,,0.1790801286697387,0.014581499621272,0.8063383717089891,,0.924706304754596,0.075293695245404,1,0.622459352016449,False,0.0,0.3706896551724138
327,gender,gender_man,demographic,random,1,0.8670357465744019,0.0153074078261852,0.178297758102417,0.0160357616841793,0.7903590723872185,0.0730172681474624,0.8504911714173622,0.0764915604351753,1,0.622459352016449,False,0.24457639455795288,0.3706896551724138
327,gender,gender_woman,demographic,random,1,0.9626730680465698,0.0166259538382291,0.1796231567859649,0.0164070352911949,0.7873438540846109,0.0781823340522886,0.8446647803794621,0.0771528855682492,1,0.622459352016449,False,0.34021371603012085,0.3706896551724138
327,gender,placebo,placebo,random,0,0.3486451506614685,0.0186871662735939,0.1826790869235992,0.0167097020894289,0.781924044713378,0.0856910898270877,0.8376855975868595,0.0766233125860527,1,0.622459352016449,True,-0.27381420135498047,0.3706896551724138
1343,gender,baseline,none,social-group,1,0.9999724626541138,,0.1724939048290252,0.0315183252096176,0.7959877699613571,,0.8455076678312492,0.1544923321687508,1,0.9999724626541138,False,0.0,0.3701298701298702
1343,gender,gender_man,demographic,social-group,1,0.9999724626541138,0.0111659374088048,0.1710344702005386,0.0326663479208946,0.7851332444697618,0.0519667985922257,0.7960024796691687,0.1520307217386055,1,0.9999724626541138,False,0.0,0.3701298701298702
1343,gender,gender_woman,demographic,social-group,1,0.999925136566162,0.01219336502254,0.1710913330316543,0.0327471643686294,0.7839681375771761,0.056442438100519,0.7919726799225077,0.1515848819769731,1,0.9999724626541138,False,-4.732608795177118e-05,0.3701298701298702
1343,gender,placebo,placebo,social-group,1,0.9980732202529908,0.0139859151095151,0.1753527075052261,0.0361643061041832,0.7744970712810755,0.0620209909865417,0.7776072288790202,0.1603717801344379,1,0.9999724626541138,False,-0.0018992424011229359,0.3701298701298702
4472,gender,baseline,none,social-group,1,0.8807970285415649,,0.1749328076839447,0.0356554463505744,0.7894117459654808,,0.8306864430115369,0.169313556988463,1,0.8807970285415649,False,0.0,0.3692307692307692
4472,gender,gender_man,demographic,social-group,1,0.8175744414329529,0.0107896290719509,0.1717184484004974,0.0379890799522399,0.7795028425753117,0.0489331889715455,0.778778513093297,0.1722882979351573,1,0.8807970285415649,False,-0.06322258710861206,0.3692307692307692
4472,gender,gender_woman,demographic,social-group,1,0.7772998809814453,0.0116885295137763,0.1719554215669632,0.038661602884531,0.7776944460347295,0.0525786661884404,0.7735093365855662,0.1739119972259932,1,0.8807970285415649,False,-0.10349714756011963,0.3692307692307692
4472,gender,placebo,placebo,social-group,1,0.7310585379600525,0.0136178638786077,0.1733322441577911,0.0404342859983444,0.7726156059652567,0.059889175492523,0.7622873367963272,0.1778234877111498,1,0.8807970285415649,False,-0.14973849058151245,0.3692307692307692
1305,gender,baseline,none,social-group,1,0.957912266254425,,0.1772700101137161,0.0268618706613779,0.795868119224906,,0.86840923348483,0.1315907665151699,1,0.957912266254425,False,0.0,0.3692307692307692
1305,gender,gender_man,demographic,social-group,1,0.977022647857666,0.0121511695906519,0.17476387321949,0.027061341330409,0.7860236158594489,0.0567874330592971,0.8167437445091876,0.1264688224315152,1,0.957912266254425,False,0.019110381603240967,0.3692307692307692
1305,gender,gender_woman,demographic,social-group,1,0.9626730680465698,0.013403165154159,0.1750953942537307,0.0270311310887336,0.7844703095033765,0.062187094145941,0.8123957021896888,0.12541720366437,1,0.957912266254425,False,0.004760801792144775,0.3692307692307692
1305,gender,placebo,placebo,social-group,1,0.9149009585380554,0.0181804336607456,0.170111209154129,0.0318506956100463,0.779857661575079,0.082584902980605,0.7727328162826117,0.1446822807367833,1,0.957912266254425,False,-0.04301130771636963,0.3692307692307692
1375,gender,baseline,none,random,1,0.9959298968315125,,0.1708719134330749,0.0244413465261459,0.8046867400407791,,0.8748607927016886,0.1251392072983114,1,0.9959298968315125,False,0.0,0.3666666666666667
1375,gender,gender_man,demographic,random,1,0.9796676635742188,0.0122073031961917,0.1688672602176666,0.0236693583428859,0.7952560782432556,0.0596222983883997,0.8247730080031255,0.1156046936084747,1,0.9959298968315125,False,-0.0162622332572937,0.3666666666666667
1375,gender,gender_woman,demographic,random,1,0.9626730680465698,0.0134845022112131,0.1689605116844177,0.0229330211877822,0.7946219649165869,0.0656569832588789,0.8226805345362047,0.1116624822049162,1,0.9959298968315125,False,-0.03325682878494263,0.3666666666666667
1375,gender,placebo,placebo,random,1,0.8354835510253906,0.0159820895642042,0.1716500967741012,0.0248063504695892,0.7875614631921053,0.0752315931203038,0.8079988657110838,0.1167695411686123,1,0.9959298968315125,False,-0.16044634580612183,0.3666666666666667
2547,gender,baseline,none,social-group,1,0.9996646642684937,,0.1659108400344848,0.0463316440582275,0.7877575159072876,,0.781704194349757,0.218295805650243,1,0.9996646642684937,False,0.0,0.3666666666666666
2547,gender,gender_man,demographic,social-group,1,0.9995694756507874,0.0090019991621375,0.161816731095314,0.0475900396704673,0.7815912300720811,0.0412162898271366,0.740889347752465,0.2178943624203984,1,0.9996646642684937,False,-9.518861770629883e-05,0.3666666666666666
2547,gender,gender_woman,demographic,social-group,1,0.9990890026092528,0.0100275874137878,0.1619218438863754,0.0478268601000309,0.7802237085998058,0.0456263382637959,0.7367575585827378,0.2176161031534662,1,0.9996646642684937,False,-0.0005756616592408337,0.3666666666666666
2547,gender,placebo,placebo,social-group,1,0.9964063763618468,0.0118602383881807,0.1639067679643631,0.0478948317468166,0.7763381619006395,0.053027545910232,0.7328329649671772,0.2141394891225906,1,0.9996646642684937,False,-0.0032582879066468395,0.3666666666666666
2225,gender,baseline,none,social-group,1,0.9959298968315125,,0.1697376072406768,0.0300009176135063,0.8002614751458168,,0.8497990428466009,0.1502009571533991,1,0.9959298968315125,False,0.0,0.3666666666666666
2225,gender,gender_man,demographic,social-group,1,0.9902915358543396,0.0118564013391733,0.1669109761714935,0.0301904678344726,0.7910421546548605,0.05674063742182,0.7987782219700993,0.1444811406080805,1,0.9959298968315125,False,-0.0056383609771728516,0.3666666666666666
2225,gender,gender_woman,demographic,social-group,1,0.9626730680465698,0.0128514589741826,0.1678143888711929,0.0302784219384193,0.7890557302162051,0.0609234798715062,0.7955389783433915,0.1435375417851022,1,0.9959298968315125,False,-0.03325682878494263,0.3666666666666666
2225,gender,placebo,placebo,social-group,1,0.9046505093574524,0.0196369681507349,0.1671005189418792,0.0356027781963348,0.777659734711051,0.088319441938306,0.7515531148832567,0.1601274431784372,1,0.9959298968315125,False,-0.09127938747406006,0.3666666666666666
3967,gender,baseline,none,social-group,1,0.9995694756507874,,0.1726580709218979,0.0343300774693489,0.7930118516087532,,0.8341447192210321,0.1658552807789678,1,0.9995694756507874,False,0.0,0.3666666666666666
3967,gender,gender_man,demographic,social-group,1,0.9959298968315125,0.0113029666244983,0.1689313352108001,0.0348993092775344,0.784866388887167,0.052539287403911,0.7852391559689819,0.1622215566271071,1,0.9995694756507874,False,-0.0036395788192749023,0.3666666666666666
3967,gender,gender_woman,demographic,social-group,1,0.9840936064720154,0.0122370738536119,0.1702512204647064,0.0347132161259651,0.7827984895557165,0.0563397272356952,0.7838399471369204,0.1598203256273843,1,0.9995694756507874,False,-0.015475869178771973,0.3666666666666666
3967,gender,placebo,placebo,social-group,1,0.9740425944328308,0.0141487624496221,0.1723716109991073,0.0357328578829765,0.777746768668294,0.0636605477672698,0.7755640265218375,0.1607754257108926,1,0.9995694756507874,False,-0.025526881217956543,0.3666666666666666
3753,gender,baseline,none,social-group,1,0.9940890073776244,,0.1738234162330627,0.0218228641897439,0.8043537195771933,,0.8884575564504313,0.1115424435495686,1,0.9940890073776244,False,0.0,0.3666666666666666
3753,gender,gender_man,demographic,social-group,1,0.9953904151916504,0.0106313182041049,0.1685111969709396,0.0215311590582132,0.7993263257667422,0.0529781409780105,0.8397274710536604,0.107294387968329,1,0.9940890073776244,False,0.00130140781402599,0.3666666666666666
3753,gender,gender_woman,demographic,social-group,1,0.9933071732521056,0.0117632737383246,0.1687742471694946,0.021529434248805,0.7979330448433757,0.0582147324841253,0.835239225724344,0.1065460417915306,1,0.9940890073776244,False,-0.0007818341255187988,0.3666666666666666
3753,gender,placebo,placebo,social-group,1,0.9669140577316284,0.0136600360274314,0.171569287776947,0.0219238586723804,0.792846817523241,0.0659417145520515,0.8282242431694035,0.1058340422785449,1,0.9940890073776244,False,-0.027174949645995983,0.3666666666666666
4336,gender,baseline,none,social-group,1,0.9465966820716858,,0.1720212399959564,0.0134636824950575,0.814515077508986,,0.9274136015248904,0.0725863984751097,1,0.9465966820716858,False,0.0,0.3653846153846154
4336,gender,gender_man,demographic,social-group,1,0.9241418242454528,0.0135194323956966,0.1678797751665115,0.0131655009463429,0.8054352914914489,0.0694855325990553,0.8628480285731429,0.0676664388278017,1,0.9465966820716858,False,-0.02245485782623302,0.3653846153846154
4336,gender,gender_woman,demographic,social-group,1,0.8807970285415649,0.0144677376374602,0.1679799556732177,0.0131473876535892,0.8044049190357327,0.0739677990169052,0.8588148272701479,0.0672173737129468,1,0.9465966820716858,False,-0.06579965353012085,0.3653846153846154
4336,gender,placebo,placebo,social-group,1,0.8175744414329529,0.018427800387144,0.171003520488739,0.0152959786355495,0.7952727004885674,0.090011446598088,0.835274635560704,0.0747139178412079,1,0.9465966820716858,False,-0.1290222406387329,0.3653846153846154
4186,gender,baseline,none,moral,1,0.9998910427093506,,0.1705121248960495,0.0332071371376514,0.7962807379662991,,0.8369955947898631,0.1630044052101369,1,0.9998910427093506,False,0.0,0.3636363636363637
4186,gender,gender_man,demographic,moral,1,0.9998910427093506,0.0110028181225061,0.1667210906744003,0.0335469394922256,0.7887291517108679,0.0520792064385919,0.7891343837756368,0.1587864097857712,1,0.9998910427093506,False,0.0,0.3636363636363637
4186,gender,gender_woman,demographic,moral,1,0.9996646642684937,0.0119064394384622,0.1655690670013427,0.033440712839365,0.78908378072083,0.0564510376639305,0.7849992170691933,0.1585497452668761,1,0.9998910427093506,False,-0.0002263784408569336,0.3636363636363637
4186,gender,placebo,placebo,moral,1,0.9933071732521056,0.0151860807090997,0.1673701107501983,0.0368243381381034,0.7806194704025984,0.0692225546951165,0.7629214454780892,0.1678559998267942,1,0.9998910427093506,False,-0.006583869457244984,0.3636363636363637
3447,gender,baseline,none,social-group,1,0.9999756813049316,,0.1733418703079223,0.0255664996802806,0.801091630011797,,0.8714659434301483,0.1285340565698517,1,0.9999756813049316,False,0.0,0.3636363636363636
3447,gender,gender_man,demographic,social-group,1,0.9999756813049316,0.0107615999877452,0.1701242476701736,0.0261803679168224,0.7929337844252586,0.0519717809004957,0.8215934559772096,0.1264347631222947,1,0.9999756813049316,False,0.0,0.3636363636363636
3447,gender,gender_woman,demographic,social-group,1,0.9999724626541138,0.0116455443203449,0.1705767810344696,0.0261243861168622,0.7916532885283232,0.0558950234351457,0.8187159750666775,0.1253890014981768,1,0.9999756813049316,False,-3.2186508178710938e-06,0.3636363636363636
3447,gender,placebo,placebo,social-group,1,0.999619960784912,0.0137851815670728,0.1706997454166412,0.026741974055767,0.7887730989605188,0.0652624334269631,0.8081344969632213,0.1266030696098155,1,0.9999756813049316,False,-0.00035572052001964227,0.3636363636363636
2541,gender,baseline,none,social-group,1,0.9990890026092528,,0.1731839179992675,0.0292659327387809,0.7975501492619514,,0.8554410752485642,0.1445589247514358,1,0.9990890026092528,False,0.0,0.3636363636363636
2541,gender,gender_man,demographic,social-group,1,0.9982993006706238,0.01231524720788,0.1705625802278518,0.029402470216155,0.7877197023481131,0.05801408488731,0.8034781471220335,0.1385077679906564,1,0.9990890026092528,False,-0.0007897019386290394,0.3636363636363636
2541,gender,gender_woman,demographic,social-group,1,0.9933071732521056,0.0134336855262517,0.1718765348196029,0.029617354273796,0.7850724253803492,0.0625033132673872,0.7996951304352935,0.1378015562973191,1,0.9990890026092528,False,-0.005781829357147217,0.3636363636363636
2541,gender,placebo,placebo,social-group,1,0.9465966820716858,0.0167468525469303,0.1758887022733688,0.0335018895566463,0.7738625556230545,0.0740560794479272,0.7777955692299339,0.1481483513221388,1,0.9990890026092528,False,-0.05249232053756703,0.3636363636363636
4346,gender,baseline,none,random,0,0.0330859795212745,,0.1794289052486419,0.0173675324767828,0.8032035622745752,,0.9117487456708216,0.0882512543291784,0,0.0330859795212745,False,0.0,0.3636363636363636
4346,gender,gender_man,demographic,random,0,0.1480471938848495,0.01449915766716,0.1780643165111541,0.0175554882735013,0.7898810375481844,0.0690045177168861,0.8474452492691507,0.0835502330139632,0,0.0330859795212745,False,0.114961214363575,0.3636363636363636
4346,gender,gender_woman,demographic,random,0,0.1192029193043708,0.0154018485918641,0.1783687174320221,0.017502874135971,0.7887265598401427,0.0729000700713279,0.8442552802522728,0.0828446496763992,0,0.0330859795212745,False,0.0861169397830963,0.3636363636363636
4346,gender,placebo,placebo,random,0,0.1192029193043708,0.0204296708106994,0.1804524511098861,0.0194469969719648,0.7796708811074495,0.0927234262696913,0.819013174549519,0.0882633991807896,0,0.0330859795212745,False,0.0861169397830963,0.3636363636363636
2627,gender,baseline,none,social-group,1,0.8807970285415649,,0.1721988767385482,0.0324897989630699,0.7953113242983818,,0.8412721228875826,0.1587278771124174,1,0.8807970285415649,False,0.0,0.3636363636363636
2627,gender,gender_man,demographic,social-group,1,0.6791787147521973,0.0113981813192367,0.1695000678300857,0.0324590280652046,0.7866427227854729,0.0534229789020792,0.794442402166842,0.1521346189310787,1,0.8807970285415649,False,-0.20161831378936768,0.3636363636363636
2627,gender,gender_woman,demographic,social-group,1,0.622459352016449,0.0122838858515024,0.1703958958387375,0.0324396304786205,0.7848805878311396,0.057102637682275,0.7920991142583789,0.150798248059346,1,0.8807970285415649,False,-0.25833767652511597,0.3636363636363636
2627,gender,placebo,placebo,social-group,0,0.2942149639129638,0.0140999797731637,0.1726870834827423,0.0318652242422103,0.7813477125018835,0.0644858553024982,0.7897794505544785,0.1457346941430232,1,0.8807970285415649,True,-0.5865820646286011,0.3636363636363636
3494,gender,baseline,none,random,0,0.4687906503677368,,0.1761654466390609,0.0206602755934,0.803174277767539,,0.8950326443156693,0.1049673556843306,0,0.4687906503677368,False,0.0,0.3636363636363636
3494,gender,gender_man,demographic,random,0,0.4378235042095184,0.0132174231112003,0.1733834445476532,0.0204171240329742,0.7929820083081722,0.0638467362338058,0.8375283864494067,0.0986248773167874,0,0.4687906503677368,False,-0.03096714615821844,0.3636363636363636
3494,gender,gender_woman,demographic,random,0,0.3486451506614685,0.01405896153301,0.17414391040802,0.0204006694257259,0.791396458633244,0.0673956033579136,0.8348080251516402,0.0977963714904462,0,0.4687906503677368,False,-0.12014549970626831,0.3636363636363636
3494,gender,placebo,placebo,random,0,0.4687906503677368,0.0169480107724666,0.1755702197551727,0.0235216580331325,0.7839601114392281,0.0784485258040632,0.812675015363123,0.1088764588328137,0,0.4687906503677368,False,0.0,0.3636363636363636
2200,gender,baseline,none,social-group,1,0.9999545812606812,,0.1738804876804351,0.0165302772074937,0.809589235112071,,0.913186225488758,0.086813774511242,1,0.9999545812606812,False,0.0,0.3636363636363636
2200,gender,gender_man,demographic,social-group,1,0.999841570854187,0.014606574550271,0.16837739944458,0.0165174379944801,0.8004985880106688,0.0732153943404277,0.8439910162319273,0.0827935894276449,1,0.9999545812606812,False,-0.00011301040649414062,0.3636363636363636
2200,gender,gender_woman,demographic,social-group,1,0.9997387528419496,0.0156910698860883,0.1677907109260559,0.0160037856549024,0.8005144335329533,0.0786576701461777,0.8411170487052428,0.0802252811485794,1,0.9999545812606812,False,-0.00021582841873157843,0.3636363636363636
2200,gender,placebo,placebo,social-group,1,0.9986749291419984,0.0212988927960395,0.1671221256256103,0.0215102471411228,0.7900687344372272,0.1014565064376791,0.796080208336753,0.1024632852255678,1,0.9999545812606812,False,-0.0012796521186827503,0.3636363636363636
1611,gender,baseline,none,social-group,1,0.9525741338729858,,0.174290657043457,0.0286929085850715,0.7970164343714714,,0.8586441789204688,0.1413558210795311,1,0.9525741338729858,False,0.0,0.3636363636363636
1611,gender,gender_man,demographic,social-group,1,0.977022647857666,0.0112289655953645,0.170182317495346,0.029898265376687,0.7886904515326023,0.0531398873207902,0.8053697465621293,0.1414903661170804,1,0.9525741338729858,False,0.024448513984680176,0.3636363636363636
1611,gender,gender_woman,demographic,social-group,1,0.977022647857666,0.0121982190757989,0.1696864366531372,0.0298831574618816,0.7882321868091822,0.057601855976137,0.8012853043924937,0.1411128396313692,1,0.9525741338729858,False,0.024448513984680176,0.3636363636363636
1611,gender,placebo,placebo,social-group,1,0.7057850360870361,0.0169889144599437,0.1691945344209671,0.0362206399440765,0.7775959111750126,0.076387599480298,0.7607528050174852,0.1628595955022167,1,0.9525741338729858,False,-0.2467890977859497,0.3636363636363636
1734,gender,baseline,none,social-group,1,0.9999687671661376,,0.1696317493915558,0.0313892513513565,0.7989789992570877,,0.843850885055037,0.156149114944963,1,0.9999687671661376,False,0.0,0.3636363636363636
1734,gender,gender_man,demographic,social-group,1,0.9997965693473816,0.0112688997760415,0.1668982654809951,0.0315082967281341,0.7903245380148292,0.0537444852599799,0.7959837736892595,0.1502717410507604,1,0.9999687671661376,False,-0.0001721978187559925,0.3636363636363636
1734,gender,gender_woman,demographic,social-group,1,0.9996646642684937,0.0123739382252097,0.1676772534847259,0.0315867662429809,0.7883620420470834,0.0584674807151681,0.7922834594823928,0.1492490598024391,1,0.9999687671661376,False,-0.00030410289764393195,0.3636363636363636
1734,gender,placebo,placebo,social-group,1,0.9924227595329284,0.0174755454063415,0.1640113741159439,0.0386941246688365,0.779818955808878,0.0793689823324318,0.7448932523618081,0.17573776530576,1,0.9999687671661376,False,-0.0075460076332092285,0.3636363636363636
1727,gender,baseline,none,social-group,0,0.4073334336280823,,0.1752063184976577,0.0265627950429916,0.7982308864593506,,0.8683505390053659,0.1316494609946341,0,0.4073334336280823,False,0.0,0.3636363636363636
1727,gender,gender_man,demographic,social-group,0,0.4073334336280823,0.0112282000482082,0.1728205978870391,0.0288410447537899,0.7871101573109627,0.0527418307345408,0.8117841401173552,0.1354740291481039,0,0.4073334336280823,False,0.0,0.3636363636363636
1727,gender,gender_woman,demographic,social-group,0,0.4378235042095184,0.0123157761991024,0.1737557202577591,0.0290347374975681,0.7848937660455704,0.0572543899481384,0.8077670138308002,0.1349785962210614,0,0.4073334336280823,False,0.0304900705814361,0.3636363636363636
1727,gender,placebo,placebo,social-group,0,0.4378235042095184,0.015429513528943,0.1757058501243591,0.0317491665482521,0.7771154697984457,0.0692264892273598,0.7883268074525785,0.1424467033200615,0,0.4073334336280823,False,0.0304900705814361,0.3636363636363636
2631,gender,baseline,none,social-group,0,0.0850990414619445,,0.1735712587833404,0.0295470729470253,0.7968816682696342,,0.8545327115710646,0.1454672884289354,0,0.0850990414619445,False,0.0,0.3636363636363636
2631,gender,gender_man,demographic,social-group,0,0.2018132209777832,0.0116648012772202,0.1698062717914581,0.0310717150568962,0.7874572118744254,0.0548821316408461,0.7989274690945202,0.1461903992646337,0,0.0850990414619445,False,0.1167141795158387,0.3636363636363636
2631,gender,gender_woman,demographic,social-group,0,0.2689414322376251,0.01268364302814,0.1705880910158157,0.0306222885847091,0.786105977371335,0.0592987259403679,0.7975355688736034,0.1431657051860285,0,0.0850990414619445,False,0.18384239077568063,0.3636363636363636
2631,gender,placebo,placebo,social-group,0,0.1645164489746093,0.016198992729187,0.1719450652599334,0.031691737473011,0.7801642045378685,0.0736867837884818,0.7821522645958374,0.1441609516156806,0,0.0850990414619445,False,0.0794174075126648,0.3636363636363636
1737,gender,baseline,none,social-group,1,0.9626730680465698,,0.1734710037708282,0.0197141095995903,0.8068148866295815,,0.8979522321588521,0.1020477678411478,1,0.9626730680465698,False,0.0,0.3636363636363636
1737,gender,gender_man,demographic,social-group,1,0.9796676635742188,0.0154085159301757,0.1659850180149078,0.0206936635076999,0.7979128025472164,0.0762468683043411,0.8213534558699058,0.1023996758257529,1,0.9626730680465698,False,0.016994595527648926,0.3636363636363636
1737,gender,gender_woman,demographic,social-group,1,0.9840936064720154,0.0166066549718379,0.1661664545536041,0.020465126261115,0.7967617642134428,0.0817102889501485,0.8175944546581962,0.1006952563916553,1,0.9626730680465698,False,0.021420538425445557,0.3636363636363636
1737,gender,placebo,placebo,social-group,1,0.9465966820716858,0.0222447179257869,0.1590018272399902,0.0251399502158164,0.7936135046184063,0.107781848248637,0.7704080974193944,0.1218100543319685,1,0.9626730680465698,False,-0.016076385974884033,0.3636363636363636
4280,gender,baseline,none,random,0,0.2450850158929824,,0.175786942243576,0.0218400470912456,0.8023730106651783,,0.889488540179884,0.110511459820116,0,0.2450850158929824,False,0.0,0.3636363636363636
4280,gender,gender_man,demographic,random,0,0.222700148820877,0.012148736976087,0.1741467714309692,0.0225612148642539,0.7911432767286897,0.0581678041568504,0.8338097462380851,0.1080224496050643,0,0.2450850158929824,False,-0.022384867072105408,0.3636363636363636
4280,gender,gender_woman,demographic,random,0,0.1329642385244369,0.0131073193624615,0.1756767630577087,0.0222670510411262,0.7889488665387034,0.0621049465477769,0.8323895739224972,0.1055054795297257,0,0.2450850158929824,False,-0.1121207773685455,0.3636363636363636
4280,gender,placebo,placebo,random,0,0.1192029193043708,0.0167655851691961,0.1773385256528854,0.0242533925920724,0.781642496585846,0.0767804399072891,0.8121476151727711,0.1110719449199398,0,0.2450850158929824,False,-0.1258820965886116,0.3636363636363636
2811,gender,baseline,none,social-group,1,0.9324532747268676,,0.1754808723926544,0.0339825116097927,0.7905366159975529,,0.8377639520547625,0.1622360479452375,1,0.9324532747268676,False,0.0,0.3636363636363636
2811,gender,gender_man,demographic,social-group,1,0.9241418242454528,0.0102331712841987,0.1733125895261764,0.0332506597042083,0.7832035794854164,0.0472017538846329,0.7994255122607892,0.1533727338545778,1,0.9324532747268676,False,-0.008311450481414795,0.3636363636363636
2811,gender,gender_woman,demographic,social-group,1,0.9324532747268676,0.0113277155905961,0.1741071790456771,0.0334231182932853,0.7811419870704412,0.0517582858354933,0.7955257233451855,0.1527159908193211,1,0.9324532747268676,False,0.0,0.3636363636363636
2811,gender,placebo,placebo,social-group,1,0.6791787147521973,0.0137324891984462,0.1783589720726013,0.0339676104485988,0.7739409282803535,0.0607473484429636,0.788992765102558,0.1502598864544783,1,0.9324532747268676,False,-0.2532745599746703,0.3636363636363636
1347,gender,baseline,none,social-group,0,0.2942149639129638,,0.1713517308235168,0.0372036471962928,0.7914446219801903,,0.8216126213117406,0.1783873786882593,0,0.2942149639129638,False,0.0,0.3636363636363636
1347,gender,gender_man,demographic,social-group,0,0.4073334336280823,0.0096935592591762,0.1689559817314148,0.0414527468383312,0.7798977121710777,0.0440411562950709,0.7676248320632556,0.1883340116416735,0,0.2942149639129638,False,0.11311846971511846,0.3636363636363636
1347,gender,gender_woman,demographic,social-group,0,0.4378235042095184,0.0107832318171858,0.1696948856115341,0.0417383946478366,0.7777834879234433,0.0485257900793209,0.7636466076520536,0.1878276022686254,0,0.2942149639129638,False,0.14360854029655457,0.3636363636363636
1347,gender,placebo,placebo,social-group,0,0.3208213150501251,0.0139471739530563,0.1674212217330932,0.0453187078237533,0.773312896490097,0.061526102442996,0.7385564469298509,0.199917450627153,0,0.2942149639129638,False,0.02660635113716131,0.3636363636363636
3748,gender,baseline,none,social-group,1,0.9999545812606812,,0.1699981987476349,0.0265928711742162,0.8034089300781488,,0.8647300145180172,0.1352699854819828,1,0.9999545812606812,False,0.0,0.3627450980392157
3748,gender,gender_man,demographic,social-group,1,0.999925136566162,0.011943981051445,0.1671755164861679,0.0261141061782836,0.7947663962841034,0.0581970049504123,0.814562106104163,0.1272408889454246,1,0.9999545812606812,False,-2.944469451915399e-05,0.3627450980392157
3748,gender,gender_woman,demographic,social-group,1,0.9997387528419496,0.0129712037742137,0.1682676821947097,0.0261494517326354,0.7926116622984409,0.0625454831162199,0.8113652101154037,0.1260893067683763,1,0.9999545812606812,False,-0.00021582841873157843,0.3627450980392157
3748,gender,placebo,placebo,social-group,1,0.991422474384308,0.0159267466515302,0.1680878251791,0.0272677522152662,0.7887176759541035,0.0753813492134369,0.7955602814298208,0.1290583693567422,1,0.9999545812606812,False,-0.00853210687637318,0.3627450980392157
2421,gender,baseline,none,random,0,0.3775406777858734,,0.1754530370235443,0.028746860101819,0.7958001028746367,,0.8592219657967279,0.140778034203272,0,0.3775406777858734,False,0.0,0.3611111111111111
2421,gender,gender_man,demographic,random,0,0.2018132209777832,0.0112199541181325,0.1742073595523834,0.0286134928464889,0.785959193482995,0.0524196965088579,0.8138978841800576,0.1336824193110844,0,0.3775406777858734,False,-0.1757274568080902,0.3611111111111111
2421,gender,gender_woman,demographic,random,0,0.1824255138635635,0.0122668566182255,0.1752253174781799,0.0289380922913551,0.7835697336122394,0.0566781015564987,0.8096155884419736,0.1337063100015276,0,0.3775406777858734,False,-0.1951151639223099,0.3611111111111111
2421,gender,placebo,placebo,random,0,0.2942149639129638,0.0175763294100761,0.1742079704999923,0.0362777225673198,0.7719379775226116,0.0770681993395843,0.7638622538185398,0.1590695468418758,0,0.3775406777858734,False,-0.0833257138729096,0.3611111111111111
1938,gender,baseline,none,random,1,0.999619960784912,,0.1752666234970092,0.0252850800752639,0.7994482964277267,,0.8739223869711387,0.1260776130288613,1,0.999619960784912,False,0.0,0.3611111111111111
1938,gender,gender_man,demographic,random,1,0.998498797416687,0.0124591318890452,0.1730218529701233,0.0260273236781358,0.7884916914626956,0.0589061109476358,0.818038091111711,0.1230557979406532,1,0.999619960784912,False,-0.0011211633682249866,0.3611111111111111
1938,gender,gender_woman,demographic,random,1,0.9940890073776244,0.0134367989376187,0.1740565448999405,0.0257261227816343,0.7867805333808064,0.0630186312285295,0.8163257682789471,0.1206556004925233,1,0.999619960784912,False,-0.005530953407287598,0.3611111111111111
1938,gender,placebo,placebo,random,1,0.9324532747268676,0.0167732387781143,0.1765108853578567,0.0296682640910148,0.7770476117730141,0.0752323799332332,0.791697665862868,0.1330699542038987,1,0.999619960784912,False,-0.06716668605804443,0.3611111111111111
3381,gender,baseline,none,social-group,1,0.9975274205207824,,0.1763666272163391,0.0249770507216453,0.7986563220620155,,0.8759481748945775,0.1240518251054224,1,0.9975274205207824,False,0.0,0.3611111111111111
3381,gender,gender_man,demographic,social-group,1,0.999841570854187,0.0117725506424903,0.1701550781726837,0.0246727913618087,0.7933995798230171,0.0569822202317183,0.8235950247677207,0.1194227550005609,1,0.9975274205207824,False,0.002314150333404652,0.3611111111111111
3381,gender,gender_woman,demographic,social-group,1,0.9991958737373352,0.0128251779824495,0.1713406443595886,0.02465102635324,0.7911831513047218,0.0614183101726864,0.8205307446700446,0.1180509451572689,1,0.9975274205207824,False,0.0016684532165528454,0.3611111111111111
3381,gender,placebo,placebo,social-group,1,0.9875683188438416,0.0179076083004474,0.169919803738594,0.0289860796183347,0.7831865083426237,0.0825945293512744,0.7837141611423015,0.133691309506424,1,0.9975274205207824,False,-0.009959101676940807,0.3611111111111111
3909,gender,baseline,none,social-group,1,0.9999982118606568,,0.1692630499601364,0.0235352553427219,0.8072016946971416,,0.8779281005310112,0.1220718994689888,1,0.9999982118606568,False,0.0,0.358974358974359
3909,gender,gender_man,demographic,social-group,1,0.9999898672103882,0.0114108370617032,0.1656622290611267,0.0233279280364513,0.7995990058407187,0.0569400222268045,0.826653728720808,0.1164062490523874,1,0.9999982118606568,False,-8.34465026866571e-06,0.358974358974359
3909,gender,gender_woman,demographic,social-group,1,0.9999645948410034,0.0124985305592417,0.1659594625234604,0.0233998410403728,0.798142165876925,0.0619174906613794,0.822160126925136,0.1159223824134846,1,0.9999982118606568,False,-3.3617019653431335e-05,0.358974358974359
3909,gender,placebo,placebo,social-group,1,0.9995694756507874,0.0146760232746601,0.1686763614416122,0.0244268402457237,0.7922207750380039,0.0706327751359378,0.8118057109533643,0.1175615139106978,1,0.9999982118606568,False,-0.0004287362098694958,0.358974358974359
3910,gender,baseline,none,social-group,1,0.9820137619972228,,0.1721878349781036,0.0369489416480064,0.7908632233738899,,0.8233264266377075,0.1766735733622925,1,0.9820137619972228,False,0.0,0.358974358974359
3910,gender,gender_man,demographic,social-group,1,0.977022647857666,0.0091471364721655,0.1700967252254486,0.0358927883207798,0.784863349981606,0.0425177972762126,0.7906450398428417,0.1668371628809456,1,0.9820137619972228,False,-0.004991114139556774,0.358974358974359
3910,gender,gender_woman,demographic,social-group,1,0.9626730680465698,0.0101340357214212,0.1703305691480636,0.036318477243185,0.78321691788733,0.0467473551102766,0.7857189199825877,0.1675337249071356,1,0.9820137619972228,False,-0.019340693950652965,0.358974358974359
3910,gender,placebo,placebo,social-group,1,0.9149009585380554,0.0122570637613534,0.1712305247783661,0.0363664701581001,0.7801459413021803,0.0557509096441122,0.7788372240774293,0.1654118662784585,1,0.9820137619972228,False,-0.06711280345916737,0.358974358974359
797,gender,baseline,none,random,1,0.9999339580535888,,0.171624481678009,0.0339156910777092,0.7944598272442818,,0.834992397724519,0.1650076022754809,1,0.9999339580535888,False,0.0,0.3589743589743589
797,gender,gender_man,demographic,random,1,0.9999151229858398,0.0120962467044591,0.1698067784309387,0.0360228307545185,0.7820741441100836,0.0555062484672287,0.7791951888293389,0.1652985627034323,1,0.9999339580535888,False,-1.8835067748912415e-05,0.3589743589743589
797,gender,gender_woman,demographic,random,1,0.9998601675033568,0.0134328324347734,0.1706724315881729,0.0361465588212013,0.7797481771558523,0.0609885187841493,0.7748967948789345,0.1641146863369161,1,0.9999339580535888,False,-7.37905502319336e-05,0.3589743589743589
797,gender,placebo,placebo,random,1,0.9820137619972228,0.0153085272759199,0.1739563643932342,0.042257685214281,0.7684774231165648,0.0661210992119671,0.7513581039693426,0.1825207968186902,1,0.9999339580535888,False,-0.017920196056365967,0.3589743589743589
1374,gender,baseline,none,social-group,1,0.531209409236908,,0.1736890524625778,0.0354734323918819,0.7908375151455402,,0.8304025101988762,0.1695974898011237,1,0.531209409236908,False,0.0,0.3583333333333333
1374,gender,gender_man,demographic,social-group,1,0.531209409236908,0.0110374586656689,0.1693923324346542,0.0375281572341918,0.7820420516654849,0.0506403127300914,0.7771789637819316,0.1721807234879769,1,0.531209409236908,False,0.0,0.3583333333333333
1374,gender,gender_woman,demographic,social-group,1,0.562176525592804,0.0119446860626339,0.1705546230077743,0.0375294350087642,0.7799712559208274,0.0542869347031129,0.775147009639813,0.170566055657074,1,0.531209409236908,False,0.030967116355895996,0.3583333333333333
1374,gender,placebo,placebo,social-group,0,0.2450850158929824,0.0155789237469434,0.1723137944936752,0.0404679663479328,0.7716393154114485,0.0682206912061626,0.7545685668447759,0.1772107419490614,1,0.531209409236908,True,-0.2861243933439256,0.3583333333333333
4485,gender,baseline,none,social-group,1,0.9999756813049316,,0.1711110323667526,0.0348220542073249,0.7940669134259224,,0.8309059763701502,0.1690940236298498,1,0.9999756813049316,False,0.0,0.3571428571428571
4485,gender,gender_man,demographic,social-group,1,0.9997387528419496,0.0100392047315835,0.1692201048135757,0.0345911905169487,0.786149499937892,0.0469449672956945,0.7913009544725385,0.1617540782317669,1,0.9999756813049316,False,-0.0002369284629820667,0.3571428571428571
4485,gender,gender_woman,demographic,social-group,1,0.9989677667617798,0.0108953500166535,0.1700455546379089,0.03480014950037,0.7842589458450675,0.0505019782133313,0.7881928421272673,0.1613051796594013,1,0.9999756813049316,False,-0.0010079145431518555,0.3571428571428571
4485,gender,placebo,placebo,social-group,1,0.9890130758285522,0.0128086172044277,0.1709013730287552,0.0344221964478492,0.7818678133189678,0.0587195195689178,0.7834761830846123,0.1578042973464698,1,0.9999756813049316,False,-0.010962605476379395,0.3571428571428571
1581,gender,baseline,none,social-group,1,0.9465966820716858,,0.1730403006076812,0.0252829529345035,0.8016767464578152,,0.8725164473508111,0.1274835526491888,1,0.9465966820716858,False,0.0,0.3571428571428571
1581,gender,gender_man,demographic,social-group,1,0.8175744414329529,0.0126537615433335,0.1710454076528549,0.0272732079029083,0.7890276229009032,0.0599782858653096,0.810747880858888,0.1292738332758022,1,0.9465966820716858,False,-0.1290222406387329,0.3571428571428571
1581,gender,gender_woman,demographic,social-group,1,0.7057850360870361,0.0135058909654617,0.1716679334640503,0.0272538438439369,0.7875723317265511,0.0635787751907919,0.808124171673671,0.128297053135537,1,0.9465966820716858,False,-0.24081164598464966,0.3571428571428571
1581,gender,placebo,placebo,social-group,1,0.5926666259765625,0.0180321410298347,0.1716914623975753,0.0309759750962257,0.7793004214763641,0.0817044651850279,0.7779419586847469,0.1403535761302252,1,0.9465966820716858,False,-0.3539300560951233,0.3571428571428571
4106,gender,baseline,none,social-group,1,0.970687747001648,,0.167945384979248,0.0395551137626171,0.7924995012581348,,0.8093734039076963,0.1906265960923037,1,0.970687747001648,False,0.0,0.3571428571428571
4106,gender,gender_man,demographic,social-group,1,0.9149009585380554,0.0108739100396633,0.1644289195537567,0.0435169637203216,0.7811802066862583,0.049693448088,0.7514353115122457,0.1988712403997542,1,0.970687747001648,False,-0.05578678846359253,0.3571428571428571
4106,gender,gender_woman,demographic,social-group,1,0.8175744414329529,0.0118360389024019,0.1659913063049316,0.0432149022817611,0.7789577525109053,0.0535465008922598,0.75094832861361,0.1955051704941301,1,0.970687747001648,False,-0.15311330556869507,0.3571428571428571
4106,gender,placebo,placebo,social-group,1,0.8807970285415649,0.0144355818629264,0.1645331531763076,0.0475552454590797,0.7734760195016861,0.0637265062673306,0.726338786800245,0.2099347069324243,1,0.970687747001648,False,-0.08989071846008301,0.3571428571428571
3058,gender,baseline,none,social-group,1,0.9241418242454528,,0.1756636798381805,0.0345350354909896,0.7898012846708298,,0.8357029183698483,0.1642970816301516,1,0.9241418242454528,False,0.0,0.3571428571428571
3058,gender,gender_man,demographic,social-group,1,0.9149009585380554,0.0116989137604832,0.1726164519786834,0.0350945778191089,0.7805900564417243,0.0533198886557117,0.7867303057431224,0.1599498056011658,1,0.9241418242454528,False,-0.00924086570739735,0.3571428571428571
3058,gender,gender_woman,demographic,social-group,1,0.9149009585380554,0.0126319322735071,0.1721607744693756,0.035012848675251,0.7801944445818663,0.0574686670201648,0.7832412340164744,0.1592900989633608,1,0.9241418242454528,False,-0.00924086570739735,0.3571428571428571
3058,gender,placebo,placebo,social-group,1,0.7549149990081787,0.0161545015871524,0.1746082752943039,0.0380613356828689,0.7711758874356747,0.0705978989981278,0.7630676388845136,0.1663344621173585,1,0.9241418242454528,False,-0.16922682523727406,0.3571428571428571
4147,gender,baseline,none,social-group,0,0.222700148820877,,0.1712702959775924,0.0339758843183517,0.7947538197040558,,0.8344627692005671,0.1655372307994329,0,0.222700148820877,False,0.0,0.3571428571428571
4147,gender,gender_man,demographic,social-group,0,0.4687906503677368,0.0126292686909437,0.168508768081665,0.0327560007572174,0.7861059624701738,0.0590445102481299,0.7878142374967678,0.1531412522551022,0,0.222700148820877,False,0.24609050154685982,0.3571428571428571
4147,gender,gender_woman,demographic,social-group,0,0.2689414322376251,0.0136126140132546,0.1693049073219299,0.0329429991543293,0.7841394795104861,0.0630620827856102,0.7843254845211701,0.1526124326932196,0,0.222700148820877,False,0.04624128341674813,0.3571428571428571
4147,gender,placebo,placebo,social-group,0,0.1192029193043708,0.0176129229366779,0.169096440076828,0.0379476584494113,0.7753429785370827,0.078399165189614,0.7526870915304984,0.1689137432798875,0,0.222700148820877,False,-0.1034972295165062,0.3571428571428571
2884,gender,baseline,none,moral,1,0.8807970285415649,,0.1733841001987457,0.0329184047877788,0.7936974950134754,,0.8404362332394896,0.1595637667605104,1,0.8807970285415649,False,0.0,0.3571428571428571
2884,gender,gender_man,demographic,moral,1,0.8807970285415649,0.0116435624659061,0.1694561541080474,0.0333362892270088,0.7855639941990376,0.0542985419935194,0.7902411419905626,0.1554603160159178,1,0.8807970285415649,False,0.0,0.3571428571428571
2884,gender,gender_woman,demographic,moral,1,0.7549149990081787,0.0126156089827418,0.169684499502182,0.0334478579461574,0.7842520335689187,0.0584738256931463,0.7864940852473163,0.1550320890595372,1,0.8807970285415649,False,-0.12588202953338623,0.3571428571428571
2884,gender,placebo,placebo,moral,0,0.4687906503677368,0.0174711439758539,0.1656337827444076,0.0431812293827533,0.773713843896985,0.0772081875300419,0.7319660451035467,0.1908257673664113,1,0.8807970285415649,True,-0.4120063781738281,0.3571428571428571
3269,gender,baseline,none,social-group,1,0.999373733997345,,0.1755512654781341,0.0232629142701625,0.8011858202517033,,0.8829916744388455,0.1170083255611544,1,0.999373733997345,False,0.0,0.3571428571428571
3269,gender,gender_man,demographic,social-group,1,0.9998205304145812,0.013732667081058,0.1706913113594055,0.0232042409479618,0.7923717806115746,0.0661406581509391,0.8221007330418837,0.1117586088071772,1,0.999373733997345,False,0.0004467964172362171,0.3571428571428571
3269,gender,gender_woman,demographic,social-group,1,0.999619960784912,0.0147407604381442,0.1717634946107864,0.0234047379344701,0.7900910070165992,0.0702245303006616,0.8182760165228802,0.1114994531764581,1,0.999373733997345,False,0.00024622678756702765,0.3571428571428571
3269,gender,placebo,placebo,social-group,1,0.985936403274536,0.0189737156033515,0.1746713072061538,0.0279376413673162,0.7784173358231783,0.0856281590161343,0.7882895886961949,0.1260822522876707,1,0.999373733997345,False,-0.013437330722808949,0.3571428571428571
3481,gender,baseline,none,social-group,1,0.9999852180480956,,0.1755480915307998,0.023725351318717,0.8007265571504831,,0.8809407265742208,0.1190592734257791,1,0.9999852180480956,False,0.0,0.3571428571428571
3481,gender,gender_man,demographic,social-group,1,0.9998910427093506,0.0113170938566327,0.1729306727647781,0.0232404135167598,0.7925118198618293,0.0545433183186455,0.8334483084753068,0.1120083732060476,1,0.9999852180480956,False,-9.417533874500617e-05,0.3571428571428571
3481,gender,gender_woman,demographic,social-group,1,0.9999339580535888,0.0122951976954936,0.1729282438755035,0.0230224709957838,0.791754087433219,0.059041724007672,0.8304040244729811,0.1105542515193467,1,0.9999852180480956,False,-5.125999450683594e-05,0.3571428571428571
3481,gender,placebo,placebo,social-group,1,0.9997695088386536,0.0149015262722969,0.1716815382242202,0.0232017170637846,0.7902152184396982,0.071032446498096,0.8183698404970864,0.1105977130048175,1,0.9999852180480956,False,-0.00021570920944202765,0.3571428571428571
2537,gender,baseline,none,social-group,1,0.9989677667617798,,0.1761492192745208,0.0187851712107658,0.8050656095147133,,0.9036333652363732,0.0963666347636268,1,0.9989677667617798,False,0.0,0.3566433566433566
2537,gender,gender_man,demographic,social-group,1,0.999373733997345,0.0146802915260195,0.1718945801258087,0.0184964407235384,0.7949286876246333,0.0715862757982865,0.8382185598498993,0.090195164351814,1,0.9989677667617798,False,0.00040596723556518555,0.3566433566433566
2537,gender,gender_woman,demographic,social-group,1,0.9975274205207824,0.0155816655606031,0.1721617579460144,0.0185650140047073,0.7936915624886751,0.075526070327336,0.8344872367935215,0.0899866928791424,1,0.9989677667617798,False,-0.0014403462409974255,0.3566433566433566
2537,gender,placebo,placebo,social-group,1,0.9840936064720154,0.0184360183775424,0.1767444461584091,0.0203691273927688,0.7844504080712795,0.0855302866156158,0.8199711471356266,0.0944985662487576,1,0.9989677667617798,False,-0.014874160289764404,0.3566433566433566
1361,gender,baseline,none,social-group,1,0.9840936064720154,,0.1786681562662124,0.0242145303636789,0.7971173133701086,,0.8806476256505206,0.1193523743494794,1,0.9840936064720154,False,0.0,0.3545454545454546
1361,gender,gender_man,demographic,social-group,1,0.9875683188438416,0.0135403536260128,0.1754804700613021,0.0238599479198455,0.7871192283928394,0.0636053389124288,0.8243133878954788,0.1120812731920923,1,0.9840936064720154,False,0.003474712371826172,0.3545454545454546
1361,gender,gender_woman,demographic,social-group,1,0.9875683188438416,0.0144276963546872,0.1755556166172027,0.0233534425497055,0.7866632444784045,0.067628741795629,0.8229037522764414,0.1094675059279295,1,0.9840936064720154,False,0.003474712371826172,0.3545454545454546
1361,gender,placebo,placebo,social-group,1,0.9046505093574524,0.018435500562191,0.174445241689682,0.0267362929880619,0.7803829647600651,0.0839438550021857,0.7943156208219365,0.1217405241758778,1,0.9840936064720154,False,-0.07944309711456299,0.3545454545454546
4013,gender,baseline,none,social-group,1,0.977022647857666,,0.1740027070045471,0.0236975327134132,0.8022997602820396,,0.8801340213485821,0.1198659786514179,1,0.977022647857666,False,0.0,0.3535353535353535
4013,gender,gender_man,demographic,social-group,1,0.9890130758285522,0.0131166856735944,0.1702663600444793,0.0232892967760562,0.7933276575058699,0.0634660908919973,0.8238468582186571,0.1126870508893455,1,0.977022647857666,False,0.01199042797088623,0.3535353535353535
4013,gender,gender_woman,demographic,social-group,1,0.985936403274536,0.0142097827047109,0.1711675524711609,0.0233310181647539,0.7912916466593742,0.0680843985267789,0.820127942803536,0.1117876586696851,1,0.977022647857666,False,0.008913755416870006,0.3535353535353535
4013,gender,placebo,placebo,social-group,1,0.8354835510253906,0.0175209455192089,0.1699910908937454,0.0260905921459198,0.7863973714411259,0.0820258890886247,0.7958286470566148,0.1221454638547605,1,0.977022647857666,False,-0.1415390968322754,0.3535353535353535
3752,gender,baseline,none,random,1,0.9999339580535888,,0.1710080206394195,0.0348446555435657,0.7941473238170147,,0.8307301309379537,0.1692698690620463,1,0.9999339580535888,False,0.0,0.3535353535353535
3752,gender,gender_man,demographic,random,1,0.9998766183853148,0.0106345731765031,0.166434571146965,0.0366525128483772,0.7862783428281546,0.0497589870733237,0.7787445285114055,0.1714964844152707,1,0.9999339580535888,False,-5.733966827392578e-05,0.3535353535353535
3752,gender,gender_woman,demographic,random,1,0.9997387528419496,0.0115661351010203,0.1660504788160324,0.0369667001068592,0.785416685976088,0.053900440272497,0.7738275437275085,0.1722720159999945,1,0.9999339580535888,False,-0.00019520521163918225,0.3535353535353535
3752,gender,placebo,placebo,random,1,0.9964063763618468,0.0137442052364349,0.1685253679752349,0.0410387217998504,0.7766917049884796,0.0615481177523023,0.7546758080193162,0.1837760742283814,1,0.9999339580535888,False,-0.0035275816917419434,0.3535353535353535
3424,gender,baseline,none,moral,1,0.9902915358543396,,0.1732497811317443,0.020451545715332,0.8062986731529236,,0.894417110877727,0.105582889122273,1,0.9902915358543396,False,0.0,0.3504273504273504
3424,gender,gender_man,demographic,moral,1,0.991422474384308,0.011968377046287,0.1700176745653152,0.0205401629209518,0.7974737854674459,0.0590954463544928,0.839484779576456,0.1014197740690512,1,0.9902915358543396,False,0.0011309385299683727,0.3504273504273504
3424,gender,gender_woman,demographic,moral,1,0.9820137619972228,0.0130193224176764,0.1702602803707122,0.020899873226881,0.7958205239847302,0.0637641092619063,0.8338755867802267,0.102360303957867,1,0.9902915358543396,False,-0.00827777385711681,0.3504273504273504
3424,gender,placebo,placebo,moral,1,0.9046505093574524,0.0158458389341831,0.1713197231292724,0.0215913299471139,0.7912431079894304,0.075905704389299,0.8206661896489548,0.1034281059617461,1,0.9902915358543396,False,-0.08564102649688721,0.3504273504273504
1883,gender,baseline,none,social-group,1,0.991422474384308,,0.1785655915737152,0.0306710246950387,0.790763383731246,,0.8534146401237755,0.1465853598762245,1,0.991422474384308,False,0.0,0.35
1883,gender,gender_man,demographic,social-group,1,0.9875683188438416,0.0117127019912004,0.1755416095256805,0.0312521457672119,0.7814935427159071,0.0536034593063402,0.803370352105653,0.1430261885880067,1,0.991422474384308,False,-0.0038541555404664196,0.35
1883,gender,gender_woman,demographic,social-group,1,0.9947799444198608,0.0127262603491544,0.1762164533138275,0.0309585351496934,0.7800987511873245,0.0578726151755301,0.8013435770159669,0.1407838078085029,1,0.991422474384308,False,0.0033574700355528675,0.35
1883,gender,placebo,placebo,social-group,1,0.9989677667617798,0.0154981222003698,0.1724179536104202,0.0339984074234962,0.7780855167657137,0.0698382637063291,0.7769567407116457,0.1532049955820252,1,0.991422474384308,False,0.007545292377471813,0.35
2969,gender,baseline,none,social-group,1,0.9953904151916504,,0.1733950227499008,0.0266522541642189,0.7999527230858803,,0.866770222642617,0.1332297773573829,1,0.9953904151916504,False,0.0,0.35
2969,gender,gender_man,demographic,social-group,1,0.991422474384308,0.0123603893443942,0.1711410135030746,0.0274154264479875,0.7890831707045436,0.0586031441193321,0.8114146892628324,0.1299821666178353,1,0.9953904151916504,False,-0.003967940807342418,0.35
2969,gender,gender_woman,demographic,social-group,1,0.977022647857666,0.0132777448743581,0.1724472641944885,0.0274002961814403,0.7868746947497129,0.0623001799751805,0.8091355646011738,0.1285642554236456,1,0.9953904151916504,False,-0.018367767333984375,0.35
2969,gender,placebo,placebo,social-group,1,0.9241418242454528,0.0177177004516124,0.1702871322631836,0.0342909172177314,0.7777042500674725,0.0797032802336088,0.7660386323844253,0.1542580873819659,1,0.9953904151916504,False,-0.07124859094619762,0.35
3822,gender,baseline,none,social-group,1,0.9999724626541138,,0.1716683357954025,0.0331210121512413,0.7952106520533562,,0.8382678958484173,0.1617321041515826,1,0.9999724626541138,False,0.0,0.35
3822,gender,gender_man,demographic,social-group,1,0.9999599456787108,0.0107339564710855,0.1665557026863098,0.0333591885864734,0.7893511522561312,0.0509566351112308,0.7906793911772423,0.1583639737115268,1,0.9999724626541138,False,-1.2516975402943054e-05,0.35
3822,gender,gender_woman,demographic,social-group,1,0.9999151229858398,0.0116446986794471,0.1660327464342117,0.0331812724471092,0.7891412824392319,0.0552251233155264,0.7874122936670245,0.157362583017449,1,0.9999724626541138,False,-5.733966827392578e-05,0.35
3822,gender,placebo,placebo,social-group,1,0.998830497264862,0.0135868340730667,0.1677148789167404,0.034413456916809,0.7842848300933838,0.0629850653477383,0.7774830068249012,0.1595319278273604,1,0.9999724626541138,False,-0.00114196538925182,0.35
4359,gender,baseline,none,social-group,1,0.9947799444198608,,0.1732922792434692,0.0317296013236045,0.7949781194329262,,0.8452379754012446,0.1547620245987554,1,0.9947799444198608,False,0.0,0.35
4359,gender,gender_man,demographic,social-group,1,0.9953904151916504,0.0117011284455657,0.1701678931713104,0.0318816266953945,0.7862493516877294,0.0547419553482307,0.7961046879385849,0.1491533567131843,1,0.9947799444198608,False,0.0006104707717895508,0.35
4359,gender,gender_woman,demographic,social-group,1,0.9953904151916504,0.012716831639409,0.1708340346813202,0.0320362299680709,0.7844129037111998,0.0589869795471135,0.7924130786216959,0.1485999418311905,1,0.9947799444198608,False,0.0006104707717895508,0.35
4359,gender,placebo,placebo,social-group,1,0.9820137619972228,0.0150515716522932,0.172486126422882,0.0371981896460056,0.7752641122788191,0.0669744908341785,0.7675059296131528,0.1655195795526687,1,0.9947799444198608,False,-0.01276618242263805,0.35
2709,gender,baseline,none,social-group,1,0.9971990585327148,,0.1754781752824783,0.0310347229242324,0.7934871017932892,,0.8497201715063433,0.1502798284936566,1,0.9971990585327148,False,0.0,0.35
2709,gender,gender_man,demographic,social-group,1,0.9947799444198608,0.010401246137917,0.1733176410198211,0.0305694732815027,0.7857116395607591,0.0485385492548308,0.8088056703806059,0.1426557803645632,1,0.9971990585327148,False,-0.002419114112854004,0.35
2709,gender,gender_woman,demographic,social-group,1,0.9890130758285522,0.0115276873111724,0.1742321550846099,0.0307996235787868,0.7834405340254307,0.0532310479216188,0.8045464754935725,0.1422224765848086,1,0.9971990585327148,False,-0.008185982704162598,0.35
2709,gender,placebo,placebo,social-group,1,0.9525741338729858,0.0140905920416116,0.1760269701480865,0.0324681773781776,0.7774142604321241,0.0633041095488278,0.7908277075154153,0.1458681829357568,1,0.9971990585327148,False,-0.044624924659729004,0.35
1654,gender,baseline,none,social-group,1,0.7981867790222168,,0.172758474946022,0.0218634102493524,0.8053781148046255,,0.8876621186388957,0.1123378813611043,1,0.7981867790222168,False,0.0,0.35
1654,gender,gender_man,demographic,social-group,1,0.9149009585380554,0.0120882149785757,0.1692118793725967,0.0213647745549678,0.7973351310938597,0.0596463266861218,0.8349344426880586,0.1054192306258194,1,0.7981867790222168,False,0.11671417951583862,0.35
1654,gender,gender_woman,demographic,social-group,1,0.8807970285415649,0.0129690337926149,0.1703607439994812,0.0211733393371105,0.7954968828707933,0.0634172915047598,0.8330471749819146,0.1035355335133255,1,0.7981867790222168,False,0.08261024951934814,0.35
1654,gender,placebo,placebo,social-group,1,0.622459352016449,0.0153389303013682,0.1727000027894973,0.0219051335006952,0.7900559334084392,0.0730619852725326,0.8226000648328845,0.1043379498945828,1,0.7981867790222168,False,-0.17572742700576782,0.35
3301,gender,baseline,none,social-group,1,0.5926666259765625,,0.1715824007987976,0.0334943905472755,0.7949232086539268,,0.8366739096734122,0.1633260903265878,1,0.5926666259765625,False,0.0,0.35
3301,gender,gender_man,demographic,social-group,1,0.6791787147521973,0.0112876202911138,0.1660843938589096,0.0349034070968627,0.7877245787531137,0.0531744100414989,0.7824004912266582,0.1644250987318428,1,0.5926666259765625,False,0.08651208877563477,0.35
3301,gender,gender_woman,demographic,social-group,1,0.6513549089431763,0.0122221764177083,0.1670261621475219,0.0348308645188808,0.7859207969158888,0.05709184377385,0.7802073239309368,0.1627008322952131,1,0.5926666259765625,False,0.05868828296661377,0.35
3301,gender,placebo,placebo,social-group,0,0.5,0.01552892383188,0.1681631654500961,0.0340914465487003,0.7822164641693234,0.0713043976104493,0.7721573846649293,0.1565382177246214,1,0.5926666259765625,True,-0.0926666259765625,0.35
4072,gender,baseline,none,social-group,1,0.9940890073776244,,0.1740641593933105,0.0330386497080326,0.7928971908986568,,0.8404722280137419,0.1595277719862581,1,0.9940890073776244,False,0.0,0.3492063492063492
4072,gender,gender_man,demographic,social-group,1,0.9924227595329284,0.0105829639360308,0.1714516878128051,0.0348206795752048,0.7831446686759591,0.0488019541480261,0.7906270358491195,0.1605710100028543,1,0.9940890073776244,False,-0.001666247844696045,0.3492063492063492
4072,gender,gender_woman,demographic,social-group,1,0.9933071732521056,0.0114750545471906,0.1721401512622833,0.0350543074309825,0.7813304867595434,0.0524767004652006,0.7872160536297168,0.1603072459050826,1,0.9940890073776244,False,-0.0007818341255187988,0.3492063492063492
4072,gender,placebo,placebo,social-group,1,0.9241418242454528,0.0143170971423387,0.1741713136434555,0.0364403612911701,0.7750712279230356,0.0636516929787881,0.7743398589481426,0.1620084480730692,1,0.9940890073776244,False,-0.06994718313217163,0.3492063492063492
1486,gender,baseline,none,random,1,0.9971990585327148,,0.1729897260665893,0.0198903605341911,0.8071199133992195,,0.896877065513975,0.1031229344860251,1,0.9971990585327148,False,0.0,0.3492063492063492
1486,gender,gender_man,demographic,random,1,0.9971990585327148,0.0144638447090983,0.1700865775346756,0.0211061239242553,0.7943434538319707,0.0703300963601752,0.8270418846561214,0.1026280189837033,1,0.9971990585327148,False,0.0,0.3492063492063492
1486,gender,gender_woman,demographic,random,1,0.9902915358543396,0.0154795907437801,0.1707459092140197,0.02152069658041,0.7922538034617901,0.0745120295905539,0.8218966799838147,0.1035912904256314,1,0.9971990585327148,False,-0.006907522678375244,0.3492063492063492
1486,gender,placebo,placebo,random,1,0.9324532747268676,0.0181320570409297,0.1747969835996627,0.0243756454437971,0.7826953139156103,0.0834407088390549,0.8043866275933914,0.1121726635675536,1,0.9971990585327148,False,-0.06474578380584728,0.3492063492063492
2450,gender,baseline,none,social-group,1,0.9525741338729858,,0.1740573644638061,0.023256242275238,0.8026863932609558,,0.8821356384914932,0.1178643615085067,1,0.9525741338729858,False,0.0,0.3492063492063492
2450,gender,gender_man,demographic,social-group,1,0.991422474384308,0.0138165103271603,0.1674153506755828,0.0232564993202686,0.7955116396769881,0.0675662434054224,0.8187035702723221,0.1137301863222553,1,0.9525741338729858,False,0.03884834051132213,0.3492063492063492
2450,gender,gender_woman,demographic,social-group,1,0.991422474384308,0.0149369277060031,0.1673471927642822,0.0229434110224246,0.7947724685072899,0.0727822802202041,0.8154227239741787,0.1117949958056171,1,0.9525741338729858,False,0.03884834051132213,0.3492063492063492
2450,gender,placebo,placebo,social-group,1,0.9740425944328308,0.0198525190353393,0.1659241765737533,0.026214025914669,0.7880092784762383,0.0936480563519102,0.7826954660143234,0.1236564776337663,1,0.9525741338729858,False,0.02146846055984497,0.3492063492063492
2866,gender,baseline,none,moral,0,0.4378235042095184,,0.1745345592498779,0.0205006524920463,0.8049647882580757,,0.8948874292547063,0.1051125707452937,0,0.4378235042095184,False,0.0,0.3461538461538461
2866,gender,gender_man,demographic,moral,1,0.562176525592804,0.0147577375173568,0.1708143800497055,0.0228166170418262,0.7916112653911114,0.0708183076453471,0.8196910469766804,0.1094906453779725,0,0.4378235042095184,True,0.12435302138328558,0.3461538461538461
2866,gender,gender_woman,demographic,moral,0,0.5,0.0157110020518302,0.1713926494121551,0.0225298292934894,0.7903665192425251,0.074945099394721,0.8175824243000545,0.1074724763052245,0,0.4378235042095184,False,0.06217649579048162,0.3461538461538461
2866,gender,placebo,placebo,moral,0,0.4073334336280823,0.0192736648023128,0.1728647500276565,0.0281679015606641,0.7796936836093664,0.0874857567321763,0.7846563496669947,0.1278578936008289,0,0.4378235042095184,False,-0.0304900705814361,0.3461538461538461
2578,gender,baseline,none,social-group,1,0.9999545812606812,,0.1686009466648101,0.0307153686881065,0.8006836846470833,,0.8458963651133086,0.1541036348866915,1,0.9999545812606812,False,0.0,0.3461538461538461
2578,gender,gender_man,demographic,social-group,1,0.9998205304145812,0.0116241481155157,0.165076658129692,0.0320003367960453,0.7912988569587469,0.0556975776276319,0.7909715094232237,0.1533309129491443,1,0.9999545812606812,False,-0.00013405084609996454,0.3461538461538461
2578,gender,gender_woman,demographic,social-group,1,0.9996646642684937,0.0126220732927322,0.1653986871242523,0.0317239016294479,0.7902553379535675,0.0601782813902458,0.7885716161283617,0.1512501024813924,1,0.9999545812606812,False,-0.0002899169921875,0.3461538461538461
2578,gender,placebo,placebo,social-group,1,0.9975274205207824,0.0161328669637441,0.167308434844017,0.0330686643719673,0.7834900338202715,0.0745132764482167,0.7727516557142294,0.1527350678375538,1,0.9999545812606812,False,-0.0024271607398987927,0.3461538461538461
4476,gender,baseline,none,random,1,0.8670357465744019,,0.1770643293857574,0.0323181897401809,0.7906174808740616,,0.845650009966962,0.1543499900330379,1,0.8670357465744019,False,0.0,0.3461538461538461
4476,gender,gender_man,demographic,random,1,0.8933094143867493,0.0107334489002823,0.1736217588186264,0.0328415781259536,0.7828032141551375,0.049418083506765,0.7993753597377796,0.1512065567554553,1,0.8670357465744019,False,0.026273667812347412,0.3461538461538461
4476,gender,gender_woman,demographic,random,1,0.7549149990081787,0.0116532426327466,0.1745890080928802,0.0325298346579074,0.7812279146164656,0.0532665884329672,0.7980406082741507,0.148692803292882,1,0.8670357465744019,False,-0.11212074756622314,0.3461538461538461
4476,gender,placebo,placebo,random,0,0.3486451506614685,0.0138225443661212,0.1766530871391296,0.0343768261373043,0.7751475423574448,0.0614738416072587,0.7856400103037902,0.1528861480889511,1,0.8670357465744019,True,-0.5183905959129333,0.3461538461538461
4324,gender,baseline,none,social-group,1,0.9324532747268676,,0.1737030595541,0.0384166948497295,0.7878802455961704,,0.8188914796846665,0.1811085203153336,1,0.9324532747268676,False,0.0,0.3461538461538461
4324,gender,gender_man,demographic,social-group,1,0.8933094143867493,0.0100338254123926,0.171312004327774,0.038548219949007,0.7801059503108263,0.0456302725179499,0.7790661210247767,0.1753036064572734,1,0.9324532747268676,False,-0.0391438603401183,0.3461538461538461
4324,gender,gender_woman,demographic,social-group,1,0.8175744414329529,0.0107989534735679,0.1722909212112426,0.0387084148824214,0.7782017104327679,0.0486881729098932,0.7767910273222254,0.1745207997678813,1,0.9324532747268676,False,-0.11487883329391468,0.3461538461538461
4324,gender,placebo,placebo,social-group,1,0.8175744414329529,0.0132380258291959,0.1743516325950622,0.0418101027607917,0.77060023881495,0.0577072345708209,0.760034063219525,0.182258702209654,1,0.9324532747268676,False,-0.11487883329391468,0.3461538461538461
2549,gender,baseline,none,social-group,1,0.8670357465744019,,0.1752831190824508,0.0279074795544147,0.7968094013631344,,0.862653687022745,0.137346312977255,1,0.8670357465744019,False,0.0,0.3461538461538461
2549,gender,gender_man,demographic,social-group,1,0.8354835510253906,0.0126409381628036,0.1728404909372329,0.028204133734107,0.7863144371658564,0.0591567254013092,0.8088543214844449,0.1319889531142458,1,0.8670357465744019,False,-0.03155219554901123,0.3461538461538461
2549,gender,gender_woman,demographic,social-group,1,0.8670357465744019,0.0134546142071485,0.1738176941871643,0.0281662549823522,0.7845614366233349,0.0624522090951051,0.806808639376543,0.1307391515283518,1,0.8670357465744019,False,0.0,0.3461538461538461
2549,gender,placebo,placebo,social-group,1,0.7310585379600525,0.0161507297307252,0.1761865615844726,0.0305716637521982,0.7770910449326038,0.0724543781825281,0.7903969651250796,0.1371486566923923,1,0.8670357465744019,False,-0.13597720861434937,0.3461538461538461
659,gender,baseline,none,random,1,0.9991958737373352,,0.1731221675872802,0.0188715271651744,0.8080063052475452,,0.9017075681078678,0.0982924318921322,1,0.9991958737373352,False,0.0,0.3456221198156682
659,gender,gender_man,demographic,random,1,0.9998766183853148,0.0135777639225125,0.1690567433834076,0.017716858536005,0.7996486341580749,0.0677697597191587,0.8438013021423141,0.0884289381385271,1,0.9991958737373352,False,0.0006807446479796253,0.3456221198156682
659,gender,gender_woman,demographic,random,1,0.999619960784912,0.0144910970702767,0.168833315372467,0.017364440485835,0.7993111470714211,0.0722067860711418,0.8412690237088127,0.0865241902200454,1,0.9991958737373352,False,0.0004240870475767933,0.3456221198156682
659,gender,placebo,placebo,random,1,0.9924227595329284,0.0189478602260351,0.1746748089790344,0.0217549819499254,0.784622348845005,0.087975052770909,0.811016407887794,0.1010085393412968,1,0.9991958737373352,False,-0.006773114204406849,0.3456221198156682
3465,gender,baseline,none,social-group,1,0.9982993006706238,,0.1688034534454345,0.0423919409513473,0.7888046056032181,,0.7992762054663759,0.200723794533624,1,0.9982993006706238,False,0.0,0.3454545454545455
3465,gender,gender_man,demographic,social-group,1,0.998498797416687,0.0103872520849108,0.1641709953546524,0.0430433191359043,0.7823984334245324,0.0477351898167902,0.7544568632400694,0.1978079469431403,1,0.9982993006706238,False,0.00019949674606323242,0.3454545454545455
3465,gender,gender_woman,demographic,social-group,1,0.9978172779083252,0.0115815456956624,0.1642885059118271,0.043606087565422,0.7805238608270884,0.0527690424084693,0.7485483685422147,0.1986825890493158,1,0.9982993006706238,False,-0.000482022762298584,0.3454545454545455
3465,gender,placebo,placebo,social-group,1,0.9890130758285522,0.0140051217749714,0.1656215190887451,0.0431408435106277,0.7772325156256557,0.0628687881191714,0.7434725923035983,0.1936586195772303,1,0.9982993006706238,False,-0.009286224842071533,0.3454545454545455
1283,gender,baseline,none,random,1,0.9953904151916504,,0.1749228090047836,0.0166120547801256,0.8084651362150908,,0.9132687676183032,0.0867312323816968,1,0.9953904151916504,False,0.0,0.3454545454545454
1283,gender,gender_man,demographic,random,1,0.985936403274536,0.0120922941714525,0.1719031184911728,0.016844242811203,0.7991603445261717,0.0602086980428438,0.8559221936803896,0.0838691082767665,1,0.9953904151916504,False,-0.009454011917114369,0.3454545454545454
1283,gender,gender_woman,demographic,random,1,0.9890130758285522,0.0130113465711474,0.1714570224285125,0.0169729497283697,0.7985586812719703,0.0645912499645335,0.8511512112368586,0.0842575387986079,1,0.9953904151916504,False,-0.0063773393630981445,0.3454545454545454
1283,gender,placebo,placebo,random,1,0.8933094143867493,0.016798660159111,0.173828512430191,0.0212170127779245,0.7881558146327734,0.0792972444817919,0.8205488960146046,0.1001538595036034,1,0.9953904151916504,False,-0.10208100080490112,0.3454545454545454
3994,gender,baseline,none,social-group,0,0.4073334336280823,,0.1790664196014404,0.0184009633958339,0.8025326170027256,,0.9068151756683384,0.0931848243316616,0,0.4073334336280823,False,0.0,0.3454545454545454
3994,gender,gender_man,demographic,social-group,1,0.9525741338729858,0.0144063485786318,0.1760661154985427,0.0189758576452732,0.7905516782775521,0.068782353853007,0.8406184115041906,0.0905992346428023,0,0.4073334336280823,True,0.5452407002449036,0.3454545454545454
3994,gender,gender_woman,demographic,social-group,1,0.8933094143867493,0.0154936015605926,0.1783714294433593,0.0189520604908466,0.7871829085052013,0.072802430724749,0.8381442871458417,0.0890532821294093,0,0.4073334336280823,True,0.485975980758667,0.3454545454545454
3994,gender,placebo,placebo,social-group,0,0.1329642385244369,0.0205909013748168,0.1796816289424896,0.0225817076861858,0.7771457619965076,0.0923962746200689,0.806274229075571,0.1013294963043599,0,0.4073334336280823,False,-0.2743691951036454,0.3454545454545454
838,gender,baseline,none,random,1,0.9999995231628418,,0.1737801134586334,0.0227555446326732,0.8034643419086933,,0.8842167123581133,0.1157832876418867,1,0.9999995231628418,False,0.0,0.3440860215053763
838,gender,gender_man,demographic,random,1,0.9999898672103882,0.0114051857963204,0.1698677837848663,0.0237107593566179,0.7950162710621953,0.0556394688272109,0.8286891094483255,0.1156714217244635,1,0.9999995231628418,False,-9.655952453613281e-06,0.3440860215053763
838,gender,gender_woman,demographic,random,1,0.9999852180480956,0.0126935914158821,0.1711176633834839,0.0236601419746875,0.7925286032259464,0.0611823683324696,0.8247771309403162,0.114040500727214,1,0.9999995231628418,False,-1.4305114746204772e-05,0.3440860215053763
838,gender,placebo,placebo,random,1,0.999373733997345,0.0148645602166652,0.1747931391000747,0.0273115299642086,0.7830307707190514,0.0685099922506406,0.805612573171558,0.1258774345778014,1,0.9999995231628418,False,-0.0006257891654968262,0.3440860215053763
2896,gender,baseline,none,social-group,1,0.9975274205207824,,0.1782783716917038,0.0326360985636711,0.7890855297446251,,0.8452638241266454,0.1547361758733546,1,0.9975274205207824,False,0.0,0.3434343434343434
2896,gender,gender_man,demographic,social-group,1,0.999619960784912,0.0106691624969244,0.1741394102573394,0.0312252454459667,0.7839661817997694,0.0493865385790464,0.8060747697193346,0.1445386917016189,1,0.9975274205207824,False,0.0020925402641296387,0.3434343434343434
2896,gender,gender_woman,demographic,social-group,1,0.998830497264862,0.0115947145968675,0.1741735190153122,0.0312078166753053,0.7830239497125149,0.0534377622853075,0.8027315401148598,0.1438306975998327,1,0.9975274205207824,False,0.0013030767440795898,0.3434343434343434
2896,gender,placebo,placebo,social-group,1,0.9989677667617798,0.0132993571460247,0.1744907200336456,0.0294406823813915,0.7827692404389381,0.061222255876182,0.8032505174967989,0.1355272266270191,1,0.9975274205207824,False,0.0014403462409974255,0.3434343434343434
1219,gender,baseline,none,social-group,1,0.9999921321868896,,0.170538529753685,0.0297853630036115,0.7996761072427034,,0.8513139766123746,0.1486860233876254,1,0.9999921321868896,False,0.0,0.3434343434343434
1219,gender,gender_man,demographic,social-group,1,0.9999645948410034,0.0123042138293385,0.1678345501422882,0.0295132063329219,0.7903480296954513,0.0586887583811636,0.800538863996771,0.1407723776220654,1,0.9999921321868896,False,-2.753734588623047e-05,0.3434343434343434
1219,gender,gender_woman,demographic,social-group,1,0.9998910427093506,0.0134516954421997,0.1687438935041427,0.030141957104206,0.7876624539494514,0.0633505269906313,0.7946964474383255,0.1419530255710432,1,0.9999921321868896,False,-0.0001010894775390625,0.3434343434343434
1219,gender,placebo,placebo,social-group,1,0.998830497264862,0.0160273611545562,0.1708702594041824,0.0325677208602428,0.7805346585810184,0.0730291218236524,0.7785751422042254,0.1483957359721222,1,0.9999921321868896,False,-0.001161634922027699,0.3434343434343434
1276,gender,baseline,none,social-group,1,0.9947799444198608,,0.1789758503437042,0.0207043308764696,0.8003198187798262,,0.8963125396323617,0.1036874603676383,1,0.9947799444198608,False,0.0,0.3434343434343434
1276,gender,gender_man,demographic,social-group,1,0.9959298968315125,0.0146398190408945,0.1741954535245895,0.021844208240509,0.7893205191940069,0.0694885851478615,0.8268268597310607,0.1036845551210777,1,0.9947799444198608,False,0.0011499524116516113,0.3434343434343434
1276,gender,gender_woman,demographic,social-group,1,0.9959298968315125,0.0155562376603484,0.1750496178865432,0.0220389068126678,0.7873552376404405,0.0731559878914134,0.8232021139112428,0.1036418981973438,1,0.9947799444198608,False,0.0011499524116516113,0.3434343434343434
1276,gender,placebo,placebo,social-group,1,0.970687747001648,0.0207657944411039,0.177096739411354,0.0261893551796674,0.7759481109678745,0.0926829696942499,0.790427343310465,0.1168896869952849,1,0.9947799444198608,False,-0.02409219741821289,0.3434343434343434
