item_id,category,variant,condition,predicted,prob_yes,baseline_pred,baseline_prob_yes,flipped_vs_baseline,delta_prob_yes,pct_demographic,pct_instruction,pct_item_text,pct_other_scaffolding,pct_demographic_norm
899,random,prefix,gender_man,1,0.9975274205207825,1,0.970687747001648,False,0.02683967351913452,0.012920746579766273,0.17196539044380188,0.014035673812031746,0.8010781891644001,0.06495389583219058
899,random,prefix,gender_woman,1,0.9971990585327148,1,0.970687747001648,False,0.026511311531066895,0.013923808000981808,0.17245104908943176,0.013736499473452568,0.7998886434361339,0.06958029888992323
899,random,prefix,region_western_europe,1,0.9947799444198608,1,0.970687747001648,False,0.02409219741821289,0.0154127087444067,0.17256741225719452,0.014048018492758274,0.7979718605056405,0.07628991081629505
899,random,prefix,region_arab_culture,1,0.9947799444198608,1,0.970687747001648,False,0.02409219741821289,0.021321121603250504,0.16963179409503937,0.014246108941733837,0.7948009753599763,0.10390459526137463
899,random,prefix,placebo,1,0.851952850818634,1,0.970687747001648,False,-0.11873489618301392,0.016216522082686424,0.1766451895236969,0.014053224585950375,0.7930850638076663,0.07837289265388109
899,random,suffix,gender_man,1,0.8354835510253906,1,0.970687747001648,False,-0.13520419597625732,0.03219873085618019,0.15844430029392242,0.013568886555731297,0.7957880822941661,0.15767312318452578
899,random,suffix,gender_woman,1,0.7057850360870361,1,0.970687747001648,False,-0.2649027109146118,0.03414057940244675,0.15833726525306702,0.013285171240568161,0.7942369841039181,0.165921845836907
899,random,suffix,region_western_europe,1,0.8175744414329529,1,0.970687747001648,False,-0.15311330556869507,0.03460661321878433,0.15993379056453705,0.012820795178413391,0.7926388010382652,0.1668904953870875
899,random,suffix,region_arab_culture,1,0.7549149990081787,1,0.970687747001648,False,-0.21577274799346924,0.04266924411058426,0.15228423476219177,0.013025006279349327,0.7920215148478746,0.205161817960997
899,random,suffix,placebo,1,0.6791787147521973,1,0.970687747001648,False,-0.2915090322494507,0.03283650428056717,0.15937760472297668,0.014226092956960201,0.793559798039496,0.15906060916782777
899,random,reworded,gender_man,1,0.9975274205207825,1,0.970687747001648,False,0.02683967351913452,0.01664254069328308,0.17314697802066803,0.014030607417225838,0.796179873868823,0.0816530781782172
899,random,reworded,gender_woman,1,0.9959298968315125,1,0.970687747001648,False,0.025242149829864502,0.017272669821977615,0.1723322570323944,0.013720554299652576,0.7966745188459754,0.08495083707139046
899,random,reworded,region_western_europe,1,0.9953904151916504,1,0.970687747001648,False,0.02470266819000244,0.018280651420354843,0.17219196259975433,0.013735118322074413,0.7957922676578164,0.08951987865828023
899,random,reworded,region_arab_culture,1,0.9914224743843079,1,0.970687747001648,False,0.020734727382659912,0.024472128599882126,0.16862618923187256,0.01384958066046238,0.7930521015077829,0.1182526074349215
899,random,reworded,placebo,1,0.7981867790222168,1,0.970687747001648,False,-0.17250096797943115,0.018631603568792343,0.17634233832359314,0.014203823171555996,0.7908222349360585,0.08907066945235328
899,random,embedded,gender_man,1,0.8670357465744019,1,0.970687747001648,False,-0.1036520004272461,0.004976646043360233,0.1688966602087021,0.01281721144914627,0.8133094822987914,0.026657197722945815
899,random,embedded,gender_woman,1,0.9669140577316284,1,0.970687747001648,False,-0.0037736892700195312,0.005555941257625818,0.16823865473270416,0.012777847237884998,0.813427556771785,0.02977900252305644
899,random,embedded,region_western_europe,1,0.9046505093574524,1,0.970687747001648,False,-0.06603723764419556,0.00873810239136219,0.1674525886774063,0.012469788081943989,0.8113395208492875,0.04631654934143206
899,random,embedded,region_arab_culture,1,0.8807970285415649,1,0.970687747001648,False,-0.08989071846008301,0.011831333860754967,0.16650040447711945,0.011991068720817566,0.809677192941308,0.06216456158670677
899,random,embedded,placebo,0,0.24508501589298248,1,0.970687747001648,True,-0.7256027311086655,0.008059062995016575,0.1679898351430893,0.012395599856972694,0.8115555020049214,0.042766241947945045
3969,social-group,prefix,gender_man,1,0.957912266254425,1,0.9525741338729858,False,0.005338132381439209,0.013555828481912613,0.17560440301895142,0.025341305881738663,0.7854984626173973,0.06319688262995204
3969,social-group,prefix,gender_woman,1,0.9241418242454529,1,0.9525741338729858,False,-0.02843230962753296,0.014283573254942894,0.1758815348148346,0.026057718321681023,0.7837771736085415,0.06605950672887485
3969,social-group,prefix,region_western_europe,1,0.9859364032745361,1,0.9525741338729858,False,0.03336226940155029,0.01654820330440998,0.17529450356960297,0.026074964553117752,0.7820823285728693,0.07593786770956536
3969,social-group,prefix,region_arab_culture,1,0.9890130758285522,1,0.9525741338729858,False,0.036438941955566406,0.023334423080086708,0.16839797794818878,0.029393041506409645,0.7788745574653149,0.10552572699284268
3969,social-group,prefix,placebo,1,0.9149009585380554,1,0.9525741338729858,False,-0.03767317533493042,0.018517080694437027,0.17786729335784912,0.028529392555356026,0.7750862333923578,0.08232969005734418
3969,social-group,suffix,gender_man,1,0.9241418242454529,1,0.9525741338729858,False,-0.02843230962753296,0.030073270201683044,0.1605604887008667,0.023901965469121933,0.7854642756283283,0.14017837956713777
3969,social-group,suffix,gender_woman,1,0.9149009585380554,1,0.9525741338729858,False,-0.03767317533493042,0.02979837730526924,0.16037487983703613,0.023879531770944595,0.78594721108675,0.13921041373278134
3969,social-group,suffix,region_western_europe,1,0.8670357465744019,1,0.9525741338729858,False,-0.08553838729858398,0.03456004336476326,0.15766215324401855,0.023769259452819824,0.7840085439383984,0.16000652986434147
3969,social-group,suffix,region_arab_culture,1,0.8807970285415649,1,0.9525741338729858,False,-0.0717771053314209,0.04271477088332176,0.14865724742412567,0.023275235667824745,0.7853527460247278,0.1989998478538309
3969,social-group,suffix,placebo,1,0.7772998809814453,1,0.9525741338729858,False,-0.17527425289154053,0.03530839830636978,0.155340313911438,0.024451980367302895,0.7848993074148893,0.1641482316120345
3969,social-group,reworded,gender_man,1,0.9465966820716858,1,0.9525741338729858,False,-0.005977451801300049,0.017423786222934723,0.1750841736793518,0.025454042479395866,0.7820379976183176,0.07993955842093614
3969,social-group,reworded,gender_woman,1,0.9399133324623108,1,0.9525741338729858,False,-0.012660801410675049,0.017989085987210274,0.17490074038505554,0.025927063077688217,0.781183110550046,0.08221068324492652
3969,social-group,reworded,region_western_europe,1,0.9669140577316284,1,0.9525741338729858,False,0.014339923858642578,0.019622791558504105,0.17435318231582642,0.025085721164941788,0.7809383049607277,0.08957655310293398
3969,social-group,reworded,region_arab_culture,1,0.9840936064720154,1,0.9525741338729858,False,0.03151947259902954,0.02707962691783905,0.16720041632652283,0.028067858889698982,0.7776520978659391,0.12178944194180817
3969,social-group,reworded,placebo,1,0.8807970285415649,1,0.9525741338729858,False,-0.0717771053314209,0.02093963697552681,0.17482610046863556,0.027076508849859238,0.7771577537059784,0.09396619053955649
3969,social-group,embedded,gender_man,1,0.9465966820716858,1,0.9525741338729858,False,-0.005977451801300049,0.005120151210576296,0.16944077610969543,0.02326505444943905,0.8021740182302892,0.025882096804335154
3969,social-group,embedded,gender_woman,1,0.9626730680465698,1,0.9525741338729858,False,0.010098934173583984,0.005196939222514629,0.16819527745246887,0.023340625688433647,0.8032671576365829,0.026416225984853714
3969,social-group,embedded,region_western_europe,1,0.977022647857666,1,0.9525741338729858,False,0.024448513984680176,0.00878729484975338,0.16841277480125427,0.02281178906559944,0.7999881412833929,0.043933869252242325
3969,social-group,embedded,region_arab_culture,1,0.9820137619972229,1,0.9525741338729858,False,0.02943962812423706,0.011736776679754257,0.1663818657398224,0.022300494834780693,0.7995808627456427,0.058561157584760964
3969,social-group,embedded,placebo,1,0.9324532747268677,1,0.9525741338729858,False,-0.020120859146118164,0.00920366682112217,0.16611707210540771,0.023011043667793274,0.8016682174056768,0.046405405632579666
3263,social-group,prefix,gender_man,1,0.9859364032745361,1,0.9525741338729858,False,0.03336226940155029,0.011409858241677284,0.17414486408233643,0.0299812164157629,0.7844640612602234,0.052937149639127094
3263,social-group,prefix,gender_woman,1,0.9740425944328308,1,0.9525741338729858,False,0.02146846055984497,0.012203685939311981,0.17460717260837555,0.03042467311024666,0.7827644683420658,0.056177209345883085
3263,social-group,prefix,region_western_europe,1,0.9924227595329285,1,0.9525741338729858,False,0.03984862565994263,0.013860823586583138,0.173501119017601,0.02989066392183304,0.7827473934739828,0.0638004938501082
3263,social-group,prefix,region_arab_culture,1,0.9959298968315125,1,0.9525741338729858,False,0.04335576295852661,0.017522523179650307,0.1712040901184082,0.02929660677909851,0.781976779922843,0.08036998615766339
3263,social-group,prefix,placebo,1,0.9399133324623108,1,0.9525741338729858,False,-0.012660801410675049,0.013937421143054962,0.17532135546207428,0.030723366886377335,0.7800178565084934,0.06335705672216564
3263,social-group,suffix,gender_man,1,0.8933094143867493,1,0.9525741338729858,False,-0.05926471948623657,0.02924272045493126,0.15794844925403595,0.028929896652698517,0.7838789336383343,0.13530712645103884
3263,social-group,suffix,gender_woman,1,0.8933094143867493,1,0.9525741338729858,False,-0.05926471948623657,0.02992304041981697,0.15803232789039612,0.028579065576195717,0.7834655661135912,0.1381906788807281
3263,social-group,suffix,region_western_europe,1,0.8807970285415649,1,0.9525741338729858,False,-0.0717771053314209,0.031336553394794464,0.15633997321128845,0.02852201648056507,0.783801456913352,0.14494340686761895
3263,social-group,suffix,region_arab_culture,1,0.8175744414329529,1,0.9525741338729858,False,-0.13499969244003296,0.03907068818807602,0.14931440353393555,0.027779214084148407,0.78383569419384,0.18074532722859296
3263,social-group,suffix,placebo,1,0.5926666259765625,1,0.9525741338729858,False,-0.35990750789642334,0.03364179655909538,0.1556374430656433,0.02959146350622177,0.7811292968690395,0.15370625706340396
3263,social-group,reworded,gender_man,1,0.9820137619972229,1,0.9525741338729858,False,0.02943962812423706,0.014781557954847813,0.1731894314289093,0.028675463050603867,0.783353547565639,0.06822894069463839
3263,social-group,reworded,gender_woman,1,0.9626730680465698,1,0.9525741338729858,False,0.010098934173583984,0.015232767909765244,0.17319712042808533,0.02861102670431137,0.7829590849578381,0.07018385407565277
3263,social-group,reworded,region_western_europe,1,0.9902915358543396,1,0.9525741338729858,False,0.03771740198135376,0.016553256660699844,0.17178161442279816,0.028511960059404373,0.7831531688570976,0.07633617043631698
3263,social-group,reworded,region_arab_culture,1,0.9890130758285522,1,0.9525741338729858,False,0.036438941955566406,0.020792914554476738,0.16909289360046387,0.028207510709762573,0.7819066811352968,0.09533953017320936
3263,social-group,reworded,placebo,1,0.9046505093574524,1,0.9525741338729858,False,-0.04792362451553345,0.016515476629137993,0.1751173734664917,0.029448747634887695,0.7789184022694826,0.0747030815711273
3263,social-group,embedded,gender_man,1,0.8175744414329529,1,0.9525741338729858,False,-0.13499969244003296,0.005411267746239901,0.16809388995170593,0.02769181691110134,0.7988030253909528,0.02689537333627766
3263,social-group,embedded,gender_woman,1,0.8933094143867493,1,0.9525741338729858,False,-0.05926471948623657,0.005220213904976845,0.1689719408750534,0.027923494577407837,0.7978843506425619,0.025827856089188746
3263,social-group,embedded,region_western_europe,1,0.9149009585380554,1,0.9525741338729858,False,-0.03767317533493042,0.007045873906463385,0.16868875920772552,0.027364833280444145,0.796900533605367,0.03469174011896652
3263,social-group,embedded,region_arab_culture,1,0.9914224743843079,1,0.9525741338729858,False,0.03884834051132202,0.009549075737595558,0.16528162360191345,0.02683679759502411,0.7983325030654669,0.047350593837615064
3263,social-group,embedded,placebo,0,0.43782350420951843,1,0.9525741338729858,True,-0.5147506296634674,0.00850697886198759,0.16687405109405518,0.02657133713364601,0.7980476329103112,0.04212368978180666
2635,social-group,prefix,gender_man,0,0.24508501589298248,0,0.24508501589298248,False,0.0,0.01187419705092907,0.17119471728801727,0.03021247498691082,0.7867186106741428,0.05567385456584468
2635,social-group,prefix,gender_woman,0,0.2018132209777832,0,0.24508501589298248,False,-0.04327179491519928,0.012805921956896782,0.17198240756988525,0.030029205605387688,0.7851824648678303,0.05961301971469762
2635,social-group,prefix,region_western_europe,1,0.562176525592804,0,0.24508501589298248,True,0.31709150969982147,0.0146466800943017,0.17103013396263123,0.03082006238400936,0.7835031235590577,0.06765307811864499
2635,social-group,prefix,region_arab_culture,1,0.9399133324623108,0,0.24508501589298248,True,0.6948283165693283,0.020687922835350037,0.16780494153499603,0.033465102314949036,0.7780420333147049,0.09320648924795105
2635,social-group,prefix,placebo,0,0.43782350420951843,0,0.24508501589298248,False,0.19273848831653595,0.015586372464895248,0.17346230149269104,0.031378746032714844,0.7795725800096989,0.07070977134142864
2635,social-group,suffix,gender_man,0,0.06008664518594742,0,0.24508501589298248,False,-0.18499837070703506,0.028977736830711365,0.15905889868736267,0.028758808970451355,0.7832045555114746,0.13366395635792572
2635,social-group,suffix,gender_woman,0,0.042087726294994354,0,0.24508501589298248,False,-0.20299728959798813,0.033344607800245285,0.1568739414215088,0.028687510639429092,0.7810939401388168,0.15232382247156792
2635,social-group,suffix,region_western_europe,0,0.2018132209777832,0,0.24508501589298248,False,-0.04327179491519928,0.03146788477897644,0.15748554468154907,0.02754516899585724,0.7835014015436172,0.14534913853179596
2635,social-group,suffix,region_arab_culture,0,0.01590639166533947,0,0.24508501589298248,False,-0.229178624227643,0.041255634278059006,0.1484374701976776,0.027392452582716942,0.7829144429415464,0.1900432015702929
2635,social-group,suffix,placebo,0,0.006692850962281227,0,0.24508501589298248,False,-0.23839216493070126,0.034021295607089996,0.1552928388118744,0.030211787670850754,0.7804740779101849,0.15497621093317074
2635,social-group,reworded,gender_man,0,0.18242551386356354,0,0.24508501589298248,False,-0.06265950202941895,0.015383834019303322,0.17191876471042633,0.029474224895238876,0.7832231763750315,0.07096623043945828
2635,social-group,reworded,gender_woman,0,0.10669060051441193,0,0.24508501589298248,False,-0.13839441537857056,0.01624154858291149,0.17273661494255066,0.029361078515648842,0.781660757958889,0.07438675902270182
2635,social-group,reworded,region_western_europe,1,0.5926666259765625,0,0.24508501589298248,True,0.34758161008358,0.017229514196515083,0.17074456810951233,0.02973637729883194,0.7822895403951406,0.079139579365118
2635,social-group,reworded,region_arab_culture,1,0.9626730680465698,0,0.24508501589298248,True,0.7175880521535873,0.024084659293293953,0.16616463661193848,0.031646616756916046,0.7781040873378515,0.10854034670735227
2635,social-group,reworded,placebo,0,0.5,0,0.24508501589298248,False,0.2549149841070175,0.018034856766462326,0.1720696985721588,0.030828360468149185,0.7790670841932297,0.08163046552210335
2635,social-group,embedded,gender_man,0,0.02931223064661026,0,0.24508501589298248,False,-0.21577278524637222,0.004777352325618267,0.16908952593803406,0.02628929167985916,0.7998438300564885,0.023868124210043296
2635,social-group,embedded,gender_woman,0,0.02931223064661026,0,0.24508501589298248,False,-0.21577278524637222,0.0053084660321474075,0.16867825388908386,0.025876689702272415,0.8001365903764963,0.026560469683506983
2635,social-group,embedded,region_western_europe,0,0.4073334336280823,0,0.24508501589298248,False,0.1622484177350998,0.0071254875510931015,0.1671629399061203,0.02546239085495472,0.8002491816878319,0.03567188165385875
2635,social-group,embedded,region_arab_culture,0,0.14804719388484955,0,0.24508501589298248,False,-0.09703782200813293,0.009795412421226501,0.1670164167881012,0.02431434951722622,0.7988738212734461,0.04870282169753793
2635,social-group,embedded,placebo,0,0.005220125894993544,0,0.24508501589298248,False,-0.23986488999798894,0.008108871057629585,0.16480909287929535,0.02469848468899727,0.8023835513740778,0.04103338114824268
2871,social-group,prefix,gender_man,1,0.977022647857666,1,0.9525741338729858,False,0.024448513984680176,0.009562495164573193,0.17077545821666718,0.03690393269062042,0.7827581139281392,0.04401773220386258
2871,social-group,prefix,gender_woman,1,0.977022647857666,1,0.9525741338729858,False,0.024448513984680176,0.010482415556907654,0.17163841426372528,0.036646608263254166,0.7812325619161129,0.04791579427322332
2871,social-group,prefix,region_western_europe,1,0.9859364032745361,1,0.9525741338729858,False,0.03336226940155029,0.011253314092755318,0.1712188422679901,0.036989372223615646,0.7805384714156389,0.05127693297930138
2871,social-group,prefix,region_arab_culture,1,0.9796676635742188,1,0.9525741338729858,False,0.02709352970123291,0.01470309216529131,0.16832350194454193,0.03751082345843315,0.7794625824317336,0.06666937668633954
2871,social-group,prefix,placebo,1,0.9399133324623108,1,0.9525741338729858,False,-0.012660801410675049,0.012857139110565186,0.17207539081573486,0.03642052784562111,0.7786469422280788,0.05808430766659202
2871,social-group,suffix,gender_man,1,0.8354835510253906,1,0.9525741338729858,False,-0.11709058284759521,0.030821282416582108,0.1542837917804718,0.034801118075847626,0.7800938077270985,0.14015650081528028
2871,social-group,suffix,gender_woman,1,0.8175744414329529,1,0.9525741338729858,False,-0.13499969244003296,0.03491131216287613,0.15269295871257782,0.03482014313340187,0.7775755859911442,0.15695809436407523
2871,social-group,suffix,region_western_europe,1,0.8933094143867493,1,0.9525741338729858,False,-0.05926471948623657,0.029205836355686188,0.15740767121315002,0.03632986545562744,0.7770566269755363,0.13100114149830067
2871,social-group,suffix,region_arab_culture,1,0.851952850818634,1,0.9525741338729858,False,-0.1006212830543518,0.03768929839134216,0.14875130355358124,0.03369736671447754,0.7798620313405991,0.17120762320495161
2871,social-group,suffix,placebo,1,0.7981867790222168,1,0.9525741338729858,False,-0.15438735485076904,0.0353817380964756,0.15377375483512878,0.035351283848285675,0.7754932232201099,0.15759763960784315
2871,social-group,reworded,gender_man,1,0.977022647857666,1,0.9525741338729858,False,0.024448513984680176,0.012300089932978153,0.17096741497516632,0.036571990698575974,0.7801605043932796,0.055950319113642205
2871,social-group,reworded,gender_woman,1,0.977022647857666,1,0.9525741338729858,False,0.024448513984680176,0.0130339115858078,0.17138312757015228,0.036347340792417526,0.7792356200516224,0.0590399211541988
2871,social-group,reworded,region_western_europe,1,0.9820137619972229,1,0.9525741338729858,False,0.02943962812423706,0.013075828552246094,0.17091113328933716,0.03662509471178055,0.7793879434466362,0.05927068881243661
2871,social-group,reworded,region_arab_culture,1,0.9740425944328308,1,0.9525741338729858,False,0.02146846055984497,0.016907529905438423,0.1669079214334488,0.03653489425778389,0.7796496544033289,0.07673021732575785
2871,social-group,reworded,placebo,1,0.9525741338729858,1,0.9525741338729858,False,0.0,0.014500558376312256,0.1721377968788147,0.03581902012228966,0.7775426246225834,0.06518353617950813
2871,social-group,embedded,gender_man,1,0.7057850360870361,1,0.9525741338729858,False,-0.2467890977859497,0.004713151603937149,0.16670677065849304,0.0336548313498497,0.7949252463877201,0.022982602787118136
2871,social-group,embedded,gender_woman,1,0.6791787147521973,1,0.9525741338729858,False,-0.2733954191207886,0.005701450165361166,0.1677365005016327,0.03368833288550377,0.7928737164475024,0.02752644458044405
2871,social-group,embedded,region_western_europe,1,0.8933094143867493,1,0.9525741338729858,False,-0.05926471948623657,0.006755129434168339,0.1676870733499527,0.03327447548508644,0.7922833217307925,0.0325208812814418
2871,social-group,embedded,region_arab_culture,1,0.9626730680465698,1,0.9525741338729858,False,0.010098934173583984,0.008925031870603561,0.16511929035186768,0.033145274966955185,0.7928104028105736,0.04307664087229103
2871,social-group,embedded,placebo,0,0.09534946084022522,1,0.9525741338729858,True,-0.8572246730327606,0.008249911479651928,0.16676396131515503,0.032506365329027176,0.7924797618761659,0.03975473213715636
79,random,prefix,gender_man,1,0.9669140577316284,1,0.977022647857666,False,-0.010108590126037598,0.012922556139528751,0.17832094430923462,0.021084658801555634,0.787671840749681,0.06086124508946562
79,random,prefix,gender_woman,1,0.9465966820716858,1,0.977022647857666,False,-0.030425965785980225,0.013861464336514473,0.17924027144908905,0.021038461476564407,0.7858598027378321,0.06473079091985769
79,random,prefix,region_western_europe,1,0.9525741338729858,1,0.977022647857666,False,-0.024448513984680176,0.015285283327102661,0.17979353666305542,0.02178390510380268,0.7831372749060392,0.07048368187976961
79,random,prefix,region_arab_culture,1,0.9241418242454529,1,0.977022647857666,False,-0.052880823612213135,0.02123277820646763,0.17596130073070526,0.024340923875570297,0.7784649971872568,0.09584389797044872
79,random,prefix,placebo,1,0.8670357465744019,1,0.977022647857666,False,-0.10998690128326416,0.0180911086499691,0.1813921481370926,0.02622564509510994,0.7742910981178284,0.08015239318922976
79,random,suffix,gender_man,1,0.9046505093574524,1,0.977022647857666,False,-0.07237213850021362,0.03103618323802948,0.16279059648513794,0.020572073757648468,0.7856011465191841,0.14475909145104898
79,random,suffix,gender_woman,1,0.8670357465744019,1,0.977022647857666,False,-0.10998690128326416,0.03391951322555542,0.1611683964729309,0.02062765508890152,0.7842844352126122,0.1572418441802609
79,random,suffix,region_western_europe,1,0.9149009585380554,1,0.977022647857666,False,-0.062121689319610596,0.033314839005470276,0.16055747866630554,0.020104147493839264,0.7860235348343849,0.15569394035780995
79,random,suffix,region_arab_culture,0,0.5,1,0.977022647857666,True,-0.477022647857666,0.040987975895404816,0.15486417710781097,0.020080409944057465,0.7840674370527267,0.18981841059985624
79,random,suffix,placebo,1,0.5926666259765625,1,0.977022647857666,False,-0.3843560218811035,0.03301125392317772,0.16012981534004211,0.020979231223464012,0.7858796995133162,0.1541715280996007
79,random,reworded,gender_man,1,0.970687747001648,1,0.977022647857666,False,-0.006334900856018066,0.016555730253458023,0.1783273071050644,0.021171124652028084,0.7839458379894495,0.0766276849258269
79,random,reworded,gender_woman,1,0.9324532747268677,1,0.977022647857666,False,-0.04456937313079834,0.017364270985126495,0.17854511737823486,0.021013714373111725,0.7830768972635269,0.08004804820730095
79,random,reworded,region_western_europe,1,0.9324532747268677,1,0.977022647857666,False,-0.04456937313079834,0.017876751720905304,0.1791732758283615,0.021214742213487625,0.7817352302372456,0.08190397259409596
79,random,reworded,region_arab_culture,1,0.9324532747268677,1,0.977022647857666,False,-0.04456937313079834,0.023964717984199524,0.174148827791214,0.022484682500362396,0.7794017717242241,0.10863513352537252
79,random,reworded,placebo,1,0.8670357465744019,1,0.977022647857666,False,-0.10998690128326416,0.020299911499023438,0.1802414059638977,0.02462216466665268,0.7748365178704262,0.09015632245082059
79,random,embedded,gender_man,1,0.7549149990081787,1,0.977022647857666,False,-0.2221076488494873,0.005048871040344238,0.16939912736415863,0.018884137272834778,0.8066678643226624,0.026115011985232344
79,random,embedded,gender_woman,1,0.6791787147521973,1,0.977022647857666,False,-0.29784393310546875,0.005879611242562532,0.17059919238090515,0.018563270568847656,0.8049579258076847,0.030145348212227887
79,random,embedded,region_western_europe,1,0.9046505093574524,1,0.977022647857666,False,-0.07237213850021362,0.007901875302195549,0.16990719735622406,0.01843593642115593,0.8037549909204245,0.04026535675611201
79,random,embedded,region_arab_culture,1,0.8670357465744019,1,0.977022647857666,False,-0.10998690128326416,0.010825809091329575,0.16823676228523254,0.018385006114840508,0.8025524225085974,0.05482877647258528
79,random,embedded,placebo,0,0.22270014882087708,1,0.977022647857666,True,-0.7543224990367889,0.00846051424741745,0.16887341439723969,0.01789116859436035,0.8047749027609825,0.04333722644819121
4506,moral,prefix,gender_man,1,0.7549149990081787,1,0.5926666259765625,False,0.1622483730316162,0.011176074855029583,0.172733873128891,0.03335301950573921,0.7827370325103402,0.0514403120981098
4506,moral,prefix,gender_woman,1,0.6513549089431763,1,0.5926666259765625,False,0.05868828296661377,0.011938905343413353,0.1726590394973755,0.033629678189754486,0.7817723769694567,0.054708497382764294
4506,moral,prefix,region_western_europe,1,0.8807970285415649,1,0.5926666259765625,False,0.28813040256500244,0.013796254992485046,0.17403608560562134,0.03330954536795616,0.7788581140339375,0.062386439964622
4506,moral,prefix,region_arab_culture,1,0.7772998809814453,1,0.5926666259765625,False,0.1846332550048828,0.01998259127140045,0.16908404231071472,0.03863602131605148,0.7722973451018333,0.08775739255362253
4506,moral,prefix,placebo,1,0.622459352016449,1,0.5926666259765625,False,0.029792726039886475,0.01684635877609253,0.17549356818199158,0.037180665880441666,0.7704794071614742,0.073398027461285
4506,moral,suffix,gender_man,0,0.08509904146194458,1,0.5926666259765625,True,-0.5075675845146179,0.03078491985797882,0.16006596386432648,0.03133198618888855,0.7778171300888062,0.1385566757251966
4506,moral,suffix,gender_woman,0,0.11920291930437088,1,0.5926666259765625,True,-0.4734637066721916,0.03369704633951187,0.15814964473247528,0.03091472014784813,0.7772385887801647,0.1512696752771846
4506,moral,suffix,region_western_europe,0,0.3775406777858734,1,0.5926666259765625,True,-0.2151259481906891,0.031698256731033325,0.15801560878753662,0.030752256512641907,0.7795338779687881,0.1437783566880436
4506,moral,suffix,region_arab_culture,0,0.06008664518594742,1,0.5926666259765625,True,-0.5325799807906151,0.039726756513118744,0.15450653433799744,0.030999138951301575,0.7747675701975822,0.17638115678087976
4506,moral,suffix,placebo,0,0.037326883524656296,1,0.5926666259765625,True,-0.5553397424519062,0.03537603095173836,0.1556301712989807,0.03191734105348587,0.7770764566957951,0.158691318231308
4506,moral,reworded,gender_man,1,0.7057850360870361,1,0.5926666259765625,False,0.11311841011047363,0.014673585072159767,0.1731417030096054,0.032848674803972244,0.7793360371142626,0.06649742386688638
4506,moral,reworded,gender_woman,1,0.562176525592804,1,0.5926666259765625,False,-0.030490100383758545,0.015192986465990543,0.17260488867759705,0.03307560458779335,0.7791265202686191,0.06878592434215168
4506,moral,reworded,region_western_europe,1,0.8354835510253906,1,0.5926666259765625,False,0.24281692504882812,0.01623404026031494,0.17383970320224762,0.032526645809412,0.7773996107280254,0.07292907399402652
4506,moral,reworded,region_arab_culture,1,0.7310585379600525,1,0.5926666259765625,False,0.13839191198349,0.02331717498600483,0.16761580109596252,0.037590328603982925,0.7714766953140497,0.10203412303199719
4506,moral,reworded,placebo,1,0.5926666259765625,1,0.5926666259765625,False,0.0,0.019094059243798256,0.17390643060207367,0.036075159907341,0.7709243502467871,0.08335263597142957
4506,moral,embedded,gender_man,0,0.11920291930437088,1,0.5926666259765625,True,-0.4734637066721916,0.004794812295585871,0.169905424118042,0.030057070776820183,0.795242692809552,0.023417050953527824
4506,moral,embedded,gender_woman,0,0.2018132209777832,1,0.5926666259765625,True,-0.3908534049987793,0.00519181415438652,0.1689978837966919,0.029813237488269806,0.7959970645606518,0.025449703178070642
4506,moral,embedded,region_western_europe,0,0.3208213150501251,1,0.5926666259765625,True,-0.2718453109264374,0.007303887978196144,0.17158322036266327,0.029310060665011406,0.7918028309941292,0.03508159122946665
4506,moral,embedded,region_arab_culture,0,0.0534033328294754,1,0.5926666259765625,True,-0.5392632931470871,0.00994408130645752,0.16902488470077515,0.029108606278896332,0.791922427713871,0.04779026012848391
4506,moral,embedded,placebo,0,0.0031726830638945103,1,0.5926666259765625,True,-0.589493942912668,0.008659631945192814,0.1668386459350586,0.028722528368234634,0.795779193751514,0.04240327958874176
2904,social-group,prefix,gender_man,0,0.29421496391296387,0,0.3775406777858734,False,-0.08332571387290955,0.013780009932816029,0.17342588305473328,0.027126086875796318,0.7856680201366544,0.06429283180980237
2904,social-group,prefix,gender_woman,0,0.24508501589298248,0,0.3775406777858734,False,-0.13245566189289093,0.014834651723504066,0.17371688783168793,0.02674121968448162,0.7847072407603264,0.0689045547834215
2904,social-group,prefix,region_western_europe,0,0.3775406777858734,0,0.3775406777858734,False,0.0,0.01674271747469902,0.17345425486564636,0.027964400127530098,0.7818386275321245,0.0767446467965561
2904,social-group,prefix,region_arab_culture,1,0.562176525592804,0,0.3775406777858734,True,0.18463584780693054,0.025704357773065567,0.16387489438056946,0.03393597900867462,0.7764847688376904,0.11500047508798128
2904,social-group,prefix,placebo,0,0.07585817575454712,0,0.3775406777858734,False,-0.3016825020313263,0.02224287949502468,0.16853351891040802,0.03817794471979141,0.7710456568747759,0.09714984739494187
2904,social-group,suffix,gender_man,0,0.042087726294994354,0,0.3775406777858734,False,-0.33545295149087906,0.030734380707144737,0.16048426926136017,0.024300165474414825,0.7844811845570803,0.14260648493256384
2904,social-group,suffix,gender_woman,0,0.06008664518594742,0,0.3775406777858734,False,-0.317454032599926,0.03360036760568619,0.15872257947921753,0.024270208552479744,0.7834068443626165,0.15513125290966878
2904,social-group,suffix,region_western_europe,0,0.3208213150501251,0,0.3775406777858734,False,-0.05671936273574829,0.03344064950942993,0.1600438356399536,0.0245968010276556,0.7819187138229609,0.15334029845313135
2904,social-group,suffix,region_arab_culture,0,0.14804719388484955,0,0.3775406777858734,False,-0.22949348390102386,0.04379254952073097,0.1491435170173645,0.023622047156095505,0.783441886305809,0.20222077470887057
2904,social-group,suffix,placebo,0,0.020332353189587593,0,0.3775406777858734,False,-0.3572083245962858,0.03831525892019272,0.15330378711223602,0.02579312212765217,0.7825878318399191,0.17623327730203736
2904,social-group,reworded,gender_man,0,0.29421496391296387,0,0.3775406777858734,False,-0.08332571387290955,0.01767987385392189,0.17236436903476715,0.027366310358047485,0.7825894467532635,0.08132021923451536
2904,social-group,reworded,gender_woman,0,0.24508501589298248,0,0.3775406777858734,False,-0.13245566189289093,0.018438516184687614,0.17264369130134583,0.026971278712153435,0.7819465138018131,0.08455960281198628
2904,social-group,reworded,region_western_europe,0,0.3775406777858734,0,0.3775406777858734,False,0.0,0.01951523870229721,0.17303794622421265,0.026551367715001106,0.780895447358489,0.08906815703746315
2904,social-group,reworded,region_arab_culture,1,0.531209409236908,0,0.3775406777858734,True,0.15366873145103455,0.03101738914847374,0.1573493331670761,0.032452456653118134,0.779180821031332,0.1404651049484918
2904,social-group,reworded,placebo,0,0.0534033328294754,0,0.3775406777858734,False,-0.324137344956398,0.02397032082080841,0.1700461208820343,0.03506143391132355,0.7709221243858337,0.10463830588852413
2904,social-group,embedded,gender_man,0,0.14804719388484955,0,0.3775406777858734,False,-0.22949348390102386,0.005452451296150684,0.16539700329303741,0.023164767771959305,0.8059857776388526,0.028103358763056193
2904,social-group,embedded,gender_woman,0,0.24508501589298248,0,0.3775406777858734,False,-0.13245566189289093,0.005957308225333691,0.1660114824771881,0.022993577644228935,0.8050376316532493,0.03055619541273887
2904,social-group,embedded,region_western_europe,0,0.43782350420951843,0,0.3775406777858734,False,0.06028282642364502,0.007873046211898327,0.16707588732242584,0.0227639302611351,0.8022871362045407,0.03982060681718344
2904,social-group,embedded,region_arab_culture,1,0.6513549089431763,0,0.3775406777858734,True,0.27381423115730286,0.011547744274139404,0.16388502717018127,0.02207503840327263,0.8024921901524067,0.05846727925873012
2904,social-group,embedded,placebo,0,0.005220125894993544,0,0.3775406777858734,False,-0.37232055189087987,0.009059221483767033,0.1651652604341507,0.02187722735106945,0.8038982907310128,0.04619654523939286
95,random,prefix,gender_man,1,0.9840936064720154,1,0.9465966820716858,False,0.03749692440032959,0.012475293129682541,0.17240741848945618,0.02619345113635063,0.7889238372445107,0.05910327801502589
95,random,prefix,gender_woman,1,0.9626730680465698,1,0.9465966820716858,False,0.016076385974884033,0.013654500246047974,0.17301152646541595,0.026274360716342926,0.7870596125721931,0.06412358130360431
95,random,prefix,region_western_europe,1,0.9840936064720154,1,0.9465966820716858,False,0.03749692440032959,0.014885038137435913,0.173778235912323,0.02611153945326805,0.785225186496973,0.06930532446825348
95,random,prefix,region_arab_culture,1,0.977022647857666,1,0.9465966820716858,False,0.030425965785980225,0.01955346390604973,0.17426925897598267,0.027507495135068893,0.7786697819828987,0.08834520690951884
95,random,prefix,placebo,1,0.8175744414329529,1,0.9465966820716858,False,-0.1290222406387329,0.016050633043050766,0.17815260589122772,0.027150414884090424,0.7786463461816311,0.07251126315819058
95,random,suffix,gender_man,1,0.6791787147521973,1,0.9465966820716858,False,-0.2674179673194885,0.031149473041296005,0.15983343124389648,0.025250930339097977,0.7837661653757095,0.1440545745092052
95,random,suffix,gender_woman,1,0.622459352016449,1,0.9465966820716858,False,-0.3241373300552368,0.034243885427713394,0.1587025374174118,0.025094758719205856,0.781958818435669,0.15705237506984454
95,random,suffix,region_western_europe,1,0.6791787147521973,1,0.9465966820716858,False,-0.2674179673194885,0.03383786976337433,0.1564125418663025,0.02434232458472252,0.7854072637856007,0.1576841339567382
95,random,suffix,region_arab_culture,0,0.5,1,0.9465966820716858,True,-0.4465966820716858,0.039810676127672195,0.15369553864002228,0.023973925039172173,0.7825198601931334,0.1830543063059739
95,random,suffix,placebo,0,0.29421496391296387,1,0.9465966820716858,True,-0.6523817181587219,0.0341147780418396,0.15868587791919708,0.025244195014238358,0.781955149024725,0.15645761818841578
95,random,reworded,gender_man,1,0.9740425944328308,1,0.9465966820716858,False,0.02744591236114502,0.016028422862291336,0.1726507544517517,0.026147574186325073,0.7851732484996319,0.07461092601525407
95,random,reworded,gender_woman,1,0.9241418242454529,1,0.9465966820716858,False,-0.02245485782623291,0.01682659052312374,0.17227482795715332,0.026131439954042435,0.7847671415656805,0.078178539492187
95,random,reworded,region_western_europe,1,0.977022647857666,1,0.9465966820716858,False,0.030425965785980225,0.017446760088205338,0.17399862408638,0.02545800432562828,0.7830966114997864,0.08043562716489398
95,random,reworded,region_arab_culture,1,0.9399133324623108,1,0.9465966820716858,False,-0.006683349609375,0.02263529598712921,0.1729353815317154,0.02609630674123764,0.7783330157399178,0.1021139709311477
95,random,reworded,placebo,1,0.7772998809814453,1,0.9465966820716858,False,-0.16929680109024048,0.018216462805867195,0.17735429108142853,0.02638496644794941,0.7780442796647549,0.0820725087794664
95,random,embedded,gender_man,0,0.43782350420951843,1,0.9465966820716858,True,-0.5087731778621674,0.0045460485853254795,0.1684425175189972,0.02394261211156845,0.8030688217841089,0.023084453292315912
95,random,embedded,gender_woman,0,0.5,1,0.9465966820716858,True,-0.4465966820716858,0.0052059912122786045,0.16866184771060944,0.023736007511615753,0.8023961535654962,0.026345596536776632
95,random,embedded,region_western_europe,1,0.851952850818634,1,0.9465966820716858,False,-0.09464383125305176,0.008344901725649834,0.1699771285057068,0.023088864982128143,0.7985891047865152,0.041432225981641584
95,random,embedded,region_arab_culture,1,0.5926666259765625,1,0.9465966820716858,False,-0.3539300560951233,0.010194849222898483,0.16656340658664703,0.022480379790067673,0.8007613644003868,0.0511690375323885
95,random,embedded,placebo,0,0.07585817575454712,1,0.9465966820716858,True,-0.8707385063171387,0.009124682284891605,0.1673315465450287,0.022660480812191963,0.8008832903578877,0.04582579885581726
3759,social-group,prefix,gender_man,1,0.9046505093574524,1,0.8354835510253906,False,0.06916695833206177,0.014497368596494198,0.1697780340909958,0.01962387003004551,0.7961007272824645,0.07110063907181075
3759,social-group,prefix,gender_woman,1,0.9399133324623108,1,0.8354835510253906,False,0.10442978143692017,0.015565295703709126,0.16952501237392426,0.0192046407610178,0.7957050511613488,0.07619031107813802
3759,social-group,prefix,region_western_europe,1,0.8807970285415649,1,0.8354835510253906,False,0.045313477516174316,0.01851542294025421,0.16951042413711548,0.020766932517290115,0.7912072204053402,0.08867846376775651
3759,social-group,prefix,region_arab_culture,1,0.9399133324623108,1,0.8354835510253906,False,0.10442978143692017,0.026684680953621864,0.15926039218902588,0.023215074092149734,0.7908398527652025,0.12758014041588128
3759,social-group,prefix,placebo,1,0.6791787147521973,1,0.8354835510253906,False,-0.15630483627319336,0.022794734686613083,0.16603069007396698,0.024860017001628876,0.7863145582377911,0.10667425210922542
3759,social-group,suffix,gender_man,1,0.562176525592804,1,0.8354835510253906,False,-0.27330702543258667,0.0313868410885334,0.15537866950035095,0.018053743988275528,0.7951807454228401,0.15324165276028429
3759,social-group,suffix,gender_woman,1,0.6513549089431763,1,0.8354835510253906,False,-0.18412864208221436,0.034467149525880814,0.1540709137916565,0.01793045550584793,0.7935314811766148,0.16693658540440384
3759,social-group,suffix,region_western_europe,1,0.622459352016449,1,0.8354835510253906,False,-0.21302419900894165,0.036207348108291626,0.15553180873394012,0.018408913165330887,0.7898519299924374,0.17229445936376492
3759,social-group,suffix,region_arab_culture,1,0.562176525592804,1,0.8354835510253906,False,-0.27330702543258667,0.045061878859996796,0.1446123570203781,0.017084676772356033,0.7932410873472691,0.21794406965025023
3759,social-group,suffix,placebo,1,0.5926666259765625,1,0.8354835510253906,False,-0.24281692504882812,0.03462180122733116,0.15272901952266693,0.018334681168198586,0.7943144980818033,0.16832397473060898
3759,social-group,reworded,gender_man,1,0.8807970285415649,1,0.8354835510253906,False,0.045313477516174316,0.01838800683617592,0.16614201664924622,0.019695820286870003,0.7957741562277079,0.09003760981728733
3759,social-group,reworded,gender_woman,1,0.9149009585380554,1,0.8354835510253906,False,0.0794174075126648,0.019333668053150177,0.16671288013458252,0.019036849960684776,0.7949166018515825,0.09427222402058372
3759,social-group,reworded,region_western_europe,1,0.8354835510253906,1,0.8354835510253906,False,0.0,0.021660618484020233,0.16834940016269684,0.02029939368367195,0.789690587669611,0.10299405168795836
3759,social-group,reworded,region_arab_culture,1,0.9241418242454529,1,0.8354835510253906,False,0.08865827322006226,0.031087882816791534,0.15622173249721527,0.02247864007949829,0.7902117446064949,0.14818695526343556
3759,social-group,reworded,placebo,1,0.5926666259765625,1,0.8354835510253906,False,-0.24281692504882812,0.024847276508808136,0.16577816009521484,0.024249490350484848,0.7851250730454922,0.11563599746595223
3759,social-group,embedded,gender_man,1,0.6513549089431763,1,0.8354835510253906,False,-0.18412864208221436,0.005065396428108215,0.16475750505924225,0.01742270216345787,0.8127543963491917,0.02705215144893122
3759,social-group,embedded,gender_woman,1,0.7772998809814453,1,0.8354835510253906,False,-0.05818367004394531,0.0060670445673167706,0.16669069230556488,0.017225190997123718,0.8100170721299946,0.03193468294934431
3759,social-group,embedded,region_western_europe,1,0.7057850360870361,1,0.8354835510253906,False,-0.1296985149383545,0.009241197258234024,0.16681286692619324,0.017426669597625732,0.806519266217947,0.04776288097317122
3759,social-group,embedded,region_arab_culture,1,0.9525741338729858,1,0.8354835510253906,False,0.11709058284759521,0.01300426758825779,0.16197866201400757,0.016410784795880318,0.8086062856018543,0.06794511318802109
3759,social-group,embedded,placebo,1,0.5926666259765625,1,0.8354835510253906,False,-0.24281692504882812,0.00832761637866497,0.1627647876739502,0.01682402193546295,0.8120835740119219,0.04431553194393605
3605,social-group,prefix,gender_man,1,0.9740425944328308,1,0.9796676635742188,False,-0.0056250691413879395,0.009646471589803696,0.1662645787000656,0.04571880027651787,0.7783701494336128,0.043525145936576734
3605,social-group,prefix,gender_woman,1,0.9525741338729858,1,0.9796676635742188,False,-0.02709352970123291,0.010576829314231873,0.16645130515098572,0.04613678902387619,0.7768350765109062,0.047394676317708904
3605,social-group,prefix,region_western_europe,1,0.9669140577316284,1,0.9796676635742188,False,-0.012753605842590332,0.011600872501730919,0.1666664034128189,0.0467279814183712,0.775004742667079,0.05156052016049981
3605,social-group,prefix,region_arab_culture,1,0.9399133324623108,1,0.9796676635742188,False,-0.03975433111190796,0.016968347132205963,0.1619683802127838,0.056370992213487625,0.7646922804415226,0.07211130669255023
3605,social-group,prefix,placebo,1,0.8670357465744019,1,0.9796676635742188,False,-0.1126319169998169,0.01372529473155737,0.16672652959823608,0.05637599527835846,0.7631721803918481,0.057954740090361105
3605,social-group,suffix,gender_man,1,0.7772998809814453,1,0.9796676635742188,False,-0.20236778259277344,0.027794748544692993,0.15478375554084778,0.03955601155757904,0.7778654843568802,0.1251257530340215
3605,social-group,suffix,gender_woman,1,0.7310585379600525,1,0.9796676635742188,False,-0.24860912561416626,0.03272686153650284,0.1528715342283249,0.0399777926504612,0.7744238115847111,0.1450811886060076
3605,social-group,suffix,region_western_europe,1,0.7310585379600525,1,0.9796676635742188,False,-0.24860912561416626,0.030277926474809647,0.15416225790977478,0.03984712436795235,0.7757126912474632,0.13499616471039935
3605,social-group,suffix,region_arab_culture,0,0.4687906503677368,1,0.9796676635742188,True,-0.5108770132064819,0.038059357553720474,0.14895129203796387,0.0397859662771225,0.7732033841311932,0.16781272246026968
3605,social-group,suffix,placebo,0,0.4073334336280823,1,0.9796676635742188,True,-0.5723342299461365,0.03445854038000107,0.1512114405632019,0.04165464639663696,0.7726753726601601,0.15158296214200814
3605,social-group,reworded,gender_man,1,0.957912266254425,1,0.9796676635742188,False,-0.0217553973197937,0.012807842344045639,0.1669260561466217,0.044643335044384,0.7756227664649487,0.0570817374929656
3605,social-group,reworded,gender_woman,1,0.9241418242454529,1,0.9796676635742188,False,-0.05552583932876587,0.013562243431806564,0.16684654355049133,0.044470783323049545,0.7751204296946526,0.060308917405842564
3605,social-group,reworded,region_western_europe,1,0.970687747001648,1,0.9796676635742188,False,-0.0089799165725708,0.01373097114264965,0.16630055010318756,0.04458595812320709,0.7753825206309557,0.06113046580889549
3605,social-group,reworded,region_arab_culture,1,0.9626730680465698,1,0.9796676635742188,False,-0.016994595527648926,0.019392170011997223,0.16200271248817444,0.05063582584261894,0.7679692916572094,0.0835758773073614
3605,social-group,reworded,placebo,1,0.8933094143867493,1,0.9796676635742188,False,-0.08635824918746948,0.015398072078824043,0.16762197017669678,0.05139053612947464,0.7655894216150045,0.06568846928714232
3605,social-group,embedded,gender_man,1,0.9324532747268677,1,0.9796676635742188,False,-0.047214388847351074,0.0042480346746742725,0.16310769319534302,0.03832542896270752,0.7943188431672752,0.02065349466178416
3605,social-group,embedded,gender_woman,1,0.9046505093574524,1,0.9796676635742188,False,-0.07501715421676636,0.005247536581009626,0.16538859903812408,0.038736652582883835,0.7906272117979825,0.025063126044567143
3605,social-group,embedded,region_western_europe,1,0.9796676635742188,1,0.9796676635742188,False,0.0,0.006334315054118633,0.1653231382369995,0.03825901076197624,0.7900835359469056,0.03017540850210057
3605,social-group,embedded,region_arab_culture,1,0.8807970285415649,1,0.9796676635742188,False,-0.09887063503265381,0.008378997445106506,0.16479478776454926,0.038835715502500534,0.7879904992878437,0.03952180169738057
3605,social-group,embedded,placebo,1,0.622459352016449,1,0.9796676635742188,False,-0.3572083115577698,0.007151061203330755,0.16204339265823364,0.03869270533323288,0.7921128408052027,0.03439876340139878
951,random,prefix,gender_man,1,0.9914224743843079,1,0.9669140577316284,False,0.024508416652679443,0.01203559897840023,0.1699323207139969,0.03268969804048538,0.7853423822671175,0.05606881836067515
951,random,prefix,gender_woman,1,0.970687747001648,1,0.9669140577316284,False,0.0037736892700195312,0.012950827367603779,0.17092961072921753,0.032488010823726654,0.783631551079452,0.05985543378535479
951,random,prefix,region_western_europe,1,0.9859364032745361,1,0.9669140577316284,False,0.019022345542907715,0.014141442254185677,0.17058736085891724,0.0324094295501709,0.7828617673367262,0.06512645000715032
951,random,prefix,region_arab_culture,1,0.9924227595329285,1,0.9669140577316284,False,0.02550870180130005,0.020179172977805138,0.16593876481056213,0.03596557676792145,0.7779164854437113,0.09086299367209706
951,random,prefix,placebo,1,0.9914224743843079,1,0.9669140577316284,False,0.024508416652679443,0.01618444174528122,0.1714288294315338,0.03429483249783516,0.7780918963253498,0.07293308120468635
951,random,suffix,gender_man,1,0.8175744414329529,1,0.9669140577316284,False,-0.14933961629867554,0.03018157184123993,0.15564119815826416,0.029405448585748672,0.7847717814147472,0.14023055173541238
951,random,suffix,gender_woman,1,0.7549149990081787,1,0.9669140577316284,False,-0.2119990587234497,0.03305009752511978,0.15479496121406555,0.028843972831964493,0.7833109684288502,0.15252316781095487
951,random,suffix,region_western_europe,1,0.8175744414329529,1,0.9669140577316284,False,-0.14933961629867554,0.03117295354604721,0.15868298709392548,0.02966080605983734,0.78048325330019,0.14200717719580794
951,random,suffix,region_arab_culture,1,0.7057850360870361,1,0.9669140577316284,False,-0.2611290216445923,0.03707500919699669,0.1549474596977234,0.029294032603502274,0.7786834985017776,0.167520311165295
951,random,suffix,placebo,1,0.8807970285415649,1,0.9669140577316284,False,-0.08611702919006348,0.032675471156835556,0.15502552688121796,0.030763937160372734,0.7815350648015738,0.14956849311839102
951,random,reworded,gender_man,1,0.9933071732521057,1,0.9669140577316284,False,0.026393115520477295,0.015407558530569077,0.16949988901615143,0.03268527612090111,0.7824072763323784,0.07080916250721928
951,random,reworded,gender_woman,1,0.970687747001648,1,0.9669140577316284,False,0.0037736892700195312,0.016055425629019737,0.170349583029747,0.0315931960940361,0.7820017952471972,0.0736493479257118
951,random,reworded,region_western_europe,1,0.970687747001648,1,0.9669140577316284,False,0.0037736892700195312,0.016732551157474518,0.17078718543052673,0.031088383868336678,0.7813918795436621,0.07654130652853067
951,random,reworded,region_arab_culture,1,0.9840936064720154,1,0.9669140577316284,False,0.017179548740386963,0.02366388961672783,0.16503988206386566,0.033998582512140274,0.7772976458072662,0.1062579230583631
951,random,reworded,placebo,1,0.9740425944328308,1,0.9669140577316284,False,0.007128536701202393,0.01845589652657509,0.1730251908302307,0.03286082297563553,0.7756580896675587,0.08226682432732339
951,random,embedded,gender_man,1,0.9399133324623108,1,0.9669140577316284,False,-0.027000725269317627,0.0047938101924955845,0.16575412452220917,0.027847252786159515,0.8016048124991357,0.024162935869977697
951,random,embedded,gender_woman,1,0.7981867790222168,1,0.9669140577316284,False,-0.16872727870941162,0.005296514369547367,0.1663675308227539,0.027780964970588684,0.80055498983711,0.026556264131259128
951,random,embedded,region_western_europe,1,0.9796676635742188,1,0.9669140577316284,False,0.012753605842590332,0.007069227751344442,0.167281836271286,0.028203841298818588,0.797445094678551,0.034900303896001794
951,random,embedded,region_arab_culture,1,0.851952850818634,1,0.9669140577316284,False,-0.11496120691299438,0.009220432490110397,0.16703608632087708,0.02794278785586357,0.795800693333149,0.04515408323669499
951,random,embedded,placebo,1,0.562176525592804,1,0.9669140577316284,False,-0.40473753213882446,0.007749809417873621,0.16635249555110931,0.026771433651447296,0.7991262613795698,0.038580500721986426
677,random,prefix,gender_man,1,0.9669140577316284,1,0.970687747001648,False,-0.0037736892700195312,0.011139988899230957,0.1699400246143341,0.03351982310414314,0.7854001633822918,0.051910519014401316
677,random,prefix,gender_woman,1,0.9149009585380554,1,0.970687747001648,False,-0.05578678846359253,0.012082591652870178,0.17111457884311676,0.033733874559402466,0.7830689549446106,0.055697844675874346
677,random,prefix,region_western_europe,1,0.9902915358543396,1,0.970687747001648,False,0.01960378885269165,0.012916320003569126,0.17104659974575043,0.034806109964847565,0.7812309702858329,0.05904089815841372
677,random,prefix,region_arab_culture,1,0.977022647857666,1,0.970687747001648,False,0.006334900856018066,0.01831660233438015,0.16935516893863678,0.03692624717950821,0.7754019815474749,0.08155282250743391
677,random,prefix,placebo,1,0.9324532747268677,1,0.970687747001648,False,-0.03823447227478027,0.014308025129139423,0.17303164303302765,0.03545757383108139,0.7772027580067515,0.06421993827721174
677,random,suffix,gender_man,1,0.8354835510253906,1,0.970687747001648,False,-0.13520419597625732,0.030561666935682297,0.15723662078380585,0.0329265221953392,0.7792751900851727,0.1384604972475697
677,random,suffix,gender_woman,1,0.7310585379600525,1,0.970687747001648,False,-0.23962920904159546,0.03619891405105591,0.15366819500923157,0.033053722232580185,0.7770791687071323,0.16238461807770088
677,random,suffix,region_western_europe,1,0.7057850360870361,1,0.970687747001648,False,-0.2649027109146118,0.03193192183971405,0.15553522109985352,0.032464489340782166,0.7800683677196503,0.14519021892680728
677,random,suffix,region_arab_culture,0,0.4687906503677368,1,0.970687747001648,True,-0.5018970966339111,0.03984580934047699,0.14945490658283234,0.03146183118224144,0.7792374528944492,0.18049170868383735
677,random,suffix,placebo,1,0.8175744414329529,1,0.970687747001648,False,-0.15311330556869507,0.033998485654592514,0.15579119324684143,0.033018942922353745,0.7771913781762123,0.1525905298291412
677,random,reworded,gender_man,1,0.9626730680465698,1,0.970687747001648,False,-0.008014678955078125,0.01427852176129818,0.17043869197368622,0.03320617228746414,0.7820766139775515,0.06552083290329994
677,random,reworded,gender_woman,1,0.8933094143867493,1,0.970687747001648,False,-0.07737833261489868,0.015168017707765102,0.1702919602394104,0.03343021869659424,0.7811098033562303,0.06929509836591774
677,random,reworded,region_western_europe,1,0.9740425944328308,1,0.970687747001648,False,0.0033548474311828613,0.014932303689420223,0.1705758273601532,0.03358297795057297,0.7809088909998536,0.06815568079218699
677,random,reworded,region_arab_culture,1,0.970687747001648,1,0.970687747001648,False,0.0,0.02087024226784706,0.16844646632671356,0.03508339077234268,0.7755999006330967,0.09300460350386638
677,random,reworded,placebo,1,0.9046505093574524,1,0.970687747001648,False,-0.06603723764419556,0.016509296372532845,0.17238368093967438,0.03445659950375557,0.7766504231840372,0.07391684644263416
677,random,embedded,gender_man,0,0.4687906503677368,1,0.970687747001648,True,-0.5018970966339111,0.004500850103795528,0.1681113988161087,0.031332798302173615,0.7960549527779222,0.022068935554460937
677,random,embedded,gender_woman,0,0.16451644897460938,1,0.970687747001648,True,-0.8061712980270386,0.00563172809779644,0.16931726038455963,0.030995916575193405,0.7940550949424505,0.0273457995779148
677,random,embedded,region_western_europe,1,0.7772998809814453,1,0.970687747001648,False,-0.19338786602020264,0.007207338698208332,0.16843093931674957,0.03075319342315197,0.7936085285618901,0.0349207195820084
677,random,embedded,region_arab_culture,1,0.7057850360870361,1,0.970687747001648,False,-0.2649027109146118,0.009754231199622154,0.1653246134519577,0.03029637224972248,0.7946247830986977,0.04749468483487844
677,random,embedded,placebo,0,0.008577484637498856,1,0.970687747001648,True,-0.9621102623641491,0.008700216189026833,0.16457800567150116,0.03013027459383011,0.7965915035456419,0.04277213754922491
1791,social-group,prefix,gender_man,1,0.531209409236908,0,0.4687906503677368,True,0.06241875886917114,0.010784017853438854,0.17086467146873474,0.02845694310963154,0.7898943675681949,0.05132664807041319
1791,social-group,prefix,gender_woman,0,0.43782350420951843,0,0.4687906503677368,False,-0.030967146158218384,0.011805916205048561,0.17131252586841583,0.028735067695379257,0.7881464902311563,0.055726790733512804
1791,social-group,prefix,region_western_europe,1,0.531209409236908,0,0.4687906503677368,True,0.06241875886917114,0.013483978807926178,0.16949929296970367,0.02913626655936241,0.7878804616630077,0.06356783026042755
1791,social-group,prefix,region_arab_culture,1,0.531209409236908,0,0.4687906503677368,True,0.06241875886917114,0.01902524009346962,0.16429506242275238,0.03209095075726509,0.7845887467265129,0.08832054873806935
1791,social-group,prefix,placebo,0,0.4687906503677368,0,0.4687906503677368,False,0.0,0.014891412109136581,0.17215675115585327,0.030802294611930847,0.7821495421230793,0.06835612031419187
1791,social-group,suffix,gender_man,0,0.06754669547080994,0,0.4687906503677368,False,-0.4012439548969269,0.03136706352233887,0.15477526187896729,0.026991942897439003,0.7868657317012548,0.1471704375495939
1791,social-group,suffix,gender_woman,0,0.06754669547080994,0,0.4687906503677368,False,-0.4012439548969269,0.037854768335819244,0.1507149487733841,0.027086718007922173,0.7843435648828745,0.17553275567807602
1791,social-group,suffix,region_western_europe,0,0.18242551386356354,0,0.4687906503677368,False,-0.2863651365041733,0.03093089908361435,0.15675699710845947,0.027322567999362946,0.7849895358085632,0.14385764525430123
1791,social-group,suffix,region_arab_culture,0,0.22270014882087708,0,0.4687906503677368,False,-0.24609050154685974,0.03877081349492073,0.14629533886909485,0.02727791666984558,0.7876559309661388,0.1825848664920243
1791,social-group,suffix,placebo,0,0.03308597952127457,0,0.4687906503677368,False,-0.43570467084646225,0.036402828991413116,0.15289711952209473,0.02812926284968853,0.7825707886368036,0.1674238192889611
1791,social-group,reworded,gender_man,1,0.531209409236908,0,0.4687906503677368,True,0.06241875886917114,0.014179385267198086,0.1706075221300125,0.028144173324108124,0.7870689192786813,0.06659143051904137
1791,social-group,reworded,gender_woman,0,0.43782350420951843,0,0.4687906503677368,False,-0.030967146158218384,0.01508003007620573,0.17081351578235626,0.028357474133372307,0.7857489800080657,0.07038486947120921
1791,social-group,reworded,region_western_europe,0,0.43782350420951843,0,0.4687906503677368,False,-0.030967146158218384,0.015916943550109863,0.16875915229320526,0.02823137864470482,0.7870925255119801,0.07475990961982638
1791,social-group,reworded,region_arab_culture,0,0.5,0,0.4687906503677368,False,0.031209349632263184,0.021796071901917458,0.16214562952518463,0.03014199435710907,0.7859163042157888,0.10181098482103529
1791,social-group,reworded,placebo,0,0.4073334336280823,0,0.4687906503677368,False,-0.06145721673965454,0.01739729754626751,0.17049430310726166,0.02982959896326065,0.7822788003832102,0.07990630943099901
1791,social-group,embedded,gender_man,0,0.4073334336280823,0,0.4687906503677368,False,-0.06145721673965454,0.004481508396565914,0.16667592525482178,0.025288714095950127,0.8035538522526622,0.02281291055057936
1791,social-group,embedded,gender_woman,0,0.2689414322376251,0,0.4687906503677368,False,-0.1998492181301117,0.005789454560726881,0.16786187887191772,0.025141363963484764,0.8012073026038706,0.029123074622758278
1791,social-group,embedded,region_western_europe,1,0.531209409236908,0,0.4687906503677368,True,0.06241875886917114,0.007270138245075941,0.16726809740066528,0.024884279817342758,0.800577484536916,0.03645595497676765
1791,social-group,embedded,region_arab_culture,1,0.6791787147521973,0,0.4687906503677368,True,0.21038806438446045,0.009343394078314304,0.16448773443698883,0.02488577924668789,0.801283092238009,0.047018616500942925
1791,social-group,embedded,placebo,0,0.004070138093084097,0,0.4687906503677368,False,-0.4647205122746527,0.008771590888500214,0.1640176624059677,0.02458723448216915,0.8026235122233629,0.044440910806086815
2806,social-group,prefix,gender_man,1,0.9740425944328308,1,0.531209409236908,False,0.44283318519592285,0.012448502704501152,0.1713891476392746,0.02648243121802807,0.7896799184381962,0.05918836951783458
2806,social-group,prefix,gender_woman,1,0.9399133324623108,1,0.531209409236908,False,0.40870392322540283,0.013419341295957565,0.17135339975357056,0.02626030519604683,0.788966953754425,0.06358881480742948
2806,social-group,prefix,region_western_europe,1,0.9902915358543396,1,0.531209409236908,False,0.45908212661743164,0.014926925301551819,0.17277491092681885,0.02616492658853531,0.786133237183094,0.0697954422882014
2806,social-group,prefix,region_arab_culture,1,0.9399133324623108,1,0.531209409236908,False,0.40870392322540283,0.01927189715206623,0.1727106124162674,0.028121355921030045,0.7798961345106363,0.08755819489684305
2806,social-group,prefix,placebo,1,0.9241418242454529,1,0.531209409236908,False,0.3929324150085449,0.017381487414240837,0.1719089150428772,0.029413480311632156,0.7812961172312498,0.07947498322478075
2806,social-group,suffix,gender_man,0,0.24508501589298248,1,0.531209409236908,True,-0.2861243933439255,0.030928192660212517,0.15798237919807434,0.025715384632349014,0.7853740435093641,0.144102759824215
2806,social-group,suffix,gender_woman,0,0.22270014882087708,1,0.531209409236908,True,-0.3085092604160309,0.03246162086725235,0.15727628767490387,0.025146029889583588,0.7851160615682602,0.15106583164922832
2806,social-group,suffix,region_western_europe,1,0.5926666259765625,1,0.531209409236908,False,0.06145721673965454,0.030716966837644577,0.15840373933315277,0.025347154587507248,0.7855321392416954,0.14322410233886365
2806,social-group,suffix,region_arab_culture,1,0.8175744414329529,1,0.531209409236908,False,0.2863650321960449,0.036970268934965134,0.15394192934036255,0.024460293352603912,0.7846275083720684,0.17165733959577997
2806,social-group,suffix,placebo,0,0.0534033328294754,1,0.531209409236908,True,-0.47780607640743256,0.03485482931137085,0.15635813772678375,0.026849238201975822,0.7819377947598696,0.15983892886430576
2806,social-group,reworded,gender_man,1,0.970687747001648,1,0.531209409236908,False,0.43947833776474,0.015850435942411423,0.1710643768310547,0.026204941794276237,0.7868802454322577,0.07437337742134643
2806,social-group,reworded,gender_woman,1,0.9149009585380554,1,0.531209409236908,False,0.38369154930114746,0.016586575657129288,0.17119692265987396,0.026028146967291832,0.7861883547157049,0.07757564203331822
2806,social-group,reworded,region_western_europe,1,0.9859364032745361,1,0.531209409236908,False,0.4547269940376282,0.017438989132642746,0.17111024260520935,0.025913149118423462,0.7855376191437244,0.08131490969658536
2806,social-group,reworded,region_arab_culture,1,0.8933094143867493,1,0.531209409236908,False,0.3621000051498413,0.022457152605056763,0.17130088806152344,0.028087476268410683,0.7781544830650091,0.10122878710971453
2806,social-group,reworded,placebo,1,0.8933094143867493,1,0.531209409236908,False,0.3621000051498413,0.019418399780988693,0.17178773880004883,0.028759419918060303,0.7800344415009022,0.08827927387126988
2806,social-group,embedded,gender_man,1,0.7057850360870361,1,0.531209409236908,False,0.17457562685012817,0.005094447638839483,0.1675766408443451,0.02381289005279541,0.80351602146402,0.025928056204880808
2806,social-group,embedded,gender_woman,1,0.8175744414329529,1,0.531209409236908,False,0.2863650321960449,0.005815317388623953,0.16595526039600372,0.023374732583761215,0.8048546896316111,0.029799934098574996
2806,social-group,embedded,region_western_europe,1,0.9046505093574524,1,0.531209409236908,False,0.37344110012054443,0.0071873050183057785,0.1678251028060913,0.023128652945160866,0.801858939230442,0.03627367790598819
2806,social-group,embedded,region_arab_culture,1,0.9859364032745361,1,0.531209409236908,False,0.4547269940376282,0.009474515914916992,0.1650996208190918,0.022875696420669556,0.8025501668453217,0.04798442097185689
2806,social-group,embedded,placebo,0,0.06754669547080994,1,0.531209409236908,True,-0.463662713766098,0.008749390952289104,0.1660136580467224,0.022582916542887688,0.8026540344581008,0.044335291721134734
628,random,prefix,gender_man,1,0.5926666259765625,0,0.3775406777858734,True,0.2151259481906891,0.013500111177563667,0.1713925153017044,0.02907300367951393,0.786034369841218,0.06309476511505775
628,random,prefix,gender_woman,1,0.562176525592804,0,0.3775406777858734,True,0.18463584780693054,0.014475126750767231,0.17162556946277618,0.028996776789426804,0.7849025269970298,0.06729566158393385
628,random,prefix,region_western_europe,1,0.7057850360870361,0,0.3775406777858734,True,0.3282443583011627,0.016669534146785736,0.17046670615673065,0.03018937073647976,0.7826743889600039,0.07670303590550084
628,random,prefix,region_arab_culture,1,0.562176525592804,0,0.3775406777858734,True,0.18463584780693054,0.024744847789406776,0.16476818919181824,0.03398770093917847,0.7764992620795965,0.11071483709471819
628,random,prefix,placebo,1,0.622459352016449,0,0.3775406777858734,True,0.24491867423057556,0.01872919872403145,0.17561878263950348,0.03115115687251091,0.7745008617639542,0.08305663103876822
628,random,suffix,gender_man,0,0.18242551386356354,0,0.3775406777858734,False,-0.19511516392230988,0.03264808654785156,0.1543230265378952,0.029968246817588806,0.7830606400966644,0.15049406692450362
628,random,suffix,gender_woman,0,0.24508501589298248,0,0.3775406777858734,False,-0.13245566189289093,0.03795094043016434,0.14996731281280518,0.03030424192547798,0.7817775048315525,0.17390938730156916
628,random,suffix,region_western_europe,0,0.3486451506614685,0,0.3775406777858734,False,-0.028895527124404907,0.03643525019288063,0.15158487856388092,0.028568115085363388,0.7834117561578751,0.16822358197538614
628,random,suffix,region_arab_culture,0,0.06754669547080994,0,0.3775406777858734,False,-0.3099939823150635,0.046209078282117844,0.13961808383464813,0.028554556891322136,0.7856182809919119,0.21554579604977644
628,random,suffix,placebo,0,0.0534033328294754,0,0.3775406777858734,False,-0.324137344956398,0.03658537566661835,0.1483749896287918,0.03084476664662361,0.7841948680579662,0.16952968327206114
628,random,reworded,gender_man,1,0.562176525592804,0,0.3775406777858734,True,0.18463584780693054,0.017345067113637924,0.17217135429382324,0.02916848286986351,0.7813150957226753,0.07931533807034903
628,random,reworded,gender_woman,0,0.5,0,0.3775406777858734,False,0.12245932221412659,0.018269747495651245,0.17187774181365967,0.02923598140478134,0.7806165292859077,0.08327768466869129
628,random,reworded,region_western_europe,1,0.6513549089431763,0,0.3775406777858734,True,0.27381423115730286,0.019582854583859444,0.16973493993282318,0.029537348076701164,0.7811448574066162,0.08947861289347402
628,random,reworded,region_arab_culture,1,0.531209409236908,0,0.3775406777858734,True,0.15366873145103455,0.028571516275405884,0.1618807464838028,0.03267526626586914,0.7768724709749222,0.12805016216620524
628,random,reworded,placebo,1,0.5926666259765625,0,0.3775406777858734,True,0.2151259481906891,0.021457623690366745,0.1719435453414917,0.031210049986839294,0.7753887809813023,0.09553228812039219
628,random,embedded,gender_man,0,0.4687906503677368,0,0.3775406777858734,False,0.0912499725818634,0.004824286326766014,0.16695870459079742,0.025690743699669838,0.8025262653827667,0.02443001514159344
628,random,embedded,gender_woman,1,0.622459352016449,0,0.3775406777858734,True,0.24491867423057556,0.006047829054296017,0.1673855185508728,0.02542034722864628,0.8011463051661849,0.03041346080770727
628,random,embedded,region_western_europe,1,0.5926666259765625,0,0.3775406777858734,True,0.2151259481906891,0.008879760280251503,0.1666676104068756,0.025490056723356247,0.7989625725895166,0.04416968718029097
628,random,embedded,region_arab_culture,1,0.5926666259765625,0,0.3775406777858734,True,0.2151259481906891,0.012130126357078552,0.1665373295545578,0.02475619688630104,0.7965763472020626,0.05962987189659562
628,random,embedded,placebo,0,0.042087726294994354,0,0.3775406777858734,False,-0.33545295149087906,0.009461227804422379,0.16338972747325897,0.02465466782450676,0.8024943768978119,0.047903587026113185
2147,social-group,prefix,gender_man,1,0.9241418242454529,1,0.9626730680465698,False,-0.03853124380111694,0.012339972890913486,0.17870348691940308,0.023839637637138367,0.7851169025525451,0.057426447391614704
2147,social-group,prefix,gender_woman,1,0.851952850818634,1,0.9626730680465698,False,-0.11072021722793579,0.013268662616610527,0.18005074560642242,0.023914195597171783,0.7827663961797953,0.06108015695210972
2147,social-group,prefix,region_western_europe,1,0.851952850818634,1,0.9626730680465698,False,-0.11072021722793579,0.014742549508810043,0.17949965596199036,0.02388130873441696,0.7818764857947826,0.06758807991209878
2147,social-group,prefix,region_arab_culture,1,0.9046505093574524,1,0.9626730680465698,False,-0.05802255868911743,0.02051524817943573,0.17694643139839172,0.028387948870658875,0.7741503715515137,0.09083587305575319
2147,social-group,prefix,placebo,1,0.7310585379600525,1,0.9626730680465698,False,-0.23161453008651733,0.017711840569972992,0.1800752878189087,0.028489045798778534,0.7737238258123398,0.07827532277120713
2147,social-group,suffix,gender_man,1,0.7057850360870361,1,0.9626730680465698,False,-0.2568880319595337,0.031593501567840576,0.16213612258434296,0.023058246821165085,0.7832121290266514,0.14573463647200358
2147,social-group,suffix,gender_woman,1,0.531209409236908,1,0.9626730680465698,False,-0.43146365880966187,0.034773971885442734,0.1602097451686859,0.022676343098282814,0.7823399398475885,0.15976275969552273
2147,social-group,suffix,region_western_europe,1,0.8354835510253906,1,0.9626730680465698,False,-0.1271895170211792,0.03251629322767258,0.16261854767799377,0.023033566772937775,0.7818315923213959,0.14904217147504745
2147,social-group,suffix,region_arab_culture,1,0.6513549089431763,1,0.9626730680465698,False,-0.31131815910339355,0.03975231945514679,0.15718095004558563,0.02256949618458748,0.7804972343146801,0.18110167920223785
2147,social-group,suffix,placebo,0,0.4073334336280823,1,0.9626730680465698,True,-0.5553396344184875,0.03627987205982208,0.15976610779762268,0.02258387953042984,0.7813701406121254,0.16594198139906133
2147,social-group,reworded,gender_man,1,0.9241418242454529,1,0.9626730680465698,False,-0.03853124380111694,0.016047008335590363,0.1796375811100006,0.02397848665714264,0.7803369238972664,0.07305282535552485
2147,social-group,reworded,gender_woman,1,0.8807970285415649,1,0.9626730680465698,False,-0.08187603950500488,0.01698136515915394,0.17947402596473694,0.024233108386397362,0.7793115004897118,0.07694721381873498
2147,social-group,reworded,region_western_europe,1,0.7772998809814453,1,0.9626730680465698,False,-0.1853731870651245,0.017553484067320824,0.17776188254356384,0.02388075739145279,0.7808038759976625,0.08008117911397757
2147,social-group,reworded,region_arab_culture,1,0.8175744414329529,1,0.9626730680465698,False,-0.14509862661361694,0.024533981457352638,0.17468376457691193,0.027218088507652283,0.7735641654580832,0.10834849310395264
2147,social-group,reworded,placebo,1,0.622459352016449,1,0.9626730680465698,False,-0.34021371603012085,0.019776271656155586,0.1811065822839737,0.027211735025048256,0.7719054110348225,0.08670206402474004
2147,social-group,embedded,gender_man,1,0.6513549089431763,1,0.9626730680465698,False,-0.31131815910339355,0.00504298647865653,0.17192891240119934,0.021959172561764717,0.8010689285583794,0.02535042133996887
2147,social-group,embedded,gender_woman,0,0.4687906503677368,1,0.9626730680465698,True,-0.493882417678833,0.005792649462819099,0.17230558395385742,0.021639598533511162,0.8002621680498123,0.029001263337351733
2147,social-group,embedded,region_western_europe,1,0.8933094143867493,1,0.9626730680465698,False,-0.06936365365982056,0.006840911693871021,0.1707657426595688,0.021447882056236267,0.8009454635903239,0.03436702231086899
2147,social-group,embedded,region_arab_culture,1,0.9399133324623108,1,0.9626730680465698,False,-0.022759735584259033,0.009353743866086006,0.16882148385047913,0.02105601690709591,0.800768755376339,0.046949181508928545
2147,social-group,embedded,placebo,0,0.037326883524656296,1,0.9626730680465698,True,-0.9253461845219135,0.008358776569366455,0.17020145058631897,0.020395396277308464,0.8010443765670061,0.04201327122669443
3108,random,prefix,gender_man,1,0.9820137619972229,1,0.977022647857666,False,0.004991114139556885,0.015710368752479553,0.16980336606502533,0.017483945935964584,0.7970023192465305,0.07739186326743806
3108,random,prefix,gender_woman,1,0.9626730680465698,1,0.977022647857666,False,-0.014349579811096191,0.016824942082166672,0.16921013593673706,0.01747269742190838,0.7964922245591879,0.08267468918925908
3108,random,prefix,region_western_europe,1,0.9465966820716858,1,0.977022647857666,False,-0.030425965785980225,0.02054065465927124,0.16944798827171326,0.018633728846907616,0.7913776282221079,0.09845854250540138
3108,random,prefix,region_arab_culture,1,0.8670357465744019,1,0.977022647857666,False,-0.10998690128326416,0.02936277911067009,0.16016148030757904,0.020772285759449005,0.7897034548223019,0.13962558959710386
3108,random,prefix,placebo,1,0.9046505093574524,1,0.977022647857666,False,-0.07237213850021362,0.023259414359927177,0.17380781471729279,0.02173825539648533,0.7811945155262947,0.1063017886223156
3108,random,suffix,gender_man,1,0.7310585379600525,1,0.977022647857666,False,-0.24596410989761353,0.03393642604351044,0.154628723859787,0.017378676682710648,0.7940561734139919,0.16478486685464014
3108,random,suffix,gender_woman,1,0.562176525592804,1,0.977022647857666,False,-0.41484612226486206,0.03810226172208786,0.1510949730873108,0.01716442033648491,0.7936383448541164,0.18463828318857092
3108,random,suffix,region_western_europe,1,0.7310585379600525,1,0.977022647857666,False,-0.24596410989761353,0.036066725850105286,0.15655069053173065,0.016936887055635452,0.7904456965625286,0.1721115971300832
3108,random,suffix,region_arab_culture,1,0.7310585379600525,1,0.977022647857666,False,-0.24596410989761353,0.046428337693214417,0.14573261141777039,0.01680678501725197,0.7910322658717632,0.22217945697168176
3108,random,suffix,placebo,1,0.7057850360870361,1,0.977022647857666,False,-0.2712376117706299,0.035898566246032715,0.15314361453056335,0.017643064260482788,0.7933147549629211,0.17368712623676932
3108,random,reworded,gender_man,1,0.9740425944328308,1,0.977022647857666,False,-0.002980053424835205,0.020245518535375595,0.16937896609306335,0.01806098222732544,0.7923145331442356,0.09748163336549648
3108,random,reworded,gender_woman,1,0.9399133324623108,1,0.977022647857666,False,-0.037109315395355225,0.021169286221265793,0.16843540966510773,0.018038354814052582,0.7923569492995739,0.10195037180323199
3108,random,reworded,region_western_europe,1,0.9149009585380554,1,0.977022647857666,False,-0.062121689319610596,0.02378793992102146,0.1681467890739441,0.018120115622878075,0.7899451553821564,0.11324632842579407
3108,random,reworded,region_arab_culture,1,0.7549149990081787,1,0.977022647857666,False,-0.2221076488494873,0.033778268843889236,0.15621358156204224,0.020204735919833183,0.7898034136742353,0.1606984653477643
3108,random,reworded,placebo,1,0.8175744414329529,1,0.977022647857666,False,-0.15944820642471313,0.0279061459004879,0.1680697202682495,0.022146189585328102,0.7818779442459345,0.12793821241054282
3108,random,embedded,gender_man,1,0.9324532747268677,1,0.977022647857666,False,-0.04456937313079834,0.004756988026201725,0.16847121715545654,0.016589665785431862,0.8101821290329099,0.025060801714641888
3108,random,embedded,gender_woman,1,0.8670357465744019,1,0.977022647857666,False,-0.10998690128326416,0.005600709468126297,0.1685357689857483,0.016264421865344048,0.8095990996807814,0.029415351811553248
3108,random,embedded,region_western_europe,1,0.8807970285415649,1,0.977022647857666,False,-0.09622561931610107,0.009280255064368248,0.16887865960597992,0.016478553414344788,0.805362531915307,0.04767969474577276
3108,random,embedded,region_arab_culture,1,0.8807970285415649,1,0.977022647857666,False,-0.09622561931610107,0.013177742250263691,0.1644647717475891,0.015648730099201202,0.806708755902946,0.06817557780137717
3108,random,embedded,placebo,0,0.5,1,0.977022647857666,True,-0.477022647857666,0.009914538823068142,0.1658460795879364,0.01605566032230854,0.8081837212666869,0.051687682028554886
2718,random,prefix,gender_man,0,0.2018132209777832,0,0.08509904146194458,False,0.11671417951583862,0.012201542034745216,0.17282938957214355,0.031129373237490654,0.7838396951556206,0.056446728475561175
2718,random,prefix,gender_woman,0,0.24508501589298248,0,0.08509904146194458,False,0.1599859744310379,0.013300827704370022,0.17317627370357513,0.030211083590984344,0.7833118150010705,0.06138233934829318
2718,random,prefix,region_western_europe,0,0.43782350420951843,0,0.08509904146194458,False,0.35272446274757385,0.014929012395441532,0.17349174618721008,0.03072681650519371,0.7808524249121547,0.06812310101746386
2718,random,prefix,region_arab_culture,1,0.7549149990081787,0,0.08509904146194458,True,0.6698159575462341,0.020219501107931137,0.17234349250793457,0.03389281779527664,0.7735441885888577,0.08928673979234553
2718,random,prefix,placebo,0,0.16451644897460938,0,0.08509904146194458,False,0.0794174075126648,0.016127459704875946,0.17632834613323212,0.03330095857381821,0.7742432355880737,0.07143732657086206
2718,random,suffix,gender_man,0,0.009708477184176445,0,0.08509904146194458,False,-0.07539056427776814,0.02958502620458603,0.15949304401874542,0.027993932366371155,0.7829279974102974,0.13629130358421207
2718,random,suffix,gender_woman,0,0.009708477184176445,0,0.08509904146194458,False,-0.07539056427776814,0.037719354033470154,0.15126094222068787,0.028758078813552856,0.7822616249322891,0.17323245854912087
2718,random,suffix,region_western_europe,0,0.014063626527786255,0,0.08509904146194458,False,-0.07103541493415833,0.03459380194544792,0.1566457748413086,0.027309821918606758,0.7814506012946367,0.15828825039269706
2718,random,suffix,region_arab_culture,0,0.005911068990826607,0,0.08509904146194458,False,-0.07918797247111797,0.04414676874876022,0.14136306941509247,0.027681777253746986,0.7868083845824003,0.2070755393559242
2718,random,suffix,placebo,0,0.0024726232513785362,0,0.08509904146194458,False,-0.08262641821056604,0.03814784809947014,0.14898331463336945,0.03012184239923954,0.7827469948679209,0.1755918086209124
2718,random,reworded,gender_man,0,0.16451644897460938,0,0.08509904146194458,False,0.0794174075126648,0.01587050035595894,0.17365296185016632,0.03079730086028576,0.779679236933589,0.07203361197135612
2718,random,reworded,gender_woman,0,0.24508501589298248,0,0.08509904146194458,False,0.1599859744310379,0.016734281554818153,0.1729009449481964,0.02939331717789173,0.7809714563190937,0.07640228654032254
2718,random,reworded,region_western_europe,0,0.5,0,0.08509904146194458,False,0.4149009585380554,0.01767848990857601,0.17246407270431519,0.029644936323165894,0.7802125010639429,0.08043446508174346
2718,random,reworded,region_arab_culture,1,0.7772998809814453,0,0.08509904146194458,True,0.6922008395195007,0.024448353797197342,0.1687624156475067,0.032033033668994904,0.774756196886301,0.10854173770479386
2718,random,reworded,placebo,0,0.2689414322376251,0,0.08509904146194458,False,0.18384239077568054,0.018970241770148277,0.17478063702583313,0.03210362792015076,0.7741454932838678,0.08399319564604148
2718,random,embedded,gender_man,0,0.11920291930437088,0,0.08509904146194458,False,0.0341038778424263,0.004207574762403965,0.16734005510807037,0.025351207703351974,0.8031011624261737,0.021369220937255937
2718,random,embedded,gender_woman,0,0.3775406777858734,0,0.08509904146194458,False,0.29244163632392883,0.005328490398824215,0.16892094910144806,0.025172289460897446,0.8005782710388303,0.02671970816109888
2718,random,embedded,region_western_europe,0,0.24508501589298248,0,0.08509904146194458,False,0.1599859744310379,0.007624607067555189,0.16841180622577667,0.025034159421920776,0.7989294272847474,0.03792005445945004
2718,random,embedded,region_arab_culture,1,0.7057850360870361,0,0.08509904146194458,True,0.6206859946250916,0.010941932909190655,0.16597840189933777,0.024982357397675514,0.7980973077937961,0.054194091171481856
2718,random,embedded,placebo,0,0.008577484637498856,0,0.08509904146194458,False,-0.07652155682444572,0.008967582136392593,0.16642659902572632,0.024723518639802933,0.7998823001980782,0.04481153913556262
989,random,prefix,gender_man,1,0.531209409236908,1,0.7549149990081787,False,-0.22370558977127075,0.010928226634860039,0.16998973488807678,0.03789156302809715,0.781190475448966,0.04994401709561412
989,random,prefix,gender_woman,0,0.4073334336280823,1,0.7549149990081787,True,-0.34758156538009644,0.011842659674584866,0.17059870064258575,0.03786538913846016,0.7796932505443692,0.05375531936196965
989,random,prefix,region_western_europe,1,0.7057850360870361,1,0.7549149990081787,False,-0.04912996292114258,0.013174137100577354,0.16990137100219727,0.03753765672445297,0.7793868351727724,0.05971600611819622
989,random,prefix,region_arab_culture,1,0.622459352016449,1,0.7549149990081787,False,-0.13245564699172974,0.01883041113615036,0.1700553596019745,0.0399855300784111,0.771128699183464,0.0822751086264192
989,random,prefix,placebo,0,0.4073334336280823,1,0.7549149990081787,True,-0.34758156538009644,0.013963183388113976,0.17410461604595184,0.03754261136054993,0.7743895892053843,0.06189068730886425
989,random,suffix,gender_man,0,0.24508501589298248,1,0.7549149990081787,True,-0.5098299831151962,0.03147703781723976,0.15493999421596527,0.03577795624732971,0.7778050117194653,0.14166403149245688
989,random,suffix,gender_woman,0,0.3208213150501251,1,0.7549149990081787,True,-0.4340936839580536,0.035532135516405106,0.15252482891082764,0.03559132292866707,0.7763517126441002,0.15887506198454138
989,random,suffix,region_western_europe,0,0.4687906503677368,1,0.7549149990081787,True,-0.2861243486404419,0.033896610140800476,0.1519758254289627,0.0351267084479332,0.7790008559823036,0.15337892049973834
989,random,suffix,region_arab_culture,0,0.09534946084022522,1,0.7549149990081787,True,-0.6595655381679535,0.041744496673345566,0.14420351386070251,0.03443972021341324,0.7796122692525387,0.18941388675207105
989,random,suffix,placebo,0,0.14804719388484955,1,0.7549149990081787,True,-0.6068678051233292,0.036236561834812164,0.15064102411270142,0.03687536343932152,0.7762470506131649,0.16194897959608395
989,random,reworded,gender_man,1,0.562176525592804,1,0.7549149990081787,False,-0.19273847341537476,0.014189144596457481,0.1702444851398468,0.03715081512928009,0.7784155551344156,0.06403493081414076
989,random,reworded,gender_woman,0,0.43782350420951843,1,0.7549149990081787,True,-0.3170914947986603,0.01482524536550045,0.17069730162620544,0.036706361919641495,0.7777710910886526,0.06671159678606264
989,random,reworded,region_western_europe,1,0.7549149990081787,1,0.7549149990081787,False,0.0,0.01580246537923813,0.1695210337638855,0.03708554059267044,0.7775909602642059,0.07105136283134139
989,random,reworded,region_arab_culture,1,0.6791787147521973,1,0.7549149990081787,False,-0.07573628425598145,0.021961085498332977,0.1680549830198288,0.038394175469875336,0.7715897560119629,0.0961475506303613
989,random,reworded,placebo,0,0.3486451506614685,1,0.7549149990081787,True,-0.4062698483467102,0.0162991713732481,0.17318162322044373,0.03771914541721344,0.7728000599890947,0.07173932956349269
989,random,embedded,gender_man,0,0.4073334336280823,1,0.7549149990081787,True,-0.34758156538009644,0.004894179757684469,0.16524453461170197,0.03313335031270981,0.7967279353179038,0.024076991422006932
989,random,embedded,gender_woman,0,0.11920291930437088,1,0.7549149990081787,True,-0.6357120797038078,0.0061400774866342545,0.16640955209732056,0.033191271126270294,0.7942590992897749,0.029843737756753676
989,random,embedded,region_western_europe,1,0.6513549089431763,1,0.7549149990081787,False,-0.10356009006500244,0.008259921334683895,0.16475701332092285,0.03286784142255783,0.7941152239218354,0.0401191457281329
989,random,embedded,region_arab_culture,0,0.01798621006309986,1,0.7549149990081787,True,-0.7369287889450788,0.010988345369696617,0.16154327988624573,0.03224226087331772,0.7952261138707399,0.053660872376863566
989,random,embedded,placebo,0,0.18242551386356354,1,0.7549149990081787,True,-0.5724894851446152,0.00856315903365612,0.16418074071407318,0.032204337418079376,0.7950517628341913,0.041782057518886064
2739,social-group,prefix,gender_man,1,0.9947799444198608,1,0.9241418242454529,False,0.07063812017440796,0.012316173873841763,0.16381646692752838,0.027237463742494583,0.7966298954561353,0.0605603950564194
2739,social-group,prefix,gender_woman,1,0.9933071732521057,1,0.9241418242454529,False,0.06916534900665283,0.013449888676404953,0.16403043270111084,0.027071356773376465,0.7954483218491077,0.06575301067187204
2739,social-group,prefix,region_western_europe,1,0.9992903470993042,1,0.9241418242454529,False,0.07514852285385132,0.01584208756685257,0.16401197016239166,0.026433851569890976,0.7937120907008648,0.07679600622584322
2739,social-group,prefix,region_arab_culture,1,0.9875683188438416,1,0.9241418242454529,False,0.06342649459838867,0.020222336053848267,0.16342177987098694,0.029350142925977707,0.7870057411491871,0.09494310392663002
2739,social-group,prefix,placebo,1,0.970687747001648,1,0.9241418242454529,False,0.04654592275619507,0.018110834062099457,0.16749030351638794,0.031200222671031952,0.7831986397504807,0.0835365333559507
2739,social-group,suffix,gender_man,1,0.5926666259765625,1,0.9241418242454529,False,-0.3314751982688904,0.029878348112106323,0.1520492434501648,0.026773950085043907,0.791298458352685,0.14316304458640644
2739,social-group,suffix,gender_woman,1,0.531209409236908,1,0.9241418242454529,False,-0.3929324150085449,0.032223574817180634,0.15069493651390076,0.02635982632637024,0.7907216623425484,0.15397472656689593
2739,social-group,suffix,region_western_europe,1,0.7772998809814453,1,0.9241418242454529,False,-0.14684194326400757,0.03167463466525078,0.1509539783000946,0.025975478813052177,0.7913959082216024,0.15184090779436432
2739,social-group,suffix,region_arab_culture,1,0.8354835510253906,1,0.9241418242454529,False,-0.08865827322006226,0.03888809308409691,0.14424440264701843,0.02613716386258602,0.7907303404062986,0.18582766923594388
2739,social-group,suffix,placebo,0,0.3208213150501251,1,0.9241418242454529,True,-0.6033205091953278,0.03518509864807129,0.14875805377960205,0.027884775772690773,0.7881720717996359,0.1661022649232086
2739,social-group,reworded,gender_man,1,0.9953904151916504,1,0.9241418242454529,False,0.07124859094619751,0.015935925766825676,0.16366806626319885,0.02587604895234108,0.7945199590176344,0.07755461645149908
2739,social-group,reworded,gender_woman,1,0.9914224743843079,1,0.9241418242454529,False,0.06728065013885498,0.016702130436897278,0.16348423063755035,0.025682590901851654,0.7941310480237007,0.08112991432928708
2739,social-group,reworded,region_western_europe,1,0.9992903470993042,1,0.9241418242454529,False,0.07514852285385132,0.018468521535396576,0.16353343427181244,0.0251169353723526,0.7928811088204384,0.08916869644394389
2739,social-group,reworded,region_arab_culture,1,0.9875683188438416,1,0.9241418242454529,False,0.06342649459838867,0.023401958867907524,0.16104580461978912,0.027689741924405098,0.7878624945878983,0.11031504694300284
2739,social-group,reworded,placebo,1,0.9626730680465698,1,0.9241418242454529,False,0.03853124380111694,0.02045493572950363,0.16610798239707947,0.029440030455589294,0.7839970514178276,0.09469748382495859
2739,social-group,embedded,gender_man,1,0.851952850818634,1,0.9241418242454529,False,-0.07218897342681885,0.004479367285966873,0.16539287567138672,0.02500753663480282,0.8051202204078436,0.02298528505800486
2739,social-group,embedded,gender_woman,1,0.9241418242454529,1,0.9241418242454529,False,0.0,0.004696973599493504,0.16643279790878296,0.02460852637887001,0.8042617021128535,0.02399619108878508
2739,social-group,embedded,region_western_europe,1,0.9399133324623108,1,0.9241418242454529,False,0.01577150821685791,0.00678754597902298,0.16645677387714386,0.02405421808362007,0.8027014620602131,0.03440241397579163
2739,social-group,embedded,region_arab_culture,1,0.970687747001648,1,0.9241418242454529,False,0.04654592275619507,0.008832943625748158,0.16554704308509827,0.02378900535404682,0.8018310079351068,0.0445727837322586
2739,social-group,embedded,placebo,0,0.3208213150501251,1,0.9241418242454529,True,-0.6033205091953278,0.008223203010857105,0.16390635073184967,0.024376507848501205,0.803493938408792,0.04184707048866439
589,random,prefix,gender_man,1,0.9525741338729858,1,0.9046505093574524,False,0.04792362451553345,0.010966870002448559,0.1723206788301468,0.034329283982515335,0.7823831671848893,0.05039532034622577
589,random,prefix,gender_woman,1,0.9465966820716858,1,0.9046505093574524,False,0.0419461727142334,0.011901333928108215,0.17319157719612122,0.034020088613033295,0.7808870002627373,0.05431596455883057
589,random,prefix,region_western_europe,1,0.9626730680465698,1,0.9046505093574524,False,0.05802255868911743,0.012789912521839142,0.17328548431396484,0.03519744053483009,0.7787271626293659,0.05780154796142429
589,random,prefix,region_arab_culture,1,0.9796676635742188,1,0.9046505093574524,False,0.07501715421676636,0.018240410834550858,0.17025813460350037,0.037105001509189606,0.7743964530527592,0.08085161373290164
589,random,prefix,placebo,1,0.9241418242454529,1,0.9046505093574524,False,0.01949131488800049,0.014313384890556335,0.17401635646820068,0.03733890503644943,0.7743313536047935,0.06342655534650458
589,random,suffix,gender_man,1,0.7549149990081787,1,0.9046505093574524,False,-0.14973551034927368,0.03046267479658127,0.1604536920785904,0.03252486139535904,0.7765587717294693,0.1363341717746856
589,random,suffix,gender_woman,1,0.6513549089431763,1,0.9046505093574524,False,-0.2532956004142761,0.03542718291282654,0.1589476317167282,0.03249829635024071,0.7731268890202045,0.15615417252325492
589,random,suffix,region_western_europe,1,0.7981867790222168,1,0.9046505093574524,False,-0.1064637303352356,0.03246866539120674,0.1573035567998886,0.03228474408388138,0.7779430337250233,0.14621772933257257
589,random,suffix,region_arab_culture,1,0.7057850360870361,1,0.9046505093574524,False,-0.19886547327041626,0.04055972397327423,0.15000027418136597,0.03095025196671486,0.7784897498786449,0.18310540460792882
589,random,suffix,placebo,1,0.562176525592804,1,0.9046505093574524,False,-0.34247398376464844,0.03406379371881485,0.1576126664876938,0.032838739454746246,0.7754848003387451,0.15172154834153673
589,random,reworded,gender_man,1,0.9465966820716858,1,0.9046505093574524,False,0.0419461727142334,0.01418052427470684,0.17209051549434662,0.0331604965031147,0.7805684637278318,0.06462391192995282
589,random,reworded,gender_woman,1,0.9465966820716858,1,0.9046505093574524,False,0.0419461727142334,0.014985629357397556,0.17287254333496094,0.03331116959452629,0.7788306577131152,0.06775635900729536
589,random,reworded,region_western_europe,1,0.970687747001648,1,0.9046505093574524,False,0.06603723764419556,0.014853294938802719,0.17272531986236572,0.03380706161260605,0.7786143235862255,0.06709239359750446
589,random,reworded,region_arab_culture,1,0.9740425944328308,1,0.9046505093574524,False,0.06939208507537842,0.020683936774730682,0.1691282093524933,0.03505771607160568,0.7751301378011703,0.09198180926727287
589,random,reworded,placebo,1,0.9241418242454529,1,0.9046505093574524,False,0.01949131488800049,0.016156727448105812,0.17367103695869446,0.03539293631911278,0.774779299274087,0.07173731098442888
589,random,embedded,gender_man,0,0.43782350420951843,1,0.9046505093574524,True,-0.46682700514793396,0.004370746202766895,0.17073944211006165,0.030363991856575012,0.7945258198305964,0.021271510606166798
589,random,embedded,gender_woman,0,0.43782350420951843,1,0.9046505093574524,True,-0.46682700514793396,0.005506245419383049,0.17192791402339935,0.029788926243782043,0.7927769143134356,0.026571582992985288
589,random,embedded,region_western_europe,1,0.851952850818634,1,0.9046505093574524,False,-0.05269765853881836,0.006965349894016981,0.1706451177597046,0.03072124533355236,0.7916682870127261,0.03343393952913191
589,random,embedded,region_arab_culture,1,0.8807970285415649,1,0.9046505093574524,False,-0.02385348081588745,0.009463092312216759,0.1665177345275879,0.030192378908395767,0.7938267942517996,0.04589874944164202
589,random,embedded,placebo,0,0.08509904146194458,1,0.9046505093574524,True,-0.8195514678955078,0.007954102009534836,0.16676145792007446,0.02890808880329132,0.7963763512670994,0.039062761418092826
100,random,prefix,gender_man,1,0.9820137619972229,1,0.977022647857666,False,0.004991114139556885,0.013606918044388294,0.17117559909820557,0.02119593322277069,0.7940215496346354,0.06605991073460522
100,random,prefix,gender_woman,1,0.9525741338729858,1,0.977022647857666,False,-0.024448513984680176,0.014755316078662872,0.171992227435112,0.021183092147111893,0.7920693643391132,0.07096268441523575
100,random,prefix,region_western_europe,1,0.9740425944328308,1,0.977022647857666,False,-0.002980053424835205,0.01671331748366356,0.17100796103477478,0.02228274755179882,0.7899959739297628,0.07958570031449629
100,random,prefix,region_arab_culture,1,0.9740425944328308,1,0.977022647857666,False,-0.002980053424835205,0.024277912452816963,0.16534551978111267,0.026849932968616486,0.7835266347974539,0.11215196118977971
100,random,prefix,placebo,1,0.7981867790222168,1,0.977022647857666,False,-0.17883586883544922,0.0189412459731102,0.1746140569448471,0.02443224936723709,0.7820124477148056,0.08689141088354098
100,random,suffix,gender_man,1,0.7772998809814453,1,0.977022647857666,False,-0.1997227668762207,0.03185225650668144,0.15749004483222961,0.02063801884651184,0.7900196798145771,0.15169162747515738
100,random,suffix,gender_woman,1,0.7772998809814453,1,0.977022647857666,False,-0.1997227668762207,0.033463478088378906,0.15740618109703064,0.02009207010269165,0.7890382707118988,0.1586234536534316
100,random,suffix,region_western_europe,1,0.851952850818634,1,0.977022647857666,False,-0.12506979703903198,0.03474760055541992,0.15725547075271606,0.020206201821565628,0.7877907268702984,0.16374214021355374
100,random,suffix,region_arab_culture,1,0.7057850360870361,1,0.977022647857666,False,-0.2712376117706299,0.04267946630716324,0.14892199635505676,0.019948970526456833,0.7884495668113232,0.20174605962209696
100,random,suffix,placebo,0,0.4073334336280823,1,0.977022647857666,True,-0.5696892142295837,0.03426908701658249,0.15692703425884247,0.021386969834566116,0.7874169088900089,0.16120325863006466
100,random,reworded,gender_man,1,0.977022647857666,1,0.977022647857666,False,0.0,0.017292337492108345,0.17085523903369904,0.021427474915981293,0.7904249485582113,0.08251143145686615
100,random,reworded,gender_woman,1,0.9324532747268677,1,0.977022647857666,False,-0.04456937313079834,0.01830979250371456,0.1711147129535675,0.021363310515880585,0.7892121840268373,0.08686361884429672
100,random,reworded,region_western_europe,1,0.9525741338729858,1,0.977022647857666,False,-0.024448513984680176,0.0196284931153059,0.16957132518291473,0.021948058158159256,0.7888521235436201,0.09296088336157557
100,random,reworded,region_arab_culture,1,0.970687747001648,1,0.977022647857666,False,-0.006334900856018066,0.0277889221906662,0.16346251964569092,0.0263361856341362,0.7824123725295067,0.127713705571033
100,random,reworded,placebo,1,0.7981867790222168,1,0.977022647857666,False,-0.17883586883544922,0.020934386178851128,0.17321760952472687,0.023352380841970444,0.7824956234544516,0.09624811468778503
100,random,embedded,gender_man,1,0.8354835510253906,1,0.977022647857666,False,-0.1415390968322754,0.004917891696095467,0.1686837077140808,0.019376615062355995,0.8070217855274677,0.025484180737901166
100,random,embedded,gender_woman,1,0.9324532747268677,1,0.977022647857666,False,-0.04456937313079834,0.005447832401841879,0.16934938728809357,0.01931189000606537,0.8058908903039992,0.028065825505942853
100,random,embedded,region_western_europe,1,0.9241418242454529,1,0.977022647857666,False,-0.052880823612213135,0.008105910383164883,0.16896025836467743,0.01898360811173916,0.8039502231404185,0.04134618520362129
100,random,embedded,region_arab_culture,1,0.9399133324623108,1,0.977022647857666,False,-0.037109315395355225,0.011168333701789379,0.1671399474143982,0.018455101177096367,0.8032366177067161,0.056760224243058176
100,random,embedded,placebo,0,0.2018132209777832,1,0.977022647857666,True,-0.7752094268798828,0.008520937524735928,0.16664175689220428,0.018613729625940323,0.8062235759571195,0.043973035248345484
942,random,prefix,gender_man,1,0.9740425944328308,1,0.9046505093574524,False,0.06939208507537842,0.014664079062640667,0.16694238781929016,0.02407705783843994,0.7943164752796292,0.07129437850006051
942,random,prefix,gender_woman,1,0.9740425944328308,1,0.9046505093574524,False,0.06939208507537842,0.015799831598997116,0.168085515499115,0.02349075675010681,0.7926238961517811,0.07618925857803367
942,random,prefix,region_western_europe,1,0.9796676635742188,1,0.9046505093574524,False,0.07501715421676636,0.017910834401845932,0.1689409613609314,0.023533519357442856,0.7896146848797798,0.08513348182885849
942,random,prefix,region_arab_culture,1,0.977022647857666,1,0.9046505093574524,False,0.07237213850021362,0.02315526083111763,0.16656698286533356,0.02582840621471405,0.7844493500888348,0.10742375789941062
942,random,prefix,placebo,1,0.7772998809814453,1,0.9046505093574524,False,-0.12735062837600708,0.02072894759476185,0.17093518376350403,0.02557220682501793,0.7827636618167162,0.09542117938515743
942,random,suffix,gender_man,0,0.4687906503677368,1,0.9046505093574524,True,-0.4358598589897156,0.03121618553996086,0.15508398413658142,0.02150597609579563,0.7921938542276621,0.15021781682125881
942,random,suffix,gender_woman,0,0.3486451506614685,1,0.9046505093574524,True,-0.5560053586959839,0.032510899007320404,0.15405255556106567,0.0212045069783926,0.7922320384532213,0.15647695999558922
942,random,suffix,region_western_europe,1,0.8175744414329529,1,0.9046505093574524,False,-0.08707606792449951,0.033360548317432404,0.15501901507377625,0.021855169907212257,0.7897652667015791,0.15868238227828066
942,random,suffix,region_arab_culture,0,0.4073334336280823,1,0.9046505093574524,True,-0.4973170757293701,0.03990541025996208,0.15004104375839233,0.02240956388413906,0.7876439820975065,0.1879174918333855
942,random,suffix,placebo,0,0.18242551386356354,1,0.9046505093574524,True,-0.7222249954938889,0.036104146391153336,0.15286517143249512,0.02283581905066967,0.7881948631256819,0.1704592576174249
942,random,reworded,gender_man,1,0.9669140577316284,1,0.9046505093574524,False,0.062263548374176025,0.018797123804688454,0.16621676087379456,0.023920170962810516,0.7910659443587065,0.08996677801995152
942,random,reworded,gender_woman,1,0.9525741338729858,1,0.9046505093574524,False,0.04792362451553345,0.01973530650138855,0.16700202226638794,0.023426398634910583,0.7898362725973129,0.0939044370086492
942,random,reworded,region_western_europe,1,0.9740425944328308,1,0.9046505093574524,False,0.06939208507537842,0.02119138278067112,0.16747939586639404,0.02313752844929695,0.7881916929036379,0.10004981896687418
942,random,reworded,region_arab_culture,1,0.9525741338729858,1,0.9046505093574524,False,0.04792362451553345,0.026963116601109505,0.16362403333187103,0.025256749242544174,0.7841561008244753,0.12491952148799462
942,random,reworded,placebo,1,0.7549149990081787,1,0.9046505093574524,False,-0.14973551034927368,0.023310186341404915,0.16855370998382568,0.025286249816417694,0.7828498538583517,0.10734593899927447
942,random,embedded,gender_man,1,0.7981867790222168,1,0.9046505093574524,False,-0.1064637303352356,0.0047761620953679085,0.16295811533927917,0.02093030884861946,0.8113354137167335,0.02531562594474852
942,random,embedded,gender_woman,1,0.9046505093574524,1,0.9046505093574524,False,0.0,0.0056484416127204895,0.16431140899658203,0.020993776619434357,0.8090463727712631,0.029580174488931875
942,random,embedded,region_western_europe,1,0.9241418242454529,1,0.9046505093574524,False,0.01949131488800049,0.007141721434891224,0.1641538441181183,0.02071049064397812,0.8079939438030124,0.03719529256704388
942,random,embedded,region_arab_culture,1,0.9241418242454529,1,0.9046505093574524,False,0.01949131488800049,0.009685495868325233,0.16379192471504211,0.02070283517241478,0.8058197442442179,0.04987889129421351
942,random,embedded,placebo,0,0.0534033328294754,1,0.9046505093574524,True,-0.851247176527977,0.0085159195587039,0.1654130518436432,0.019899997860193253,0.8061710307374597,0.043935225942253915
1347,social-group,prefix,gender_man,0,0.4073334336280823,0,0.29421496391296387,False,0.11311846971511841,0.009693559259176254,0.1689559817314148,0.04145274683833122,0.7798977121710777,0.04404115629507093
1347,social-group,prefix,gender_woman,0,0.43782350420951843,0,0.29421496391296387,False,0.14360854029655457,0.010783231817185879,0.16969488561153412,0.041738394647836685,0.7777834879234433,0.04852579007932095
1347,social-group,prefix,region_western_europe,1,0.531209409236908,0,0.29421496391296387,True,0.2369944453239441,0.012076669372618198,0.16966286301612854,0.04152801260352135,0.7767324550077319,0.05409057269401346
1347,social-group,prefix,region_arab_culture,1,0.7057850360870361,0,0.29421496391296387,True,0.41157007217407227,0.017531920224428177,0.16352809965610504,0.0463348850607872,0.7726050950586796,0.07709900197171222
1347,social-group,prefix,placebo,0,0.3208213150501251,0,0.29421496391296387,False,0.026606351137161255,0.013947173953056335,0.16742122173309326,0.04531870782375336,0.773312896490097,0.061526102442996035
1347,social-group,suffix,gender_man,0,0.2018132209777832,0,0.29421496391296387,False,-0.09240174293518066,0.027586277574300766,0.15636005997657776,0.036031194031238556,0.7800224684178829,0.12540497829889902
1347,social-group,suffix,gender_woman,0,0.24508501589298248,0,0.29421496391296387,False,-0.049129948019981384,0.031502459198236465,0.15534305572509766,0.03670085221529007,0.7764536328613758,0.14092136500120958
1347,social-group,suffix,region_western_europe,0,0.24508501589298248,0,0.29421496391296387,False,-0.049129948019981384,0.03175606578588486,0.15497514605522156,0.03622911870479584,0.7770396694540977,0.14242921917155588
1347,social-group,suffix,region_arab_culture,0,0.24508501589298248,0,0.29421496391296387,False,-0.049129948019981384,0.04080425947904587,0.1444980353116989,0.03498158976435661,0.7797161154448986,0.1852348825310422
1347,social-group,suffix,placebo,0,0.037326883524656296,0,0.29421496391296387,False,-0.25688808038830757,0.0358203649520874,0.1510278284549713,0.038296204060316086,0.7748556025326252,0.15909951726548316
1347,social-group,reworded,gender_man,0,0.4687906503677368,0,0.29421496391296387,False,0.17457568645477295,0.012718978337943554,0.16857023537158966,0.04041455686092377,0.778296229429543,0.05736924683426388
1347,social-group,reworded,gender_woman,0,0.4687906503677368,0,0.29421496391296387,False,0.17457568645477295,0.013626755215227604,0.1684371381998062,0.04033000394701958,0.7776061026379466,0.06127306269129986
1347,social-group,reworded,region_western_europe,1,0.5926666259765625,0,0.29421496391296387,True,0.29845166206359863,0.014199537225067616,0.1692972630262375,0.0401875376701355,0.7763156620785594,0.06348024791102981
1347,social-group,reworded,region_arab_culture,1,0.7310585379600525,0,0.29421496391296387,True,0.4368435740470886,0.019938621670007706,0.16160139441490173,0.04301818460226059,0.77544179931283,0.08879044100368447
1347,social-group,reworded,placebo,0,0.3775406777858734,0,0.29421496391296387,False,0.08332571387290955,0.015750449150800705,0.16705915331840515,0.04293030872941017,0.774260088801384,0.06977254959998083
1347,social-group,embedded,gender_man,0,0.13296423852443695,0,0.29421496391296387,False,-0.16125072538852692,0.0044487761333584785,0.16693496704101562,0.03421324864029884,0.794403008185327,0.021638332808724396
1347,social-group,embedded,gender_woman,0,0.07585817575454712,0,0.29421496391296387,False,-0.21835678815841675,0.005377057008445263,0.1677640676498413,0.03330473601818085,0.7935541393235326,0.026045845583079732
1347,social-group,embedded,region_western_europe,1,0.531209409236908,0,0.29421496391296387,True,0.2369944453239441,0.007718724198639393,0.1678260862827301,0.033802952617406845,0.7906522369012237,0.03687034475260897
1347,social-group,embedded,region_arab_culture,1,0.7310585379600525,0,0.29421496391296387,True,0.4368435740470886,0.010588721372187138,0.16465288400650024,0.0332917645573616,0.791466630063951,0.050777107641977806
1347,social-group,embedded,placebo,0,0.002182716503739357,0,0.29421496391296387,False,-0.2920322474092245,0.007681182585656643,0.16392295062541962,0.03207847476005554,0.7963173920288682,0.03771152904103284
1916,social-group,prefix,gender_man,1,0.9046505093574524,1,0.7772998809814453,False,0.12735062837600708,0.010924207046627998,0.17268675565719604,0.0399884395301342,0.7764005977660418,0.04885615496949181
1916,social-group,prefix,gender_woman,1,0.9241418242454529,1,0.7772998809814453,False,0.14684194326400757,0.011952832341194153,0.1731557846069336,0.03999881446361542,0.7748925685882568,0.05309834627063587
1916,social-group,prefix,region_western_europe,1,0.9840936064720154,1,0.7772998809814453,False,0.20679372549057007,0.01348991971462965,0.17037543654441833,0.040543802082538605,0.7755908416584134,0.0601130533812521
1916,social-group,prefix,region_arab_culture,1,0.9902915358543396,1,0.7772998809814453,False,0.2129916548728943,0.018392372876405716,0.16819141805171967,0.04227370396256447,0.7711425051093102,0.08036604999626751
1916,social-group,prefix,placebo,1,0.9399133324623108,1,0.7772998809814453,False,0.16261345148086548,0.01411520130932331,0.17492887377738953,0.03974831849336624,0.7712076064199209,0.06169436443429175
1916,social-group,suffix,gender_man,0,0.18242551386356354,1,0.7772998809814453,True,-0.5948743671178818,0.03080388531088829,0.15818196535110474,0.03819430619478226,0.7728198431432247,0.13559232345414948
1916,social-group,suffix,gender_woman,0,0.29421496391296387,1,0.7772998809814453,True,-0.48308491706848145,0.03305991366505623,0.15660201013088226,0.038186341524124146,0.7721517346799374,0.14509618328064233
1916,social-group,suffix,region_western_europe,0,0.43782350420951843,1,0.7772998809814453,True,-0.3394763767719269,0.034247420728206635,0.1549106389284134,0.03793187811970711,0.7729100622236729,0.15080994368820835
1916,social-group,suffix,region_arab_culture,0,0.24508501589298248,1,0.7772998809814453,True,-0.5322148650884628,0.04219699651002884,0.1465921252965927,0.037413716316223145,0.7737971618771553,0.18654494727034673
1916,social-group,suffix,placebo,0,0.01098694372922182,1,0.7772998809814453,True,-0.7663129372522235,0.03830605000257492,0.15221227705478668,0.04101269319653511,0.7684689797461033,0.16544672917075448
1916,social-group,reworded,gender_man,1,0.9046505093574524,1,0.7772998809814453,False,0.12735062837600708,0.014026520773768425,0.172580748796463,0.03892549127340317,0.7744672391563654,0.062192830528480215
1916,social-group,reworded,gender_woman,1,0.8807970285415649,1,0.7772998809814453,False,0.10349714756011963,0.014887891709804535,0.17346227169036865,0.038932621479034424,0.7727172151207924,0.06550382475169379
1916,social-group,reworded,region_western_europe,1,0.9740425944328308,1,0.7772998809814453,False,0.1967427134513855,0.015493782237172127,0.1714285910129547,0.039003945887088776,0.7740736808627844,0.06857891677402149
1916,social-group,reworded,region_arab_culture,1,0.9875683188438416,1,0.7772998809814453,False,0.21026843786239624,0.020529186353087425,0.16789545118808746,0.03992444649338722,0.7716509159654379,0.0899026437521431
1916,social-group,reworded,placebo,1,0.7772998809814453,1,0.7772998809814453,False,0.0,0.01597999595105648,0.1741708368062973,0.038608137518167496,0.7712410297244787,0.06985516647417103
1916,social-group,embedded,gender_man,0,0.24508501589298248,1,0.7772998809814453,True,-0.5322148650884628,0.00484437495470047,0.16784195601940155,0.037542957812547684,0.7897707112133503,0.02304329231507206
1916,social-group,embedded,gender_woman,0,0.5,1,0.7772998809814453,True,-0.2772998809814453,0.005102904513478279,0.16816622018814087,0.03726007789373398,0.7894707974046469,0.024238464073253998
1916,social-group,embedded,region_western_europe,1,0.6791787147521973,1,0.7772998809814453,False,-0.09812116622924805,0.007681483868509531,0.1680968999862671,0.03735233098268509,0.7868692851625383,0.03604118662280847
1916,social-group,embedded,region_arab_culture,0,0.3775406777858734,1,0.7772998809814453,True,-0.3997592031955719,0.01042015478014946,0.1653866171836853,0.03716609254479408,0.7870271354913712,0.048927147616626414
1916,social-group,embedded,placebo,0,0.01098694372922182,1,0.7772998809814453,True,-0.7663129372522235,0.008879865519702435,0.1665274053812027,0.03749614581465721,0.7870965832844377,0.04170842185950393
2900,social-group,prefix,gender_man,1,0.9626730680465698,1,0.9525741338729858,False,0.010098934173583984,0.014345402829349041,0.17250247299671173,0.02137516811490059,0.7917769560590386,0.06889440552706776
2900,social-group,prefix,gender_woman,1,0.9669140577316284,1,0.9525741338729858,False,0.014339923858642578,0.0150381401181221,0.1730327308177948,0.021227937191724777,0.7907011918723583,0.07185009916038812
2900,social-group,prefix,region_western_europe,1,0.977022647857666,1,0.9525741338729858,False,0.024448513984680176,0.017527274787425995,0.17418016493320465,0.022059954702854156,0.7862326055765152,0.08199227405421573
2900,social-group,prefix,region_arab_culture,1,0.9740425944328308,1,0.9525741338729858,False,0.02146846055984497,0.022173389792442322,0.17339126765727997,0.025241272523999214,0.7791940700262785,0.10042026405305879
2900,social-group,prefix,placebo,1,0.8807970285415649,1,0.9525741338729858,False,-0.0717771053314209,0.019322175532579422,0.17250174283981323,0.02458421140909195,0.7835918702185154,0.08928581173031598
2900,social-group,suffix,gender_man,1,0.7772998809814453,1,0.9525741338729858,False,-0.17527425289154053,0.03207845240831375,0.1592617928981781,0.019767850637435913,0.7888919040560722,0.15195273428468645
2900,social-group,suffix,gender_woman,1,0.8670357465744019,1,0.9525741338729858,False,-0.08553838729858398,0.03106994926929474,0.1594647467136383,0.019574595615267754,0.7898907084017992,0.14787517978362835
2900,social-group,suffix,region_western_europe,1,0.8807970285415649,1,0.9525741338729858,False,-0.0717771053314209,0.0327845923602581,0.16008834540843964,0.019678719341754913,0.7874483428895473,0.15424293936801237
2900,social-group,suffix,region_arab_culture,1,0.8933094143867493,1,0.9525741338729858,False,-0.05926471948623657,0.040717367082834244,0.15176820755004883,0.019534919410943985,0.7879795059561729,0.1920444873334627
2900,social-group,suffix,placebo,1,0.531209409236908,1,0.9525741338729858,False,-0.4213647246360779,0.03583339601755142,0.15695060789585114,0.020137600600719452,0.787078395485878,0.16829384739665895
2900,social-group,reworded,gender_man,1,0.957912266254425,1,0.9525741338729858,False,0.005338132381439209,0.01839097961783409,0.1714843213558197,0.021824363619089127,0.7883003354072571,0.08687297475512644
2900,social-group,reworded,gender_woman,1,0.9465966820716858,1,0.9525741338729858,False,-0.005977451801300049,0.018798628821969032,0.1715995967388153,0.021166514605283737,0.7884352598339319,0.0888552071919594
2900,social-group,reworded,region_western_europe,1,0.970687747001648,1,0.9525741338729858,False,0.01811361312866211,0.02054372802376747,0.17308080196380615,0.021799013018608093,0.7845764569938183,0.09536435868190116
2900,social-group,reworded,region_arab_culture,1,0.9626730680465698,1,0.9525741338729858,False,0.010098934173583984,0.02562318742275238,0.1709243357181549,0.024866845458745956,0.7785856314003468,0.11572504343240039
2900,social-group,reworded,placebo,1,0.6791787147521973,1,0.9525741338729858,False,-0.2733954191207886,0.023356977850198746,0.1693098098039627,0.025258034467697144,0.7820751778781414,0.10717906121377058
2900,social-group,embedded,gender_man,1,0.8175744414329529,1,0.9525741338729858,False,-0.13499969244003296,0.0060497792437672615,0.1655089557170868,0.01839534379541874,0.8100459212437272,0.03184864091036256
2900,social-group,embedded,gender_woman,1,0.9149009585380554,1,0.9525741338729858,False,-0.03767317533493042,0.005125811323523521,0.16457270085811615,0.018327098339796066,0.8119743894785643,0.02726124015397975
2900,social-group,embedded,region_western_europe,1,0.9324532747268677,1,0.9525741338729858,False,-0.020120859146118164,0.0075856829062104225,0.16734959185123444,0.017937617376446724,0.8071271078661084,0.039329958825652246
2900,social-group,embedded,region_arab_culture,1,0.9399133324623108,1,0.9525741338729858,False,-0.012660801410675049,0.010143893770873547,0.16558095812797546,0.01766529493033886,0.8066098531708121,0.05245300206443897
2900,social-group,embedded,placebo,0,0.4687906503677368,1,0.9525741338729858,True,-0.483783483505249,0.009182877838611603,0.1658172607421875,0.01748052053153515,0.8075193408876657,0.04770805482982243
3058,social-group,prefix,gender_man,1,0.9149009585380554,1,0.9241418242454529,False,-0.009240865707397461,0.011698913760483265,0.17261645197868347,0.03509457781910896,0.7805900564417243,0.05331988865571177
3058,social-group,prefix,gender_woman,1,0.9149009585380554,1,0.9241418242454529,False,-0.009240865707397461,0.012631932273507118,0.1721607744693756,0.03501284867525101,0.7801944445818663,0.05746866702016484
3058,social-group,prefix,region_western_europe,1,0.9399133324623108,1,0.9241418242454529,False,0.01577150821685791,0.014090500771999359,0.1725681573152542,0.03565347194671631,0.7776878699660301,0.06338161021553927
3058,social-group,prefix,region_arab_culture,1,0.9626730680465698,1,0.9241418242454529,False,0.03853124380111694,0.01831045001745224,0.1697852462530136,0.03893066942691803,0.7729736343026161,0.08065340763926628
3058,social-group,prefix,placebo,1,0.7549149990081787,1,0.9241418242454529,False,-0.16922682523727417,0.01615450158715248,0.1746082752943039,0.03806133568286896,0.7711758874356747,0.07059789899812786
3058,social-group,suffix,gender_man,1,0.9149009585380554,1,0.9241418242454529,False,-0.009240865707397461,0.02858203649520874,0.16068917512893677,0.033816371113061905,0.7769124172627926,0.12812024831017957
3058,social-group,suffix,gender_woman,1,0.8807970285415649,1,0.9241418242454529,False,-0.04334479570388794,0.03183301165699959,0.158460333943367,0.03357239067554474,0.7761342637240887,0.14219689080854184
3058,social-group,suffix,region_western_europe,1,0.8670357465744019,1,0.9241418242454529,False,-0.057106077671051025,0.029908176511526108,0.15933677554130554,0.033393148332834244,0.7773618996143341,0.13433539209918485
3058,social-group,suffix,region_arab_culture,1,0.8807970285415649,1,0.9241418242454529,False,-0.04334479570388794,0.03571699559688568,0.15424537658691406,0.03343112766742706,0.7766065001487732,0.15988377289702743
3058,social-group,suffix,placebo,1,0.8670357465744019,1,0.9241418242454529,False,-0.057106077671051025,0.033693548291921616,0.15769872069358826,0.034704018384218216,0.7739037126302719,0.14902300556940867
3058,social-group,reworded,gender_man,1,0.9046505093574524,1,0.9241418242454529,False,-0.01949131488800049,0.015078729018568993,0.17148984968662262,0.03480193018913269,0.7786294911056757,0.06811534695331585
3058,social-group,reworded,gender_woman,1,0.8933094143867493,1,0.9241418242454529,False,-0.030832409858703613,0.015818795189261436,0.1707438826560974,0.034347258508205414,0.7790900636464357,0.07160744079860493
3058,social-group,reworded,region_western_europe,1,0.9324532747268677,1,0.9241418242454529,False,0.008311450481414795,0.016246654093265533,0.1718008816242218,0.03457459807395935,0.7773778662085533,0.0729786109609634
3058,social-group,reworded,region_arab_culture,1,0.9525741338729858,1,0.9241418242454529,False,0.02843230962753296,0.020998356863856316,0.16740067303180695,0.0373963825404644,0.7742045875638723,0.09299726968454804
3058,social-group,reworded,placebo,1,0.7310585379600525,1,0.9241418242454529,False,-0.1930832862854004,0.019708380103111267,0.1696040779352188,0.03879675641655922,0.7718907855451107,0.0863988776174966
3058,social-group,embedded,gender_man,1,0.8933094143867493,1,0.9241418242454529,False,-0.030832409858703613,0.004181959200650454,0.16563886404037476,0.03254931792616844,0.7976298588328063,0.020664902324673544
3058,social-group,embedded,gender_woman,1,0.8933094143867493,1,0.9241418242454529,False,-0.030832409858703613,0.004798095673322678,0.16624510288238525,0.03206399083137512,0.796892810612917,0.023623465460784032
3058,social-group,embedded,region_western_europe,1,0.9890130758285522,1,0.9241418242454529,False,0.06487125158309937,0.006959843449294567,0.1649850308895111,0.031111106276512146,0.7969440193846822,0.03427549106509568
3058,social-group,embedded,region_arab_culture,1,0.9875683188438416,1,0.9241418242454529,False,0.06342649459838867,0.0097299600020051,0.16376861929893494,0.03143160045146942,0.7950698202475905,0.04747939036485767
3058,social-group,embedded,placebo,1,0.8354835510253906,1,0.9241418242454529,False,-0.08865827322006226,0.008220398798584938,0.16376076638698578,0.03149287402629852,0.7965259607881308,0.04040023400737315
484,random,prefix,gender_man,1,0.8354835510253906,1,0.851952850818634,False,-0.016469299793243408,0.010600559413433075,0.17231547832489014,0.03431221842765808,0.7827717438340187,0.04879917373793824
484,random,prefix,gender_woman,1,0.8175744414329529,1,0.851952850818634,False,-0.03437840938568115,0.011726527474820614,0.17293086647987366,0.0343351811170578,0.7810074249282479,0.053547603022515544
484,random,prefix,region_western_europe,1,0.8807970285415649,1,0.851952850818634,False,0.028844177722930908,0.012555907480418682,0.1724923551082611,0.03474406152963638,0.7802076758816838,0.057126232823579974
484,random,prefix,region_arab_culture,1,0.7310585379600525,1,0.851952850818634,False,-0.12089431285858154,0.017161119729280472,0.16992850601673126,0.035551391541957855,0.7773589827120304,0.07707977594750136
484,random,prefix,placebo,0,0.4687906503677368,1,0.851952850818634,True,-0.3831622004508972,0.013434244319796562,0.17517520487308502,0.0341302715241909,0.7772602792829275,0.060313644448090835
484,random,suffix,gender_man,0,0.3775406777858734,1,0.851952850818634,True,-0.4744121730327606,0.028188269585371017,0.15953075885772705,0.03401055559515953,0.7782704159617424,0.12712904192571509
484,random,suffix,gender_woman,0,0.29421496391296387,1,0.851952850818634,True,-0.5577378869056702,0.03124075010418892,0.15818728506565094,0.03380017355084419,0.776771791279316,0.13994983108644274
484,random,suffix,region_western_europe,1,0.562176525592804,1,0.851952850818634,False,-0.2897763252258301,0.03275853767991066,0.15602032840251923,0.03313618153333664,0.7780849523842335,0.14761746908046647
484,random,suffix,region_arab_culture,0,0.22270014882087708,1,0.851952850818634,True,-0.629252701997757,0.041183751076459885,0.14730803668498993,0.03297637403011322,0.778531838208437,0.18595788551864345
484,random,suffix,placebo,0,0.11920291930437088,1,0.851952850818634,True,-0.7327499315142632,0.03352463245391846,0.15497338771820068,0.03501643240451813,0.7764855474233627,0.14998865651617646
484,random,reworded,gender_man,1,0.8175744414329529,1,0.851952850818634,False,-0.03437840938568115,0.013572189956903458,0.1722334623336792,0.03289598226547241,0.7812983654439449,0.06205801792224279
484,random,reworded,gender_woman,1,0.7057850360870361,1,0.851952850818634,False,-0.1461678147315979,0.014474274590611458,0.17182405292987823,0.03305097669363022,0.7806506957858801,0.06598732848717978
484,random,reworded,region_western_europe,1,0.8670357465744019,1,0.851952850818634,False,0.015082895755767822,0.01462235301733017,0.17163914442062378,0.03346560150384903,0.780272901058197,0.066547790817568
484,random,reworded,region_arab_culture,1,0.7772998809814453,1,0.851952850818634,False,-0.07465296983718872,0.01956796832382679,0.16838106513023376,0.03375642001628876,0.7782945465296507,0.08826110507220244
484,random,reworded,placebo,0,0.5,1,0.851952850818634,True,-0.35195285081863403,0.01517525129020214,0.17431506514549255,0.03306882828474045,0.7774408552795649,0.06818525165193433
484,random,embedded,gender_man,0,0.4073334336280823,1,0.851952850818634,True,-0.44461941719055176,0.004794258624315262,0.1684911698102951,0.03097674809396267,0.795737823471427,0.023471103195870535
484,random,embedded,gender_woman,0,0.13296423852443695,1,0.851952850818634,True,-0.7189886122941971,0.00572269968688488,0.16908198595046997,0.030685991048812866,0.7945093233138323,0.027848950517715118
484,random,embedded,region_western_europe,1,0.8670357465744019,1,0.851952850818634,False,0.015082895755767822,0.0076959021389484406,0.16769665479660034,0.03125980868935585,0.7933476343750954,0.037240813167932936
484,random,embedded,region_arab_culture,1,0.7057850360870361,1,0.851952850818634,False,-0.1461678147315979,0.010419224388897419,0.16597449779510498,0.030505184084177017,0.7931010937318206,0.050359011445870905
484,random,embedded,placebo,0,0.005911068990826607,1,0.851952850818634,True,-0.8460417818278074,0.008289393968880177,0.16514450311660767,0.029679540544748306,0.7968865623697639,0.040811647252856055
2612,social-group,prefix,gender_man,1,0.970687747001648,1,0.8175744414329529,False,0.15311330556869507,0.011722800321877003,0.17254073917865753,0.02582457661628723,0.7899118838831782,0.05579944519735906
2612,social-group,prefix,gender_woman,1,0.9626730680465698,1,0.8175744414329529,False,0.14509862661361694,0.012547077611088753,0.1730077564716339,0.026097696274518967,0.7883474696427584,0.0592814911775963
2612,social-group,prefix,region_western_europe,1,0.9820137619972229,1,0.8175744414329529,False,0.16443932056427002,0.013786491937935352,0.17320899665355682,0.026390640065073967,0.7866138713434339,0.06460819184795275
2612,social-group,prefix,region_arab_culture,1,0.9890130758285522,1,0.8175744414329529,False,0.17143863439559937,0.018196746706962585,0.1718897521495819,0.027350658550858498,0.782562842592597,0.08368738316822315
2612,social-group,prefix,placebo,1,0.851952850818634,1,0.8175744414329529,False,0.03437840938568115,0.014371603727340698,0.17385995388031006,0.02596978284418583,0.7857986595481634,0.06709390191968556
2612,social-group,suffix,gender_man,1,0.7981867790222168,1,0.8175744414329529,False,-0.019387662410736084,0.02950678952038288,0.16026288270950317,0.02491312474012375,0.7853172030299902,0.13744366077224549
2612,social-group,suffix,gender_woman,1,0.8354835510253906,1,0.8175744414329529,False,0.017909109592437744,0.030072638764977455,0.15993747115135193,0.02503431774675846,0.7849555723369122,0.1398438410694024
2612,social-group,suffix,region_western_europe,1,0.8807970285415649,1,0.8175744414329529,False,0.06322258710861206,0.034066129475831985,0.15807338058948517,0.025198260322213173,0.7826622296124697,0.15674279447649342
2612,social-group,suffix,region_arab_culture,1,0.851952850818634,1,0.8175744414329529,False,0.03437840938568115,0.040484633296728134,0.15202155709266663,0.02418002486228943,0.7833137847483158,0.18683529660483775
2612,social-group,suffix,placebo,0,0.5,1,0.8175744414329529,True,-0.3175744414329529,0.033621616661548615,0.15741762518882751,0.025901611894369125,0.7830591462552547,0.15498056765789325
2612,social-group,reworded,gender_man,1,0.977022647857666,1,0.8175744414329529,False,0.15944820642471313,0.014972442761063576,0.17169314622879028,0.02538975141942501,0.7879446595907211,0.07060629896028985
2612,social-group,reworded,gender_woman,1,0.9465966820716858,1,0.8175744414329529,False,0.1290222406387329,0.015630705282092094,0.172588512301445,0.025590278208255768,0.7861905042082071,0.07310575811522063
2612,social-group,reworded,region_western_europe,1,0.9859364032745361,1,0.8175744414329529,False,0.16836196184158325,0.016322553157806396,0.1721402406692505,0.026095181703567505,0.7854420244693756,0.07607525713010206
2612,social-group,reworded,region_arab_culture,1,0.9840936064720154,1,0.8175744414329529,False,0.1665191650390625,0.021888455376029015,0.16873125731945038,0.026862476021051407,0.7825178112834692,0.1006448183421527
2612,social-group,reworded,placebo,1,0.7310585379600525,1,0.8175744414329529,False,-0.08651590347290039,0.016770638525485992,0.1732601821422577,0.025907766073942184,0.7840614132583141,0.07766392648270724
2612,social-group,embedded,gender_man,1,0.7057850360870361,1,0.8175744414329529,False,-0.11178940534591675,0.005454428028315306,0.17009219527244568,0.024255214259028435,0.8001981624402106,0.027299188510631706
2612,social-group,embedded,gender_woman,1,0.9046505093574524,1,0.8175744414329529,False,0.08707606792449951,0.005520202685147524,0.16792991757392883,0.024540258571505547,0.8020096211694181,0.02788116633622434
2612,social-group,embedded,region_western_europe,1,0.851952850818634,1,0.8175744414329529,False,0.03437840938568115,0.008493185043334961,0.1705390214920044,0.024017667397856712,0.7969501260668039,0.04182807346203643
2612,social-group,embedded,region_arab_culture,1,0.7549149990081787,1,0.8175744414329529,False,-0.06265944242477417,0.010801898315548897,0.1672220081090927,0.023553986102342606,0.7984221074730158,0.05358672114355448
2612,social-group,embedded,placebo,0,0.13296423852443695,1,0.8175744414329529,True,-0.6846102029085159,0.008890602737665176,0.1706392616033554,0.023411162197589874,0.7970589734613895,0.04380879947886584
143,random,prefix,gender_man,1,0.6791787147521973,1,0.622459352016449,False,0.05671936273574829,0.013869347050786018,0.17155201733112335,0.02370082587003708,0.7908778097480536,0.06632173770787544
143,random,prefix,gender_woman,0,0.4687906503677368,1,0.622459352016449,True,-0.15366870164871216,0.01500710379332304,0.1729256808757782,0.02415582165122032,0.7879113936796784,0.0707586515546126
143,random,prefix,region_western_europe,1,0.6513549089431763,1,0.622459352016449,False,0.028895556926727295,0.01647879183292389,0.17049233615398407,0.024333667010068893,0.7886952050030231,0.07798588684728926
143,random,prefix,region_arab_culture,0,0.3486451506614685,1,0.622459352016449,True,-0.27381420135498047,0.02745535969734192,0.15377551317214966,0.030015554279088974,0.7887535728514194,0.1299683978940441
143,random,prefix,placebo,0,0.2689414322376251,1,0.622459352016449,True,-0.35351791977882385,0.020981771871447563,0.1714819073677063,0.03090120106935501,0.7766351196914911,0.09393496346635959
143,random,suffix,gender_man,0,0.01590639166533947,1,0.622459352016449,True,-0.6065529603511095,0.03129319101572037,0.15805581212043762,0.022096579894423485,0.7885544169694185,0.14799642805115687
143,random,suffix,gender_woman,0,0.014063626527786255,1,0.622459352016449,True,-0.6083957254886627,0.03354106843471527,0.15716327726840973,0.02219671756029129,0.7870989367365837,0.1575429822687916
143,random,suffix,region_western_europe,0,0.2018132209777832,1,0.622459352016449,True,-0.42064613103866577,0.032016821205616,0.15796098113059998,0.02283068187534809,0.7871915157884359,0.15044898855529837
143,random,suffix,region_arab_culture,0,0.18242551386356354,1,0.622459352016449,True,-0.44003383815288544,0.040004339069128036,0.1512850522994995,0.02119320258498192,0.7875174060463905,0.18827113470697762
143,random,suffix,placebo,0,0.004070138093084097,1,0.622459352016449,True,-0.6183892139233649,0.03430434316396713,0.1555536389350891,0.023346230387687683,0.7867957875132561,0.16089899333532173
143,random,reworded,gender_man,1,0.531209409236908,1,0.622459352016449,False,-0.09124994277954102,0.01791326329112053,0.17112533748149872,0.023887600749731064,0.7870737984776497,0.0841289759693582
143,random,reworded,gender_woman,0,0.3486451506614685,1,0.622459352016449,True,-0.27381420135498047,0.01879507303237915,0.1712665557861328,0.024205999448895454,0.7857323717325926,0.08771774431984086
143,random,reworded,region_western_europe,1,0.5926666259765625,1,0.622459352016449,False,-0.029792726039886475,0.019374560564756393,0.16912873089313507,0.023625927045941353,0.7878707814961672,0.09133376675503252
143,random,reworded,region_arab_culture,0,0.3775406777858734,1,0.622459352016449,True,-0.24491867423057556,0.031434543430805206,0.1511393040418625,0.027468258515000343,0.789957894012332,0.14965829485946397
143,random,reworded,placebo,0,0.14804719388484955,1,0.622459352016449,True,-0.4744121581315994,0.02486298233270645,0.16594596207141876,0.03050682693719864,0.7786842286586761,0.11234166540423168
143,random,embedded,gender_man,0,0.18242551386356354,1,0.622459352016449,True,-0.44003383815288544,0.004893577191978693,0.1668582260608673,0.020902857184410095,0.8073453395627439,0.02540077245404835
143,random,embedded,gender_woman,0,0.042087726294994354,1,0.622459352016449,True,-0.5803716257214546,0.005898365750908852,0.16792264580726624,0.02071881666779518,0.8054601717740297,0.030319579310296954
143,random,embedded,region_western_europe,0,0.4073334336280823,1,0.622459352016449,True,-0.2151259183883667,0.00810946710407734,0.1679297685623169,0.020860038697719574,0.8031007256358862,0.041185865871100145
143,random,embedded,region_arab_culture,0,0.5,1,0.622459352016449,True,-0.12245935201644897,0.011165641248226166,0.16260212659835815,0.019986338913440704,0.806245893239975,0.05762789462860479
143,random,embedded,placebo,0,2.4300239601871e-05,1,0.622459352016449,True,-0.6224350517768471,0.008857444860041142,0.16537779569625854,0.01970217004418373,0.8060625893995166,0.045671667125058865
3639,social-group,prefix,gender_man,1,0.9840936064720154,1,0.9525741338729858,False,0.03151947259902954,0.012925771996378899,0.16818493604660034,0.02903616800904274,0.789853123947978,0.06150827573177493
3639,social-group,prefix,gender_woman,1,0.9626730680465698,1,0.9525741338729858,False,0.010098934173583984,0.013932318426668644,0.17027589678764343,0.028368502855300903,0.787423281930387,0.0655401896933332
3639,social-group,prefix,region_western_europe,1,0.9669140577316284,1,0.9525741338729858,False,0.014339923858642578,0.01508261263370514,0.16915756464004517,0.029797324910759926,0.7859624978154898,0.07046714935358958
3639,social-group,prefix,region_arab_culture,1,0.9875683188438416,1,0.9525741338729858,False,0.03499418497085571,0.01954718306660652,0.16929806768894196,0.0305525790899992,0.7806021701544523,0.0890946965171324
3639,social-group,prefix,placebo,1,0.7981867790222168,1,0.9525741338729858,False,-0.15438735485076904,0.01584363728761673,0.17043229937553406,0.030042823404073715,0.7836812399327755,0.07324208627440851
3639,social-group,suffix,gender_man,1,0.7549149990081787,1,0.9525741338729858,False,-0.19765913486480713,0.030703090131282806,0.15684354305267334,0.027390435338020325,0.7850629314780235,0.14284688231031464
3639,social-group,suffix,gender_woman,1,0.7057850360870361,1,0.9525741338729858,False,-0.2467890977859497,0.03215321898460388,0.15601734817028046,0.026771804317831993,0.7850576285272837,0.14958995178242576
3639,social-group,suffix,region_western_europe,1,0.7981867790222168,1,0.9525741338729858,False,-0.15438735485076904,0.03272222355008125,0.15731406211853027,0.0272398442029953,0.7827238701283932,0.15060201766948594
3639,social-group,suffix,region_arab_culture,1,0.6791787147521973,1,0.9525741338729858,False,-0.2733954191207886,0.03836347907781601,0.15100987255573273,0.026950880885124207,0.7836757674813271,0.1773424947873304
3639,social-group,suffix,placebo,0,0.3486451506614685,1,0.9525741338729858,True,-0.6039289832115173,0.03367043286561966,0.1542506217956543,0.029087014496326447,0.7829919308423996,0.15515751555379617
3639,social-group,reworded,gender_man,1,0.9890130758285522,1,0.9525741338729858,False,0.036438941955566406,0.016433358192443848,0.16818436980247498,0.0291702039539814,0.7862120680510998,0.07686756704476548
3639,social-group,reworded,gender_woman,1,0.9525741338729858,1,0.9525741338729858,False,0.0,0.017306575551629066,0.1700831800699234,0.028761103749275208,0.7838491406291723,0.08006711424606443
3639,social-group,reworded,region_western_europe,1,0.957912266254425,1,0.9525741338729858,False,0.005338132381439209,0.017781272530555725,0.16838258504867554,0.029170814901590347,0.7846653275191784,0.08257505549710942
3639,social-group,reworded,region_arab_culture,1,0.9840936064720154,1,0.9525741338729858,False,0.03151947259902954,0.02311793714761734,0.16706335544586182,0.029260989278554916,0.7805577181279659,0.10534859987054988
3639,social-group,reworded,placebo,1,0.7310585379600525,1,0.9525741338729858,False,-0.22151559591293335,0.018828555941581726,0.17145214974880219,0.02989465743303299,0.7798246368765831,0.08551617980540167
3639,social-group,embedded,gender_man,1,0.7549149990081787,1,0.9525741338729858,False,-0.19765913486480713,0.004992401693016291,0.16593366861343384,0.0260967705398798,0.8029771591536701,0.02533920266082331
3639,social-group,embedded,gender_woman,1,0.7310585379600525,1,0.9525741338729858,False,-0.22151559591293335,0.005686312913894653,0.16685184836387634,0.02608458697795868,0.8013772517442703,0.028628709268353505
3639,social-group,embedded,region_western_europe,1,0.9399133324623108,1,0.9525741338729858,False,-0.012660801410675049,0.007567550055682659,0.1673923283815384,0.02624145708978176,0.7987986644729972,0.037611828151444024
3639,social-group,embedded,region_arab_culture,1,0.9924227595329285,1,0.9525741338729858,False,0.03984862565994263,0.009740613400936127,0.16520410776138306,0.02631017565727234,0.7987451031804085,0.04839938582795223
3639,social-group,embedded,placebo,0,0.007577240467071533,1,0.9525741338729858,True,-0.9449968934059143,0.009030359797179699,0.16661295294761658,0.025250781327486038,0.7991059059277177,0.04495084755418717
1560,social-group,prefix,gender_man,1,0.8933094143867493,1,0.7057850360870361,False,0.18752437829971313,0.011878591030836105,0.17047204077243805,0.028985589742660522,0.7886637784540653,0.056207075833681695
1560,social-group,prefix,gender_woman,1,0.8807970285415649,1,0.7057850360870361,False,0.1750119924545288,0.012543031945824623,0.17117837071418762,0.03031867928802967,0.7859599180519581,0.058601322853489825
1560,social-group,prefix,region_western_europe,1,0.8807970285415649,1,0.7057850360870361,False,0.1750119924545288,0.014876587316393852,0.16932454705238342,0.02990908734500408,0.7858897782862186,0.06948097665454106
1560,social-group,prefix,region_arab_culture,1,0.9626730680465698,1,0.7057850360870361,False,0.2568880319595337,0.019227901473641396,0.16335883736610413,0.03349444270133972,0.7839188184589148,0.08898461835736232
1560,social-group,prefix,placebo,1,0.851952850818634,1,0.7057850360870361,False,0.1461678147315979,0.01620885729789734,0.16913986206054688,0.03316471725702286,0.7814865633845329,0.07417785170996677
1560,social-group,suffix,gender_man,1,0.6513549089431763,1,0.7057850360870361,False,-0.05443012714385986,0.03104517050087452,0.15568973124027252,0.029199957847595215,0.7840651404112577,0.14377099908741672
1560,social-group,suffix,gender_woman,1,0.6791787147521973,1,0.7057850360870361,False,-0.026606321334838867,0.03086979314684868,0.15544213354587555,0.0288644228130579,0.7848236504942179,0.1434627607436902
1560,social-group,suffix,region_western_europe,1,0.7310585379600525,1,0.7057850360870361,False,0.025273501873016357,0.033689234405756,0.15316419303417206,0.028802353888750076,0.7843442186713219,0.1562176269896084
1560,social-group,suffix,region_arab_culture,1,0.6513549089431763,1,0.7057850360870361,False,-0.05443012714385986,0.04091286286711693,0.14294788241386414,0.03104502707719803,0.7850942276418209,0.19037582107812484
1560,social-group,suffix,placebo,0,0.2018132209777832,1,0.7057850360870361,True,-0.5039718151092529,0.037260688841342926,0.14916743338108063,0.03142407909035683,0.7821477986872196,0.17103654962772696
1560,social-group,reworded,gender_man,1,0.8175744414329529,1,0.7057850360870361,False,0.11178940534591675,0.015729408711194992,0.1703508198261261,0.028953200206160545,0.7849665712565184,0.07314866717750647
1560,social-group,reworded,gender_woman,1,0.8175744414329529,1,0.7057850360870361,False,0.11178940534591675,0.01616566814482212,0.16963157057762146,0.02989167720079422,0.7843110840767622,0.07494899807728354
1560,social-group,reworded,region_western_europe,1,0.7981867790222168,1,0.7057850360870361,False,0.09240174293518066,0.017745720222592354,0.1691899299621582,0.028912903741002083,0.7841514460742474,0.08221375543102553
1560,social-group,reworded,region_arab_culture,1,0.9465966820716858,1,0.7057850360870361,False,0.24081164598464966,0.022302433848381042,0.16175803542137146,0.03164554759860039,0.7842939831316471,0.10339272947584209
1560,social-group,reworded,placebo,1,0.7310585379600525,1,0.7057850360870361,False,0.025273501873016357,0.019094157963991165,0.1691543161869049,0.03170343488454819,0.7800480909645557,0.08681060349839577
1560,social-group,embedded,gender_man,1,0.622459352016449,1,0.7057850360870361,False,-0.08332568407058716,0.004872444085776806,0.16834954917430878,0.027704032137989998,0.7990739746019244,0.024249940126588862
1560,social-group,embedded,gender_woman,1,0.7310585379600525,1,0.7057850360870361,False,0.025273501873016357,0.004470578860491514,0.16882264614105225,0.027675606310367584,0.7990311686880887,0.02224513538396909
1560,social-group,embedded,region_western_europe,1,0.8807970285415649,1,0.7057850360870361,False,0.1750119924545288,0.007468549534678459,0.16846047341823578,0.02729945443570614,0.7967715226113796,0.03674952265866189
1560,social-group,embedded,region_arab_culture,1,0.9324532747268677,1,0.7057850360870361,False,0.22666823863983154,0.010565548203885555,0.1663062870502472,0.026921218261122704,0.7962069464847445,0.05184449627521109
1560,social-group,embedded,placebo,0,0.3208213150501251,1,0.7057850360870361,True,-0.384963721036911,0.008847205899655819,0.16709673404693604,0.027389859780669212,0.7966662002727389,0.04351074888445942
1882,social-group,prefix,gender_man,1,0.8933094143867493,1,0.8933094143867493,False,0.0,0.013539163395762444,0.1698077917098999,0.028032435104250908,0.7886206097900867,0.06405148289205105
1882,social-group,prefix,gender_woman,1,0.9324532747268677,1,0.8933094143867493,False,0.03914386034011841,0.014591178856790066,0.17106768488883972,0.027925904840230942,0.7864152314141393,0.06831563389748195
1882,social-group,prefix,region_western_europe,1,0.8933094143867493,1,0.8933094143867493,False,0.0,0.0179021954536438,0.1691468060016632,0.02901230752468109,0.7839386910200119,0.08285701654849238
1882,social-group,prefix,region_arab_culture,1,0.8670357465744019,1,0.8933094143867493,False,-0.026273667812347412,0.02691098302602768,0.15581563115119934,0.0330786406993866,0.7841947451233864,0.1247003139076201
1882,social-group,prefix,placebo,1,0.7981867790222168,1,0.8933094143867493,False,-0.09512263536453247,0.024338334798812866,0.15667112171649933,0.040373072028160095,0.7786174714565277,0.10993792039028777
1882,social-group,suffix,gender_man,0,0.43782350420951843,1,0.8933094143867493,True,-0.45548591017723083,0.029804006218910217,0.156838059425354,0.025427713990211487,0.7879302203655243,0.14053867679912016
1882,social-group,suffix,gender_woman,1,0.531209409236908,1,0.8933094143867493,False,-0.3621000051498413,0.03219357132911682,0.15624669194221497,0.02548622153699398,0.7860735151916742,0.1504889465087115
1882,social-group,suffix,region_western_europe,1,0.5926666259765625,1,0.8933094143867493,False,-0.30064278841018677,0.03385205194354057,0.15689760446548462,0.02524038776755333,0.7840099558234215,0.15672968665104525
1882,social-group,suffix,region_arab_culture,1,0.7057850360870361,1,0.8933094143867493,False,-0.18752437829971313,0.043679770082235336,0.14508041739463806,0.024165263399481773,0.7870745491236448,0.20514114166464759
1882,social-group,suffix,placebo,0,0.3775406777858734,1,0.8933094143867493,True,-0.5157687366008759,0.03571339696645737,0.15324681997299194,0.02633611485362053,0.7847036682069302,0.1658801925189463
1882,social-group,reworded,gender_man,1,0.8807970285415649,1,0.8933094143867493,False,-0.012512385845184326,0.017550528049468994,0.1689489334821701,0.02762685902416706,0.7858736794441938,0.08196343169729538
1882,social-group,reworded,gender_woman,1,0.9149009585380554,1,0.8933094143867493,False,0.021591544151306152,0.01843229867517948,0.16873671114444733,0.02745610848069191,0.7853748816996813,0.08588136757314538
1882,social-group,reworded,region_western_europe,1,0.8670357465744019,1,0.8933094143867493,False,-0.026273667812347412,0.02109791710972786,0.16719619929790497,0.028012320399284363,0.7836935631930828,0.09753716727607421
1882,social-group,reworded,region_arab_culture,1,0.8354835510253906,1,0.8933094143867493,False,-0.05782586336135864,0.0312606543302536,0.15299253165721893,0.03200811520218849,0.783738698810339,0.14455038491994474
1882,social-group,reworded,placebo,1,0.7981867790222168,1,0.8933094143867493,False,-0.09512263536453247,0.025340666994452477,0.15989576280117035,0.03733275830745697,0.7774308118969202,0.11385523400802587
1882,social-group,embedded,gender_man,1,0.6513549089431763,1,0.8933094143867493,False,-0.241954505443573,0.004948556423187256,0.16567328572273254,0.024341560900211334,0.8050365969538689,0.025381976031759953
1882,social-group,embedded,gender_woman,1,0.8807970285415649,1,0.8933094143867493,False,-0.012512385845184326,0.0052133286371827126,0.166952446103096,0.02445947751402855,0.8033747477456927,0.026514034069438856
1882,social-group,embedded,region_western_europe,1,0.9046505093574524,1,0.8933094143867493,False,0.011341094970703125,0.00939773116260767,0.16758200526237488,0.02404157631099224,0.7989786872640252,0.04674992434732942
1882,social-group,embedded,region_arab_culture,1,0.9626730680465698,1,0.8933094143867493,False,0.06936365365982056,0.013103494420647621,0.16192001104354858,0.022955453023314476,0.8020210415124893,0.0661862983862209
1882,social-group,embedded,placebo,0,0.2689414322376251,1,0.8933094143867493,True,-0.6243679821491241,0.009449533186852932,0.16607823967933655,0.023563740774989128,0.8009084863588214,0.04746326457632828
3978,social-group,prefix,gender_man,1,0.9740425944328308,1,0.977022647857666,False,-0.002980053424835205,0.01035348605364561,0.16834796965122223,0.04015162214636803,0.7811469221487641,0.04730792984635717
3978,social-group,prefix,gender_woman,1,0.970687747001648,1,0.977022647857666,False,-0.006334900856018066,0.011153948493301868,0.1699507236480713,0.04024656116962433,0.7786487666890025,0.05039027037012539
3978,social-group,prefix,region_western_europe,1,0.9525741338729858,1,0.977022647857666,False,-0.024448513984680176,0.012723386287689209,0.16829274594783783,0.04137735813856125,0.7776065096259117,0.05721114528256735
3978,social-group,prefix,region_arab_culture,1,0.8807970285415649,1,0.977022647857666,False,-0.09622561931610107,0.01828613132238388,0.16605360805988312,0.04406697675585747,0.7715932838618755,0.08005951677588019
3978,social-group,prefix,placebo,1,0.9241418242454529,1,0.977022647857666,False,-0.052880823612213135,0.01363089494407177,0.17303575575351715,0.04362139478325844,0.7697119545191526,0.05919063195664417
3978,social-group,suffix,gender_man,1,0.7310585379600525,1,0.977022647857666,False,-0.24596410989761353,0.02840307541191578,0.1558608114719391,0.03805581107735634,0.7776803020387888,0.12775779956696123
3978,social-group,suffix,gender_woman,1,0.7772998809814453,1,0.977022647857666,False,-0.1997227668762207,0.030289525166153908,0.15592104196548462,0.03783446550369263,0.7759549673646688,0.13519391530297803
3978,social-group,suffix,region_western_europe,1,0.7772998809814453,1,0.977022647857666,False,-0.1997227668762207,0.03363604098558426,0.15383142232894897,0.03767895698547363,0.7748535796999931,0.1493962948234502
3978,social-group,suffix,region_arab_culture,0,0.4687906503677368,1,0.977022647857666,True,-0.5082319974899292,0.042458198964595795,0.14348162710666656,0.037400707602500916,0.7766594663262367,0.190105209592698
3978,social-group,suffix,placebo,1,0.7549149990081787,1,0.977022647857666,False,-0.2221076488494873,0.034819189459085464,0.1536029428243637,0.03922240808606148,0.7723554596304893,0.1529542039645109
3978,social-group,reworded,gender_man,1,0.977022647857666,1,0.977022647857666,False,0.0,0.013404468074440956,0.1688806712627411,0.03904695808887482,0.7786679025739431,0.060562693935158465
3978,social-group,reworded,gender_woman,1,0.9626730680465698,1,0.977022647857666,False,-0.014349579811096191,0.0139237679541111,0.16978579759597778,0.039041269570589066,0.777249164879322,0.06250826375832769
3978,social-group,reworded,region_western_europe,1,0.9399133324623108,1,0.977022647857666,False,-0.037109315395355225,0.014749445021152496,0.16904468834400177,0.03958335518836975,0.776622511446476,0.06602923650302545
3978,social-group,reworded,region_arab_culture,1,0.851952850818634,1,0.977022647857666,False,-0.12506979703903198,0.020631738007068634,0.16590647399425507,0.04117337614297867,0.7722884118556976,0.09060469067561973
3978,social-group,reworded,placebo,1,0.8670357465744019,1,0.977022647857666,False,-0.10998690128326416,0.015419131144881248,0.1704002022743225,0.04167249798774719,0.772508168593049,0.0677788342971251
3978,social-group,embedded,gender_man,1,0.7549149990081787,1,0.977022647857666,False,-0.2221076488494873,0.004450157750397921,0.16717274487018585,0.036736033856868744,0.7916410635225475,0.02135813239226959
3978,social-group,embedded,gender_woman,1,0.8933094143867493,1,0.977022647857666,False,-0.08371323347091675,0.0049706194549798965,0.16735148429870605,0.03652244061231613,0.7911554556339979,0.02380057123383045
3978,social-group,embedded,region_western_europe,1,0.9959298968315125,1,0.977022647857666,False,0.018907248973846436,0.00803284253925085,0.16725361347198486,0.03612665832042694,0.7885868856683373,0.03799595197603973
3978,social-group,embedded,region_arab_culture,0,0.4687906503677368,1,0.977022647857666,True,-0.5082319974899292,0.010024133138358593,0.1659267395734787,0.035706259310245514,0.7883428679779172,0.047360242683968455
3978,social-group,embedded,placebo,0,0.07585817575454712,1,0.977022647857666,True,-0.9011644721031189,0.008061273954808712,0.16390997171401978,0.035070471465587616,0.7929582828655839,0.03893550568639823
1128,random,prefix,gender_man,0,0.4073334336280823,0,0.042087726294994354,False,0.3652457073330879,0.016212202608585358,0.17619258165359497,0.006408520042896271,0.8011866956949234,0.08154485770081026
1128,random,prefix,gender_woman,0,0.43782350420951843,0,0.042087726294994354,False,0.3957357779145241,0.017206721007823944,0.17687705159187317,0.006226956844329834,0.799689270555973,0.0859001465152771
1128,random,prefix,region_western_europe,0,0.3208213150501251,0,0.042087726294994354,False,0.27873358875513077,0.02021150290966034,0.17570309340953827,0.006417432799935341,0.797667970880866,0.09989275053313344
1128,random,prefix,region_arab_culture,0,0.3486451506614685,0,0.042087726294994354,False,0.30655742436647415,0.02769092097878456,0.1716720014810562,0.006835761480033398,0.7938013160601258,0.13429242345144649
1128,random,prefix,placebo,0,0.06008664518594742,0,0.042087726294994354,False,0.017998918890953064,0.024543771520256996,0.17827244102954865,0.007866720668971539,0.7893170667812228,0.11649624934151774
1128,random,suffix,gender_man,0,0.0035936026833951473,0,0.042087726294994354,False,-0.03849412361159921,0.036405228078365326,0.1578202098608017,0.007590625435113907,0.7981839366257191,0.18038815875052264
1128,random,suffix,gender_woman,0,0.0031726830638945103,0,0.042087726294994354,False,-0.038915043231099844,0.04032513499259949,0.15279754996299744,0.007660474628210068,0.799216840416193,0.2008392291275193
1128,random,suffix,region_western_europe,0,0.02595735713839531,0,0.042087726294994354,False,-0.016130369156599045,0.035473812371492386,0.1610037386417389,0.006566404830664396,0.7969560441561043,0.17471001401669584
1128,random,suffix,region_arab_culture,0,0.022977370768785477,0,0.042087726294994354,False,-0.019110355526208878,0.045840173959732056,0.1529473513364792,0.006762751843780279,0.7944497228600085,0.2230119783711713
1128,random,suffix,placebo,0,0.000626334163825959,0,0.042087726294994354,False,-0.041461392131168395,0.03736045956611633,0.15566611289978027,0.007873761467635632,0.7990996660664678,0.18596514418177632
1128,random,reworded,gender_man,0,0.3208213150501251,0,0.042087726294994354,False,0.27873358875513077,0.02087310329079628,0.1752086877822876,0.006265320349484682,0.7976528885774314,0.1031549358132731
1128,random,reworded,gender_woman,0,0.29421496391296387,0,0.042087726294994354,False,0.2521272376179695,0.021541861817240715,0.17585493624210358,0.006076955236494541,0.7965262467041612,0.10587046962229138
1128,random,reworded,region_western_europe,0,0.2689414322376251,0,0.042087726294994354,False,0.22685370594263077,0.023892926052212715,0.1729164868593216,0.0062104761600494385,0.7969801109284163,0.11768761258552454
1128,random,reworded,region_arab_culture,0,0.2018132209777832,0,0.042087726294994354,False,0.15972549468278885,0.03179674595594406,0.16863109171390533,0.006614801473915577,0.792957360856235,0.15357583388349894
1128,random,reworded,placebo,0,0.06754669547080994,0,0.042087726294994354,False,0.025458969175815582,0.0262305848300457,0.177470862865448,0.007726053707301617,0.7885724985972047,0.12406420477945874
1128,random,embedded,gender_man,0,0.06754669547080994,0,0.042087726294994354,False,0.025458969175815582,0.004705336876213551,0.17196673154830933,0.006453562527894974,0.8168743690475821,0.025694583831556348
1128,random,embedded,gender_woman,0,0.06754669547080994,0,0.042087726294994354,False,0.025458969175815582,0.005372726358473301,0.1727885603904724,0.006282039452344179,0.8155566737987101,0.02912941589770423
1128,random,embedded,region_western_europe,0,0.08509904146194458,0,0.042087726294994354,False,0.043011315166950226,0.008649376221001148,0.17227379977703094,0.006096682045608759,0.8129801419563591,0.04624843752679369
1128,random,embedded,region_arab_culture,0,0.3486451506614685,0,0.042087726294994354,False,0.30655742436647415,0.012775657698512077,0.16885633766651154,0.005729321390390396,0.812638683244586,0.0681872753658629
1128,random,embedded,placebo,0,0.001325022429227829,0,0.042087726294994354,False,-0.040762703865766525,0.008662452921271324,0.16955909132957458,0.005997705273330212,0.8157807504758239,0.04702251769913166
607,random,prefix,gender_man,0,0.4687906503677368,0,0.18242551386356354,False,0.2863651365041733,0.013495848514139652,0.1734268069267273,0.025483712553977966,0.7875936320051551,0.06353787149388664
607,random,prefix,gender_woman,1,0.5926666259765625,0,0.18242551386356354,True,0.41024111211299896,0.014406285248696804,0.17388997972011566,0.025460466742515564,0.786243268288672,0.06739570320597928
607,random,prefix,region_western_europe,1,0.5926666259765625,0,0.18242551386356354,True,0.41024111211299896,0.016697200015187263,0.1738557666540146,0.026362530887126923,0.7830845024436712,0.07697559742522003
607,random,prefix,region_arab_culture,1,0.7549149990081787,0,0.18242551386356354,True,0.5724894851446152,0.024079008027911186,0.16953200101852417,0.030233770608901978,0.7761552203446627,0.1075701120436518
607,random,prefix,placebo,0,0.29421496391296387,0,0.18242551386356354,False,0.11178945004940033,0.018185753375291824,0.17624986171722412,0.029257314279675484,0.7763070706278086,0.0812978462320258
607,random,suffix,gender_man,0,0.11920291930437088,0,0.18242551386356354,False,-0.06322259455919266,0.03112213872373104,0.1585785299539566,0.0247171763330698,0.7855821549892426,0.1451471481870813
607,random,suffix,gender_woman,0,0.11920291930437088,0,0.18242551386356354,False,-0.06322259455919266,0.03582927584648132,0.1547045260667801,0.02501734346151352,0.7844488546252251,0.16622169083901456
607,random,suffix,region_western_europe,0,0.16451644897460938,0,0.18242551386356354,False,-0.017909064888954163,0.03296729177236557,0.15799713134765625,0.023723039776086807,0.7853125371038914,0.1535594641980518
607,random,suffix,region_arab_culture,0,0.0534033328294754,0,0.18242551386356354,False,-0.12902218103408813,0.0422031432390213,0.1506396234035492,0.023798223584890366,0.7833590097725391,0.1948068239288898
607,random,suffix,placebo,0,0.01798621006309986,0,0.18242551386356354,False,-0.16443930380046368,0.034352559596300125,0.1549549102783203,0.026103170588612556,0.784589359536767,0.15947475724702437
607,random,reworded,gender_man,1,0.562176525592804,0,0.18242551386356354,True,0.3797510117292404,0.017470484599471092,0.17359618842601776,0.025886211544275284,0.7830471154302359,0.0805266297063371
607,random,reworded,gender_woman,1,0.531209409236908,0,0.18242551386356354,True,0.3487838953733444,0.018208008259534836,0.1729942411184311,0.02524489536881447,0.7835528552532196,0.08412219195977948
607,random,reworded,region_western_europe,1,0.6791787147521973,0,0.18242551386356354,True,0.49675320088863373,0.019550107419490814,0.17190851271152496,0.02519736997783184,0.7833440098911524,0.09023571150591715
607,random,reworded,region_arab_culture,1,0.7310585379600525,0,0.18242551386356354,True,0.548633024096489,0.027961142361164093,0.16748186945915222,0.02889161929488182,0.7756653688848019,0.12464032959229447
607,random,reworded,placebo,0,0.2689414322376251,0,0.18242551386356354,False,0.08651591837406158,0.02051737904548645,0.17468304932117462,0.028383463621139526,0.7764161080121994,0.09176590881871731
607,random,embedded,gender_man,0,0.16451644897460938,0,0.18242551386356354,False,-0.017909064888954163,0.004626775626093149,0.16861224174499512,0.022708464413881302,0.8040525182150304,0.023612325016610917
607,random,embedded,gender_woman,0,0.24508501589298248,0,0.18242551386356354,False,0.06265950202941895,0.005347894504666328,0.16856297850608826,0.022542666643857956,0.8035464603453875,0.02722218451277859
607,random,embedded,region_western_europe,0,0.4687906503677368,0,0.18242551386356354,False,0.2863651365041733,0.007942618802189827,0.16699784994125366,0.022286364808678627,0.8027731664478779,0.040271491759719356
607,random,embedded,region_arab_culture,0,0.29421496391296387,0,0.18242551386356354,False,0.11178945004940033,0.011191400699317455,0.16660456359386444,0.02164486050605774,0.8005591752007604,0.0561138909778522
607,random,embedded,placebo,0,0.042087726294994354,0,0.18242551386356354,False,-0.14033778756856918,0.008271778002381325,0.16759756207466125,0.021754944697022438,0.802375715225935,0.041856080652426284
1778,random,prefix,gender_man,1,0.7310585379600525,0,0.29421496391296387,True,0.4368435740470886,0.014493340626358986,0.17462903261184692,0.01654399186372757,0.7943336348980665,0.07047015499678676
1778,random,prefix,gender_woman,1,0.7057850360870361,0,0.29421496391296387,True,0.41157007217407227,0.015591872856020927,0.17537173628807068,0.016246838495135307,0.7927895523607731,0.07524655746686991
1778,random,prefix,region_western_europe,0,0.4687906503677368,0,0.29421496391296387,False,0.17457568645477295,0.01789747178554535,0.17385266721248627,0.01751675456762314,0.7907331064343452,0.08552462112183191
1778,random,prefix,region_arab_culture,0,0.3486451506614685,0,0.29421496391296387,False,0.05443018674850464,0.02410414069890976,0.17162121832370758,0.018846869468688965,0.7854277715086937,0.1123357895305933
1778,random,prefix,placebo,0,0.07585817575454712,0,0.29421496391296387,False,-0.21835678815841675,0.01840946450829506,0.17708677053451538,0.018318597227334976,0.7861851677298546,0.08610003484246373
1778,random,suffix,gender_man,0,0.14804719388484955,0,0.29421496391296387,False,-0.14616777002811432,0.030827529728412628,0.16062232851982117,0.017072495073080063,0.7914776466786861,0.14783800986990697
1778,random,suffix,gender_woman,0,0.06008664518594742,0,0.29421496391296387,False,-0.23412831872701645,0.031704023480415344,0.15915416181087494,0.017018219456076622,0.7921235952526331,0.1525138147301777
1778,random,suffix,region_western_europe,0,0.18242551386356354,0,0.29421496391296387,False,-0.11178945004940033,0.033911965787410736,0.15909402072429657,0.01638394221663475,0.7906100712716579,0.1619560500992738
1778,random,suffix,region_arab_culture,0,0.08509904146194458,0,0.29421496391296387,False,-0.2091159224510193,0.0426236167550087,0.15096010267734528,0.016377553343772888,0.7900387272238731,0.20300704121019747
1778,random,suffix,placebo,0,0.004609572701156139,0,0.29421496391296387,False,-0.28960539121180773,0.03333292156457901,0.15631064772605896,0.01874053105711937,0.7916158996522427,0.15995904442302497
1778,random,reworded,gender_man,1,0.7057850360870361,0,0.29421496391296387,True,0.41157007217407227,0.01853027194738388,0.17384101450443268,0.016770850867033005,0.7908578626811504,0.08860133201724617
1778,random,reworded,gender_woman,1,0.6513549089431763,0,0.29421496391296387,True,0.3571399450302124,0.019163627177476883,0.1749963015317917,0.01629197597503662,0.7895480953156948,0.09105941429336963
1778,random,reworded,region_western_europe,1,0.531209409236908,0,0.29421496391296387,True,0.2369944453239441,0.020940536633133888,0.17330580949783325,0.016952306032180786,0.7888013478368521,0.09915090091085252
1778,random,reworded,region_arab_culture,1,0.531209409236908,0,0.29421496391296387,True,0.2369944453239441,0.0283144973218441,0.16908061504364014,0.017936088144779205,0.7846687994897366,0.13149277603407283
1778,random,reworded,placebo,0,0.09534946084022522,0,0.29421496391296387,False,-0.19886550307273865,0.021556295454502106,0.17691808938980103,0.01841259002685547,0.7831130251288414,0.09938953442136206
1778,random,embedded,gender_man,0,0.3208213150501251,0,0.29421496391296387,False,0.026606351137161255,0.0051054987125098705,0.17061303555965424,0.01589152216911316,0.8083899435587227,0.026645254468021896
1778,random,embedded,gender_woman,0,0.43782350420951843,0,0.29421496391296387,False,0.14360854029655457,0.00497528538107872,0.17015834152698517,0.015718858689069748,0.8091475144028664,0.02606874815128655
1778,random,embedded,region_western_europe,0,0.5,0,0.29421496391296387,False,0.20578503608703613,0.007883048616349697,0.17003972828388214,0.015649549663066864,0.8064276734367013,0.04072404747262216
1778,random,embedded,region_arab_culture,1,0.7310585379600525,0,0.29421496391296387,True,0.4368435740470886,0.010849110782146454,0.1675577461719513,0.015020400285720825,0.8065727427601814,0.05608884154674906
1778,random,embedded,placebo,0,0.008577484637498856,0,0.29421496391296387,False,-0.285637479275465,0.007886101491749287,0.17134402692317963,0.015121827833354473,0.8056480437517166,0.04057639369307321
785,random,prefix,gender_man,0,0.43782350420951843,0,0.24508501589298248,False,0.19273848831653595,0.01398822944611311,0.17324797809123993,0.021374166011810303,0.7913896264508367,0.06705433295634503
785,random,prefix,gender_woman,1,0.531209409236908,0,0.24508501589298248,True,0.2861243933439255,0.014980869367718697,0.1740371286869049,0.020821580663323402,0.790160421282053,0.07139201031210145
785,random,prefix,region_western_europe,0,0.4073334336280823,0,0.24508501589298248,False,0.1622484177350998,0.01612810045480728,0.17365731298923492,0.022891949862241745,0.787322636693716,0.0758336486971613
785,random,prefix,region_arab_culture,1,0.8354835510253906,0,0.24508501589298248,True,0.5903985351324081,0.02252557873725891,0.17358851432800293,0.026184625923633575,0.7777012810111046,0.10133022286279635
785,random,prefix,placebo,0,0.22270014882087708,0,0.24508501589298248,False,-0.022384867072105408,0.017550744116306305,0.1755775511264801,0.02352711372077465,0.7833445910364389,0.08100764342910145
785,random,suffix,gender_man,0,0.13296423852443695,0,0.24508501589298248,False,-0.11212077736854553,0.0301252081990242,0.15850308537483215,0.021578222513198853,0.7897934839129448,0.14331243750097694
785,random,suffix,gender_woman,0,0.06008664518594742,0,0.24508501589298248,False,-0.18499837070703506,0.03273042291402817,0.15768198668956757,0.021439358592033386,0.7881482318043709,0.15449681252508637
785,random,suffix,region_western_europe,0,0.2018132209777832,0,0.24508501589298248,False,-0.04327179491519928,0.033954132348299026,0.1584208905696869,0.020582443103194237,0.7870425339788198,0.15944091081982562
785,random,suffix,region_arab_culture,0,0.07585817575454712,0,0.24508501589298248,False,-0.16922684013843536,0.042946428060531616,0.1504492163658142,0.020908761769533157,0.785695593804121,0.20039918367930162
785,random,suffix,placebo,0,0.03308597952127457,0,0.24508501589298248,False,-0.21199903637170792,0.03345364332199097,0.15559592843055725,0.02235410362482071,0.7885963246226311,0.158245325026985
785,random,reworded,gender_man,0,0.4073334336280823,0,0.24508501589298248,False,0.1622484177350998,0.01796078309416771,0.17362439632415771,0.021062444895505905,0.7873523756861687,0.08446265577677313
785,random,reworded,gender_woman,0,0.5,0,0.24508501589298248,False,0.2549149841070175,0.018676038831472397,0.17390076816082,0.020701497793197632,0.78672169521451,0.08756651948380914
785,random,reworded,region_western_europe,0,0.4073334336280823,0,0.24508501589298248,False,0.1622484177350998,0.0191825982183218,0.17339420318603516,0.021997377276420593,0.7854258213192225,0.0893984464312446
785,random,reworded,region_arab_culture,1,0.7981867790222168,0,0.24508501589298248,True,0.5531017631292343,0.026564965024590492,0.17130249738693237,0.025006018579006195,0.7771265190094709,0.11919302784039776
785,random,reworded,placebo,0,0.2018132209777832,0,0.24508501589298248,False,-0.04327179491519928,0.020074009895324707,0.17533177137374878,0.023095987737178802,0.7814982309937477,0.0918711550328469
785,random,embedded,gender_man,0,0.29421496391296387,0,0.24508501589298248,False,0.049129948019981384,0.00430470984429121,0.16710153222084045,0.01987883448600769,0.8087149234488606,0.02250415935160714
785,random,embedded,gender_woman,1,0.531209409236908,0,0.24508501589298248,True,0.2861243933439255,0.005144985858350992,0.16819405555725098,0.01959119737148285,0.8070697612129152,0.02666759700654768
785,random,embedded,region_western_europe,0,0.3486451506614685,0,0.24508501589298248,False,0.10356013476848602,0.0076384395360946655,0.16738948225975037,0.019693413749337196,0.8052786644548178,0.03922754286123042
785,random,embedded,region_arab_culture,0,0.3775406777858734,0,0.24508501589298248,False,0.13245566189289093,0.01040415745228529,0.16664692759513855,0.019118092954158783,0.8038308219984174,0.05303665722757605
785,random,embedded,placebo,0,0.07585817575454712,0,0.24508501589298248,False,-0.16922684013843536,0.007570650428533554,0.16594496369361877,0.019086172804236412,0.8073982130736113,0.03930726993424527
4417,social-group,prefix,gender_man,0,0.3775406777858734,0,0.3486451506614685,False,0.028895527124404907,0.009583924897015095,0.16479617357254028,0.046746302396059036,0.7788735991343856,0.04334138691489648
4417,social-group,prefix,gender_woman,0,0.4073334336280823,0,0.3486451506614685,False,0.05868828296661377,0.010465623810887337,0.16527238488197327,0.0463857464492321,0.7778762448579073,0.04711618441797218
4417,social-group,prefix,region_western_europe,0,0.43782350420951843,0,0.3486451506614685,False,0.08917835354804993,0.011481834575533867,0.16433221101760864,0.047008149325847626,0.7771778050810099,0.05152913326120064
4417,social-group,prefix,region_arab_culture,1,0.7981867790222168,0,0.3486451506614685,True,0.4495416283607483,0.016976293176412582,0.16139554977416992,0.051280342042446136,0.7703478150069714,0.07392175770906738
4417,social-group,prefix,placebo,0,0.4687906503677368,0,0.3486451506614685,False,0.12014549970626831,0.01274824794381857,0.1662781536579132,0.0472579225897789,0.7737156758084893,0.05633730038245767
4417,social-group,suffix,gender_man,0,0.10669060051441193,0,0.3486451506614685,False,-0.24195455014705658,0.030392352491617203,0.1520293802022934,0.04569724202156067,0.7718810252845287,0.13323026955353032
4417,social-group,suffix,gender_woman,0,0.13296423852443695,0,0.3486451506614685,False,-0.21568091213703156,0.03308781608939171,0.15188436210155487,0.045722853392362595,0.7693049684166908,0.14342665233101456
4417,social-group,suffix,region_western_europe,0,0.2689414322376251,0,0.3486451506614685,False,-0.07970371842384338,0.033504918217659,0.1495286226272583,0.04671991989016533,0.7702465392649174,0.14582987394602018
4417,social-group,suffix,region_arab_culture,0,0.042087726294994354,0,0.3486451506614685,False,-0.30655742436647415,0.04098658263683319,0.14247731864452362,0.046759869903326035,0.7697762288153172,0.17802932523398823
4417,social-group,suffix,placebo,0,0.01590639166533947,0,0.3486451506614685,False,-0.33273875899612904,0.033755574375391006,0.15181390941143036,0.04792697727680206,0.7665035389363766,0.14456567873289197
4417,social-group,reworded,gender_man,0,0.4073334336280823,0,0.3486451506614685,False,0.05868828296661377,0.012213895097374916,0.16489292681217194,0.04606279358267784,0.7768303845077753,0.05472920258627435
4417,social-group,reworded,gender_woman,0,0.43782350420951843,0,0.3486451506614685,False,0.08917835354804993,0.013022438623011112,0.16509999334812164,0.046185169368982315,0.7756923986598849,0.05805616281039596
4417,social-group,reworded,region_western_europe,0,0.4687906503677368,0,0.3486451506614685,False,0.12014549970626831,0.013181233778595924,0.16434213519096375,0.04592924565076828,0.776547385379672,0.05898894403626638
4417,social-group,reworded,region_arab_culture,1,0.7549149990081787,0,0.3486451506614685,True,0.4062698483467102,0.01897609420120716,0.16082945466041565,0.04947716370224953,0.7707172874361277,0.08276286506302084
4417,social-group,reworded,placebo,0,0.4687906503677368,0,0.3486451506614685,False,0.12014549970626831,0.014145205728709698,0.16548919677734375,0.046119049191474915,0.7742465483024716,0.06265776058946772
4417,social-group,embedded,gender_man,0,0.08509904146194458,0,0.3486451506614685,False,-0.2635461091995239,0.004434272181242704,0.16246184706687927,0.045254021883010864,0.7878498588688672,0.02090157544840765
4417,social-group,embedded,gender_woman,0,0.24508501589298248,0,0.3486451506614685,False,-0.10356013476848602,0.004719226621091366,0.16037750244140625,0.04483487457036972,0.7900683963671327,0.02247982933214975
4417,social-group,embedded,region_western_europe,1,0.6791787147521973,0,0.3486451506614685,True,0.33053356409072876,0.007261756807565689,0.16136926412582397,0.044822223484516144,0.7865467555820942,0.0340203627607945
4417,social-group,embedded,region_arab_culture,0,0.2018132209777832,0,0.3486451506614685,False,-0.1468319296836853,0.009111830964684486,0.1598910689353943,0.044260431081056595,0.7867366690188646,0.0427257274973844
4417,social-group,embedded,placebo,0,0.014063626527786255,0,0.3486451506614685,False,-0.33458152413368225,0.0077139269560575485,0.15957866609096527,0.04393650218844414,0.788770904764533,0.03651924441307895
1877,social-group,prefix,gender_man,0,0.5,0,0.10669060051441193,False,0.3933093994855881,0.014003433287143707,0.1729409247636795,0.019267302006483078,0.7937883399426937,0.0679080575911767
1877,social-group,prefix,gender_woman,1,0.531209409236908,0,0.10669060051441193,True,0.42451880872249603,0.014957419596612453,0.1732327938079834,0.019305264577269554,0.7925045220181346,0.07208552081274608
1877,social-group,prefix,region_western_europe,1,0.7310585379600525,0,0.10669060051441193,True,0.6243679374456406,0.017260855063796043,0.17448759078979492,0.019452808424830437,0.7887987457215786,0.0817270480839166
1877,social-group,prefix,region_arab_culture,1,0.562176525592804,0,0.10669060051441193,True,0.45548592507839203,0.02379319630563259,0.17163974046707153,0.022088080644607544,0.7824789825826883,0.10938343608418127
1877,social-group,prefix,placebo,0,0.11920291930437088,0,0.10669060051441193,False,0.012512318789958954,0.024098385125398636,0.17139945924282074,0.025009367614984512,0.7794927880167961,0.10928615399315927
1877,social-group,suffix,gender_man,0,0.08509904146194458,0,0.10669060051441193,False,-0.021591559052467346,0.031785693019628525,0.15939083695411682,0.01880446821451187,0.7900190018117428,0.1513741400120941
1877,social-group,suffix,gender_woman,0,0.08509904146194458,0,0.10669060051441193,False,-0.021591559052467346,0.034728553146123886,0.15739138424396515,0.01858675479888916,0.7892933078110218,0.16481941216644705
1877,social-group,suffix,region_western_europe,0,0.2689414322376251,0,0.10669060051441193,False,0.1622508317232132,0.03255194053053856,0.15984518826007843,0.018352646380662918,0.7892502248287201,0.15445777108935488
1877,social-group,suffix,region_arab_culture,0,0.10669060051441193,0,0.10669060051441193,False,0.0,0.03939845785498619,0.15506750345230103,0.018281791359186172,0.7872522473335266,0.18518859711177074
1877,social-group,suffix,placebo,0,0.03308597952127457,0,0.10669060051441193,False,-0.07360462099313736,0.036210134625434875,0.15751400589942932,0.019512975588440895,0.7867628838866949,0.1698115941794784
1877,social-group,reworded,gender_man,0,0.4687906503677368,0,0.10669060051441193,False,0.3621000498533249,0.01801694929599762,0.17336302995681763,0.01937503181397915,0.7892449889332056,0.08548764370915729
1877,social-group,reworded,gender_woman,0,0.4073334336280823,0,0.10669060051441193,False,0.30064283311367035,0.01878601685166359,0.1728714555501938,0.01926436275243759,0.789078164845705,0.08906624976935705
1877,social-group,reworded,region_western_europe,1,0.6513549089431763,0,0.10669060051441193,True,0.5446643084287643,0.02024146169424057,0.1727054864168167,0.019101431593298912,0.7879516202956438,0.09545680906622246
1877,social-group,reworded,region_arab_culture,1,0.531209409236908,0,0.10669060051441193,True,0.42451880872249603,0.0272926464676857,0.168817400932312,0.020784739404916763,0.7831052131950855,0.12583357520821378
1877,social-group,reworded,placebo,0,0.14804719388484955,0,0.10669060051441193,False,0.04135659337043762,0.02590508945286274,0.17180941998958588,0.02319006249308586,0.7790954280644655,0.1172682358988138
1877,social-group,embedded,gender_man,0,0.22270014882087708,0,0.10669060051441193,False,0.11600954830646515,0.004852105863392353,0.16653099656105042,0.017287008464336395,0.8113298891112208,0.025717406114488715
1877,social-group,embedded,gender_woman,0,0.29421496391296387,0,0.10669060051441193,False,0.18752436339855194,0.005462744273245335,0.1666490137577057,0.017341993749141693,0.8105462482199073,0.02883418365652733
1877,social-group,embedded,region_western_europe,1,0.7772998809814453,0,0.10669060051441193,True,0.6706092804670334,0.007112069986760616,0.16728729009628296,0.016872534528374672,0.8087281053885818,0.03718303727376814
1877,social-group,embedded,region_arab_culture,1,0.6513549089431763,0,0.10669060051441193,True,0.5446643084287643,0.009801509790122509,0.16514645516872406,0.016608402132987976,0.8084436329081655,0.051167757767213974
1877,social-group,embedded,placebo,0,0.009708477184176445,0,0.10669060051441193,False,-0.09698212333023548,0.00855459738522768,0.1673315167427063,0.016511375084519386,0.8076025107875466,0.044463144608822495
4274,social-group,prefix,gender_man,1,0.9875683188438416,1,0.970687747001648,False,0.016880571842193604,0.01412123441696167,0.17585867643356323,0.022959336638450623,0.7870607525110245,0.06631578998931499
4274,social-group,prefix,gender_woman,1,0.9840936064720154,1,0.970687747001648,False,0.013405859470367432,0.015156509354710579,0.177211195230484,0.02260907180607319,0.7850232236087322,0.07050300785571845
4274,social-group,prefix,region_western_europe,1,0.9875683188438416,1,0.970687747001648,False,0.016880571842193604,0.01665385812520981,0.17635653913021088,0.023042071610689163,0.7839475311338902,0.0770824708118952
4274,social-group,prefix,region_arab_culture,1,0.9840936064720154,1,0.970687747001648,False,0.013405859470367432,0.022639364004135132,0.17465263605117798,0.02613404020667076,0.7765739597380161,0.10132822466704763
4274,social-group,prefix,placebo,1,0.9149009585380554,1,0.970687747001648,False,-0.05578678846359253,0.019288234412670135,0.1797386258840561,0.026271184906363487,0.7747019547969103,0.08561208063426916
4274,social-group,suffix,gender_man,1,0.9241418242454529,1,0.970687747001648,False,-0.04654592275619507,0.029681526124477386,0.16392557322978973,0.020563285797834396,0.7858296148478985,0.13858837720909864
4274,social-group,suffix,gender_woman,1,0.851952850818634,1,0.970687747001648,False,-0.11873489618301392,0.0314020961523056,0.162636861205101,0.021010279655456543,0.7849507629871368,0.14602282058051333
4274,social-group,suffix,region_western_europe,1,0.9149009585380554,1,0.970687747001648,False,-0.05578678846359253,0.03438323736190796,0.16263000667095184,0.020600635558366776,0.7823861204087734,0.1580011230280652
4274,social-group,suffix,region_arab_culture,1,0.9324532747268677,1,0.970687747001648,False,-0.03823447227478027,0.04325377941131592,0.15421412885189056,0.019934523850679398,0.7825975678861141,0.19895720112577905
4274,social-group,suffix,placebo,1,0.7057850360870361,1,0.970687747001648,False,-0.2649027109146118,0.03578076511621475,0.15814808011054993,0.020975826308131218,0.7850953284651041,0.16649598568826238
4274,social-group,reworded,gender_man,1,0.9875683188438416,1,0.970687747001648,False,0.016880571842193604,0.01815548539161682,0.17489001154899597,0.023606538772583008,0.7833479642868042,0.08380020677789095
4274,social-group,reworded,gender_woman,1,0.9840936064720154,1,0.970687747001648,False,0.013405859470367432,0.018848564475774765,0.17552098631858826,0.022935662418603897,0.7826947867870331,0.08673774640326964
4274,social-group,reworded,region_western_europe,1,0.977022647857666,1,0.970687747001648,False,0.006334900856018066,0.01950502209365368,0.17575925588607788,0.022987861186265945,0.7817478608340025,0.0893692138285005
4274,social-group,reworded,region_arab_culture,1,0.9669140577316284,1,0.970687747001648,False,-0.0037736892700195312,0.026955239474773407,0.17082741856575012,0.026264188811182976,0.7759531531482935,0.1203107289995235
4274,social-group,reworded,placebo,1,0.851952850818634,1,0.970687747001648,False,-0.11873489618301392,0.021963492035865784,0.17779801785945892,0.026047732681035995,0.7741907574236393,0.09726569109959486
4274,social-group,embedded,gender_man,1,0.9626730680465698,1,0.970687747001648,False,-0.008014678955078125,0.00512321712449193,0.17113201320171356,0.01955767162144184,0.8041870980523527,0.026163838406632046
4274,social-group,embedded,gender_woman,1,0.9796676635742188,1,0.970687747001648,False,0.0089799165725708,0.005595349241048098,0.17024849355220795,0.019299283623695374,0.8048568735830486,0.028673053177865088
4274,social-group,embedded,region_western_europe,1,0.9399133324623108,1,0.970687747001648,False,-0.030774414539337158,0.00846006441861391,0.1702280193567276,0.019331304356455803,0.8019806118682027,0.04272341460313512
4274,social-group,embedded,region_arab_culture,1,0.957912266254425,1,0.970687747001648,False,-0.0127754807472229,0.011962790973484516,0.16783609986305237,0.01857161335647106,0.801629495806992,0.06030529096122635
4274,social-group,embedded,placebo,1,0.7310585379600525,1,0.970687747001648,False,-0.23962920904159546,0.008529230952262878,0.16731524467468262,0.018644332885742188,0.8055111914873123,0.04385461054282959
3788,random,prefix,gender_man,0,0.4073334336280823,0,0.10669060051441193,False,0.30064283311367035,0.014570346102118492,0.17556007206439972,0.011862792074680328,0.7980067897588015,0.07213285082563
3788,random,prefix,gender_woman,1,0.531209409236908,0,0.10669060051441193,True,0.42451880872249603,0.015604646876454353,0.1764623075723648,0.012040198780596256,0.7958928467705846,0.07645320915781334
3788,random,prefix,region_western_europe,1,0.622459352016449,0,0.10669060051441193,True,0.515768751502037,0.01809060573577881,0.1757250279188156,0.012652016244828701,0.7935323501005769,0.08761956531491161
3788,random,prefix,region_arab_culture,1,0.6791787147521973,0,0.10669060051441193,True,0.5724881142377853,0.025467483326792717,0.17034801840782166,0.014592207968235016,0.7895922902971506,0.1210387364738652
3788,random,prefix,placebo,0,0.13296423852443695,0,0.10669060051441193,False,0.026273638010025024,0.021133290603756905,0.17532020807266235,0.015646113082766533,0.7879003882408142,0.09963851620695692
3788,random,suffix,gender_man,0,0.005220125894993544,0,0.10669060051441193,False,-0.10147047461941838,0.03244362771511078,0.1604531854391098,0.011868705973029137,0.7952344808727503,0.1584428269632104
3788,random,suffix,gender_woman,0,0.004609572701156139,0,0.10669060051441193,False,-0.10208102781325579,0.03645610809326172,0.1573580503463745,0.011799872852861881,0.7943859687075019,0.17730360065457182
3788,random,suffix,region_western_europe,0,0.02931223064661026,0,0.10669060051441193,False,-0.07737836986780167,0.03582851588726044,0.159312903881073,0.011295881122350693,0.7935626991093159,0.17355640542032133
3788,random,suffix,region_arab_culture,0,0.06754669547080994,0,0.10669060051441193,False,-0.03914390504360199,0.044874176383018494,0.14939552545547485,0.011895031668245792,0.7938352664932609,0.21766174854319417
3788,random,suffix,placebo,0,0.0010322310263291001,0,0.10669060051441193,False,-0.10565836948808283,0.0370013564825058,0.15644705295562744,0.012245086021721363,0.7943065045401454,0.17988588506303735
3788,random,reworded,gender_man,0,0.29421496391296387,0,0.10669060051441193,False,0.18752436339855194,0.018808141350746155,0.17521663010120392,0.012030402198433876,0.793944826349616,0.09127720997026811
3788,random,reworded,gender_woman,0,0.3208213150501251,0,0.10669060051441193,False,0.2141307145357132,0.019710835069417953,0.17536091804504395,0.012153740040957928,0.7927745068445802,0.0951178099242585
3788,random,reworded,region_western_europe,1,0.531209409236908,0,0.10669060051441193,True,0.42451880872249603,0.02114388905465603,0.17495235800743103,0.012258335947990417,0.7916454169899225,0.10148031662751264
3788,random,reworded,region_arab_culture,1,0.622459352016449,0,0.10669060051441193,True,0.515768751502037,0.029528900980949402,0.16688615083694458,0.014081871137022972,0.789503077045083,0.14028186524737815
3788,random,reworded,placebo,0,0.11920291930437088,0,0.10669060051441193,False,0.012512318789958954,0.022975590080022812,0.17572715878486633,0.014304340817034245,0.7869929103180766,0.10786302988474007
3788,random,embedded,gender_man,0,0.07585817575454712,0,0.10669060051441193,False,-0.030832424759864807,0.004177629016339779,0.16892175376415253,0.011241663247346878,0.8156589539721608,0.022662500329464732
3788,random,embedded,gender_woman,0,0.13296423852443695,0,0.10669060051441193,False,0.026273638010025024,0.005621013231575489,0.1702532172203064,0.011135701090097427,0.8129900684580207,0.03005729794790981
3788,random,embedded,region_western_europe,1,0.622459352016449,0,0.10669060051441193,True,0.515768751502037,0.00803082063794136,0.1703365445137024,0.01076028123497963,0.8108723536133766,0.04246243630359778
3788,random,embedded,region_arab_culture,1,0.7981867790222168,0,0.10669060051441193,True,0.6914961785078049,0.011644462123513222,0.1675867885351181,0.010802330449223518,0.8099664188921452,0.06127581270441001
3788,random,embedded,placebo,0,0.00048785717808641493,0,0.10669060051441193,False,-0.10620274333632551,0.008694936521351337,0.16850194334983826,0.010682381689548492,0.8121207384392619,0.04627938415938694
1737,social-group,prefix,gender_man,1,0.9796676635742188,1,0.9626730680465698,False,0.016994595527648926,0.015408515930175781,0.16598501801490784,0.020693663507699966,0.7979128025472164,0.07624686830434117
1737,social-group,prefix,gender_woman,1,0.9840936064720154,1,0.9626730680465698,False,0.021420538425445557,0.016606654971837997,0.16616645455360413,0.020465126261115074,0.7967617642134428,0.0817102889501485
1737,social-group,prefix,region_western_europe,1,0.9796676635742188,1,0.9626730680465698,False,0.016994595527648926,0.019659966230392456,0.16678525507450104,0.021815191954374313,0.7917395867407322,0.09440087975777398
1737,social-group,prefix,region_arab_culture,1,0.9399133324623108,1,0.9626730680465698,False,-0.022759735584259033,0.027027931064367294,0.16125671565532684,0.023258700966835022,0.7884566523134708,0.12776545024908104
1737,social-group,prefix,placebo,1,0.9465966820716858,1,0.9626730680465698,False,-0.016076385974884033,0.022244717925786972,0.15900182723999023,0.025139950215816498,0.7936135046184063,0.10778184824863708
1737,social-group,suffix,gender_man,1,0.531209409236908,1,0.9626730680465698,False,-0.43146365880966187,0.032385796308517456,0.1538430154323578,0.01889861561357975,0.794872572645545,0.1578813556343961
1737,social-group,suffix,gender_woman,0,0.5,1,0.9626730680465698,True,-0.4626730680465698,0.036129992455244064,0.1510283648967743,0.018916139379143715,0.7939255032688379,0.17532490933304595
1737,social-group,suffix,region_western_europe,1,0.6513549089431763,1,0.9626730680465698,False,-0.31131815910339355,0.035503633320331573,0.156906858086586,0.01883487030863762,0.7887546382844448,0.16806822659679369
1737,social-group,suffix,region_arab_culture,1,0.8354835510253906,1,0.9626730680465698,False,-0.1271895170211792,0.04615364223718643,0.14250287413597107,0.018250377848744392,0.7930931057780981,0.22306478675228644
1737,social-group,suffix,placebo,1,0.8354835510253906,1,0.9626730680465698,False,-0.1271895170211792,0.035754382610321045,0.1525622457265854,0.01925540342926979,0.7924279682338238,0.1722504824281785
1737,social-group,reworded,gender_man,1,0.977022647857666,1,0.9626730680465698,False,0.014349579811096191,0.01978978142142296,0.1638273447751999,0.020915478467941284,0.7954673953354359,0.09675612088291953
1737,social-group,reworded,gender_woman,1,0.970687747001648,1,0.9626730680465698,False,0.008014678955078125,0.020671095699071884,0.16366729140281677,0.020512297749519348,0.795149315148592,0.10090811126194682
1737,social-group,reworded,region_western_europe,1,0.9465966820716858,1,0.9626730680465698,False,-0.016076385974884033,0.022952675819396973,0.16446037590503693,0.021164676174521446,0.7914222721010447,0.11004375227692721
1737,social-group,reworded,region_arab_culture,1,0.8807970285415649,1,0.9626730680465698,False,-0.08187603950500488,0.03191286325454712,0.15820635855197906,0.02291329950094223,0.7869674786925316,0.14980277686563873
1737,social-group,reworded,placebo,1,0.9324532747268677,1,0.9626730680465698,False,-0.03021979331970215,0.025071579962968826,0.1592482030391693,0.024843301624059677,0.7908369153738022,0.119866180056462
1737,social-group,embedded,gender_man,1,0.9669140577316284,1,0.9626730680465698,False,0.004240989685058594,0.005060162395238876,0.16531383991241455,0.01783289760351181,0.8117931000888348,0.026886168347851767
1737,social-group,embedded,gender_woman,1,0.9840936064720154,1,0.9626730680465698,False,0.021420538425445557,0.005716082639992237,0.16611087322235107,0.017407216131687164,0.8107658280059695,0.030206397606519792
1737,social-group,embedded,region_western_europe,1,0.8354835510253906,1,0.9626730680465698,False,-0.1271895170211792,0.009460842236876488,0.16806495189666748,0.01665813848376274,0.8058160673826933,0.04872103530584943
1737,social-group,embedded,region_arab_culture,1,0.9796676635742188,1,0.9626730680465698,False,0.016994595527648926,0.01317443884909153,0.16117694973945618,0.016405506059527397,0.8092431053519249,0.0690640245187304
1737,social-group,embedded,placebo,0,0.13296423852443695,1,0.9626730680465698,True,-0.8297088295221329,0.00897030159831047,0.16352291405200958,0.016758205369114876,0.8107485789805651,0.047398859939811376
1578,social-group,prefix,gender_man,1,0.7057850360870361,1,0.6791787147521973,False,0.026606321334838867,0.011393791995942593,0.17052122950553894,0.03463996574282646,0.783445012755692,0.052613851756222116
1578,social-group,prefix,gender_woman,1,0.6791787147521973,1,0.6791787147521973,False,0.0,0.01242576353251934,0.1708654761314392,0.034299418330192566,0.7824093420058489,0.057106144386278514
1578,social-group,prefix,region_western_europe,1,0.7981867790222168,1,0.6791787147521973,False,0.11900806427001953,0.01358101237565279,0.1701485961675644,0.034275662153959274,0.7819947293028235,0.06229671572719773
1578,social-group,prefix,region_arab_culture,1,0.9046505093574524,1,0.6791787147521973,False,0.22547179460525513,0.018632620573043823,0.1681092381477356,0.037880972027778625,0.775377169251442,0.08295069789188575
1578,social-group,prefix,placebo,1,0.562176525592804,1,0.6791787147521973,False,-0.11700218915939331,0.015723956748843193,0.17339381575584412,0.038598861545324326,0.7722833659499884,0.06905054088139148
1578,social-group,suffix,gender_man,0,0.18242551386356354,1,0.6791787147521973,True,-0.49675320088863373,0.029905609786510468,0.15639083087444305,0.03413126617670059,0.7795722931623459,0.13567082929613775
1578,social-group,suffix,gender_woman,0,0.18242551386356354,1,0.6791787147521973,True,-0.49675320088863373,0.03294631466269493,0.15545934438705444,0.034283556044101715,0.7773107849061489,0.14794750903769585
1578,social-group,suffix,region_western_europe,1,0.562176525592804,1,0.6791787147521973,False,-0.11700218915939331,0.031257107853889465,0.1559540331363678,0.03510676324367523,0.7776820957660675,0.14059644886270334
1578,social-group,suffix,region_arab_culture,1,0.622459352016449,1,0.6791787147521973,False,-0.05671936273574829,0.03735218197107315,0.15023136138916016,0.03406112268567085,0.7783553339540958,0.1685228101240986
1578,social-group,suffix,placebo,0,0.11920291930437088,1,0.6791787147521973,True,-0.5599757954478264,0.035288505256175995,0.1540120393037796,0.0359731949865818,0.7747262604534626,0.15664722096419073
1578,social-group,reworded,gender_man,1,0.7310585379600525,1,0.6791787147521973,False,0.051879823207855225,0.014592099003493786,0.17037123441696167,0.03389730304479599,0.7811393635347486,0.06667301730985589
1578,social-group,reworded,gender_woman,1,0.6791787147521973,1,0.6791787147521973,False,0.0,0.015478498302400112,0.17027327418327332,0.03358742967247963,0.7806607978418469,0.07056877270502446
1578,social-group,reworded,region_western_europe,1,0.7549149990081787,1,0.6791787147521973,False,0.07573628425598145,0.015542201697826385,0.1697360873222351,0.033368948847055435,0.7813527621328831,0.07108345776255437
1578,social-group,reworded,region_arab_culture,1,0.9465966820716858,1,0.6791787147521973,False,0.2674179673194885,0.020817533135414124,0.1667846441268921,0.0352913998067379,0.7771064229309559,0.09339673852048966
1578,social-group,reworded,placebo,0,0.3775406777858734,1,0.6791787147521973,True,-0.30163803696632385,0.01768101379275322,0.17206893861293793,0.035989921540021896,0.774260126054287,0.07832472608275325
1578,social-group,embedded,gender_man,0,0.24508501589298248,1,0.6791787147521973,True,-0.4340936988592148,0.004604975692927837,0.16640660166740417,0.03330087661743164,0.7956875460222363,0.02253888886004482
1578,social-group,embedded,gender_woman,0,0.07585817575454712,1,0.6791787147521973,True,-0.6033205389976501,0.00536804273724556,0.1669028103351593,0.032925527542829514,0.7948036193847656,0.026160513753462476
1578,social-group,embedded,region_western_europe,1,0.7310585379600525,1,0.6791787147521973,False,0.051879823207855225,0.006616201251745224,0.16814835369586945,0.032688986510038376,0.792546458542347,0.031892447847634224
1578,social-group,embedded,region_arab_culture,1,0.851952850818634,1,0.6791787147521973,False,0.17277413606643677,0.008847714401781559,0.16505037248134613,0.03271298483014107,0.7933889282867312,0.04282304103267158
1578,social-group,embedded,placebo,0,0.004070138093084097,1,0.6791787147521973,True,-0.6751085766591132,0.008083046413958073,0.16500820219516754,0.03165428340435028,0.7952544679865241,0.03947849965012211
3143,random,prefix,gender_man,0,0.43782350420951843,0,0.3486451506614685,False,0.08917835354804993,0.011764761060476303,0.17220106720924377,0.02834387496113777,0.7876902967691422,0.055413204773235115
3143,random,prefix,gender_woman,0,0.3486451506614685,0,0.3486451506614685,False,0.0,0.012933816760778427,0.17279791831970215,0.02829425223171711,0.7859740126878023,0.06043105757018184
3143,random,prefix,region_western_europe,0,0.4687906503677368,0,0.3486451506614685,False,0.12014549970626831,0.013878539204597473,0.17191959917545319,0.028891995549201965,0.7853098660707474,0.06464451323678853
3143,random,prefix,region_arab_culture,0,0.5,0,0.3486451506614685,False,0.1513548493385315,0.020352041348814964,0.16751492023468018,0.034790195524692535,0.7773428428918123,0.09140528700330994
3143,random,prefix,placebo,0,0.3486451506614685,0,0.3486451506614685,False,0.0,0.017182160168886185,0.1742575764656067,0.03284459188580513,0.775715671479702,0.07660883077406444
3143,random,suffix,gender_man,0,0.2689414322376251,0,0.3486451506614685,False,-0.07970371842384338,0.030870014801621437,0.15483403205871582,0.027443483471870422,0.7868524696677923,0.14482933371786208
3143,random,suffix,gender_woman,0,0.16451644897460938,0,0.3486451506614685,False,-0.18412870168685913,0.03048873320221901,0.15822260081768036,0.027171790599822998,0.7841168753802776,0.14122795960047754
3143,random,suffix,region_western_europe,0,0.24508501589298248,0,0.3486451506614685,False,-0.10356013476848602,0.03116033971309662,0.15655748546123505,0.027504295110702515,0.7847778797149658,0.14478223554265116
3143,random,suffix,region_arab_culture,0,0.10669060051441193,0,0.3486451506614685,False,-0.24195455014705658,0.03867179527878761,0.1532222032546997,0.026737354695796967,0.7813686467707157,0.1768812876451051
3143,random,suffix,placebo,0,0.042087726294994354,0,0.3486451506614685,False,-0.30655742436647415,0.0361221618950367,0.15199729800224304,0.029506731778383255,0.782373808324337,0.16598260355017835
3143,random,reworded,gender_man,0,0.3486451506614685,0,0.3486451506614685,False,0.0,0.015027878805994987,0.17224515974521637,0.028054019436240196,0.7846729420125484,0.0697909447444861
3143,random,reworded,gender_woman,0,0.29421496391296387,0,0.3486451506614685,False,-0.05443018674850464,0.016023065894842148,0.17252609133720398,0.02814510650932789,0.783305736258626,0.0739431935954049
3143,random,reworded,region_western_europe,0,0.5,0,0.3486451506614685,False,0.1513548493385315,0.01619078405201435,0.17112967371940613,0.02806985005736351,0.784609692171216,0.07516951071393878
3143,random,reworded,region_arab_culture,1,0.562176525592804,0,0.3486451506614685,True,0.21353137493133545,0.023457881063222885,0.16585007309913635,0.032546162605285645,0.7781458832323551,0.10573561313622634
3143,random,reworded,placebo,0,0.3486451506614685,0,0.3486451506614685,False,0.0,0.018507642671465874,0.17354175448417664,0.030727379024028778,0.7772232238203287,0.08307707378142194
3143,random,embedded,gender_man,0,0.24508501589298248,0,0.3486451506614685,False,-0.10356013476848602,0.005171644501388073,0.1686258614063263,0.026471413671970367,0.7997310804203153,0.025823500282730262
3143,random,embedded,gender_woman,0,0.4073334336280823,0,0.3486451506614685,False,0.05868828296661377,0.006184633821249008,0.16838613152503967,0.026052869856357574,0.7993763647973537,0.03082704495411033
3143,random,embedded,region_western_europe,0,0.2018132209777832,0,0.3486451506614685,False,-0.1468319296836853,0.00738286878913641,0.1695268750190735,0.02623537927865982,0.7968548769131303,0.0363428305683682
3143,random,embedded,region_arab_culture,1,0.7057850360870361,0,0.3486451506614685,True,0.3571398854255676,0.009776885621249676,0.1672092080116272,0.02653871476650238,0.7964751916006207,0.04803780776476336
3143,random,embedded,placebo,0,0.005911068990826607,0,0.3486451506614685,False,-0.3427340816706419,0.008833811618387699,0.1669071465730667,0.02594652585685253,0.7983125159516931,0.043799503276424824
389,random,prefix,gender_man,1,0.957912266254425,1,0.9796676635742188,False,-0.0217553973197937,0.011198034510016441,0.17303234338760376,0.02924182079732418,0.7865278013050556,0.05245664109179216
389,random,prefix,gender_woman,1,0.9399133324623108,1,0.9796676635742188,False,-0.03975433111190796,0.012298055924475193,0.1733398288488388,0.02903868816792965,0.7853234270587564,0.05728643678246687
389,random,prefix,region_western_europe,1,0.9740425944328308,1,0.9796676635742188,False,-0.0056250691413879395,0.013767542317509651,0.172382652759552,0.02923602983355522,0.7846137750893831,0.06392025452520486
389,random,prefix,region_arab_culture,1,0.9626730680465698,1,0.9796676635742188,False,-0.016994595527648926,0.019160544499754906,0.1708797663450241,0.033359888941049576,0.7765998002141714,0.08576780378049759
389,random,prefix,placebo,1,0.7981867790222168,1,0.9796676635742188,False,-0.18148088455200195,0.01529689971357584,0.17666201293468475,0.03274506330490112,0.7752960240468383,0.0680757857028947
389,random,suffix,gender_man,1,0.7772998809814453,1,0.9796676635742188,False,-0.20236778259277344,0.030801109969615936,0.15900073945522308,0.028794677928090096,0.7814034726470709,0.14090393082908786
389,random,suffix,gender_woman,1,0.7057850360870361,1,0.9796676635742188,False,-0.2738826274871826,0.03457678109407425,0.15700693428516388,0.028522027656435966,0.7798942569643259,0.1570916806494692
389,random,suffix,region_western_europe,1,0.8175744414329529,1,0.9796676635742188,False,-0.16209322214126587,0.0340874008834362,0.1566535383462906,0.028233369812369347,0.7810256909579039,0.1556684938637398
389,random,suffix,region_arab_culture,1,0.5926666259765625,1,0.9796676635742188,False,-0.38700103759765625,0.04183928668498993,0.1501045674085617,0.027919236570596695,0.7801369093358517,0.19029700054977164
389,random,suffix,placebo,0,0.43782350420951843,1,0.9796676635742188,True,-0.5418441593647003,0.034936998039484024,0.15691395103931427,0.02989264577627182,0.7782564051449299,0.15755583859059638
389,random,reworded,gender_man,1,0.9626730680465698,1,0.9796676635742188,False,-0.016994595527648926,0.014684238471090794,0.17353704571723938,0.028934672474861145,0.7828440433368087,0.06762070309619014
389,random,reworded,gender_woman,1,0.9324532747268677,1,0.9796676635742188,False,-0.047214388847351074,0.01555616594851017,0.17359498143196106,0.028791241347789764,0.782057611271739,0.071377422443076
389,random,reworded,region_western_europe,1,0.970687747001648,1,0.9796676635742188,False,-0.0089799165725708,0.016264010220766068,0.17247170209884644,0.02874094434082508,0.7825233433395624,0.07478508484779713
389,random,reworded,region_arab_culture,1,0.970687747001648,1,0.9796676635742188,False,-0.0089799165725708,0.021967850625514984,0.16968180239200592,0.031754374504089355,0.7765959724783897,0.09833238401841254
389,random,reworded,placebo,1,0.7549149990081787,1,0.9796676635742188,False,-0.22475266456604004,0.017744924873113632,0.17555402219295502,0.0313277505338192,0.7753733024001122,0.07899739907462582
389,random,embedded,gender_man,1,0.7310585379600525,1,0.9796676635742188,False,-0.24860912561416626,0.004768610466271639,0.1677706092596054,0.026768559589982033,0.8006922206841409,0.023925862214913537
389,random,embedded,gender_woman,1,0.5926666259765625,1,0.9796676635742188,False,-0.38700103759765625,0.005688311532139778,0.1687508523464203,0.02675718069076538,0.7988036554306746,0.028272439761845566
389,random,embedded,region_western_europe,1,0.8670357465744019,1,0.9796676635742188,False,-0.1126319169998169,0.008255179971456528,0.1707223802804947,0.026344459503889084,0.7946779802441597,0.04020601385702915
389,random,embedded,region_arab_culture,1,0.7981867790222168,1,0.9796676635742188,False,-0.18148088455200195,0.010560711845755577,0.1664961576461792,0.026028716936707497,0.7969144135713577,0.05200128690307754
389,random,embedded,placebo,0,0.02595735713839531,1,0.9796676635742188,True,-0.9537103064358234,0.008926530368626118,0.1673465073108673,0.02538355439901352,0.798343407921493,0.04426599833220889
1634,random,prefix,gender_man,1,0.622459352016449,1,0.531209409236908,False,0.09124994277954102,0.014994103461503983,0.1722157597541809,0.01817227527499199,0.7946178615093231,0.07300587856224228
1634,random,prefix,gender_woman,1,0.562176525592804,1,0.531209409236908,False,0.030967116355895996,0.01583278924226761,0.17343105375766754,0.01742515340447426,0.7933110035955906,0.07660199390241869
1634,random,prefix,region_western_europe,1,0.622459352016449,1,0.531209409236908,False,0.09124994277954102,0.017796941101551056,0.17301441729068756,0.01765836402773857,0.7915302775800228,0.08536942868709656
1634,random,prefix,region_arab_culture,1,0.6791787147521973,1,0.531209409236908,False,0.1479693055152893,0.024873612448573112,0.1700148582458496,0.02055010013282299,0.7845614291727543,0.11545570671520367
1634,random,prefix,placebo,0,0.042087726294994354,1,0.531209409236908,True,-0.4891216829419136,0.018680842593312263,0.17980575561523438,0.018191084265708923,0.7833223175257444,0.0862148901538663
1634,random,suffix,gender_man,0,0.06754669547080994,1,0.531209409236908,True,-0.463662713766098,0.03396667167544365,0.15680526196956635,0.0168454647064209,0.7923826016485691,0.1636022411664593
1634,random,suffix,gender_woman,0,0.042087726294994354,1,0.531209409236908,True,-0.4891216829419136,0.03542611747980118,0.15616442263126373,0.01678404211997986,0.7916254177689552,0.17001170248548292
1634,random,suffix,region_western_europe,0,0.3486451506614685,1,0.531209409236908,True,-0.18256425857543945,0.03550276532769203,0.15803496539592743,0.01622128300368786,0.7902409862726927,0.16925501649167093
1634,random,suffix,region_arab_culture,0,0.22270014882087708,1,0.531209409236908,True,-0.3085092604160309,0.04350299388170242,0.14992298185825348,0.016634682193398476,0.7899393420666456,0.20709729422776801
1634,random,suffix,placebo,0,0.037326883524656296,1,0.531209409236908,True,-0.49388252571225166,0.0352264866232872,0.15532639622688293,0.01727345585823059,0.7921736612915993,0.16949962570775579
1634,random,reworded,gender_man,0,0.5,1,0.531209409236908,True,-0.03120940923690796,0.01918940804898739,0.17166538536548615,0.018034279346466064,0.7911109272390604,0.09186410660622951
1634,random,reworded,gender_woman,0,0.5,1,0.531209409236908,True,-0.03120940923690796,0.019698478281497955,0.17216715216636658,0.01734853722155094,0.7907858323305845,0.09415460960858067
1634,random,reworded,region_western_europe,0,0.5,1,0.531209409236908,True,-0.03120940923690796,0.02106577530503273,0.17146940529346466,0.017241396009922028,0.7902234233915806,0.10042005473449628
1634,random,reworded,region_arab_culture,1,0.6513549089431763,1,0.531209409236908,False,0.12014549970626831,0.029325194656848907,0.1661376655101776,0.020770814269781113,0.7837663255631924,0.13561807490543723
1634,random,reworded,placebo,0,0.06754669547080994,1,0.531209409236908,True,-0.463662713766098,0.022411901503801346,0.17758025228977203,0.0187605619430542,0.7812472842633724,0.10245313493974939
1634,random,embedded,gender_man,1,0.562176525592804,1,0.531209409236908,False,0.030967116355895996,0.0050239767879247665,0.16780881583690643,0.015400655567646027,0.8117665518075228,0.026690138422091288
1634,random,embedded,gender_woman,1,0.7981867790222168,1,0.531209409236908,False,0.26697736978530884,0.005635330453515053,0.16814054548740387,0.01538420282304287,0.8108399212360382,0.029791330656755252
1634,random,embedded,region_western_europe,1,0.622459352016449,1,0.531209409236908,False,0.09124994277954102,0.008975082077085972,0.16835902631282806,0.015340322628617287,0.8073255689814687,0.04658159377786227
1634,random,embedded,region_arab_culture,1,0.8807970285415649,1,0.531209409236908,False,0.349587619304657,0.011741193011403084,0.16601067781448364,0.015163172967731953,0.8070849562063813,0.06086198764241456
1634,random,embedded,placebo,0,0.004609572701156139,1,0.531209409236908,True,-0.5265998365357518,0.008685729466378689,0.1676955223083496,0.015108952298760414,0.8085097959265113,0.04535860990072026
1336,social-group,prefix,gender_man,1,0.8354835510253906,1,0.8933094143867493,False,-0.05782586336135864,0.01363430917263031,0.17299169301986694,0.023407861590385437,0.7899661362171173,0.06491481386413211
1336,social-group,prefix,gender_woman,1,0.5926666259765625,1,0.8933094143867493,False,-0.30064278841018677,0.014415133744478226,0.17415666580200195,0.02327953279018402,0.7881486676633358,0.06804363033964955
1336,social-group,prefix,region_western_europe,1,0.8670357465744019,1,0.8933094143867493,False,-0.026273667812347412,0.016452215611934662,0.17357364296913147,0.02372763305902481,0.7862465083599091,0.076968172476154
1336,social-group,prefix,region_arab_culture,1,0.9241418242454529,1,0.8933094143867493,False,0.030832409858703613,0.023242361843585968,0.16934463381767273,0.027204126119613647,0.7802088782191277,0.10574750087839385
1336,social-group,prefix,placebo,1,0.6513549089431763,1,0.8933094143867493,False,-0.241954505443573,0.01925717107951641,0.17540398240089417,0.03199484199285507,0.7733440045267344,0.08496210761734656
1336,social-group,suffix,gender_man,0,0.2689414322376251,1,0.8933094143867493,True,-0.6243679821491241,0.03158704936504364,0.15870647132396698,0.02169450744986534,0.788011971861124,0.14900393028020703
1336,social-group,suffix,gender_woman,0,0.22270014882087708,1,0.8933094143867493,True,-0.6706092655658722,0.033591486513614655,0.1577741801738739,0.021579507738351822,0.7870548255741596,0.15774711309700573
1336,social-group,suffix,region_western_europe,1,0.7057850360870361,1,0.8933094143867493,False,-0.18752437829971313,0.034793853759765625,0.15789483487606049,0.021177276968955994,0.7861340343952179,0.1626899991374206
1336,social-group,suffix,region_arab_culture,1,0.7310585379600525,1,0.8933094143867493,False,-0.16225087642669678,0.04017447680234909,0.15161409974098206,0.020814083516597748,0.7873973399400711,0.1889650712320562
1336,social-group,suffix,placebo,0,0.29421496391296387,1,0.8933094143867493,True,-0.5990944504737854,0.03501158207654953,0.15766224265098572,0.02262747660279274,0.784698698669672,0.1626166765375593
1336,social-group,reworded,gender_man,1,0.8175744414329529,1,0.8933094143867493,False,-0.07573497295379639,0.017614595592021942,0.1721228063106537,0.02431686967611313,0.7859457284212112,0.08229032507551894
1336,social-group,reworded,gender_woman,1,0.531209409236908,1,0.8933094143867493,False,-0.3621000051498413,0.018128884956240654,0.17305029928684235,0.023582620546221733,0.7852381952106953,0.08441391603142033
1336,social-group,reworded,region_western_europe,1,0.7549149990081787,1,0.8933094143867493,False,-0.13839441537857056,0.01959136500954628,0.17210958898067474,0.023495590314269066,0.7848034556955099,0.09103940341079866
1336,social-group,reworded,region_arab_culture,1,0.851952850818634,1,0.8933094143867493,False,-0.041356563568115234,0.02831832319498062,0.16327258944511414,0.026199452579021454,0.7822096347808838,0.13002560130008461
1336,social-group,reworded,placebo,1,0.562176525592804,1,0.8933094143867493,False,-0.3311328887939453,0.02165730483829975,0.1755513995885849,0.029017455875873566,0.7737738396972418,0.09573298158495819
1336,social-group,embedded,gender_man,1,0.6513549089431763,1,0.8933094143867493,False,-0.241954505443573,0.005103114061057568,0.1661415696144104,0.020704779773950577,0.8080505365505815,0.026585716726435716
1336,social-group,embedded,gender_woman,1,0.531209409236908,1,0.8933094143867493,False,-0.3621000051498413,0.006034613121300936,0.16651645302772522,0.020518146455287933,0.8069307873956859,0.03125621656555144
1336,social-group,embedded,region_western_europe,1,0.8670357465744019,1,0.8933094143867493,False,-0.026273667812347412,0.008504305966198444,0.16642515361309052,0.019966578111052513,0.8051039623096585,0.043635089081238386
1336,social-group,embedded,region_arab_culture,1,0.9859364032745361,1,0.8933094143867493,False,0.09262698888778687,0.010990067385137081,0.1645330786705017,0.02000005543231964,0.8044767985120416,0.05620850774486689
1336,social-group,embedded,placebo,0,0.0534033328294754,1,0.8933094143867493,True,-0.8399060815572739,0.0095561807975173,0.16594654321670532,0.019757479429244995,0.8047397965565324,0.048940749978702326
451,random,prefix,gender_man,1,0.9149009585380554,1,0.6513549089431763,False,0.26354604959487915,0.014254855923354626,0.17167448997497559,0.024879369884729385,0.7891912842169404,0.06761986035731134
451,random,prefix,gender_woman,1,0.9241418242454529,1,0.6513549089431763,False,0.2727869153022766,0.015232049860060215,0.17279762029647827,0.025011852383613586,0.7869584774598479,0.0714980332399259
451,random,prefix,region_western_europe,1,0.9465966820716858,1,0.6513549089431763,False,0.2952417731285095,0.017513735219836235,0.172431081533432,0.025707216933369637,0.7843479663133621,0.08121293790016047
451,random,prefix,region_arab_culture,1,0.977022647857666,1,0.6513549089431763,False,0.32566773891448975,0.02328377217054367,0.16924408078193665,0.02627340517938137,0.7811987418681383,0.10641516584201535
451,random,prefix,placebo,0,0.24508501589298248,1,0.6513549089431763,True,-0.4062698930501938,0.016917899250984192,0.1751740723848343,0.024691296741366386,0.7832167316228151,0.07804061345522503
451,random,suffix,gender_man,0,0.2689414322376251,1,0.6513549089431763,True,-0.38241347670555115,0.032146554440259933,0.1541828215122223,0.024370936676859856,0.7892996873706579,0.15257003674603573
451,random,suffix,gender_woman,0,0.18242551386356354,1,0.6513549089431763,True,-0.46892939507961273,0.03456798195838928,0.15262532234191895,0.023972487077116966,0.7888342086225748,0.16370067203074823
451,random,suffix,region_western_europe,0,0.5,1,0.6513549089431763,True,-0.15135490894317627,0.03380410745739937,0.1542624831199646,0.02249867469072342,0.7894347347319126,0.16053980894883432
451,random,suffix,region_arab_culture,0,0.3775406777858734,1,0.6513549089431763,True,-0.27381423115730286,0.041582025587558746,0.1492207646369934,0.023325912654399872,0.785871297121048,0.194191740894565
451,random,suffix,placebo,0,0.09534946084022522,1,0.6513549089431763,True,-0.556005448102951,0.032618481665849686,0.1515798270702362,0.0256254393607378,0.7901762519031763,0.15545657706389748
451,random,reworded,gender_man,1,0.9149009585380554,1,0.6513549089431763,False,0.26354604959487915,0.018143996596336365,0.17181576788425446,0.024757809937000275,0.7852824255824089,0.08450168387730207
451,random,reworded,gender_woman,1,0.8933094143867493,1,0.6513549089431763,False,0.241954505443573,0.01902589201927185,0.1722898930311203,0.024662263691425323,0.7840219512581825,0.08809178585558762
451,random,reworded,region_western_europe,1,0.8933094143867493,1,0.6513549089431763,False,0.241954505443573,0.020687315613031387,0.1711161881685257,0.024602187797427177,0.7835943084210157,0.09559506250546503
451,random,reworded,region_arab_culture,1,0.9669140577316284,1,0.6513549089431763,False,0.31555914878845215,0.027013244107365608,0.16677317023277283,0.025625936686992645,0.7805876489728689,0.12311633315494318
451,random,reworded,placebo,0,0.2018132209777832,1,0.6513549089431763,True,-0.44954168796539307,0.019522853195667267,0.1741616427898407,0.02452690526843071,0.7817885987460613,0.08946761298209152
451,random,embedded,gender_man,1,0.7772998809814453,1,0.6513549089431763,False,0.12594497203826904,0.0044532837346196175,0.1661161184310913,0.021635752171278,0.8077948456630111,0.023169429300588767
451,random,embedded,gender_woman,1,0.8807970285415649,1,0.6513549089431763,False,0.22944211959838867,0.005136755760759115,0.1657131165266037,0.021320413798093796,0.8078297139145434,0.02673022903486151
451,random,embedded,region_western_europe,1,0.8807970285415649,1,0.6513549089431763,False,0.22944211959838867,0.007652638480067253,0.16659939289093018,0.020892858505249023,0.8048551101237535,0.03921516205174662
451,random,embedded,region_arab_culture,1,0.9149009585380554,1,0.6513549089431763,False,0.26354604959487915,0.010876050218939781,0.16501757502555847,0.020303212106227875,0.8038031626492739,0.05543438092988979
451,random,embedded,placebo,0,0.16451644897460938,1,0.6513549089431763,True,-0.4868384599685669,0.0077796196565032005,0.16615182161331177,0.020296800881624222,0.8057717578485608,0.04005400847131929
1082,random,prefix,gender_man,1,0.977022647857666,1,0.9669140577316284,False,0.010108590126037598,0.012144948355853558,0.16980142891407013,0.04233865439891815,0.7757149683311582,0.05414961607329037
1082,random,prefix,gender_woman,1,0.9840936064720154,1,0.9669140577316284,False,0.017179548740386963,0.013225333765149117,0.1701199859380722,0.04239808768033981,0.7742565926164389,0.05858569212910799
1082,random,prefix,region_western_europe,1,0.9740425944328308,1,0.9669140577316284,False,0.007128536701202393,0.014564862474799156,0.16961169242858887,0.04323381558060646,0.7725896295160055,0.06404660633462296
1082,random,prefix,region_arab_culture,1,0.8807970285415649,1,0.9669140577316284,False,-0.08611702919006348,0.02275337465107441,0.15549878776073456,0.04938520863652229,0.7723626289516687,0.09995447824005789
1082,random,prefix,placebo,1,0.8354835510253906,1,0.9669140577316284,False,-0.1314305067062378,0.016481434926390648,0.1696823537349701,0.04683820158243179,0.7669980097562075,0.07073516800927727
1082,random,suffix,gender_man,1,0.8807970285415649,1,0.9669140577316284,False,-0.08611702919006348,0.02951892465353012,0.15588834881782532,0.03980556130409241,0.7747871652245522,0.13107123616183974
1082,random,suffix,gender_woman,1,0.7549149990081787,1,0.9669140577316284,False,-0.2119990587234497,0.030032813549041748,0.15490193665027618,0.03898318111896515,0.7760820686817169,0.13412420064899708
1082,random,suffix,region_western_europe,1,0.7772998809814453,1,0.9669140577316284,False,-0.1896141767501831,0.03382546454668045,0.15462380647659302,0.03916198015213013,0.7723887488245964,0.1486106876176064
1082,random,suffix,region_arab_culture,1,0.7057850360870361,1,0.9669140577316284,False,-0.2611290216445923,0.03983641788363457,0.1463860124349594,0.037967342883348465,0.7758102267980576,0.17769061146135015
1082,random,suffix,placebo,1,0.622459352016449,1,0.9669140577316284,False,-0.34445470571517944,0.03293142467737198,0.15168894827365875,0.04077459126710892,0.7746050357818604,0.1461054145180484
1082,random,reworded,gender_man,1,0.977022647857666,1,0.9669140577316284,False,0.010108590126037598,0.01565471664071083,0.16941089928150177,0.04235098138451576,0.7725834026932716,0.06883717734812696
1082,random,reworded,gender_woman,1,0.977022647857666,1,0.9669140577316284,False,0.010108590126037598,0.01638885773718357,0.16974937915802002,0.04169239103794098,0.7721693720668554,0.07193439216606459
1082,random,reworded,region_western_europe,1,0.9669140577316284,1,0.9669140577316284,False,0.0,0.01685926876962185,0.16796542704105377,0.04174048826098442,0.77343481592834,0.07441244266501887
1082,random,reworded,region_arab_culture,1,0.8354835510253906,1,0.9669140577316284,False,-0.1314305067062378,0.026384422555565834,0.1518293172121048,0.04828563332557678,0.7735006269067526,0.11648783921668358
1082,random,reworded,placebo,1,0.7981867790222168,1,0.9669140577316284,False,-0.16872727870941162,0.018446888774633408,0.16929244995117188,0.04535135254263878,0.7669093087315559,0.0791403924122763
1082,random,embedded,gender_man,1,0.7981867790222168,1,0.9669140577316284,False,-0.16872727870941162,0.00463771540671587,0.16534572839736938,0.03682904317975044,0.7931875130161643,0.022424735925536014
1082,random,embedded,gender_woman,1,0.9046505093574524,1,0.9669140577316284,False,-0.062263548374176025,0.005504552274942398,0.16371150314807892,0.0372951366007328,0.7934888079762459,0.026654982817150327
1082,random,embedded,region_western_europe,1,0.9046505093574524,1,0.9669140577316284,False,-0.062263548374176025,0.008440881967544556,0.1656947284936905,0.03749796748161316,0.7883664220571518,0.039884417442604604
1082,random,embedded,region_arab_culture,1,0.9046505093574524,1,0.9669140577316284,False,-0.062263548374176025,0.01053888164460659,0.16262082755565643,0.03677086532115936,0.7900694254785776,0.05020174726159838
1082,random,embedded,placebo,1,0.622459352016449,1,0.9669140577316284,False,-0.34445470571517944,0.008146322332322598,0.16112563014030457,0.0379909873008728,0.7927370602265,0.03930428826892555
1112,random,prefix,gender_man,1,0.9465966820716858,1,0.9324532747268677,False,0.014143407344818115,0.012567659839987755,0.16388344764709473,0.02178051695227623,0.8017683755606413,0.06339886421014697
1112,random,prefix,gender_woman,1,0.8670357465744019,1,0.9324532747268677,False,-0.06541752815246582,0.01352896261960268,0.16506050527095795,0.02208523079752922,0.7993253013119102,0.06741738100541936
1112,random,prefix,region_western_europe,1,0.9149009585380554,1,0.9324532747268677,False,-0.017552316188812256,0.015176656655967236,0.1643960177898407,0.022408168762922287,0.7980191567912698,0.07513908950406469
1112,random,prefix,region_arab_culture,1,0.8175744414329529,1,0.9324532747268677,False,-0.1148788332939148,0.022522810846567154,0.1607702523469925,0.024637453258037567,0.7920694835484028,0.10831892899092611
1112,random,prefix,placebo,0,0.5,1,0.9324532747268677,True,-0.4324532747268677,0.017324835062026978,0.16655609011650085,0.024587633088231087,0.7915314417332411,0.08310526635799872
1112,random,suffix,gender_man,1,0.5926666259765625,1,0.9324532747268677,False,-0.3397866487503052,0.032428089529275894,0.1512831598520279,0.021555054932832718,0.7947336956858635,0.15798057863237225
1112,random,suffix,gender_woman,0,0.5,1,0.9324532747268677,True,-0.4324532747268677,0.03725847229361534,0.14892205595970154,0.021724192425608635,0.7920952793210745,0.1792093617304385
1112,random,suffix,region_western_europe,1,0.6513549089431763,1,0.9324532747268677,False,-0.2810983657836914,0.035044848918914795,0.14957641065120697,0.02117815800011158,0.7942005824297667,0.17028643391060622
1112,random,suffix,region_arab_culture,0,0.43782350420951843,1,0.9324532747268677,True,-0.49462977051734924,0.04258078336715698,0.1445629894733429,0.021001270040869713,0.7918549571186304,0.2045726517322131
1112,random,suffix,placebo,0,0.29421496391296387,1,0.9324532747268677,True,-0.6382383108139038,0.035169824957847595,0.1507520079612732,0.021957222372293472,0.7921209447085857,0.16918407151959078
1112,random,reworded,gender_man,1,0.9525741338729858,1,0.9324532747268677,False,0.020120859146118164,0.01613306626677513,0.16437965631484985,0.021684331819415092,0.7978029455989599,0.07978882934059273
1112,random,reworded,gender_woman,1,0.8354835510253906,1,0.9324532747268677,False,-0.09696972370147705,0.016798624768853188,0.16435179114341736,0.021790001541376114,0.7970595825463533,0.08277614178402948
1112,random,reworded,region_western_europe,1,0.8933094143867493,1,0.9324532747268677,False,-0.03914386034011841,0.017804889008402824,0.16506445407867432,0.021629109978675842,0.795501546934247,0.08706613053291883
1112,random,reworded,region_arab_culture,1,0.7772998809814453,1,0.9324532747268677,False,-0.15515339374542236,0.02604355663061142,0.15886475145816803,0.023667708039283752,0.7914239838719368,0.12486362101489648
1112,random,reworded,placebo,1,0.622459352016449,1,0.9324532747268677,False,-0.3099939227104187,0.019867736846208572,0.16606289148330688,0.0237310491502285,0.790338322520256,0.0947609362141446
1112,random,embedded,gender_man,0,0.3486451506614685,1,0.9324532747268677,True,-0.5838081240653992,0.004780348856002092,0.1659422218799591,0.01969413459300995,0.8095832946710289,0.02510467160821515
1112,random,embedded,gender_woman,0,0.4073334336280823,1,0.9324532747268677,True,-0.5251198410987854,0.005536345764994621,0.1664825975894928,0.01921871118247509,0.8087623454630375,0.028950081919795527
1112,random,embedded,region_western_europe,1,0.7549149990081787,1,0.9324532747268677,False,-0.17753827571868896,0.007725206669420004,0.1661844551563263,0.01939777098596096,0.8066925671882927,0.03996331934605332
1112,random,embedded,region_arab_culture,1,0.7549149990081787,1,0.9324532747268677,False,-0.17753827571868896,0.010790770873427391,0.1642819046974182,0.01889955997467041,0.806027764454484,0.055630491874675086
1112,random,embedded,placebo,0,0.006692850962281227,1,0.9324532747268677,True,-0.9257604237645864,0.008718825876712799,0.16453418135643005,0.018753398209810257,0.8079935945570469,0.04540903651937406
3161,social-group,prefix,gender_man,1,0.8670357465744019,1,0.5926666259765625,False,0.27436912059783936,0.010747433640062809,0.17117908596992493,0.03901918604969978,0.7790542943403125,0.04864287182216877
3161,social-group,prefix,gender_woman,1,0.6791787147521973,1,0.5926666259765625,False,0.08651208877563477,0.011361991986632347,0.17088733613491058,0.03923901915550232,0.7785116527229548,0.051298373599855236
3161,social-group,prefix,region_western_europe,1,0.8670357465744019,1,0.5926666259765625,False,0.27436912059783936,0.013201871886849403,0.1693708896636963,0.039460375905036926,0.7779668625444174,0.05945901606461971
3161,social-group,prefix,region_arab_culture,1,0.9859364032745361,1,0.5926666259765625,False,0.39326977729797363,0.018358517438173294,0.16636405885219574,0.04007168114185333,0.7752057425677776,0.08166808906899485
3161,social-group,prefix,placebo,1,0.7310585379600525,1,0.5926666259765625,False,0.13839191198349,0.014459839090704918,0.1728925108909607,0.03910106047987938,0.773546589538455,0.06385348342174958
3161,social-group,suffix,gender_man,0,0.24508501589298248,1,0.5926666259765625,True,-0.34758161008358,0.031208334490656853,0.15711072087287903,0.037186238914728165,0.774494705721736,0.13839291263888057
3161,social-group,suffix,gender_woman,0,0.29421496391296387,1,0.5926666259765625,True,-0.29845166206359863,0.028262127190828323,0.15767346322536469,0.03801581263542175,0.7760485969483852,0.12619758932394215
3161,social-group,suffix,region_western_europe,0,0.2689414322376251,1,0.5926666259765625,True,-0.3237251937389374,0.03242943063378334,0.15424545109272003,0.03858179599046707,0.7747433222830296,0.14396656721773254
3161,social-group,suffix,region_arab_culture,0,0.14804719388484955,1,0.5926666259765625,True,-0.44461943209171295,0.040845517069101334,0.1451081484556198,0.037563007324934006,0.7764833271503448,0.18274035913453046
3161,social-group,suffix,placebo,0,0.04742587357759476,1,0.5926666259765625,True,-0.5452407523989677,0.03381204605102539,0.15476757287979126,0.04132546856999397,0.7700949124991894,0.14706958605649026
3161,social-group,reworded,gender_man,1,0.8670357465744019,1,0.5926666259765625,False,0.27436912059783936,0.013838132843375206,0.1720181107521057,0.03799232095479965,0.7761514354497194,0.061819171685002706
3161,social-group,reworded,gender_woman,1,0.622459352016449,1,0.5926666259765625,False,0.029792726039886475,0.014195355586707592,0.17078901827335358,0.038320787250995636,0.7766948388889432,0.06356931257691706
3161,social-group,reworded,region_western_europe,1,0.8670357465744019,1,0.5926666259765625,False,0.27436912059783936,0.015486556105315685,0.16929982602596283,0.03820735588669777,0.7770062619820237,0.06944839008917489
3161,social-group,reworded,region_arab_culture,1,0.977022647857666,1,0.5926666259765625,False,0.3843560218811035,0.02089630998671055,0.1656070351600647,0.03840599209070206,0.7750906627625227,0.09290992647693656
3161,social-group,reworded,placebo,1,0.7310585379600525,1,0.5926666259765625,False,0.13839191198349,0.016505146399140358,0.17255201935768127,0.03791854903101921,0.7730242852121592,0.07271767560934031
3161,social-group,embedded,gender_man,0,0.43782350420951843,1,0.5926666259765625,True,-0.15484312176704407,0.005590613931417465,0.1696355640888214,0.035913869738578796,0.7888599522411823,0.026478226138338026
3161,social-group,embedded,gender_woman,1,0.531209409236908,1,0.5926666259765625,False,-0.06145721673965454,0.003995414823293686,0.168421670794487,0.03614520654082298,0.7914377078413963,0.019156937632116764
3161,social-group,embedded,region_western_europe,1,0.6513549089431763,1,0.5926666259765625,False,0.05868828296661377,0.008013540878891945,0.16940739750862122,0.03597024083137512,0.7866088207811117,0.037553290197960665
3161,social-group,embedded,region_arab_culture,1,0.622459352016449,1,0.5926666259765625,False,0.029792726039886475,0.010234064422547817,0.16618815064430237,0.035390328615903854,0.788187456317246,0.04831661168224327
3161,social-group,embedded,placebo,0,0.0031726830638945103,1,0.5926666259765625,True,-0.589493942912668,0.008400545455515385,0.16872742772102356,0.03570877015590668,0.7871632566675544,0.039469432410896954
1731,social-group,prefix,gender_man,1,0.531209409236908,1,0.8175744414329529,False,-0.2863650321960449,0.010676270350813866,0.17385727167129517,0.03250397741794586,0.7829624805599451,0.04919089740040371
1731,social-group,prefix,gender_woman,0,0.4073334336280823,1,0.8175744414329529,True,-0.4102410078048706,0.011723427101969719,0.1749771535396576,0.032714154571294785,0.7805852647870779,0.053430445729149394
1731,social-group,prefix,region_western_europe,1,0.6513549089431763,1,0.8175744414329529,False,-0.1662195324897766,0.012576710432767868,0.17404139041900635,0.03331252932548523,0.7800693698227406,0.057184896995163
1731,social-group,prefix,region_arab_culture,1,0.531209409236908,1,0.8175744414329529,False,-0.2863650321960449,0.018299829214811325,0.1730184704065323,0.037001729011535645,0.7716799713671207,0.0801499076729533
1731,social-group,prefix,placebo,1,0.7057850360870361,1,0.8175744414329529,False,-0.11178940534591675,0.015280316583812237,0.17774084210395813,0.03900840878486633,0.7679704325273633,0.06585504058923114
1731,social-group,suffix,gender_man,0,0.22270014882087708,1,0.8175744414329529,True,-0.5948742926120758,0.029889822006225586,0.15954509377479553,0.031087301671504974,0.7794777825474739,0.1355410912855538
1731,social-group,suffix,gender_woman,0,0.2689414322376251,1,0.8175744414329529,True,-0.5486330091953278,0.03326139599084854,0.15792101621627808,0.030947526916861534,0.7778700608760118,0.14973846444122396
1731,social-group,suffix,region_western_europe,0,0.2689414322376251,1,0.8175744414329529,True,-0.5486330091953278,0.03151651844382286,0.15834331512451172,0.031191617250442505,0.7789485491812229,0.14257548786531515
1731,social-group,suffix,region_arab_culture,0,0.13296423852443695,1,0.8175744414329529,True,-0.6846102029085159,0.03957301378250122,0.15168896317481995,0.031361982226371765,0.7773760408163071,0.17775720963550234
1731,social-group,suffix,placebo,0,0.18242551386356354,1,0.8175744414329529,True,-0.6351489275693893,0.03601034730672836,0.15700823068618774,0.03172518312931061,0.7752562388777733,0.16022846252512507
1731,social-group,reworded,gender_man,1,0.622459352016449,1,0.8175744414329529,False,-0.1951150894165039,0.013818560168147087,0.17384441196918488,0.03213021159172058,0.7802068162709475,0.06287074027364631
1731,social-group,reworded,gender_woman,0,0.4687906503677368,1,0.8175744414329529,True,-0.34878379106521606,0.014751482754945755,0.1744147539138794,0.03218604996800423,0.7786477133631706,0.06664255869716121
1731,social-group,reworded,region_western_europe,1,0.6513549089431763,1,0.8175744414329529,False,-0.1662195324897766,0.014653529040515423,0.1737380474805832,0.032196417450904846,0.7794120060279965,0.06642940432367872
1731,social-group,reworded,region_arab_culture,1,0.562176525592804,1,0.8175744414329529,False,-0.2553979158401489,0.021153423935174942,0.17141467332839966,0.035609036684036255,0.7718228660523891,0.09270615144123835
1731,social-group,reworded,placebo,1,0.622459352016449,1,0.8175744414329529,False,-0.1951150894165039,0.017588896676898003,0.17749392986297607,0.037357915192842484,0.7675592582672834,0.07567045495459425
1731,social-group,embedded,gender_man,0,0.29421496391296387,1,0.8175744414329529,True,-0.523359477519989,0.0046332720667123795,0.16956017911434174,0.03016442432999611,0.7956421244889498,0.022672344068588857
1731,social-group,embedded,gender_woman,0,0.3208213150501251,1,0.8175744414329529,True,-0.49675312638282776,0.005170510150492191,0.16928228735923767,0.02988019771873951,0.7956670047715306,0.02530433298210564
1731,social-group,embedded,region_western_europe,1,0.622459352016449,1,0.8175744414329529,False,-0.1951150894165039,0.006848135031759739,0.16897189617156982,0.02951272949576378,0.7946672393009067,0.0333513999833441
1731,social-group,embedded,region_arab_culture,0,0.3208213150501251,1,0.8175744414329529,True,-0.49675312638282776,0.008959896862506866,0.1685536503791809,0.029439298436045647,0.7930471543222666,0.04329438830939875
1731,social-group,embedded,placebo,0,0.0534033328294754,1,0.8175744414329529,True,-0.7641711086034775,0.00808386318385601,0.16633999347686768,0.029450777918100357,0.796125365421176,0.03965114738552994
3167,social-group,prefix,gender_man,1,0.6791787147521973,1,0.7981867790222168,False,-0.11900806427001953,0.010525030083954334,0.17288224399089813,0.038725875318050385,0.7778668506070971,0.047381627247979806
3167,social-group,prefix,gender_woman,1,0.7057850360870361,1,0.7981867790222168,False,-0.09240174293518066,0.01152859814465046,0.17413882911205292,0.038962602615356445,0.7753699701279402,0.051322604333964975
3167,social-group,prefix,region_western_europe,1,0.7057850360870361,1,0.7981867790222168,False,-0.09240174293518066,0.012246761471033096,0.17299050092697144,0.03841898590326309,0.7763437516987324,0.05475707280279764
3167,social-group,prefix,region_arab_culture,1,0.8670357465744019,1,0.7981867790222168,False,0.06884896755218506,0.01838207244873047,0.16925890743732452,0.04299473017454147,0.7693642899394035,0.07970176189932089
3167,social-group,prefix,placebo,1,0.7310585379600525,1,0.7981867790222168,False,-0.0671282410621643,0.01372872106730938,0.17612361907958984,0.04035896062850952,0.7697886992245913,0.059635304700801584
3167,social-group,suffix,gender_man,1,0.7057850360870361,1,0.7981867790222168,False,-0.09240174293518066,0.027992751449346542,0.1601114124059677,0.038146551698446274,0.7737492844462395,0.12372447698489178
3167,social-group,suffix,gender_woman,1,0.7057850360870361,1,0.7981867790222168,False,-0.09240174293518066,0.02971280924975872,0.15983110666275024,0.03820326179265976,0.7722528222948313,0.13046400640021802
3167,social-group,suffix,region_western_europe,1,0.7310585379600525,1,0.7981867790222168,False,-0.0671282410621643,0.03436354920268059,0.1553952544927597,0.038700856268405914,0.7715403400361538,0.15041407838967558
3167,social-group,suffix,region_arab_culture,1,0.6791787147521973,1,0.7981867790222168,False,-0.11900806427001953,0.04060547053813934,0.14954844117164612,0.03707632049918175,0.7727697677910328,0.1786974829159063
3167,social-group,suffix,placebo,1,0.622459352016449,1,0.7981867790222168,False,-0.17572742700576782,0.03444237262010574,0.1554281860589981,0.039619188755750656,0.7705102525651455,0.15008240239526577
3167,social-group,reworded,gender_man,1,0.6513549089431763,1,0.7981867790222168,False,-0.14683187007904053,0.013118477538228035,0.1726762354373932,0.03813004493713379,0.776075242087245,0.058584310464407076
3167,social-group,reworded,gender_woman,1,0.6513549089431763,1,0.7981867790222168,False,-0.14683187007904053,0.014159700833261013,0.1731065809726715,0.03880992531776428,0.7739237928763032,0.06263242387781914
3167,social-group,reworded,region_western_europe,1,0.7772998809814453,1,0.7981867790222168,False,-0.020886898040771484,0.014034273102879524,0.17221702635288239,0.037561994045972824,0.7761867064982653,0.06270527046585259
3167,social-group,reworded,region_arab_culture,1,0.8807970285415649,1,0.7981867790222168,False,0.08261024951934814,0.02051139622926712,0.1681065559387207,0.040266841650009155,0.771115206182003,0.08961449944803773
3167,social-group,reworded,placebo,1,0.7549149990081787,1,0.7981867790222168,False,-0.043271780014038086,0.01538859773427248,0.1753556728363037,0.03930805251002312,0.7699476769194007,0.06689172936054662
3167,social-group,embedded,gender_man,0,0.3486451506614685,1,0.7981867790222168,True,-0.4495416283607483,0.0045559462159872055,0.16836316883563995,0.03673240542411804,0.7903484795242548,0.021731043045377235
3167,social-group,embedded,gender_woman,1,0.6791787147521973,1,0.7981867790222168,False,-0.11900806427001953,0.0050024306401610374,0.166743665933609,0.036312222480773926,0.791941680945456,0.024043406016606404
3167,social-group,embedded,region_western_europe,1,0.851952850818634,1,0.7981867790222168,False,0.053766071796417236,0.007538149133324623,0.16827909648418427,0.03632008656859398,0.7878626678138971,0.035534288357654986
3167,social-group,embedded,region_arab_culture,0,0.08509904146194458,1,0.7981867790222168,True,-0.7130877375602722,0.009325508959591389,0.1650797724723816,0.03587532788515091,0.7897193906828761,0.044347926277537086
3167,social-group,embedded,placebo,0,0.07585817575454712,1,0.7981867790222168,True,-0.7223286032676697,0.007988599129021168,0.16488748788833618,0.03525369614362717,0.7918702168390155,0.038382777359846354
1500,social-group,prefix,gender_man,1,0.9324532747268677,1,0.9740425944328308,False,-0.041589319705963135,0.011086272075772285,0.16972382366657257,0.037126291543245316,0.7820636127144098,0.050869302799098494
1500,social-group,prefix,gender_woman,1,0.8354835510253906,1,0.9740425944328308,False,-0.13855904340744019,0.011832421645522118,0.17002277076244354,0.037103667855262756,0.7810411397367716,0.05403947404228079
1500,social-group,prefix,region_western_europe,1,0.9465966820716858,1,0.9740425944328308,False,-0.02744591236114502,0.013058115728199482,0.16849450767040253,0.038250382989645004,0.780196993611753,0.05940826716962369
1500,social-group,prefix,region_arab_culture,1,0.9149009585380554,1,0.9740425944328308,False,-0.05914163589477539,0.017847049981355667,0.16510936617851257,0.04197528958320618,0.7750682942569256,0.07934430551885491
1500,social-group,prefix,placebo,1,0.7772998809814453,1,0.9740425944328308,False,-0.1967427134513855,0.015201488509774208,0.16848714649677277,0.04395635798573494,0.7723550070077181,0.06677717049673744
1500,social-group,suffix,gender_man,1,0.7981867790222168,1,0.9740425944328308,False,-0.175855815410614,0.03093433752655983,0.15464603900909424,0.03465806320309639,0.7797615602612495,0.14045839392639414
1500,social-group,suffix,gender_woman,1,0.7057850360870361,1,0.9740425944328308,False,-0.2682575583457947,0.03379879146814346,0.15361028909683228,0.034453339874744415,0.7781375795602798,0.15234121849548005
1500,social-group,suffix,region_western_europe,1,0.7310585379600525,1,0.9740425944328308,False,-0.24298405647277832,0.031686946749687195,0.15537142753601074,0.035050079226493835,0.7778915464878082,0.14266429867311586
1500,social-group,suffix,region_arab_culture,1,0.7310585379600525,1,0.9740425944328308,False,-0.24298405647277832,0.03853791952133179,0.15047335624694824,0.034529995173215866,0.7764587290585041,0.17239733566432902
1500,social-group,suffix,placebo,1,0.6791787147521973,1,0.9740425944328308,False,-0.29486387968063354,0.03495478630065918,0.1541566252708435,0.035404644906520844,0.7754839435219765,0.15568947205377573
1500,social-group,reworded,gender_man,1,0.9046505093574524,1,0.9740425944328308,False,-0.06939208507537842,0.014194149523973465,0.16812922060489655,0.03565582260489464,0.7820208072662354,0.06511699280082164
1500,social-group,reworded,gender_woman,1,0.8933094143867493,1,0.9740425944328308,False,-0.08073318004608154,0.014745203778147697,0.16838237643241882,0.035897623747587204,0.7809747960418463,0.0673219497650365
1500,social-group,reworded,region_western_europe,1,0.9241418242454529,1,0.9740425944328308,False,-0.04990077018737793,0.01506523136049509,0.16776426136493683,0.036104366183280945,0.7810661410912871,0.06881179291128615
1500,social-group,reworded,region_arab_culture,1,0.8354835510253906,1,0.9740425944328308,False,-0.13855904340744019,0.020550094544887543,0.162999227643013,0.03893730044364929,0.7775133773684502,0.09236552877572166
1500,social-group,reworded,placebo,1,0.7310585379600525,1,0.9740425944328308,False,-0.24298405647277832,0.01717895269393921,0.16807855665683746,0.04098067060112953,0.7737618200480938,0.07593303967345881
1500,social-group,embedded,gender_man,1,0.7310585379600525,1,0.9740425944328308,False,-0.24298405647277832,0.004626348149031401,0.1676381379365921,0.033478476107120514,0.794257037807256,0.022486057844823618
1500,social-group,embedded,gender_woman,1,0.5926666259765625,1,0.9740425944328308,False,-0.3813759684562683,0.0049699884839355946,0.166946679353714,0.03365279361605644,0.794430538546294,0.02417668679379612
1500,social-group,embedded,region_western_europe,1,0.8807970285415649,1,0.9740425944328308,False,-0.09324556589126587,0.00681185070425272,0.16706156730651855,0.03322797641158104,0.7928986055776477,0.03289138020172365
1500,social-group,embedded,region_arab_culture,1,0.9324532747268677,1,0.9740425944328308,False,-0.041589319705963135,0.009127097204327583,0.16572630405426025,0.033664677292108536,0.7914819214493036,0.043771251240014374
1500,social-group,embedded,placebo,0,0.13296423852443695,1,0.9740425944328308,True,-0.8410783559083939,0.007770442869514227,0.1649705171585083,0.03260795772075653,0.7946510822512209,0.037840193923108355
2196,random,prefix,gender_man,1,0.9820137619972229,1,0.9669140577316284,False,0.015099704265594482,0.011186429299414158,0.16925837099552155,0.034843944013118744,0.7847112556919456,0.05196012144233426
2196,random,prefix,gender_woman,1,0.9840936064720154,1,0.9669140577316284,False,0.017179548740386963,0.012068623676896095,0.1702316701412201,0.034844815731048584,0.7828548904508352,0.05557861147300481
2196,random,prefix,region_western_europe,1,0.9924227595329285,1,0.9669140577316284,False,0.02550870180130005,0.013387711718678474,0.17009757459163666,0.03512387350201607,0.7813908401876688,0.06124039692651207
2196,random,prefix,region_arab_culture,1,0.998498797416687,1,0.9669140577316284,False,0.031584739685058594,0.01678301766514778,0.16675347089767456,0.03598225861787796,0.7804812528192997,0.07645368735332922
2196,random,prefix,placebo,1,0.9149009585380554,1,0.9669140577316284,False,-0.052013099193573,0.014372119680047035,0.16966228187084198,0.03626837953925133,0.7796972189098597,0.065238031081262
2196,random,suffix,gender_man,1,0.8354835510253906,1,0.9669140577316284,False,-0.1314305067062378,0.029794782400131226,0.15680408477783203,0.0354062058031559,0.7779949270188808,0.13420766471703635
2196,random,suffix,gender_woman,1,0.8807970285415649,1,0.9669140577316284,False,-0.08611702919006348,0.03166507929563522,0.155763640999794,0.03508689999580383,0.7774843797087669,0.14230497281130786
2196,random,suffix,region_western_europe,1,0.8807970285415649,1,0.9669140577316284,False,-0.08611702919006348,0.031293679028749466,0.15607012808322906,0.03438720852136612,0.7782489843666553,0.1411207923416782
2196,random,suffix,region_arab_culture,1,0.9324532747268677,1,0.9669140577316284,False,-0.03446078300476074,0.037169717252254486,0.1497931182384491,0.03450275585055351,0.7785344086587429,0.1678351793935318
2196,random,suffix,placebo,1,0.5926666259765625,1,0.9669140577316284,False,-0.3742474317550659,0.033271223306655884,0.15375006198883057,0.03681173175573349,0.7761669829487801,0.14864305429543664
2196,random,reworded,gender_man,1,0.970687747001648,1,0.9669140577316284,False,0.0037736892700195312,0.014532038010656834,0.16792672872543335,0.03477931767702103,0.7827619155868888,0.06689452289140037
2196,random,reworded,gender_woman,1,0.9669140577316284,1,0.9669140577316284,False,0.0,0.015092704445123672,0.16910192370414734,0.034628093242645264,0.7811772786080837,0.0689722911273565
2196,random,reworded,region_western_europe,1,0.9796676635742188,1,0.9669140577316284,False,0.012753605842590332,0.015796395018696785,0.16925612092018127,0.03505117446184158,0.7798963095992804,0.07176796985974179
2196,random,reworded,region_arab_culture,1,0.9964063763618469,1,0.9669140577316284,False,0.029492318630218506,0.019786570221185684,0.1644427329301834,0.03507666289806366,0.7806940339505672,0.0902235838706079
2196,random,reworded,placebo,1,0.8807970285415649,1,0.9669140577316284,False,-0.08611702919006348,0.016560081392526627,0.16846010088920593,0.03524484485387802,0.7797349728643894,0.07518252719407462
2196,random,embedded,gender_man,1,0.9399133324623108,1,0.9669140577316284,False,-0.027000725269317627,0.005136276129633188,0.16606095433235168,0.03297891467809677,0.7958238548599184,0.02515610296251445
2196,random,embedded,gender_woman,1,0.9324532747268677,1,0.9669140577316284,False,-0.03446078300476074,0.005425090901553631,0.16743096709251404,0.03311491012573242,0.7940290318801999,0.026339104734402197
2196,random,embedded,region_western_europe,1,0.9840936064720154,1,0.9669140577316284,False,0.017179548740386963,0.007317984942346811,0.16576653718948364,0.032535068690776825,0.7943804091773927,0.035589920751569845
2196,random,embedded,region_arab_culture,1,0.9980732202529907,1,0.9669140577316284,False,0.031159162521362305,0.009808597154915333,0.16508150100708008,0.03219443932175636,0.7929154625162482,0.0473651836785976
2196,random,embedded,placebo,0,0.5,1,0.9669140577316284,True,-0.4669140577316284,0.008715258911252022,0.163700670003891,0.03227293863892555,0.7953111324459314,0.04257807967475264
2509,social-group,prefix,gender_man,1,0.9914224743843079,1,0.9796676635742188,False,0.011754810810089111,0.014529919251799583,0.173211008310318,0.012264132499694824,0.7999949399381876,0.07264775824826157
2509,social-group,prefix,gender_woman,1,0.9902915358543396,1,0.9796676635742188,False,0.01062387228012085,0.01556059904396534,0.17387735843658447,0.012181544676423073,0.7983804978430271,0.07717804516673431
2509,social-group,prefix,region_western_europe,1,0.9924227595329285,1,0.9796676635742188,False,0.012755095958709717,0.017349183559417725,0.17397868633270264,0.012131547555327415,0.7965405825525522,0.0852709782475363
2509,social-group,prefix,region_arab_culture,1,0.9914224743843079,1,0.9796676635742188,False,0.011754810810089111,0.02452956885099411,0.17001111805438995,0.014599204063415527,0.7908601090312004,0.11728785329936668
2509,social-group,prefix,placebo,1,0.9840936064720154,1,0.9796676635742188,False,0.004425942897796631,0.018329139798879623,0.17524194717407227,0.013481073081493378,0.7929478399455547,0.08852426264985545
2509,social-group,suffix,gender_man,1,0.8670357465744019,1,0.9796676635742188,False,-0.1126319169998169,0.029885774478316307,0.1614091843366623,0.011964620091021061,0.7967404210940003,0.14703255137676643
2509,social-group,suffix,gender_woman,1,0.7772998809814453,1,0.9796676635742188,False,-0.20236778259277344,0.0310540571808815,0.1611555516719818,0.011876773089170456,0.7959136180579662,0.15216133916128574
2509,social-group,suffix,region_western_europe,1,0.9046505093574524,1,0.9796676635742188,False,-0.07501715421676636,0.03523696959018707,0.1595117449760437,0.011802639812231064,0.7934486456215382,0.17059665232512952
2509,social-group,suffix,region_arab_culture,1,0.9324532747268677,1,0.9796676635742188,False,-0.047214388847351074,0.04517928138375282,0.14883282780647278,0.01130937784910202,0.7946785129606724,0.22004166263952252
2509,social-group,suffix,placebo,0,0.43782350420951843,1,0.9796676635742188,True,-0.5418441593647003,0.03425411880016327,0.1565852016210556,0.0121294055134058,0.7970312740653753,0.16876550139648788
2509,social-group,reworded,gender_man,1,0.9890130758285522,1,0.9796676635742188,False,0.009345412254333496,0.018543116748332977,0.17066042125225067,0.012118485756218433,0.7986779762431979,0.09210674720185183
2509,social-group,reworded,gender_woman,1,0.9933071732521057,1,0.9796676635742188,False,0.013639509677886963,0.01919182948768139,0.17094317078590393,0.011995608918368816,0.7978693908080459,0.09494766559307102
2509,social-group,reworded,region_western_europe,1,0.9820137619972229,1,0.9796676635742188,False,0.0023460984230041504,0.020476026460528374,0.17213129997253418,0.011773528531193733,0.7956191450357437,0.10018563854285363
2509,social-group,reworded,region_arab_culture,1,0.9740425944328308,1,0.9796676635742188,False,-0.0056250691413879395,0.02900068834424019,0.16619816422462463,0.01404067873954773,0.7907604686915874,0.1386004268069884
2509,social-group,reworded,placebo,1,0.977022647857666,1,0.9796676635742188,False,-0.0026450157165527344,0.02232484519481659,0.1720048487186432,0.014165900647640228,0.7915044054389,0.10707586048430512
2509,social-group,embedded,gender_man,1,0.9740425944328308,1,0.9796676635742188,False,-0.0056250691413879395,0.005056128837168217,0.17243702709674835,0.011269787326455116,0.8112370567396283,0.026785600763779175
2509,social-group,embedded,gender_woman,1,0.970687747001648,1,0.9796676635742188,False,-0.0089799165725708,0.005273426882922649,0.17188550531864166,0.011104960925877094,0.8117361068725586,0.028010824568218774
2509,social-group,embedded,region_western_europe,1,0.8807970285415649,1,0.9796676635742188,False,-0.09887063503265381,0.008333333767950535,0.17238309979438782,0.011112658306956291,0.8081709081307054,0.04344144929606696
2509,social-group,embedded,region_arab_culture,1,0.9465966820716858,1,0.9796676635742188,False,-0.03307098150253296,0.011338606476783752,0.16859698295593262,0.010646164417266846,0.8094182461500168,0.059494711575112054
2509,social-group,embedded,placebo,0,0.5,1,0.9796676635742188,True,-0.47966766357421875,0.007768713403493166,0.16886214911937714,0.01073160208761692,0.8126375353895128,0.04146355258319082
4306,social-group,prefix,gender_man,1,0.9820137619972229,1,0.9324532747268677,False,0.049560487270355225,0.014787384308874607,0.17516252398490906,0.020569873973727226,0.7894802177324891,0.07024225538141607
4306,social-group,prefix,gender_woman,1,0.9875683188438416,1,0.9324532747268677,False,0.05511504411697388,0.01597772166132927,0.1747269481420517,0.02037832699716091,0.7889170031994581,0.07569402511575604
4306,social-group,prefix,region_western_europe,1,0.9902915358543396,1,0.9324532747268677,False,0.057838261127471924,0.018249602988362312,0.17659002542495728,0.019915049895644188,0.7852453216910362,0.08497883786311249
4306,social-group,prefix,region_arab_culture,1,0.957912266254425,1,0.9324532747268677,False,0.025458991527557373,0.02606942318379879,0.168827623128891,0.02372552827000618,0.781377425417304,0.11924396752512763
4306,social-group,prefix,placebo,1,0.7549149990081787,1,0.9324532747268677,False,-0.17753827571868896,0.02540137618780136,0.16651834547519684,0.028754543513059616,0.7793257348239422,0.11510801301427558
4306,social-group,suffix,gender_man,1,0.7310585379600525,1,0.9324532747268677,False,-0.20139473676681519,0.03021562099456787,0.16094636917114258,0.018768591806292534,0.790069418027997,0.14393148778388812
4306,social-group,suffix,gender_woman,1,0.5926666259765625,1,0.9324532747268677,False,-0.3397866487503052,0.03332057595252991,0.15869638323783875,0.01878025382757187,0.7892027869820595,0.15806933818282531
4306,social-group,suffix,region_western_europe,1,0.8670357465744019,1,0.9324532747268677,False,-0.06541752815246582,0.033333681523799896,0.16083504259586334,0.018534477800130844,0.7872967980802059,0.15671452626448626
4306,social-group,suffix,region_arab_culture,1,0.8175744414329529,1,0.9324532747268677,False,-0.1148788332939148,0.04188349097967148,0.15097570419311523,0.017983591184020042,0.7891572136431932,0.19864796753725567
4306,social-group,suffix,placebo,0,0.22270014882087708,1,0.9324532747268677,True,-0.7097531259059906,0.03522986173629761,0.15540359914302826,0.019175877794623375,0.7901906613260508,0.16791369706877535
4306,social-group,reworded,gender_man,1,0.9796676635742188,1,0.9324532747268677,False,0.047214388847351074,0.019014228135347366,0.17337629199028015,0.020358089357614517,0.787251390516758,0.0893741593965393
4306,social-group,reworded,gender_woman,1,0.970687747001648,1,0.9324532747268677,False,0.03823447227478027,0.019913338124752045,0.17310768365859985,0.019917450845241547,0.7870615273714066,0.09351686371623798
4306,social-group,reworded,region_western_europe,1,0.9820137619972229,1,0.9324532747268677,False,0.049560487270355225,0.02128475531935692,0.17466264963150024,0.019075769931077957,0.7849768251180649,0.09898819199857851
4306,social-group,reworded,region_arab_culture,1,0.9465966820716858,1,0.9324532747268677,False,0.014143407344818115,0.030731046572327614,0.16385310888290405,0.023178592324256897,0.7822372522205114,0.14112168810179856
4306,social-group,reworded,placebo,1,0.6791787147521973,1,0.9324532747268677,False,-0.2532745599746704,0.02725507877767086,0.1678573042154312,0.02823718450963497,0.776650432497263,0.12202879585758258
4306,social-group,embedded,gender_man,1,0.8807970285415649,1,0.9324532747268677,False,-0.051656246185302734,0.0057917023077607155,0.1689564287662506,0.018401477485895157,0.8068503914400935,0.02998557621184298
4306,social-group,embedded,gender_woman,1,0.9046505093574524,1,0.9324532747268677,False,-0.027802765369415283,0.006264159455895424,0.16974017024040222,0.018315453082323074,0.8056802172213793,0.032236344474673904
4306,social-group,embedded,region_western_europe,1,0.8933094143867493,1,0.9324532747268677,False,-0.03914386034011841,0.008358269929885864,0.1694897562265396,0.01783764734864235,0.8043143264949322,0.04271273302830421
4306,social-group,embedded,region_arab_culture,1,0.9465966820716858,1,0.9324532747268677,False,0.014143407344818115,0.011728456243872643,0.16547784209251404,0.01723189651966095,0.8055618051439524,0.060319713688742116
4306,social-group,embedded,placebo,1,0.562176525592804,1,0.9324532747268677,False,-0.3702767491340637,0.008745510131120682,0.16757144033908844,0.017594197764992714,0.8060888517647982,0.04510060515196855
551,random,prefix,gender_man,1,0.6513549089431763,1,0.6513549089431763,False,0.0,0.011842083185911179,0.17414700984954834,0.0283501036465168,0.7856608033180237,0.05524926550640084
551,random,prefix,gender_woman,1,0.6513549089431763,1,0.6513549089431763,False,0.0,0.012722184881567955,0.1750500649213791,0.028507046401500702,0.7837207037955523,0.05882294378072017
551,random,prefix,region_western_europe,1,0.8933094143867493,1,0.6513549089431763,False,0.241954505443573,0.014023872092366219,0.17348627746105194,0.0285505261272192,0.7839393243193626,0.06490710097146564
551,random,prefix,region_arab_culture,1,0.9324532747268677,1,0.6513549089431763,False,0.2810983657836914,0.01930489018559456,0.17120954394340515,0.030574088916182518,0.7789114769548178,0.08731746867588129
551,random,prefix,placebo,0,0.3486451506614685,1,0.6513549089431763,True,-0.30270975828170776,0.01765294373035431,0.17596997320652008,0.032800011336803436,0.7735770717263222,0.07796447058142965
551,random,suffix,gender_man,0,0.08509904146194458,1,0.6513549089431763,True,-0.5662558674812317,0.03420129418373108,0.15780360996723175,0.028676718473434448,0.7793183773756027,0.15498025516126498
551,random,suffix,gender_woman,0,0.08509904146194458,1,0.6513549089431763,True,-0.5662558674812317,0.037099532783031464,0.1562156081199646,0.02845807559788227,0.7782267834991217,0.16728590299759905
551,random,suffix,region_western_europe,0,0.3486451506614685,1,0.6513549089431763,True,-0.30270975828170776,0.032163020223379135,0.1577269434928894,0.028139347210526466,0.781970689073205,0.14751695580131477
551,random,suffix,region_arab_culture,0,0.4073334336280823,1,0.6513549089431763,True,-0.244021475315094,0.04035515710711479,0.15019479393959045,0.027394382283091545,0.7820556666702032,0.18516268117899964
551,random,suffix,placebo,0,0.01590639166533947,1,0.6513549089431763,True,-0.6354485172778368,0.03764687106013298,0.15402275323867798,0.029402080923318863,0.7789282947778702,0.1702925800581577
551,random,reworded,gender_man,1,0.562176525592804,1,0.6513549089431763,False,-0.08917838335037231,0.015369473025202751,0.17430856823921204,0.028448496013879776,0.7818734627217054,0.07046127086129719
551,random,reworded,gender_woman,1,0.531209409236908,1,0.6513549089431763,False,-0.12014549970626831,0.01591012440621853,0.17449159920215607,0.028440020978450775,0.7811582554131746,0.07270150599583707
551,random,reworded,region_western_europe,1,0.8175744414329529,1,0.6513549089431763,False,0.1662195324897766,0.016338426619768143,0.17270857095718384,0.027834681794047356,0.7831183206290007,0.0753333645661214
551,random,reworded,region_arab_culture,1,0.8933094143867493,1,0.6513549089431763,False,0.241954505443573,0.022660009562969208,0.1682448387145996,0.030007652938365936,0.7790874987840652,0.10257459147058313
551,random,reworded,placebo,0,0.3775406777858734,1,0.6513549089431763,True,-0.27381423115730286,0.019524551928043365,0.17391450703144073,0.031430501490831375,0.7751304395496845,0.08682612217031162
551,random,embedded,gender_man,1,0.562176525592804,1,0.6513549089431763,False,-0.08917838335037231,0.005336933769285679,0.1682623326778412,0.026858527213335037,0.7995422063395381,0.02662372797699973
551,random,embedded,gender_woman,0,0.2689414322376251,1,0.6513549089431763,True,-0.38241347670555115,0.006347043439745903,0.16958042979240417,0.026627112179994583,0.7974454145878553,0.031334977812678785
551,random,embedded,region_western_europe,1,0.7310585379600525,1,0.6513549089431763,False,0.07970362901687622,0.008130358532071114,0.1713908612728119,0.026149483397603035,0.794329296797514,0.039530951202450294
551,random,embedded,region_arab_culture,1,0.9241418242454529,1,0.6513549089431763,False,0.2727869153022766,0.011381477117538452,0.16638803482055664,0.026642978191375732,0.7955875098705292,0.055678971037090984
551,random,embedded,placebo,0,0.00033535013790242374,1,0.6513549089431763,True,-0.6510195588052738,0.009388183243572712,0.166880264878273,0.025742311030626297,0.797989240847528,0.04647367933747913
458,random,prefix,gender_man,1,0.9046505093574524,1,0.9241418242454529,False,-0.01949131488800049,0.013323173858225346,0.1741029918193817,0.022132007405161858,0.7904418269172311,0.06357744802901631
458,random,prefix,gender_woman,1,0.851952850818634,1,0.9241418242454529,False,-0.07218897342681885,0.014046724885702133,0.17572279274463654,0.02143903821706772,0.7887914441525936,0.06650641982444398
458,random,prefix,region_western_europe,1,0.9669140577316284,1,0.9241418242454529,False,0.04277223348617554,0.015588879585266113,0.17533379793167114,0.0218220017850399,0.7872553206980228,0.07327506209045406
458,random,prefix,region_arab_culture,1,0.8807970285415649,1,0.9241418242454529,False,-0.04334479570388794,0.021758707240223885,0.17315377295017242,0.0254153273999691,0.7796721924096346,0.0987560647845132
458,random,prefix,placebo,1,0.7772998809814453,1,0.9241418242454529,False,-0.14684194326400757,0.017843253910541534,0.17932239174842834,0.02245863527059555,0.7803757190704346,0.08124444999896871
458,random,suffix,gender_man,0,0.4687906503677368,1,0.9241418242454529,True,-0.45535117387771606,0.032857634127140045,0.15931089222431183,0.022059161216020584,0.7857723124325275,0.1533771591349102
458,random,suffix,gender_woman,0,0.3775406777858734,1,0.9241418242454529,True,-0.5466011464595795,0.03536417707800865,0.15743295848369598,0.021854061633348465,0.7853488028049469,0.16475182780310002
458,random,suffix,region_western_europe,0,0.3775406777858734,1,0.9241418242454529,True,-0.5466011464595795,0.03199373185634613,0.1611989438533783,0.020980551838874817,0.7858267724514008,0.14938249856222693
458,random,suffix,region_arab_culture,0,0.29421496391296387,1,0.9241418242454529,True,-0.629926860332489,0.039054691791534424,0.1559499055147171,0.02046879008412361,0.7845266126096249,0.1812506512499322
458,random,suffix,placebo,0,0.042087726294994354,1,0.9241418242454529,True,-0.8820540979504585,0.033883169293403625,0.1575646996498108,0.023407116532325745,0.7851450145244598,0.1577025044050514
458,random,reworded,gender_man,1,0.851952850818634,1,0.9241418242454529,False,-0.07218897342681885,0.017072424292564392,0.1743955910205841,0.021901708096265793,0.7866302765905857,0.08001334031729417
458,random,reworded,gender_woman,1,0.7057850360870361,1,0.9241418242454529,False,-0.21835678815841675,0.017521826550364494,0.17482058703899384,0.021207522600889206,0.7864500638097525,0.08205025420730931
458,random,reworded,region_western_europe,1,0.9465966820716858,1,0.9241418242454529,False,0.02245485782623291,0.01823098212480545,0.17409412562847137,0.02164425328373909,0.7860306389629841,0.08520370410253063
458,random,reworded,region_arab_culture,1,0.8175744414329529,1,0.9241418242454529,False,-0.1065673828125,0.02543405257165432,0.16978946328163147,0.025416705757379532,0.7793597783893347,0.11527387158146729
458,random,reworded,placebo,1,0.7310585379600525,1,0.9241418242454529,False,-0.1930832862854004,0.02026563510298729,0.17760562896728516,0.022160984575748444,0.7799677513539791,0.0921030222964718
458,random,embedded,gender_man,1,0.7549149990081787,1,0.9241418242454529,False,-0.16922682523727417,0.00551616121083498,0.16671977937221527,0.019954612478613853,0.8078094469383359,0.028701521083948005
458,random,embedded,gender_woman,1,0.7310585379600525,1,0.9241418242454529,False,-0.1930832862854004,0.005778445862233639,0.16726461052894592,0.019779395312070847,0.8071775482967496,0.029967702470283606
458,random,embedded,region_western_europe,1,0.7057850360870361,1,0.9241418242454529,False,-0.21835678815841675,0.007334105670452118,0.16795137524604797,0.019747857004404068,0.8049666620790958,0.037604369328009285
458,random,embedded,region_arab_culture,1,0.8354835510253906,1,0.9241418242454529,False,-0.08865827322006226,0.009839586913585663,0.16700869798660278,0.019503986462950706,0.8036477286368608,0.0501119077730864
458,random,embedded,placebo,0,0.037326883524656296,1,0.9241418242454529,True,-0.8868149407207966,0.008336005732417107,0.16772490739822388,0.01886637508869171,0.8050727117806673,0.042764693484256606
1811,social-group,prefix,gender_man,1,0.8354835510253906,1,0.9241418242454529,False,-0.08865827322006226,0.00982519332319498,0.1710347831249237,0.04067156836390495,0.7784684551879764,0.044351215676900375
1811,social-group,prefix,gender_woman,1,0.8933094143867493,1,0.9241418242454529,False,-0.030832409858703613,0.010833331383764744,0.17258985340595245,0.04016812518239021,0.7764086900278926,0.04845148671080366
1811,social-group,prefix,region_western_europe,1,0.9241418242454529,1,0.9241418242454529,False,0.0,0.011740605346858501,0.17160122096538544,0.04095310717821121,0.7757050665095448,0.05234449643668889
1811,social-group,prefix,region_arab_culture,1,0.9902915358543396,1,0.9241418242454529,False,0.06614971160888672,0.01552403811365366,0.17023569345474243,0.04182784631848335,0.7724124221131206,0.06821127171259653
1811,social-group,prefix,placebo,1,0.8933094143867493,1,0.9241418242454529,False,-0.030832409858703613,0.012666784226894379,0.174579456448555,0.04213521629571915,0.7706185430288315,0.05522148300107142
1811,social-group,suffix,gender_man,1,0.7310585379600525,1,0.9241418242454529,False,-0.1930832862854004,0.02935023605823517,0.15713468194007874,0.039253246039152145,0.774261835962534,0.1300189366888085
1811,social-group,suffix,gender_woman,1,0.6513549089431763,1,0.9241418242454529,False,-0.2727869153022766,0.0326075479388237,0.15577460825443268,0.03889060020446777,0.7727272436022758,0.14347319254473662
1811,social-group,suffix,region_western_europe,1,0.7057850360870361,1,0.9241418242454529,False,-0.21835678815841675,0.031095582991838455,0.1557101309299469,0.03867770731449127,0.7745165787637234,0.13790629404746535
1811,social-group,suffix,region_arab_culture,1,0.8175744414329529,1,0.9241418242454529,False,-0.1065673828125,0.03746757283806801,0.14966368675231934,0.03878847882151604,0.7740802615880966,0.16584461854216584
1811,social-group,suffix,placebo,0,0.5,1,0.9241418242454529,True,-0.4241418242454529,0.035973917692899704,0.1532096266746521,0.04025734215974808,0.7705591134727001,0.15678948175882057
1811,social-group,reworded,gender_man,1,0.8807970285415649,1,0.9241418242454529,False,-0.04334479570388794,0.012733109295368195,0.17148855328559875,0.03961510956287384,0.7761632278561592,0.05688569028857203
1811,social-group,reworded,gender_woman,1,0.9149009585380554,1,0.9241418242454529,False,-0.009240865707397461,0.013519009575247765,0.1730785369873047,0.03903401643037796,0.7743684370070696,0.059916305130020074
1811,social-group,reworded,region_western_europe,1,0.9399133324623108,1,0.9241418242454529,False,0.01577150821685791,0.013764494098722935,0.17134904861450195,0.03945845365524292,0.7754280036315322,0.06129212155258557
1811,social-group,reworded,region_arab_culture,1,0.9947799444198608,1,0.9241418242454529,False,0.07063812017440796,0.01794200763106346,0.16899219155311584,0.04015546664595604,0.7729103341698647,0.07900847255851884
1811,social-group,reworded,placebo,1,0.9046505093574524,1,0.9241418242454529,False,-0.01949131488800049,0.014584232121706009,0.17413660883903503,0.040960658341646194,0.7703185006976128,0.06349763549089835
1811,social-group,embedded,gender_man,1,0.622459352016449,1,0.9241418242454529,False,-0.3016824722290039,0.004830443300306797,0.16777876019477844,0.03680744767189026,0.7905833488330245,0.02306618539351634
1811,social-group,embedded,gender_woman,0,0.5,1,0.9241418242454529,True,-0.4241418242454529,0.0056892745196819305,0.16846761107444763,0.036531947553157806,0.7893111668527126,0.027003208640415693
1811,social-group,embedded,region_western_europe,1,0.8933094143867493,1,0.9241418242454529,False,-0.030832409858703613,0.007286361418664455,0.16868910193443298,0.03640943765640259,0.7876150989905,0.034307341925114226
1811,social-group,embedded,region_arab_culture,1,0.9241418242454529,1,0.9241418242454529,False,0.0,0.009284457191824913,0.1666220724582672,0.03719177842140198,0.7869016919285059,0.0435688921035919
1811,social-group,embedded,placebo,0,0.5,1,0.9241418242454529,True,-0.4241418242454529,0.008221548981964588,0.1636364758014679,0.03586355224251747,0.79227842297405,0.039579658019530145
43,random,prefix,gender_man,1,0.7549149990081787,1,0.622459352016449,False,0.13245564699172974,0.01002245582640171,0.1719268262386322,0.030885562300682068,0.787165155634284,0.04709029602868991
43,random,prefix,gender_woman,1,0.8175744414329529,1,0.622459352016449,False,0.1951150894165039,0.01116134598851204,0.17191337049007416,0.03094819001853466,0.7859770935028791,0.05215024022983347
43,random,prefix,region_western_europe,1,0.8933094143867493,1,0.622459352016449,False,0.2708500623703003,0.012230495922267437,0.17117662727832794,0.03117886185646057,0.785414014942944,0.05699578152326905
43,random,prefix,region_arab_culture,1,0.8933094143867493,1,0.622459352016449,False,0.2708500623703003,0.016014108434319496,0.17003695666790009,0.03248806297779083,0.7814608719199896,0.07327799179493612
43,random,prefix,placebo,1,0.5926666259765625,1,0.622459352016449,False,-0.029792726039886475,0.012777388095855713,0.1745280921459198,0.0314086452126503,0.7812858745455742,0.05842049784991221
43,random,suffix,gender_man,0,0.11920291930437088,1,0.622459352016449,True,-0.5032564327120781,0.031003033742308617,0.1567029356956482,0.03069564700126648,0.7815983835607767,0.14195423206007327
43,random,suffix,gender_woman,0,0.14804719388484955,1,0.622459352016449,True,-0.4744121581315994,0.03700379282236099,0.1539926379919052,0.03106182999908924,0.7779417391866446,0.16664001909599502
43,random,suffix,region_western_europe,0,0.22270014882087708,1,0.622459352016449,True,-0.3997592031955719,0.03307071328163147,0.1526011824607849,0.03014158084988594,0.7841865234076977,0.15323747990078504
43,random,suffix,region_arab_culture,0,0.037326883524656296,1,0.622459352016449,True,-0.5851324684917927,0.040139198303222656,0.14683836698532104,0.029837006703019142,0.7831854280084372,0.1851314601897913
43,random,suffix,placebo,0,0.01243165135383606,1,0.622459352016449,True,-0.6100277006626129,0.0384732186794281,0.15016768872737885,0.03252637758851051,0.7788327150046825,0.1739552876468265
43,random,reworded,gender_man,1,0.7772998809814453,1,0.622459352016449,False,0.15484052896499634,0.013025147840380669,0.1720280945301056,0.03029560297727585,0.7846511546522379,0.06048394556909114
43,random,reworded,gender_woman,1,0.8175744414329529,1,0.622459352016449,False,0.1951150894165039,0.014084449037909508,0.1720917522907257,0.03031735122203827,0.7835064474493265,0.06505712928616124
43,random,reworded,region_western_europe,1,0.9241418242454529,1,0.622459352016449,False,0.3016824722290039,0.014421128667891026,0.1710376888513565,0.030238624662160873,0.7843025578185916,0.06685813481164231
43,random,reworded,region_arab_culture,1,0.8933094143867493,1,0.622459352016449,False,0.2708500623703003,0.01863459125161171,0.16918466985225677,0.031173469498753548,0.781007269397378,0.08509228228870075
43,random,reworded,placebo,1,0.5926666259765625,1,0.622459352016449,False,-0.029792726039886475,0.014936943538486958,0.17375990748405457,0.030118092894554138,0.7811850560829043,0.06826290412845956
43,random,embedded,gender_man,0,0.2689414322376251,1,0.622459352016449,True,-0.35351791977882385,0.004857793916016817,0.16738109290599823,0.028289493173360825,0.7994716200046241,0.024224969633369783
43,random,embedded,gender_woman,0,0.11920291930437088,1,0.622459352016449,True,-0.5032564327120781,0.006049324292689562,0.16766661405563354,0.0275960061699152,0.7986880554817617,0.030049505046341202
43,random,embedded,region_western_europe,0,0.5,1,0.622459352016449,True,-0.12245935201644897,0.007747393101453781,0.17049500346183777,0.027428995817899704,0.7943286076188087,0.037668792979700196
43,random,embedded,region_arab_culture,0,0.06008664518594742,1,0.622459352016449,True,-0.5623727068305016,0.01050570234656334,0.16549566388130188,0.027013342827558517,0.7969852909445763,0.051748478696168
43,random,embedded,placebo,0,0.00010889690747717395,1,0.622459352016449,True,-0.6223504551089718,0.009109658189117908,0.16789741814136505,0.026998981833457947,0.7959939418360591,0.04465386112111099
3246,social-group,prefix,gender_man,1,0.9914224743843079,1,0.977022647857666,False,0.014399826526641846,0.01133398525416851,0.16976295411586761,0.04120435565710068,0.7776987049728632,0.050984791846511494
3246,social-group,prefix,gender_woman,1,0.9399133324623108,1,0.977022647857666,False,-0.037109315395355225,0.0121479332447052,0.16902443766593933,0.04098664969205856,0.7778409793972969,0.054681251347564644
3246,social-group,prefix,region_western_europe,1,0.9525741338729858,1,0.977022647857666,False,-0.024448513984680176,0.013601791113615036,0.1695491224527359,0.03995906561613083,0.7768900208175182,0.060964512494934724
3246,social-group,prefix,region_arab_culture,1,0.9875683188438416,1,0.977022647857666,False,0.010545670986175537,0.018272830173373222,0.1650240570306778,0.0442005880177021,0.7725025247782469,0.08032102402702176
3246,social-group,prefix,placebo,1,0.9902915358543396,1,0.977022647857666,False,0.013268887996673584,0.014844491146504879,0.1656256467103958,0.04405546560883522,0.7754743965342641,0.0661149148131351
3246,social-group,suffix,gender_man,1,0.9324532747268677,1,0.977022647857666,False,-0.04456937313079834,0.030313801020383835,0.15573281049728394,0.033871281892061234,0.780082106590271,0.13784144868969891
3246,social-group,suffix,gender_woman,1,0.9399133324623108,1,0.977022647857666,False,-0.037109315395355225,0.030078385025262833,0.1564074158668518,0.034099869430065155,0.7794143296778202,0.13635693098890506
3246,social-group,suffix,region_western_europe,1,0.8933094143867493,1,0.977022647857666,False,-0.08371323347091675,0.03352196887135506,0.15666194260120392,0.03494582325220108,0.7748702652752399,0.14890067237159263
3246,social-group,suffix,region_arab_culture,1,0.7981867790222168,1,0.977022647857666,False,-0.17883586883544922,0.04177730530500412,0.1439318060874939,0.033702366054058075,0.7805885225534439,0.190406198395798
3246,social-group,suffix,placebo,1,0.851952850818634,1,0.977022647857666,False,-0.12506979703903198,0.0352817140519619,0.1517336666584015,0.03676607832312584,0.7762185409665108,0.15766147117077264
3246,social-group,reworded,gender_man,1,0.9947799444198608,1,0.977022647857666,False,0.017757296562194824,0.014538604766130447,0.16996300220489502,0.04061395674943924,0.7748844362795353,0.0645828503629524
3246,social-group,reworded,gender_woman,1,0.9525741338729858,1,0.977022647857666,False,-0.024448513984680176,0.015241456218063831,0.16866552829742432,0.040244102478027344,0.7758489130064845,0.06799635202529603
3246,social-group,reworded,region_western_europe,1,0.970687747001648,1,0.977022647857666,False,-0.006334900856018066,0.016080593690276146,0.1689801663160324,0.03872962296009064,0.7762096170336008,0.07185560647032162
3246,social-group,reworded,region_arab_culture,1,0.9902915358543396,1,0.977022647857666,False,0.013268887996673584,0.02200113609433174,0.16316570341587067,0.043892234563827515,0.7709409259259701,0.09605005251711252
3246,social-group,reworded,placebo,1,0.9890130758285522,1,0.977022647857666,False,0.01199042797088623,0.016993025317788124,0.1647183746099472,0.043604377657175064,0.7746842224150896,0.07541871013175849
3246,social-group,embedded,gender_man,1,0.9525741338729858,1,0.977022647857666,False,-0.024448513984680176,0.006317377556115389,0.16304615139961243,0.03230635076761246,0.7983301202766597,0.031325340029863896
3246,social-group,embedded,gender_woman,1,0.9796676635742188,1,0.977022647857666,False,0.0026450157165527344,0.006225173361599445,0.16367533802986145,0.03286042809486389,0.7972390605136752,0.030702034511037084
3246,social-group,embedded,region_western_europe,1,0.9046505093574524,1,0.977022647857666,False,-0.07237213850021362,0.00925283133983612,0.16729407012462616,0.03353821113705635,0.7899148873984814,0.0440432509722216
3246,social-group,embedded,region_arab_culture,1,0.9324532747268677,1,0.977022647857666,False,-0.04456937313079834,0.01196657121181488,0.16355222463607788,0.03415794298052788,0.7903232611715794,0.057071524856208186
3246,social-group,embedded,placebo,1,0.562176525592804,1,0.977022647857666,False,-0.41484612226486206,0.008983351290225983,0.16333414614200592,0.034335896372795105,0.793346606194973,0.0434706206601261
2753,social-group,prefix,gender_man,1,0.7772998809814453,1,0.7772998809814453,False,0.0,0.010242259129881859,0.16921617090702057,0.04061959683895111,0.7799219731241465,0.04653921736430115
2753,social-group,prefix,gender_woman,1,0.8175744414329529,1,0.7772998809814453,False,0.04027456045150757,0.011072090826928616,0.17021413147449493,0.04051566869020462,0.7781981090083718,0.04991882971523686
2753,social-group,prefix,region_western_europe,1,0.8933094143867493,1,0.7772998809814453,False,0.11600953340530396,0.011862389743328094,0.16878436505794525,0.04036564752459526,0.7789875976741314,0.053672959609921626
2753,social-group,prefix,region_arab_culture,1,0.8933094143867493,1,0.7772998809814453,False,0.11600953340530396,0.01584954932332039,0.16713054478168488,0.041734855622053146,0.7752850502729416,0.07053179747307177
2753,social-group,prefix,placebo,1,0.8175744414329529,1,0.7772998809814453,False,0.04027456045150757,0.012746412307024002,0.17009256780147552,0.04212505370378494,0.7750359661877155,0.05665977841444612
2753,social-group,suffix,gender_man,0,0.5,1,0.7772998809814453,True,-0.2772998809814453,0.027831854298710823,0.1589953750371933,0.03855815902352333,0.7746146116405725,0.12348561945961954
2753,social-group,suffix,gender_woman,0,0.5,1,0.7772998809814453,True,-0.2772998809814453,0.030398108065128326,0.15747646987438202,0.03836093842983246,0.7737644836306572,0.1343648802494018
2753,social-group,suffix,region_western_europe,1,0.562176525592804,1,0.7772998809814453,False,-0.21512335538864136,0.030484914779663086,0.15551620721817017,0.038376640528440475,0.7756222374737263,0.13586424267909983
2753,social-group,suffix,region_arab_culture,1,0.562176525592804,1,0.7772998809814453,False,-0.21512335538864136,0.038604844361543655,0.14886970818042755,0.03660259395837784,0.775922853499651,0.17228371997982186
2753,social-group,suffix,placebo,0,0.29421496391296387,1,0.7772998809814453,True,-0.48308491706848145,0.033920712769031525,0.15400490164756775,0.03966089338064194,0.7724134922027588,0.14904535904761007
2753,social-group,reworded,gender_man,1,0.8807970285415649,1,0.7772998809814453,False,0.10349714756011963,0.012947505339980125,0.1697865128517151,0.03882894292473793,0.7784370388835669,0.05843713802496125
2753,social-group,reworded,gender_woman,1,0.8670357465744019,1,0.7772998809814453,False,0.08973586559295654,0.013572966679930687,0.17022919654846191,0.038875676691532135,0.7773221600800753,0.06095337858859932
2753,social-group,reworded,region_western_europe,1,0.9324532747268677,1,0.7772998809814453,False,0.15515339374542236,0.013876629993319511,0.1687699407339096,0.0384155809879303,0.7789378482848406,0.06277252747996262
2753,social-group,reworded,region_arab_culture,1,0.9149009585380554,1,0.7772998809814453,False,0.1376010775566101,0.017924915999174118,0.16626065969467163,0.038791801780462265,0.777022622525692,0.08038894439521996
2753,social-group,reworded,placebo,1,0.8354835510253906,1,0.7772998809814453,False,0.05818367004394531,0.014591546729207039,0.17086650431156158,0.03990586847066879,0.7746360804885626,0.06474659635331069
2753,social-group,embedded,gender_man,1,0.531209409236908,1,0.7772998809814453,False,-0.24609047174453735,0.004177046939730644,0.16655951738357544,0.037773098796606064,0.7914903368800879,0.020032869830730386
2753,social-group,embedded,gender_woman,0,0.4073334336280823,1,0.7772998809814453,True,-0.36996644735336304,0.004665951244533062,0.16835078597068787,0.03723452612757683,0.7897487366572022,0.022192262583105644
2753,social-group,embedded,region_western_europe,1,0.8670357465744019,1,0.7772998809814453,False,0.08973586559295654,0.0063154436647892,0.16741859912872314,0.03664446249604225,0.7896214947104454,0.030019434048630275
2753,social-group,embedded,region_arab_culture,0,0.3775406777858734,1,0.7772998809814453,True,-0.3997592031955719,0.008077917620539665,0.16457021236419678,0.03606797009706497,0.7912838999181986,0.03870289650570183
2753,social-group,embedded,placebo,0,0.01590639166533947,1,0.7772998809814453,True,-0.7613934893161058,0.007278170436620712,0.1653275042772293,0.03490650653839111,0.7924878187477589,0.035073461194905675
2301,social-group,prefix,gender_man,0,0.22270014882087708,0,0.2689414322376251,False,-0.04624128341674805,0.01095561496913433,0.17241379618644714,0.029778677970170975,0.7868519108742476,0.05139907664229995
2301,social-group,prefix,gender_woman,0,0.16451644897460938,0,0.2689414322376251,False,-0.10442498326301575,0.011932129971683025,0.17285069823265076,0.02992522343993187,0.7852919483557343,0.05557374248569175
2301,social-group,prefix,region_western_europe,0,0.11920291930437088,0,0.2689414322376251,False,-0.14973851293325424,0.013111531734466553,0.17274971306324005,0.029746312648057938,0.7843924425542355,0.06081202296336352
2301,social-group,prefix,region_arab_culture,0,0.4687906503677368,0,0.2689414322376251,False,0.1998492181301117,0.018671097233891487,0.17006362974643707,0.03252870589494705,0.7787365671247244,0.08438401678607342
2301,social-group,prefix,placebo,0,0.13296423852443695,0,0.2689414322376251,False,-0.13597719371318817,0.015014506876468658,0.17636753618717194,0.03081769496202469,0.7778002619743347,0.06757211781561327
2301,social-group,suffix,gender_man,0,0.020332353189587593,0,0.2689414322376251,False,-0.24860907904803753,0.031106824055314064,0.15866205096244812,0.029679061844944954,0.7805520631372929,0.14175036001717062
2301,social-group,suffix,gender_woman,0,0.02595735713839531,0,0.2689414322376251,False,-0.2429840750992298,0.03725606948137283,0.1547558605670929,0.030246414244174957,0.7777416557073593,0.16762506532631646
2301,social-group,suffix,region_western_europe,0,0.09534946084022522,0,0.2689414322376251,False,-0.1735919713973999,0.03203137591481209,0.15895050764083862,0.02957102842628956,0.7794470880180597,0.14523216051409443
2301,social-group,suffix,region_arab_culture,0,0.11920291930437088,0,0.2689414322376251,False,-0.14973851293325424,0.04103003442287445,0.14771032333374023,0.028951391577720642,0.7823082506656647,0.1884776733538932
2301,social-group,suffix,placebo,0,0.01243165135383606,0,0.2689414322376251,False,-0.25650978088378906,0.03651585802435875,0.1555495411157608,0.029712598770856857,0.7782220020890236,0.16465049900493975
2301,social-group,reworded,gender_man,0,0.13296423852443695,0,0.2689414322376251,False,-0.13597719371318817,0.014207910746335983,0.1722365766763687,0.02943892404437065,0.7841165885329247,0.06581288784433931
2301,social-group,reworded,gender_woman,0,0.10669060051441193,0,0.2689414322376251,False,-0.1622508317232132,0.01493594516068697,0.17291897535324097,0.02939225733280182,0.7827528221532702,0.06875092836061807
2301,social-group,reworded,region_western_europe,0,0.14804719388484955,0,0.2689414322376251,False,-0.12089423835277557,0.015279686078429222,0.17245788872241974,0.02905876934528351,0.7832036558538675,0.07047944529973202
2301,social-group,reworded,region_arab_culture,0,0.3486451506614685,0,0.2689414322376251,False,0.07970371842384338,0.021118251606822014,0.16886965930461884,0.030875137075781822,0.7791369520127773,0.09561695267396537
2301,social-group,reworded,placebo,0,0.13296423852443695,0,0.2689414322376251,False,-0.13597719371318817,0.017059270292520523,0.17462590336799622,0.030381347984075546,0.7779334783554077,0.07682054082795577
2301,social-group,embedded,gender_man,0,0.11920291930437088,0,0.2689414322376251,False,-0.14973851293325424,0.00443757139146328,0.16796529293060303,0.027291154488921165,0.8003059811890125,0.022221854304326903
2301,social-group,embedded,gender_woman,0,0.004070138093084097,0,0.2689414322376251,False,-0.264871294144541,0.005233682692050934,0.1692117303609848,0.027248669415712357,0.7983059175312519,0.025948617966329666
2301,social-group,embedded,region_western_europe,0,0.43782350420951843,0,0.2689414322376251,False,0.1688820719718933,0.007148473523557186,0.16846637427806854,0.027235887944698334,0.7971492642536759,0.03524006702394584
2301,social-group,embedded,region_arab_culture,1,0.6791787147521973,0,0.2689414322376251,True,0.41023728251457214,0.009730717167258263,0.16684573888778687,0.027404209598898888,0.796019334346056,0.04770411517220243
2301,social-group,embedded,placebo,0,0.0002959571429528296,0,0.2689414322376251,False,-0.2686454750946723,0.008438403718173504,0.16488949954509735,0.025713637471199036,0.8009584592655301,0.04239518889893795
1742,social-group,prefix,gender_man,1,0.9980732202529907,1,0.9740425944328308,False,0.024030625820159912,0.012339468114078045,0.17503806948661804,0.029312267899513245,0.7833101944997907,0.05694530984322714
1742,social-group,prefix,gender_woman,1,0.9959298968315125,1,0.9740425944328308,False,0.02188730239868164,0.013204785995185375,0.17579320073127747,0.02855527587234974,0.7824467374011874,0.06069679598203115
1742,social-group,prefix,region_western_europe,1,0.9982993006706238,1,0.9740425944328308,False,0.02425670623779297,0.014910471625626087,0.1759958267211914,0.02917059324681759,0.7799231084063649,0.06775119149337039
1742,social-group,prefix,region_arab_culture,1,0.999373733997345,1,0.9740425944328308,False,0.02533113956451416,0.018968842923641205,0.1720191389322281,0.029804347082972527,0.7792076710611582,0.08591259947665783
1742,social-group,prefix,placebo,1,0.9947799444198608,1,0.9740425944328308,False,0.02073734998703003,0.015551787801086903,0.17731620371341705,0.029082562774419785,0.7780494457110763,0.07006870449551746
1742,social-group,suffix,gender_man,1,0.7772998809814453,1,0.9740425944328308,False,-0.1967427134513855,0.02988423965871334,0.16126683354377747,0.02672663889825344,0.7821222878992558,0.13716060890567458
1742,social-group,suffix,gender_woman,1,0.8807970285415649,1,0.9740425944328308,False,-0.09324556589126587,0.03300563991069794,0.16062664985656738,0.026986217126250267,0.7793814931064844,0.1496050371088249
1742,social-group,suffix,region_western_europe,1,0.7057850360870361,1,0.9740425944328308,False,-0.2682575583457947,0.03466549515724182,0.16148798167705536,0.027475975453853607,0.7763705477118492,0.15501310226604084
1742,social-group,suffix,region_arab_culture,1,0.7549149990081787,1,0.9740425944328308,False,-0.2191275954246521,0.04113071411848068,0.15165847539901733,0.026477938517928123,0.7807328719645739,0.18758267364105463
1742,social-group,suffix,placebo,0,0.06754669547080994,1,0.9740425944328308,True,-0.9064958989620209,0.03512469679117203,0.15630586445331573,0.028095576912164688,0.7804738618433475,0.16000234453223638
1742,social-group,reworded,gender_man,1,0.9992903470993042,1,0.9740425944328308,False,0.02524775266647339,0.015913033857941628,0.17532126605510712,0.027832746505737305,0.780932953581214,0.0726400164610838
1742,social-group,reworded,gender_woman,1,0.9982993006706238,1,0.9740425944328308,False,0.02425670623779297,0.016727350652217865,0.17579954862594604,0.027125846594572067,0.780347254127264,0.07615361504248838
1742,social-group,reworded,region_western_europe,1,0.9988304972648621,1,0.9740425944328308,False,0.02478790283203125,0.017493251711130142,0.1754056215286255,0.027826987206935883,0.7792741395533085,0.07925329490494847
1742,social-group,reworded,region_arab_culture,1,0.9992903470993042,1,0.9740425944328308,False,0.02524775266647339,0.02209414541721344,0.17036467790603638,0.02878933772444725,0.7787518389523029,0.09986137427126612
1742,social-group,reworded,placebo,1,0.9933071732521057,1,0.9740425944328308,False,0.019264578819274902,0.01811000145971775,0.17628459632396698,0.028272051364183426,0.7773333508521318,0.08133234828396455
1742,social-group,embedded,gender_man,1,0.9740425944328308,1,0.9740425944328308,False,0.0,0.005397117231041193,0.16935589909553528,0.026082709431648254,0.7991642742417753,0.02687329264086456
1742,social-group,embedded,gender_woman,1,0.9525741338729858,1,0.9740425944328308,False,-0.02146846055984497,0.006413352210074663,0.17050296068191528,0.025912366807460785,0.7971713203005493,0.03161955311042746
1742,social-group,embedded,region_western_europe,1,0.9465966820716858,1,0.9740425944328308,False,-0.02744591236114502,0.008767144754529,0.1715840995311737,0.02601550705730915,0.7936332486569881,0.04248332009625289
1742,social-group,embedded,region_arab_culture,1,0.9399133324623108,1,0.9740425944328308,False,-0.03412926197052002,0.010838277637958527,0.1675177961587906,0.025858666747808456,0.7957852594554424,0.05307294472993111
1742,social-group,embedded,placebo,0,0.29421496391296387,1,0.9740425944328308,True,-0.6798276305198669,0.008991561830043793,0.1687319427728653,0.025526605546474457,0.7967498898506165,0.04423890261823341
1263,social-group,prefix,gender_man,0,0.3486451506614685,0,0.03308597952127457,False,0.31555917114019394,0.0122709134593606,0.16999617218971252,0.029106546193361282,0.7886263681575656,0.05805318928572786
1263,social-group,prefix,gender_woman,0,0.4073334336280823,0,0.03308597952127457,False,0.3742474541068077,0.013587062247097492,0.17077863216400146,0.028508413583040237,0.7871258920058608,0.0638267489415461
1263,social-group,prefix,region_western_europe,0,0.3775406777858734,0,0.03308597952127457,False,0.34445469826459885,0.015120372176170349,0.17031767964363098,0.028414323925971985,0.7861476242542267,0.07070471919444736
1263,social-group,prefix,region_arab_culture,1,0.562176525592804,0,0.03308597952127457,True,0.5290905460715294,0.022781766951084137,0.1681489497423172,0.031340282410383224,0.7777290008962154,0.10249545394109959
1263,social-group,prefix,placebo,0,0.06754669547080994,0,0.03308597952127457,False,0.03446071594953537,0.018771976232528687,0.17351201176643372,0.0338229238986969,0.7738930881023407,0.08302256695728645
1263,social-group,suffix,gender_man,0,0.004070138093084097,0,0.03308597952127457,False,-0.02901584142819047,0.02960437722504139,0.15739800035953522,0.026877019554376602,0.7861206028610468,0.13841621783611074
1263,social-group,suffix,gender_woman,0,0.007577240467071533,0,0.03308597952127457,False,-0.025508739054203033,0.035206444561481476,0.1546672135591507,0.027509767562150955,0.7826165743172169,0.16195551455176946
1263,social-group,suffix,region_western_europe,0,0.042087726294994354,0,0.03308597952127457,False,0.009001746773719788,0.03194420039653778,0.15750877559185028,0.027437839657068253,0.7831091843545437,0.14728240244508936
1263,social-group,suffix,region_arab_culture,0,0.020332353189587593,0,0.03308597952127457,False,-0.012753626331686974,0.04474037140607834,0.14700378477573395,0.026889700442552567,0.7813661433756351,0.20463606184721353
1263,social-group,suffix,placebo,0,0.0009110512328334153,0,0.03308597952127457,False,-0.03217492828844115,0.037242475897073746,0.1532246321439743,0.028604518622159958,0.780928373336792,0.17000136651346842
1263,social-group,reworded,gender_man,0,0.4073334336280823,0,0.03308597952127457,False,0.3742474541068077,0.01568932831287384,0.17067205905914307,0.0284092016518116,0.7852294109761715,0.07305156811360763
1263,social-group,reworded,gender_woman,0,0.4073334336280823,0,0.03308597952127457,False,0.3742474541068077,0.016779080033302307,0.1711932122707367,0.02782256156206131,0.7842051461338997,0.07775477372464891
1263,social-group,reworded,region_western_europe,0,0.43782350420951843,0,0.03308597952127457,False,0.40473752468824387,0.017578544095158577,0.16986630856990814,0.0273553729057312,0.7851997744292021,0.08183671152321349
1263,social-group,reworded,region_arab_culture,1,0.531209409236908,0,0.03308597952127457,True,0.4981234297156334,0.026847265660762787,0.16349034011363983,0.03085976466536522,0.7788026295602322,0.12137244492277231
1263,social-group,reworded,placebo,0,0.06754669547080994,0,0.03308597952127457,False,0.03446071594953537,0.022420307621359825,0.16974148154258728,0.03293800354003906,0.7749002072960138,0.09960163602124364
1263,social-group,embedded,gender_man,0,0.13296423852443695,0,0.03308597952127457,False,0.09987825900316238,0.004260585643351078,0.16465333104133606,0.025330282747745514,0.8057558005675673,0.021934171809506783
1263,social-group,embedded,gender_woman,0,0.11920291930437088,0,0.03308597952127457,False,0.08611693978309631,0.005099519621580839,0.16499310731887817,0.02503598853945732,0.8048713845200837,0.026134145466253814
1263,social-group,embedded,region_western_europe,1,0.562176525592804,0,0.03308597952127457,True,0.5290905460715294,0.006985436659306288,0.1663264036178589,0.024858439341187477,0.8018297203816473,0.03524966848086015
1263,social-group,embedded,region_arab_culture,0,0.4073334336280823,0,0.03308597952127457,False,0.3742474541068077,0.009953132830560207,0.16638392210006714,0.02466452866792679,0.7989984164014459,0.04951768365387049
1263,social-group,embedded,placebo,0,0.0002959571429528296,0,0.03308597952127457,False,-0.03279002237832174,0.008150609210133553,0.16491778194904327,0.02452491596341133,0.8024066928774118,0.04124941947085719
3060,social-group,prefix,gender_man,1,0.9046505093574524,1,0.9046505093574524,False,0.0,0.010540008544921875,0.17039287090301514,0.036746684461832047,0.7823204360902309,0.04841983489681577
3060,social-group,prefix,gender_woman,1,0.8354835510253906,1,0.9046505093574524,False,-0.06916695833206177,0.011566339060664177,0.1707574427127838,0.036770254373550415,0.7809059638530016,0.05279166546050522
3060,social-group,prefix,region_western_europe,1,0.9324532747268677,1,0.9046505093574524,False,0.027802765369415283,0.012694571167230606,0.16990447044372559,0.037508733570575714,0.7798922248184681,0.05767434229327371
3060,social-group,prefix,region_arab_culture,1,0.8670357465744019,1,0.9046505093574524,False,-0.03761476278305054,0.018507767468690872,0.16579310595989227,0.041850846260786057,0.7738482803106308,0.08183783653784382
3060,social-group,prefix,placebo,1,0.8354835510253906,1,0.9046505093574524,False,-0.06916695833206177,0.01485370472073555,0.17318519949913025,0.040595684200525284,0.7713654115796089,0.06496700618816258
3060,social-group,suffix,gender_man,1,0.562176525592804,1,0.9046505093574524,False,-0.34247398376464844,0.02848651632666588,0.15859867632389069,0.034142035990953445,0.77877277135849,0.1287658689284905
3060,social-group,suffix,gender_woman,1,0.6513549089431763,1,0.9046505093574524,False,-0.2532956004142761,0.029204921796917915,0.15780052542686462,0.034596316516399384,0.7783982362598181,0.13179011441063876
3060,social-group,suffix,region_western_europe,1,0.531209409236908,1,0.9046505093574524,False,-0.37344110012054443,0.030992712825536728,0.15645605325698853,0.03474462404847145,0.7778066098690033,0.1394853051536079
3060,social-group,suffix,region_arab_culture,1,0.622459352016449,1,0.9046505093574524,False,-0.2821911573410034,0.03986329585313797,0.15018919110298157,0.03407614305615425,0.7758713699877262,0.1778590082443058
3060,social-group,suffix,placebo,1,0.562176525592804,1,0.9046505093574524,False,-0.34247398376464844,0.03505740314722061,0.15485718846321106,0.03551620990037918,0.7745691984891891,0.1555129241978913
3060,social-group,reworded,gender_man,1,0.8807970285415649,1,0.9046505093574524,False,-0.02385348081588745,0.013541852124035358,0.1702965795993805,0.03610101714730263,0.7800605511292815,0.0615708195758703
3060,social-group,reworded,gender_woman,1,0.8175744414329529,1,0.9046505093574524,False,-0.08707606792449951,0.01426495611667633,0.17043185234069824,0.036460552364587784,0.7788426391780376,0.06450138518409977
3060,social-group,reworded,region_western_europe,1,0.8933094143867493,1,0.9046505093574524,False,-0.011341094970703125,0.014711895026266575,0.16952256858348846,0.03679918125271797,0.778966355137527,0.06655952778329428
3060,social-group,reworded,region_arab_culture,1,0.851952850818634,1,0.9046505093574524,False,-0.05269765853881836,0.02079514041543007,0.16502946615219116,0.039218246936798096,0.7749571464955807,0.09240524678568253
3060,social-group,reworded,placebo,1,0.7057850360870361,1,0.9046505093574524,False,-0.19886547327041626,0.017460448667407036,0.17222371697425842,0.04054684937000275,0.7697689849883318,0.0758388207015555
3060,social-group,embedded,gender_man,0,0.14804719388484955,1,0.9046505093574524,True,-0.7566033154726028,0.0051323240622878075,0.1693786233663559,0.03308640047907829,0.792402652092278,0.02472249339413117
3060,social-group,embedded,gender_woman,0,0.3775406777858734,1,0.9046505093574524,True,-0.527109831571579,0.004884757101535797,0.16804613173007965,0.03352813422679901,0.7935409769415855,0.023659692994641986
3060,social-group,embedded,region_western_europe,0,0.43782350420951843,1,0.9046505093574524,True,-0.46682700514793396,0.00739075243473053,0.1698651909828186,0.03286952152848244,0.7898745350539684,0.035173045002559605
3060,social-group,embedded,region_arab_culture,0,0.43782350420951843,1,0.9046505093574524,True,-0.46682700514793396,0.0097685931250453,0.16691246628761292,0.033341750502586365,0.7899771900847554,0.04651205804258808
3060,social-group,embedded,placebo,0,0.08509904146194458,1,0.9046505093574524,True,-0.8195514678955078,0.008322829380631447,0.167873814702034,0.033260177820920944,0.7905431780964136,0.03973529868825409
3934,social-group,prefix,gender_man,1,0.5926666259765625,1,0.7981867790222168,False,-0.2055201530456543,0.01537280436605215,0.17150919139385223,0.01743190735578537,0.7956860968843102,0.07524110758800161
3934,social-group,prefix,gender_woman,0,0.4687906503677368,1,0.7981867790222168,True,-0.32939612865448,0.016341669484972954,0.1724068522453308,0.01733427308499813,0.7939172051846981,0.07929662201844113
3934,social-group,prefix,region_western_europe,0,0.43782350420951843,1,0.7981867790222168,True,-0.36036327481269836,0.01848386973142624,0.17238327860832214,0.017431749030947685,0.7917011026293039,0.08873724232217942
3934,social-group,prefix,region_arab_culture,0,0.3208213150501251,1,0.7981867790222168,True,-0.4773654639720917,0.026001213118433952,0.16740570962429047,0.019091680645942688,0.7875013966113329,0.12235945415074967
3934,social-group,prefix,placebo,1,0.7772998809814453,1,0.7981867790222168,False,-0.020886898040771484,0.020092949271202087,0.1775207817554474,0.018118754029273987,0.7842675149440765,0.09313826457797245
3934,social-group,suffix,gender_man,0,0.08509904146194458,1,0.7981867790222168,True,-0.7130877375602722,0.034365396946668625,0.15582413971424103,0.016760505735874176,0.7930499576032162,0.16605648662192635
3934,social-group,suffix,gender_woman,0,0.11920291930437088,1,0.7981867790222168,True,-0.6789838597178459,0.03794713318347931,0.1537146270275116,0.01660947874188423,0.7917287610471249,0.182200544704425
3934,social-group,suffix,region_western_europe,0,0.29421496391296387,1,0.7981867790222168,True,-0.5039718151092529,0.035350412130355835,0.15776905417442322,0.01691250316798687,0.7899680305272341,0.16830967313735348
3934,social-group,suffix,region_arab_culture,0,0.22270014882087708,1,0.7981867790222168,True,-0.5754866302013397,0.0419439896941185,0.15149322152137756,0.01671130768954754,0.7898514810949564,0.19959212614327798
3934,social-group,suffix,placebo,0,0.10669060051441193,1,0.7981867790222168,True,-0.6914961785078049,0.03664650768041611,0.15534280240535736,0.017336316406726837,0.7906743735074997,0.1750693801541259
3934,social-group,reworded,gender_man,1,0.531209409236908,1,0.7981867790222168,False,-0.26697736978530884,0.01973782852292061,0.1702413558959961,0.017715753987431526,0.7923050615936518,0.09503278546106986
3934,social-group,reworded,gender_woman,0,0.3486451506614685,1,0.7981867790222168,True,-0.4495416283607483,0.02034776844084263,0.17011602222919464,0.01783563196659088,0.7917005773633718,0.09768518886554321
3934,social-group,reworded,region_western_europe,0,0.3486451506614685,1,0.7981867790222168,True,-0.4495416283607483,0.021724307909607887,0.1705426126718521,0.017223462462425232,0.7905096169561148,0.10370074078797668
3934,social-group,reworded,region_arab_culture,0,0.29421496391296387,1,0.7981867790222168,True,-0.5039718151092529,0.030478790402412415,0.16347786784172058,0.018307233229279518,0.7877361085265875,0.14358914364024128
3934,social-group,reworded,placebo,1,0.7549149990081787,1,0.7981867790222168,False,-0.043271780014038086,0.022613395005464554,0.17703823745250702,0.01759200170636177,0.7827563658356667,0.10409232515581429
3934,social-group,embedded,gender_man,0,0.09534946084022522,1,0.7981867790222168,True,-0.7028373181819916,0.00489759910851717,0.16851657629013062,0.015783704817295074,0.8108021197840571,0.025886120409632746
3934,social-group,embedded,gender_woman,0,0.10669060051441193,1,0.7981867790222168,True,-0.6914961785078049,0.005652275867760181,0.16954709589481354,0.015721067786216736,0.8090795604512095,0.029605399406781276
3934,social-group,embedded,region_western_europe,1,0.562176525592804,1,0.7981867790222168,False,-0.23601025342941284,0.007688595913350582,0.16797098517417908,0.015556007623672485,0.8087844112887979,0.040209043442388306
3934,social-group,embedded,region_arab_culture,1,0.6513549089431763,1,0.7981867790222168,False,-0.14683187007904053,0.010171525180339813,0.16579917073249817,0.015735093504190445,0.8082942105829716,0.05305799689863888
3934,social-group,embedded,placebo,0,0.0019267346942797303,1,0.7981867790222168,True,-0.7962600443279371,0.00891945231705904,0.1665387600660324,0.015036683529615402,0.8095051040872931,0.04682252652662319
2853,social-group,prefix,gender_man,1,0.9947799444198608,1,0.9324532747268677,False,0.062326669692993164,0.01487669162452221,0.17646145820617676,0.01904878206551075,0.7896130681037903,0.07071110116222111
2853,social-group,prefix,gender_woman,1,0.9875683188438416,1,0.9324532747268677,False,0.05511504411697388,0.015965061262249947,0.17799414694309235,0.018898405134677887,0.7871423866599798,0.07500347773207083
2853,social-group,prefix,region_western_europe,1,0.9890130758285522,1,0.9324532747268677,False,0.05655980110168457,0.01853381283581257,0.17874163389205933,0.017633624374866486,0.7850909288972616,0.08624025379995423
2853,social-group,prefix,region_arab_culture,1,0.9859364032745361,1,0.9324532747268677,False,0.05348312854766846,0.02645554021000862,0.17131344974040985,0.020000524818897247,0.7822304852306843,0.12148413077024624
2853,social-group,prefix,placebo,1,0.9525741338729858,1,0.9324532747268677,False,0.020120859146118164,0.019253632053732872,0.18046486377716064,0.019901029765605927,0.7803804744035006,0.08766812514251128
2853,social-group,suffix,gender_man,1,0.9046505093574524,1,0.9324532747268677,False,-0.027802765369415283,0.030136127024888992,0.16399896144866943,0.017360161989927292,0.7885047495365143,0.14249079806211506
2853,social-group,suffix,gender_woman,1,0.9046505093574524,1,0.9324532747268677,False,-0.027802765369415283,0.03195708245038986,0.16255685687065125,0.017320945858955383,0.7881651148200035,0.15085845007651064
2853,social-group,suffix,region_western_europe,1,0.8933094143867493,1,0.9324532747268677,False,-0.03914386034011841,0.035409070551395416,0.1622447371482849,0.017370497807860374,0.7849756944924593,0.1646747351087417
2853,social-group,suffix,region_arab_culture,1,0.8175744414329529,1,0.9324532747268677,False,-0.1148788332939148,0.044654954224824905,0.15163853764533997,0.017280034720897675,0.7864264734089375,0.20908468824569004
2853,social-group,suffix,placebo,0,0.2689414322376251,1,0.9324532747268677,True,-0.6635118424892426,0.03565073758363724,0.15809854865074158,0.018623167648911476,0.7876275461167097,0.16786893465585312
2853,social-group,reworded,gender_man,1,0.9947799444198608,1,0.9324532747268677,False,0.062326669692993164,0.01931631751358509,0.17560547590255737,0.01887945644557476,0.7861987501382828,0.09034707479997678
2853,social-group,reworded,gender_woman,1,0.9859364032745361,1,0.9324532747268677,False,0.05348312854766846,0.020218458026647568,0.17627087235450745,0.018706195056438446,0.7848044745624065,0.0939538960465556
2853,social-group,reworded,region_western_europe,1,0.9875683188438416,1,0.9324532747268677,False,0.05511504411697388,0.021751798689365387,0.1771460622549057,0.01775197498500347,0.7833501640707254,0.10040071618824707
2853,social-group,reworded,region_arab_culture,1,0.9875683188438416,1,0.9324532747268677,False,0.05511504411697388,0.030281104147434235,0.16894496977329254,0.01951218955218792,0.7812617365270853,0.1384353321026698
2853,social-group,reworded,placebo,1,0.9241418242454529,1,0.9324532747268677,False,-0.008311450481414795,0.022467633709311485,0.1796707659959793,0.02003864198923111,0.7778229583054781,0.10112491163782318
2853,social-group,embedded,gender_man,1,0.9669140577316284,1,0.9324532747268677,False,0.03446078300476074,0.005529819987714291,0.17182908952236176,0.016575535759329796,0.8060655547305942,0.028513861887879122
2853,social-group,embedded,gender_woman,1,0.9840936064720154,1,0.9324532747268677,False,0.051640331745147705,0.0055842213332653046,0.17106683552265167,0.01648976467549801,0.806859178468585,0.0289126932824867
2853,social-group,embedded,region_western_europe,1,0.9241418242454529,1,0.9324532747268677,False,-0.008311450481414795,0.008942191489040852,0.17194657027721405,0.016162024810910225,0.8029492134228349,0.04538013597595607
2853,social-group,embedded,region_arab_culture,1,0.8354835510253906,1,0.9324532747268677,False,-0.09696972370147705,0.01230303943157196,0.16980673372745514,0.01581626571714878,0.8020739611238241,0.06215978201467893
2853,social-group,embedded,placebo,1,0.7772998809814453,1,0.9324532747268677,False,-0.15515339374542236,0.009093734435737133,0.170244961977005,0.016007199883461,0.8046541037037969,0.046551960436109166
444,random,prefix,gender_man,1,0.9740425944328308,1,0.9525741338729858,False,0.02146846055984497,0.015131945721805096,0.17190079391002655,0.0109475776553154,0.802019682712853,0.07643156617361108
444,random,prefix,gender_woman,1,0.9740425944328308,1,0.9525741338729858,False,0.02146846055984497,0.016260821372270584,0.1722344309091568,0.011061436496675014,0.8004433112218976,0.08148472232044224
444,random,prefix,region_western_europe,1,0.9875683188438416,1,0.9525741338729858,False,0.03499418497085571,0.019054990261793137,0.17223264276981354,0.010528579354286194,0.7981837876141071,0.09441753978296888
444,random,prefix,region_arab_culture,1,0.9740425944328308,1,0.9525741338729858,False,0.02146846055984497,0.026837587356567383,0.16450363397598267,0.0120701864361763,0.7965885922312737,0.13193747416113968
444,random,prefix,placebo,1,0.8354835510253906,1,0.9525741338729858,False,-0.11709058284759521,0.01902903988957405,0.1753540337085724,0.01083014439791441,0.7947867820039392,0.09272813942199046
444,random,suffix,gender_man,1,0.8175744414329529,1,0.9525741338729858,False,-0.13499969244003296,0.03006638213992119,0.1575159728527069,0.010891900397837162,0.8015257446095347,0.15148756739643918
444,random,suffix,gender_woman,1,0.7772998809814453,1,0.9525741338729858,False,-0.17527425289154053,0.03173510730266571,0.15591853857040405,0.010666699148714542,0.8016796549782157,0.16001942362080804
444,random,suffix,region_western_europe,1,0.8807970285415649,1,0.9525741338729858,False,-0.0717771053314209,0.034563273191452026,0.15567034482955933,0.01053069531917572,0.7992356866598129,0.17215845095381044
444,random,suffix,region_arab_culture,1,0.7057850360870361,1,0.9525741338729858,False,-0.2467890977859497,0.04158543422818184,0.1489887237548828,0.010621100664138794,0.7988047413527966,0.20669191961974628
444,random,suffix,placebo,1,0.5926666259765625,1,0.9525741338729858,False,-0.35990750789642334,0.031637661159038544,0.1565522849559784,0.011582084000110626,0.8002279698848724,0.1583688224062494
444,random,reworded,gender_man,1,0.9740425944328308,1,0.9525741338729858,False,0.02146846055984497,0.01946127600967884,0.170660600066185,0.01092939730733633,0.7989487266167998,0.09679757646988882
444,random,reworded,gender_woman,1,0.957912266254425,1,0.9525741338729858,False,0.005338132381439209,0.020268457010388374,0.17077848315238953,0.010841748677194118,0.798111311160028,0.10039421785761489
444,random,reworded,region_western_europe,1,0.9740425944328308,1,0.9525741338729858,False,0.02146846055984497,0.022185811772942543,0.17003688216209412,0.010096993297338486,0.7976803127676249,0.10965720675250419
444,random,reworded,region_arab_culture,1,0.9626730680465698,1,0.9525741338729858,False,0.010098934173583984,0.03133927285671234,0.16054843366146088,0.011666052043437958,0.7964462414383888,0.1539606690545419
444,random,reworded,placebo,1,0.7772998809814453,1,0.9525741338729858,False,-0.17527425289154053,0.021726923063397408,0.17458787560462952,0.010471109300851822,0.7932140920311213,0.10506965042640772
444,random,embedded,gender_man,1,0.9241418242454529,1,0.9525741338729858,False,-0.02843230962753296,0.004666812717914581,0.16519054770469666,0.010225396603345871,0.8199172429740429,0.02591482269033624
444,random,embedded,gender_woman,1,0.9740425944328308,1,0.9525741338729858,False,0.02146846055984497,0.005323781631886959,0.16483837366104126,0.010014010593295097,0.8198238341137767,0.029547646358779732
444,random,embedded,region_western_europe,1,0.9399133324623108,1,0.9525741338729858,False,-0.012660801410675049,0.00800415687263012,0.1659269630908966,0.010016927495598793,0.8160519525408745,0.04351313853662239
444,random,embedded,region_arab_culture,1,0.9796676635742188,1,0.9525741338729858,False,0.02709352970123291,0.011138245463371277,0.16389814019203186,0.009644399397075176,0.8153192149475217,0.06031079768372366
444,random,embedded,placebo,0,0.43782350420951843,1,0.9525741338729858,True,-0.5147506296634674,0.00792052410542965,0.16736386716365814,0.00945880077779293,0.8152568079531193,0.04287315823480913
937,random,prefix,gender_man,1,0.9324532747268677,1,0.8933094143867493,False,0.03914386034011841,0.013894825242459774,0.17692364752292633,0.01309552788734436,0.7960859993472695,0.06814061417059308
937,random,prefix,gender_woman,1,0.9465966820716858,1,0.8933094143867493,False,0.05328726768493652,0.014911442995071411,0.17688298225402832,0.012958420440554619,0.7952471543103456,0.07282654824574607
937,random,prefix,region_western_europe,1,0.977022647857666,1,0.8933094143867493,False,0.08371323347091675,0.016818733885884285,0.17796872556209564,0.012992296367883682,0.7922202441841364,0.08094500746641173
937,random,prefix,region_arab_culture,1,0.9525741338729858,1,0.8933094143867493,False,0.05926471948623657,0.022499602288007736,0.17505958676338196,0.013728992082178593,0.7887118188664317,0.10648774658050726
937,random,prefix,placebo,1,0.622459352016449,1,0.8933094143867493,False,-0.2708500623703003,0.01785147190093994,0.17965559661388397,0.013162785209715366,0.7893301462754607,0.08473671759549223
937,random,suffix,gender_man,0,0.5,1,0.8933094143867493,True,-0.39330941438674927,0.03336060047149658,0.15732890367507935,0.013285163789987564,0.7960253320634365,0.16355266469595034
937,random,suffix,gender_woman,0,0.3775406777858734,1,0.8933094143867493,True,-0.5157687366008759,0.035453297197818756,0.15543720126152039,0.013012675568461418,0.7960968259721994,0.17387319921260758
937,random,suffix,region_western_europe,1,0.6513549089431763,1,0.8933094143867493,False,-0.241954505443573,0.03569401055574417,0.15781456232070923,0.012845253571867943,0.7936461735516787,0.17297479368371818
937,random,suffix,region_arab_culture,0,0.5,1,0.8933094143867493,True,-0.39330941438674927,0.04341265559196472,0.15323790907859802,0.01316590141505003,0.7901835339143872,0.20690776277897452
937,random,suffix,placebo,0,0.18242551386356354,1,0.8933094143867493,True,-0.7108839005231857,0.034681208431720734,0.15685215592384338,0.013823198154568672,0.7946434374898672,0.16888288354558662
937,random,reworded,gender_man,1,0.9149009585380554,1,0.8933094143867493,False,0.021591544151306152,0.0181582011282444,0.1765931248664856,0.013292104937136173,0.7919565690681338,0.0872808194275126
937,random,reworded,gender_woman,1,0.8933094143867493,1,0.8933094143867493,False,0.0,0.018774284049868584,0.17619569599628448,0.013014985248446465,0.7920150347054005,0.09026750574627267
937,random,reworded,region_western_europe,1,0.957912266254425,1,0.8933094143867493,False,0.06460285186767578,0.020110396668314934,0.1758321225643158,0.012882795184850693,0.7911746855825186,0.09630248480368829
937,random,reworded,region_arab_culture,1,0.9241418242454529,1,0.8933094143867493,False,0.030832409858703613,0.026699069887399673,0.1707553118467331,0.013494107872247696,0.7890515103936195,0.12656677436856187
937,random,reworded,placebo,1,0.562176525592804,1,0.8933094143867493,False,-0.3311328887939453,0.021288635209202766,0.1768973022699356,0.013508844189345837,0.7883052183315158,0.10056287189233104
937,random,embedded,gender_man,1,0.9241418242454529,1,0.8933094143867493,False,0.030832409858703613,0.005159650929272175,0.16909527778625488,0.012627660296857357,0.8131174109876156,0.027609050990460394
937,random,embedded,gender_woman,1,0.9525741338729858,1,0.8933094143867493,False,0.05926471948623657,0.005904269404709339,0.17000724375247955,0.012593566440045834,0.8114949204027653,0.031321540073745324
937,random,embedded,region_western_europe,1,0.9399133324623108,1,0.8933094143867493,False,0.04660391807556152,0.008655570447444916,0.17009256780147552,0.0126194404438138,0.8086324213072658,0.045230077668185216
937,random,embedded,region_arab_culture,1,0.9626730680465698,1,0.8933094143867493,False,0.06936365365982056,0.011960888281464577,0.16980750858783722,0.012482569552958012,0.8057490335777402,0.06157440810597657
937,random,embedded,placebo,0,0.16451644897460938,1,0.8933094143867493,True,-0.7287929654121399,0.009005062282085419,0.16743546724319458,0.012443364597856998,0.811116105876863,0.04767511980780557
2083,random,prefix,gender_man,1,0.9740425944328308,1,0.9324532747268677,False,0.041589319705963135,0.011118767783045769,0.17281529307365417,0.03529326617717743,0.7807726729661226,0.050717982714479644
2083,random,prefix,gender_woman,1,0.9740425944328308,1,0.9324532747268677,False,0.041589319705963135,0.01220189593732357,0.17286765575408936,0.035480059683322906,0.7794503886252642,0.05532494871002665
2083,random,prefix,region_western_europe,1,0.9953904151916504,1,0.9324532747268677,False,0.06293714046478271,0.013146357610821724,0.17220577597618103,0.03543110191822052,0.7792167644947767,0.059544184053370794
2083,random,prefix,region_arab_culture,1,0.9796676635742188,1,0.9324532747268677,False,0.047214388847351074,0.018302494660019875,0.17176453769207,0.03672157973051071,0.7732113879173994,0.08070288226533072
2083,random,prefix,placebo,1,0.9046505093574524,1,0.9324532747268677,False,-0.027802765369415283,0.01434309408068657,0.17471358180046082,0.034876398742198944,0.7760669253766537,0.06405080671897861
2083,random,suffix,gender_man,1,0.6791787147521973,1,0.9324532747268677,False,-0.2532745599746704,0.033433571457862854,0.15535637736320496,0.03430896997451782,0.7769010812044144,0.14985985426713952
2083,random,suffix,gender_woman,1,0.6513549089431763,1,0.9324532747268677,False,-0.2810983657836914,0.037561800330877304,0.15372131764888763,0.03367858752608299,0.7750382944941521,0.16696975268042177
2083,random,suffix,region_western_europe,1,0.8807970285415649,1,0.9324532747268677,False,-0.051656246185302734,0.0323004424571991,0.15549147129058838,0.03501546010375023,0.7771926261484623,0.14497025793554622
2083,random,suffix,region_arab_culture,1,0.7772998809814453,1,0.9324532747268677,False,-0.15515339374542236,0.039512306451797485,0.1509537398815155,0.03312505781650543,0.7764088958501816,0.17671680902529133
2083,random,suffix,placebo,1,0.6513549089431763,1,0.9324532747268677,False,-0.2810983657836914,0.03220956027507782,0.15603461861610413,0.03654424101114273,0.7752115800976753,0.1432883432744158
2083,random,reworded,gender_man,1,0.9669140577316284,1,0.9324532747268677,False,0.03446078300476074,0.014272702857851982,0.17309308052062988,0.03483185917139053,0.7778023574501276,0.06423426771797755
2083,random,reworded,gender_woman,1,0.957912266254425,1,0.9324532747268677,False,0.025458991527557373,0.015191999264061451,0.17279155552387238,0.0349283367395401,0.7770881084725261,0.06815248464296951
2083,random,reworded,region_western_europe,1,0.9947799444198608,1,0.9324532747268677,False,0.062326669692993164,0.015268326736986637,0.17167027294635773,0.03455852344632149,0.7785028768703341,0.06893239298665048
2083,random,reworded,region_arab_culture,1,0.957912266254425,1,0.9324532747268677,False,0.025458991527557373,0.021058931946754456,0.16983948647975922,0.03580021858215332,0.773301362991333,0.09289395042083709
2083,random,reworded,placebo,1,0.8354835510253906,1,0.9324532747268677,False,-0.09696972370147705,0.016169145703315735,0.17311422526836395,0.033924002200365067,0.7767926268279552,0.07244001608698118
2083,random,embedded,gender_man,1,0.8933094143867493,1,0.9324532747268677,False,-0.03914386034011841,0.005124430172145367,0.16833968460559845,0.03164955973625183,0.7948863254860044,0.024983366829575804
2083,random,embedded,gender_woman,1,0.8807970285415649,1,0.9324532747268677,False,-0.051656246185302734,0.005976777523756027,0.16874824464321136,0.03147595003247261,0.79379902780056,0.028985205355749815
2083,random,embedded,region_western_europe,1,0.9324532747268677,1,0.9324532747268677,False,0.0,0.007365723606199026,0.1715182363986969,0.03223917633295059,0.7888768636621535,0.03488828242117501
2083,random,embedded,region_arab_culture,1,0.8175744414329529,1,0.9324532747268677,False,-0.1148788332939148,0.01035991869866848,0.1694900244474411,0.03140449523925781,0.7887455616146326,0.04904000492415719
2083,random,embedded,placebo,0,0.10669060051441193,1,0.9324532747268677,True,-0.8257626742124557,0.008044123649597168,0.1678028553724289,0.03133549913764,0.7928175218403339,0.03882627392552921
580,random,prefix,gender_man,1,0.8807970285415649,1,0.8175744414329529,False,0.06322258710861206,0.010384595021605492,0.1692165732383728,0.03724261000752449,0.7831562217324972,0.04788975318809862
580,random,prefix,gender_woman,1,0.7310585379600525,1,0.8175744414329529,False,-0.08651590347290039,0.011514605022966862,0.17044031620025635,0.03640449419617653,0.7816405845806003,0.05273234955704075
580,random,prefix,region_western_europe,1,0.9149009585380554,1,0.8175744414329529,False,0.09732651710510254,0.012467860244214535,0.1695384681224823,0.0377289354801178,0.7802647361531854,0.05674037032538541
580,random,prefix,region_arab_culture,1,0.8670357465744019,1,0.8175744414329529,False,0.049461305141448975,0.016926806420087814,0.16820818185806274,0.03809813782572746,0.776766873896122,0.07582569269854328
580,random,prefix,placebo,1,0.7549149990081787,1,0.8175744414329529,False,-0.06265944242477417,0.013032512739300728,0.1701889932155609,0.036356497555971146,0.7804219964891672,0.05935254228986454
580,random,suffix,gender_man,0,0.3775406777858734,1,0.8175744414329529,True,-0.44003376364707947,0.029829896986484528,0.15702618658542633,0.03806054964661598,0.7750833667814732,0.13262646056728977
580,random,suffix,gender_woman,0,0.3208213150501251,1,0.8175744414329529,True,-0.49675312638282776,0.0320148840546608,0.15602871775627136,0.03755813464522362,0.7743982635438442,0.14190885477019669
580,random,suffix,region_western_europe,1,0.531209409236908,1,0.8175744414329529,False,-0.2863650321960449,0.03468897193670273,0.1534799337387085,0.03729657828807831,0.7745345160365105,0.1538549108577526
580,random,suffix,region_arab_culture,0,0.2018132209777832,1,0.8175744414329529,True,-0.6157612204551697,0.04023433104157448,0.14703449606895447,0.0370575413107872,0.7756736315786839,0.1793562269327554
580,random,suffix,placebo,0,0.08509904146194458,1,0.8175744414329529,True,-0.7324753999710083,0.03550192713737488,0.15143968164920807,0.0404437817633152,0.7726146094501019,0.15613108235106346
580,random,reworded,gender_man,1,0.8933094143867493,1,0.8175744414329529,False,0.07573497295379639,0.01324839424341917,0.16910624504089355,0.036247849464416504,0.7813975112512708,0.06060495614323689
580,random,reworded,gender_woman,1,0.7549149990081787,1,0.8175744414329529,False,-0.06265944242477417,0.014310147613286972,0.16986359655857086,0.03543843328952789,0.7803878225386143,0.06516099325049093
580,random,reworded,region_western_europe,1,0.9465966820716858,1,0.8175744414329529,False,0.1290222406387329,0.014466341584920883,0.16901731491088867,0.03669370710849762,0.7798226363956928,0.06570312836935925
580,random,reworded,region_arab_culture,1,0.9241418242454529,1,0.8175744414329529,False,0.1065673828125,0.019781215116381645,0.16746991872787476,0.03651341795921326,0.7762354481965303,0.08840191601820517
580,random,reworded,placebo,1,0.7057850360870361,1,0.8175744414329529,False,-0.11178940534591675,0.015157582238316536,0.1697312891483307,0.03610816225409508,0.7790029663592577,0.06858726557822056
580,random,embedded,gender_man,0,0.5,1,0.8175744414329529,True,-0.3175744414329529,0.004159976728260517,0.16601385176181793,0.036161068826913834,0.7936651026830077,0.020161285281129857
580,random,embedded,gender_woman,0,0.5,1,0.8175744414329529,True,-0.3175744414329529,0.0052072517573833466,0.16664154827594757,0.036110568791627884,0.7920406311750412,0.025039755538815545
580,random,embedded,region_western_europe,0,0.3486451506614685,1,0.8175744414329529,True,-0.4689292907714844,0.007243902422487736,0.16848573088645935,0.035534270107746124,0.7887360965833068,0.034288405663886606
580,random,embedded,region_arab_culture,0,0.2018132209777832,1,0.8175744414329529,True,-0.6157612204551697,0.009383443742990494,0.1641436070203781,0.03547516465187073,0.7909977845847607,0.044896384109363384
580,random,embedded,placebo,0,0.037326883524656296,1,0.8175744414329529,True,-0.7802475579082966,0.007911057211458683,0.16394899785518646,0.03622511029243469,0.7919148346409202,0.03801836232682448
486,random,prefix,gender_man,1,0.8354835510253906,1,0.8933094143867493,False,-0.05782586336135864,0.012494152411818504,0.1709045022726059,0.01504088006913662,0.801560465246439,0.06296201221865794
486,random,prefix,gender_woman,1,0.9324532747268677,1,0.8933094143867493,False,0.03914386034011841,0.013408235274255276,0.17131613194942474,0.014727050438523293,0.8005485823377967,0.06722557017350386
486,random,prefix,region_western_europe,1,0.9149009585380554,1,0.8933094143867493,False,0.021591544151306152,0.014652857556939125,0.17019391059875488,0.015637798234820366,0.7995154336094856,0.07308720975757066
486,random,prefix,region_arab_culture,1,0.9324532747268677,1,0.8933094143867493,False,0.03914386034011841,0.02003016322851181,0.16727027297019958,0.017687449231743813,0.7950121145695448,0.09771388775707578
486,random,prefix,placebo,1,0.9149009585380554,1,0.8933094143867493,False,0.021591544151306152,0.015090031549334526,0.17228277027606964,0.01646501198410988,0.796162186190486,0.07402959866630107
486,random,suffix,gender_man,1,0.531209409236908,1,0.8933094143867493,False,-0.3621000051498413,0.031054329127073288,0.15599936246871948,0.015104895457625389,0.7978414129465818,0.1536137028840013
486,random,suffix,gender_woman,0,0.43782350420951843,1,0.8933094143867493,True,-0.45548591017723083,0.03207532316446304,0.1552368402481079,0.014673106372356415,0.7980147302150726,0.1588003085503049
486,random,suffix,region_western_europe,1,0.6791787147521973,1,0.8933094143867493,False,-0.214130699634552,0.03384753316640854,0.15577754378318787,0.014332756400108337,0.7960421666502953,0.16595358271125477
486,random,suffix,region_arab_culture,1,0.5926666259765625,1,0.8933094143867493,False,-0.30064278841018677,0.041479434818029404,0.14786437153816223,0.014273973181843758,0.7963822204619646,0.20371224414752606
486,random,suffix,placebo,0,0.24508501589298248,1,0.8933094143867493,True,-0.6482243984937668,0.0328349731862545,0.15413041412830353,0.015486303716897964,0.797548308968544,0.16218670745087901
486,random,reworded,gender_man,1,0.8670357465744019,1,0.8933094143867493,False,-0.026273667812347412,0.015999028459191322,0.1702224314212799,0.01497487910091877,0.79880366101861,0.07951948102132803
486,random,reworded,gender_woman,1,0.9046505093574524,1,0.8933094143867493,False,0.011341094970703125,0.016776781529188156,0.16977812349796295,0.014680134132504463,0.7987649608403444,0.08336908720890211
486,random,reworded,region_western_europe,1,0.9046505093574524,1,0.8933094143867493,False,0.011341094970703125,0.017503980547189713,0.16845348477363586,0.01508172508329153,0.7989608095958829,0.08706750416177186
486,random,reworded,region_arab_culture,1,0.9046505093574524,1,0.8933094143867493,False,0.011341094970703125,0.02380436286330223,0.1653117686510086,0.016719166189432144,0.794164702296257,0.11564762277830332
486,random,reworded,placebo,1,0.851952850818634,1,0.8933094143867493,False,-0.041356563568115234,0.018043152987957,0.1702636480331421,0.01677066832780838,0.7949225306510925,0.08798213204620434
486,random,embedded,gender_man,1,0.8354835510253906,1,0.8933094143867493,False,-0.05782586336135864,0.004595975391566753,0.16929127275943756,0.013853805139660835,0.8122589467093349,0.02448039632786738
486,random,embedded,gender_woman,1,0.9399133324623108,1,0.8933094143867493,False,0.04660391807556152,0.005091672297567129,0.16909462213516235,0.01372988149523735,0.8120838240720332,0.027095444404524813
486,random,embedded,region_western_europe,1,0.9241418242454529,1,0.8933094143867493,False,0.030832409858703613,0.007660442031919956,0.16934069991111755,0.013508174568414688,0.8094906834885478,0.04021032762174368
486,random,embedded,region_arab_culture,1,0.9046505093574524,1,0.8933094143867493,False,0.011341094970703125,0.010212312452495098,0.16868065297603607,0.013037378899753094,0.8080696556717157,0.05320843084107434
486,random,embedded,placebo,0,0.16451644897460938,1,0.8933094143867493,True,-0.7287929654121399,0.007516621146351099,0.16707159578800201,0.013268980197608471,0.8121428028680384,0.040012420397558666
236,random,prefix,gender_man,1,0.7772998809814453,1,0.6513549089431763,False,0.12594497203826904,0.012093642726540565,0.17325954139232635,0.02536332607269287,0.7892834898084402,0.05739295281393178
236,random,prefix,gender_woman,1,0.7310585379600525,1,0.6513549089431763,False,0.07970362901687622,0.012975395657122135,0.17473763227462769,0.025226641446352005,0.7870603306218982,0.06093460976537278
236,random,prefix,region_western_europe,1,0.7310585379600525,1,0.6513549089431763,False,0.07970362901687622,0.014524657279253006,0.17327183485031128,0.024588406085968018,0.7876151017844677,0.06838837130742273
236,random,prefix,region_arab_culture,1,0.9525741338729858,1,0.6513549089431763,False,0.30121922492980957,0.020285485312342644,0.1698068082332611,0.026700502261519432,0.7832072041928768,0.09357084600906337
236,random,prefix,placebo,1,0.622459352016449,1,0.6513549089431763,False,-0.028895556926727295,0.0164561215788126,0.17642849683761597,0.026715725660324097,0.7803996559232473,0.07493668394736672
236,random,suffix,gender_man,0,0.14804719388484955,1,0.6513549089431763,True,-0.5033077150583267,0.030571991577744484,0.1578865945339203,0.023800542578101158,0.7877408713102341,0.1440314570518564
236,random,suffix,gender_woman,0,0.14804719388484955,1,0.6513549089431763,True,-0.5033077150583267,0.0329122394323349,0.15656286478042603,0.023536454886198044,0.786988440901041,0.15450917110580292
236,random,suffix,region_western_europe,0,0.5,1,0.6513549089431763,True,-0.15135490894317627,0.032416172325611115,0.1588006615638733,0.02379169873893261,0.784991467371583,0.15076691110502824
236,random,suffix,region_arab_culture,0,0.5,1,0.6513549089431763,True,-0.15135490894317627,0.03954766318202019,0.1517491638660431,0.02309100516140461,0.7856121677905321,0.18446785330326068
236,random,suffix,placebo,0,0.06754669547080994,1,0.6513549089431763,True,-0.5838082134723663,0.0350758358836174,0.156504824757576,0.02458653226494789,0.7838328070938587,0.16226253120124084
236,random,reworded,gender_man,1,0.7057850360870361,1,0.6513549089431763,False,0.05443012714385986,0.015531366690993309,0.1736288070678711,0.02502460591495037,0.7858152203261852,0.07251386730021742
236,random,reworded,gender_woman,1,0.7057850360870361,1,0.6513549089431763,False,0.05443012714385986,0.016236241906881332,0.17361688613891602,0.025004560127854347,0.7851423118263483,0.07556742346477693
236,random,reworded,region_western_europe,1,0.622459352016449,1,0.6513549089431763,False,-0.028895556926727295,0.017014192417263985,0.17222152650356293,0.02394317463040352,0.7868211064487696,0.0798118056334465
236,random,reworded,region_arab_culture,1,0.8933094143867493,1,0.6513549089431763,False,0.241954505443573,0.023735709488391876,0.16874070465564728,0.02612953446805477,0.7813940513879061,0.1085776011086953
236,random,reworded,placebo,1,0.5926666259765625,1,0.6513549089431763,False,-0.05868828296661377,0.018662331625819206,0.175580695271492,0.026409288868308067,0.7793476842343807,0.08457800028549285
236,random,embedded,gender_man,0,0.2018132209777832,1,0.6513549089431763,True,-0.44954168796539307,0.004702634643763304,0.16649320721626282,0.022880619391798973,0.8059235387481749,0.024230834658827437
236,random,embedded,gender_woman,0,0.18242551386356354,1,0.6513549089431763,True,-0.46892939507961273,0.005622414872050285,0.16750621795654297,0.022904859855771065,0.8039665073156357,0.02868088914328021
236,random,embedded,region_western_europe,1,0.5926666259765625,1,0.6513549089431763,False,-0.05868828296661377,0.007879441604018211,0.16698725521564484,0.022400671616196632,0.8027326315641403,0.039942954916946466
236,random,embedded,region_arab_culture,1,0.7310585379600525,1,0.6513549089431763,False,0.07970362901687622,0.009946434758603573,0.16427567601203918,0.022750765085220337,0.8030271241441369,0.05049646919854071
236,random,embedded,placebo,0,0.000552778597921133,1,0.6513549089431763,True,-0.6508021303452551,0.008672785945236683,0.16195490956306458,0.021509593352675438,0.8078627111390233,0.04513848403217547
2287,social-group,prefix,gender_man,1,0.9149009585380554,1,0.6791787147521973,False,0.23572224378585815,0.014568758197128773,0.17281165719032288,0.021497078239917755,0.7911225063726306,0.0697478600692086
2287,social-group,prefix,gender_woman,1,0.8354835510253906,1,0.6791787147521973,False,0.15630483627319336,0.01575026661157608,0.17344410717487335,0.021618595346808434,0.7891870308667421,0.07471203824096853
2287,social-group,prefix,region_western_europe,1,0.9241418242454529,1,0.6791787147521973,False,0.24496310949325562,0.017759941518306732,0.17420078814029694,0.021764572709798813,0.7862746976315975,0.0830970471043881
2287,social-group,prefix,region_arab_culture,1,0.957912266254425,1,0.6791787147521973,False,0.2787335515022278,0.02381771244108677,0.17347979545593262,0.02379596419632435,0.7789065279066563,0.107726891325996
2287,social-group,prefix,placebo,1,0.6513549089431763,1,0.6791787147521973,False,-0.027823805809020996,0.021836979314684868,0.17396092414855957,0.02513662725687027,0.7790654692798853,0.09883914136694408
2287,social-group,suffix,gender_man,0,0.4073334336280823,1,0.6791787147521973,True,-0.271845281124115,0.032419800758361816,0.15903300046920776,0.020204436033964157,0.7883427627384663,0.15317123656065854
2287,social-group,suffix,gender_woman,0,0.29421496391296387,1,0.6791787147521973,True,-0.3849637508392334,0.037395376712083817,0.15462282299995422,0.020295890048146248,0.7876859102398157,0.17613233655064117
2287,social-group,suffix,region_western_europe,0,0.5,1,0.6791787147521973,True,-0.17917871475219727,0.03373526409268379,0.15972013771533966,0.01976824551820755,0.786776352673769,0.15821539738070903
2287,social-group,suffix,region_arab_culture,0,0.4073334336280823,1,0.6791787147521973,True,-0.271845281124115,0.043395306915044785,0.15214316546916962,0.01944774016737938,0.7850137874484062,0.20185158108513818
2287,social-group,suffix,placebo,0,0.11920291930437088,1,0.6791787147521973,True,-0.5599757954478264,0.0365239679813385,0.15425385534763336,0.020365223288536072,0.7888569533824921,0.17298210178572815
2287,social-group,reworded,gender_man,1,0.8175744414329529,1,0.6791787147521973,False,0.13839572668075562,0.018705375492572784,0.17320376634597778,0.02152336575090885,0.7865674924105406,0.08764070526947493
2287,social-group,reworded,gender_woman,1,0.7310585379600525,1,0.6791787147521973,False,0.051879823207855225,0.01947295479476452,0.17337484657764435,0.02164139226078987,0.7855108063668013,0.09078757985386209
2287,social-group,reworded,region_western_europe,1,0.8807970285415649,1,0.6791787147521973,False,0.20161831378936768,0.021015312522649765,0.172953262925148,0.021318722516298294,0.7847127020359039,0.09761519941670936
2287,social-group,reworded,region_arab_culture,1,0.9465966820716858,1,0.6791787147521973,False,0.2674179673194885,0.02821732871234417,0.17126412689685822,0.02339523285627365,0.777123311534524,0.1266051147234049
2287,social-group,reworded,placebo,1,0.562176525592804,1,0.6791787147521973,False,-0.11700218915939331,0.025311242789030075,0.17278869450092316,0.024706488475203514,0.7771935742348433,0.11360194259257463
2287,social-group,embedded,gender_man,1,0.531209409236908,1,0.6791787147521973,False,-0.1479693055152893,0.0043785227462649345,0.1697741448879242,0.01807715930044651,0.8077701730653644,0.022777540905521254
2287,social-group,embedded,gender_woman,1,0.5926666259765625,1,0.6791787147521973,False,-0.08651208877563477,0.005109755322337151,0.1706928163766861,0.017984841018915176,0.8062125872820616,0.026367839121597153
2287,social-group,embedded,region_western_europe,1,0.6791787147521973,1,0.6791787147521973,False,0.0,0.008105073124170303,0.17077603936195374,0.018041672185063362,0.8030772153288126,0.041158635541863685
2287,social-group,embedded,region_arab_culture,1,0.851952850818634,1,0.6791787147521973,False,0.17277413606643677,0.011208743788301945,0.16970393061637878,0.017275996506214142,0.8018113290891051,0.056555925910322935
2287,social-group,embedded,placebo,0,0.02931223064661026,1,0.6791787147521973,True,-0.649866484105587,0.008553358726203442,0.1662110835313797,0.01737840846180916,0.8078571492806077,0.044515623111550835
3237,moral,prefix,gender_man,1,0.7981867790222168,1,0.5926666259765625,False,0.2055201530456543,0.014978325925767422,0.17148497700691223,0.0160941481590271,0.7974425489082932,0.07394606243828605
3237,moral,prefix,gender_woman,1,0.9149009585380554,1,0.5926666259765625,False,0.3222343325614929,0.015996314585208893,0.17159105837345123,0.01568811945617199,0.7967245075851679,0.07869278482702971
3237,moral,prefix,region_western_europe,1,0.8175744414329529,1,0.5926666259765625,False,0.22490781545639038,0.019073650240898132,0.17071720957756042,0.01701403595507145,0.79319510422647,0.09223016780891637
3237,moral,prefix,region_arab_culture,1,0.9324532747268677,1,0.5926666259765625,False,0.3397866487503052,0.026735680177807808,0.16364827752113342,0.019035274162888527,0.7905807681381702,0.12766583059309197
3237,moral,prefix,placebo,1,0.622459352016449,1,0.5926666259765625,False,0.029792726039886475,0.01999473199248314,0.17484408617019653,0.01741691492497921,0.7877442669123411,0.09420113983081707
3237,moral,suffix,gender_man,0,0.3486451506614685,1,0.5926666259765625,True,-0.244021475315094,0.03356059640645981,0.15706664323806763,0.0157291442155838,0.7936436161398888,0.16263415639813936
3237,moral,suffix,gender_woman,0,0.4073334336280823,1,0.5926666259765625,True,-0.18533319234848022,0.034624554216861725,0.15726202726364136,0.015523675829172134,0.7925897426903248,0.16693752115241492
3237,moral,suffix,region_western_europe,0,0.43782350420951843,1,0.5926666259765625,True,-0.15484312176704407,0.03535644710063934,0.1571291983127594,0.015352473594248295,0.792161880992353,0.1701153150800911
3237,moral,suffix,region_arab_culture,0,0.13296423852443695,1,0.5926666259765625,True,-0.45970238745212555,0.04704443737864494,0.14701808989048004,0.01630227454006672,0.7896351981908083,0.22363264659320672
3237,moral,suffix,placebo,0,0.08509904146194458,1,0.5926666259765625,True,-0.5075675845146179,0.03670157864689827,0.15461081266403198,0.016975348815321922,0.7917122598737478,0.17620613975960303
3237,moral,reworded,gender_man,1,0.7772998809814453,1,0.5926666259765625,False,0.1846332550048828,0.019090846180915833,0.1702084243297577,0.01628117263317108,0.7944195568561554,0.09286314344384387
3237,moral,reworded,gender_woman,1,0.9046505093574524,1,0.5926666259765625,False,0.3119838833808899,0.01995820738375187,0.16967865824699402,0.015482534654438496,0.7948805997148156,0.09730043748179501
3237,moral,reworded,region_western_europe,1,0.851952850818634,1,0.5926666259765625,False,0.25928622484207153,0.022104449570178986,0.16785365343093872,0.01677030511200428,0.793271591886878,0.1069250702984343
3237,moral,reworded,region_arab_culture,1,0.9241418242454529,1,0.5926666259765625,False,0.3314751982688904,0.02953142113983631,0.16487115621566772,0.018519818782806396,0.7870776038616896,0.13869570169900422
3237,moral,reworded,placebo,1,0.531209409236908,1,0.5926666259765625,False,-0.06145721673965454,0.023049693554639816,0.1728411763906479,0.017878707498311996,0.7862304225564003,0.10782494791954751
3237,moral,embedded,gender_man,0,0.5,1,0.5926666259765625,True,-0.0926666259765625,0.004804031457751989,0.16716110706329346,0.014619272202253342,0.8134155892767012,0.02574722850172236
3237,moral,embedded,gender_woman,1,0.8670357465744019,1,0.5926666259765625,False,0.27436912059783936,0.005196457263082266,0.16809627413749695,0.014648484997451305,0.8120587836019695,0.02764937549450021
3237,moral,embedded,region_western_europe,1,0.8354835510253906,1,0.5926666259765625,False,0.24281692504882812,0.009177165105938911,0.16739922761917114,0.014910392463207245,0.8085132148116827,0.04792584040153813
3237,moral,embedded,region_arab_culture,1,0.8175744414329529,1,0.5926666259765625,False,0.22490781545639038,0.012853186577558517,0.1651986539363861,0.014366375282406807,0.8075817842036486,0.06679817981038692
3237,moral,embedded,placebo,0,0.13296423852443695,1,0.5926666259765625,True,-0.45970238745212555,0.009182863868772984,0.16649892926216125,0.014465882442891598,0.8098523244261742,0.04829332696842612
441,random,prefix,gender_man,1,0.9947799444198608,1,0.9669140577316284,False,0.027865886688232422,0.010909933596849442,0.17122064530849457,0.023517431691288948,0.794351989403367,0.05305149106571551
441,random,prefix,gender_woman,1,0.9924227595329285,1,0.9669140577316284,False,0.02550870180130005,0.012255431152880192,0.1705373078584671,0.02326422929763794,0.7939430316910148,0.0594759364531803
441,random,prefix,region_western_europe,1,0.9890130758285522,1,0.9669140577316284,False,0.022099018096923828,0.013958071358501911,0.16972514986991882,0.02447141893208027,0.791845359839499,0.06705625849963909
441,random,prefix,region_arab_culture,1,0.9324532747268677,1,0.9669140577316284,False,-0.03446078300476074,0.018504543229937553,0.1668659895658493,0.02516213059425354,0.7894673366099596,0.08789393024328662
441,random,prefix,placebo,1,0.7772998809814453,1,0.9669140577316284,False,-0.1896141767501831,0.015761975198984146,0.17176896333694458,0.02725394442677498,0.7852151170372963,0.07338493743864243
441,random,suffix,gender_man,1,0.9046505093574524,1,0.9669140577316284,False,-0.062263548374176025,0.029745379462838173,0.15812136232852936,0.02311372384428978,0.7890195343643427,0.14098641489494834
441,random,suffix,gender_woman,1,0.851952850818634,1,0.9669140577316284,False,-0.11496120691299438,0.03278209641575813,0.1573825180530548,0.02252950146794319,0.7873058840632439,0.15412789522351328
441,random,suffix,region_western_europe,1,0.8670357465744019,1,0.9669140577316284,False,-0.09987831115722656,0.034263644367456436,0.15578773617744446,0.02242603898048401,0.7875225804746151,0.16125781480211793
441,random,suffix,region_arab_culture,1,0.7772998809814453,1,0.9669140577316284,False,-0.1896141767501831,0.041408177465200424,0.14948177337646484,0.022721361368894577,0.7863886877894402,0.19384824257052347
441,random,suffix,placebo,1,0.7772998809814453,1,0.9669140577316284,False,-0.1896141767501831,0.03407980129122734,0.15517036616802216,0.024527933448553085,0.7862218990921974,0.15941670894496882
441,random,reworded,gender_man,1,0.9968273043632507,1,0.9669140577316284,False,0.029913246631622314,0.014294751919806004,0.17035600543022156,0.023110536858439445,0.792238705791533,0.06880372965651001
441,random,reworded,gender_woman,1,0.9902915358543396,1,0.9669140577316284,False,0.02337747812271118,0.015499476343393326,0.17011381685733795,0.02289559319615364,0.7914911136031151,0.07433484783900743
441,random,reworded,region_western_europe,1,0.9875683188438416,1,0.9669140577316284,False,0.020654261112213135,0.016652338206768036,0.16911429166793823,0.023534659296274185,0.7906987108290195,0.07956156540041454
441,random,reworded,region_arab_culture,1,0.9046505093574524,1,0.9669140577316284,False,-0.062263548374176025,0.02204563468694687,0.1644076406955719,0.024401389062404633,0.7891453355550766,0.10455369695037185
441,random,reworded,placebo,1,0.7310585379600525,1,0.9669140577316284,False,-0.23585551977157593,0.01829392835497856,0.17065681517124176,0.026225700974464417,0.7848235554993153,0.08501826674118294
441,random,embedded,gender_man,1,0.8807970285415649,1,0.9669140577316284,False,-0.08611702919006348,0.004131893627345562,0.16969746351242065,0.022370466962456703,0.8038001758977771,0.021059619427552526
441,random,embedded,gender_woman,1,0.9324532747268677,1,0.9669140577316284,False,-0.03446078300476074,0.005636004731059074,0.17066293954849243,0.022066138684749603,0.8016349170356989,0.028412282276883184
441,random,embedded,region_western_europe,1,0.9859364032745361,1,0.9669140577316284,False,0.019022345542907715,0.00805048830807209,0.17049893736839294,0.021835271269083023,0.7996153030544519,0.04017516522361838
441,random,embedded,region_arab_culture,1,0.9626730680465698,1,0.9669140577316284,False,-0.004240989685058594,0.011199034750461578,0.1681431531906128,0.02152428589761257,0.7991335261613131,0.055753628449988955
441,random,embedded,placebo,0,0.18242551386356354,1,0.9669140577316284,True,-0.7844885438680649,0.00895383395254612,0.16911029815673828,0.021597063168883324,0.8003388047218323,0.04484513848608213
1057,random,prefix,gender_man,1,0.9859364032745361,1,0.970687747001648,False,0.015248656272888184,0.013697220012545586,0.1723131686449051,0.025177791714668274,0.788811819627881,0.0648578911396023
1057,random,prefix,gender_woman,1,0.9669140577316284,1,0.970687747001648,False,-0.0037736892700195312,0.014804515987634659,0.17329946160316467,0.025081824511289597,0.7868141978979111,0.06944419300749295
1057,random,prefix,region_western_europe,1,0.9875683188438416,1,0.970687747001648,False,0.016880571842193604,0.016525477170944214,0.17262768745422363,0.02624528855085373,0.7846015468239784,0.0767205006687757
1057,random,prefix,region_arab_culture,1,0.9149009585380554,1,0.970687747001648,False,-0.05578678846359253,0.02404375746846199,0.16520923376083374,0.02981099858880043,0.7809360101819038,0.1097567769510049
1057,random,prefix,placebo,1,0.7981867790222168,1,0.970687747001648,False,-0.17250096797943115,0.018419437110424042,0.175998255610466,0.027948420494794846,0.7776338867843151,0.08283383130665253
1057,random,suffix,gender_man,1,0.7772998809814453,1,0.970687747001648,False,-0.19338786602020264,0.03167951852083206,0.15729624032974243,0.024735888466238976,0.7862883526831865,0.14823487123221346
1057,random,suffix,gender_woman,1,0.6513549089431763,1,0.970687747001648,False,-0.3193328380584717,0.03632407635450363,0.15434403717517853,0.02429615519940853,0.7850357312709093,0.16897727501067233
1057,random,suffix,region_western_europe,1,0.8175744414329529,1,0.970687747001648,False,-0.15311330556869507,0.03493616729974747,0.1563081443309784,0.023679811507463455,0.7850758768618107,0.16255116824315077
1057,random,suffix,region_arab_culture,0,0.3208213150501251,1,0.970687747001648,True,-0.6498664319515228,0.04210973531007767,0.14870181679725647,0.024046069011092186,0.7851423788815737,0.19598902329309234
1057,random,suffix,placebo,1,0.562176525592804,1,0.970687747001648,False,-0.408511221408844,0.033279165625572205,0.15417572855949402,0.02631356567144394,0.7862315401434898,0.15567855823029503
1057,random,reworded,gender_man,1,0.9740425944328308,1,0.970687747001648,False,0.0033548474311828613,0.01762227714061737,0.17228154838085175,0.025259066373109818,0.7848371081054211,0.08190202774022748
1057,random,reworded,gender_woman,1,0.9525741338729858,1,0.970687747001648,False,-0.01811361312866211,0.018459033221006393,0.17314861714839935,0.024915337562561035,0.7834770120680332,0.08525207137270047
1057,random,reworded,region_western_europe,1,0.977022647857666,1,0.970687747001648,False,0.006334900856018066,0.019384700804948807,0.17157207429409027,0.02576974779367447,0.7832734771072865,0.08944314035133044
1057,random,reworded,region_arab_culture,1,0.8670357465744019,1,0.970687747001648,False,-0.1036520004272461,0.028278715908527374,0.16170644760131836,0.028689663857221603,0.7813251726329327,0.1293185697184009
1057,random,reworded,placebo,1,0.6791787147521973,1,0.970687747001648,False,-0.2915090322494507,0.02160974219441414,0.1751221865415573,0.026873400434851646,0.7763946708291769,0.09664233976241861
1057,random,embedded,gender_man,1,0.8807970285415649,1,0.970687747001648,False,-0.08989071846008301,0.0043566590175032616,0.1673101931810379,0.022174062207341194,0.8061590855941176,0.022475435750271375
1057,random,embedded,gender_woman,1,0.8933094143867493,1,0.970687747001648,False,-0.07737833261489868,0.005477972328662872,0.16770410537719727,0.021940937265753746,0.8048769850283861,0.028074455130061397
1057,random,embedded,region_western_europe,1,0.9399133324623108,1,0.970687747001648,False,-0.030774414539337158,0.00807427242398262,0.16731369495391846,0.021735306829214096,0.8028767257928848,0.040960523086173345
1057,random,embedded,region_arab_culture,1,0.8354835510253906,1,0.970687747001648,False,-0.13520419597625732,0.011000536382198334,0.1669214516878128,0.021081510931253433,0.8009965009987354,0.05527810534692373
1057,random,embedded,placebo,0,0.24508501589298248,1,0.970687747001648,True,-0.7256027311086655,0.008096855133771896,0.16529014706611633,0.021365942433476448,0.8052470553666353,0.04157500749996239
1050,random,prefix,gender_man,1,0.9840936064720154,1,0.851952850818634,False,0.13214075565338135,0.01231592707335949,0.1692817509174347,0.024452565237879753,0.7939497567713261,0.05977147554099856
1050,random,prefix,gender_woman,1,0.9399133324623108,1,0.851952850818634,False,0.08796048164367676,0.01325138844549656,0.1708587408065796,0.024421075358986855,0.791468795388937,0.06354630938910112
1050,random,prefix,region_western_europe,1,0.9626730680465698,1,0.851952850818634,False,0.11072021722793579,0.015001253224909306,0.1698242723941803,0.02506563812494278,0.7901088362559676,0.07147158059118541
1050,random,prefix,region_arab_culture,1,0.9399133324623108,1,0.851952850818634,False,0.08796048164367676,0.01965916156768799,0.17019382119178772,0.02620936930179596,0.7839376479387283,0.0909883715517129
1050,random,prefix,placebo,1,0.7310585379600525,1,0.851952850818634,False,-0.12089431285858154,0.016266746446490288,0.17409957945346832,0.027266768738627434,0.782366905361414,0.07474390084607203
1050,random,suffix,gender_man,0,0.3486451506614685,1,0.851952850818634,True,-0.5033077001571655,0.029724454507231712,0.1568765491247177,0.025543831288814545,0.787855165079236,0.14011396750872482
1050,random,suffix,gender_woman,0,0.2689414322376251,1,0.851952850818634,True,-0.5830114185810089,0.03102000057697296,0.1566714495420456,0.025200549513101578,0.7871080003678799,0.1457076857306798
1050,random,suffix,region_western_europe,1,0.6513549089431763,1,0.851952850818634,False,-0.20059794187545776,0.03234484791755676,0.15616798400878906,0.024669449776411057,0.7868177182972431,0.15172390340889422
1050,random,suffix,region_arab_culture,1,0.7310585379600525,1,0.851952850818634,False,-0.12089431285858154,0.039011843502521515,0.14909619092941284,0.02419845387339592,0.7876935116946697,0.18375247885225401
1050,random,suffix,placebo,0,0.07585817575454712,1,0.851952850818634,True,-0.7760946750640869,0.03461913764476776,0.1536339670419693,0.02795124612748623,0.7837956491857767,0.16012229871597153
1050,random,reworded,gender_man,1,0.977022647857666,1,0.851952850818634,False,0.12506979703903198,0.015879128128290176,0.16984686255455017,0.02428179234266281,0.7899922169744968,0.07561209351160966
1050,random,reworded,gender_woman,1,0.9149009585380554,1,0.851952850818634,False,0.06294810771942139,0.01659836620092392,0.1702830046415329,0.024311192333698273,0.7888074368238449,0.07859351651070816
1050,random,reworded,region_western_europe,1,0.8933094143867493,1,0.851952850818634,False,0.041356563568115234,0.017523638904094696,0.1694525182247162,0.024776078760623932,0.7882477641105652,0.08275539018744794
1050,random,reworded,region_arab_culture,1,0.851952850818634,1,0.851952850818634,False,0.0,0.023145556449890137,0.16738027334213257,0.025460856035351753,0.7840133141726255,0.10716195936442595
1050,random,reworded,placebo,1,0.6513549089431763,1,0.851952850818634,False,-0.20059794187545776,0.018422944471240044,0.17318984866142273,0.02611478418111801,0.7822724226862192,0.08461465790660772
1050,random,embedded,gender_man,1,0.7981867790222168,1,0.851952850818634,False,-0.053766071796417236,0.00491715595126152,0.16616973280906677,0.023767828941345215,0.8051452822983265,0.025234985374025097
1050,random,embedded,gender_woman,1,0.9525741338729858,1,0.851952850818634,False,0.1006212830543518,0.0050827572122216225,0.16594257950782776,0.024016473442316055,0.8049581898376346,0.02605983408373008
1050,random,embedded,region_western_europe,1,0.9399133324623108,1,0.851952850818634,False,0.08796048164367676,0.007597746793180704,0.16741138696670532,0.023377548903226852,0.8016133173368871,0.03829766540369393
1050,random,embedded,region_arab_culture,1,0.9399133324623108,1,0.851952850818634,False,0.08796048164367676,0.010767418891191483,0.1639951765537262,0.022809401154518127,0.8024280034005642,0.05449870971857269
1050,random,embedded,placebo,0,0.002182716503739357,1,0.851952850818634,True,-0.8497701343148947,0.007801493629813194,0.1655554473400116,0.023066183552145958,0.8035768754780293,0.039717796205510233
398,random,prefix,gender_man,0,0.43782350420951843,0,0.2018132209777832,False,0.23601028323173523,0.014950020238757133,0.17505940794944763,0.02064582146704197,0.7893447503447533,0.07096913209247799
398,random,prefix,gender_woman,1,0.531209409236908,0,0.2018132209777832,True,0.32939618825912476,0.015841063112020493,0.17585152387619019,0.021190285682678223,0.7871171273291111,0.07441210705809266
398,random,prefix,region_western_europe,0,0.4073334336280823,0,0.2018132209777832,False,0.20552021265029907,0.01850385032594204,0.17465850710868835,0.02183663472533226,0.7850010078400373,0.08606482356054433
398,random,prefix,region_arab_culture,0,0.43782350420951843,0,0.2018132209777832,False,0.23601028323173523,0.026918619871139526,0.1652439832687378,0.025732755661010742,0.7821046411991119,0.1235392071647458
398,random,prefix,placebo,0,0.22270014882087708,0,0.2018132209777832,False,0.020886927843093872,0.019524235278367996,0.17717042565345764,0.024639565497636795,0.7786657735705376,0.08821155043813445
398,random,suffix,gender_man,0,0.042087726294994354,0,0.2018132209777832,False,-0.15972549468278885,0.03158142417669296,0.16060076653957367,0.019211355596780777,0.7886064536869526,0.14939634973493857
398,random,suffix,gender_woman,0,0.037326883524656296,0,0.2018132209777832,False,-0.1644863374531269,0.03414507210254669,0.15873783826828003,0.019148841500282288,0.787968248128891,0.16103754178903817
398,random,suffix,region_western_europe,0,0.13296423852443695,0,0.2018132209777832,False,-0.06884898245334625,0.03417196124792099,0.15855391323566437,0.018602384254336357,0.7886717412620783,0.16170086032033829
398,random,suffix,region_arab_culture,0,0.005911068990826607,0,0.2018132209777832,False,-0.1959021519869566,0.04534507542848587,0.14777973294258118,0.018727995455265045,0.7881471961736679,0.21404047815037572
398,random,suffix,placebo,0,0.009708477184176445,0,0.2018132209777832,False,-0.19210474379360676,0.03612895682454109,0.1532648652791977,0.020764032378792763,0.7898421455174685,0.17191342628378495
398,random,reworded,gender_man,0,0.3775406777858734,0,0.2018132209777832,False,0.1757274568080902,0.019327696412801743,0.17501474916934967,0.021115809679031372,0.7845417447388172,0.08970506323543892
398,random,reworded,gender_woman,0,0.4073334336280823,0,0.2018132209777832,False,0.20552021265029907,0.019883476197719574,0.17510131001472473,0.021195068955421448,0.7838201448321342,0.09197654509611852
398,random,reworded,region_western_europe,0,0.3208213150501251,0,0.2018132209777832,False,0.11900809407234192,0.021915465593338013,0.1727634072303772,0.02101784385740757,0.7843032833188772,0.10160314876622319
398,random,reworded,region_arab_culture,0,0.3208213150501251,0,0.2018132209777832,False,0.11900809407234192,0.03169793635606766,0.16205626726150513,0.02378218062222004,0.7824636157602072,0.14571326294146114
398,random,reworded,placebo,0,0.2018132209777832,0,0.2018132209777832,False,0.0,0.02268930897116661,0.1770544946193695,0.023838110268115997,0.7764180861413479,0.10148096766677975
398,random,embedded,gender_man,0,0.24508501589298248,0,0.2018132209777832,False,0.04327179491519928,0.005234242882579565,0.17063364386558533,0.017000069841742516,0.8071320434100926,0.027138996934099668
398,random,embedded,gender_woman,0,0.5,0,0.2018132209777832,False,0.2981867790222168,0.0060895998030900955,0.1708415448665619,0.016867857426404953,0.8062009979039431,0.03142224540491582
398,random,embedded,region_western_europe,0,0.5,0,0.2018132209777832,False,0.2981867790222168,0.008386541157960892,0.1691340208053589,0.01710531674325466,0.8053741212934256,0.04309057569165695
398,random,embedded,region_arab_culture,0,0.24508501589298248,0,0.2018132209777832,False,0.04327179491519928,0.013144034892320633,0.16529741883277893,0.016215190291404724,0.8053433559834957,0.06752420375235789
398,random,embedded,placebo,0,0.004609572701156139,0,0.2018132209777832,False,-0.19720364827662706,0.00937238335609436,0.1673087179660797,0.01661810278892517,0.8067007958889008,0.048486404272557466
842,random,prefix,gender_man,0,0.2689414322376251,0,0.03308597952127457,False,0.23585545271635056,0.013961379416286945,0.17703761160373688,0.01752273365855217,0.791478275321424,0.06695407606956826
842,random,prefix,gender_woman,0,0.5,0,0.03308597952127457,False,0.46691402047872543,0.015321535989642143,0.17819248139858246,0.01730535738170147,0.7891806252300739,0.07267612858810071
842,random,prefix,region_western_europe,0,0.5,0,0.03308597952127457,False,0.46691402047872543,0.01713879033923149,0.1772577464580536,0.01750599965453148,0.7880974635481834,0.0808805341654256
842,random,prefix,region_arab_culture,1,0.8175744414329529,0,0.03308597952127457,True,0.7844884619116783,0.025303829461336136,0.17111212015151978,0.019858624786138535,0.7837254256010056,0.11699863255610589
842,random,prefix,placebo,0,0.06754669547080994,0,0.03308597952127457,False,0.03446071594953537,0.018935687839984894,0.18190133571624756,0.019530650228261948,0.7796323262155056,0.08592770216607538
842,random,suffix,gender_man,0,0.009708477184176445,0,0.03308597952127457,False,-0.02337750233709812,0.0319177508354187,0.1624983698129654,0.01745213195681572,0.7881317473948002,0.15064904931695913
842,random,suffix,gender_woman,0,0.008577484637498856,0,0.03308597952127457,False,-0.02450849488377571,0.03622838109731674,0.15970906615257263,0.017572131007909775,0.7864904217422009,0.16968035529335032
842,random,suffix,region_western_europe,0,0.0534033328294754,0,0.03308597952127457,False,0.020317353308200836,0.03673176467418671,0.15884454548358917,0.01657864823937416,0.78784504160285,0.1731364892515288
842,random,suffix,region_arab_culture,0,0.0534033328294754,0,0.03308597952127457,False,0.020317353308200836,0.04392032325267792,0.1524716317653656,0.0164963211864233,0.7871117237955332,0.20630691382222946
842,random,suffix,placebo,0,0.001700722612440586,0,0.03308597952127457,False,-0.03138525690883398,0.035136520862579346,0.15805082023143768,0.017804685980081558,0.7890079729259014,0.16653008812621958
842,random,reworded,gender_man,0,0.11920291930437088,0,0.03308597952127457,False,0.08611693978309631,0.01795078068971634,0.1770745813846588,0.017667412757873535,0.7873072251677513,0.08439769852960056
842,random,reworded,gender_woman,0,0.22270014882087708,0,0.03308597952127457,False,0.1896141692996025,0.019300159066915512,0.17684371769428253,0.017640143632888794,0.7862159796059132,0.09027877308761355
842,random,reworded,region_western_europe,0,0.2689414322376251,0,0.03308597952127457,False,0.23585545271635056,0.02019607275724411,0.17634959518909454,0.017229806631803513,0.7862245254218578,0.09447329164909309
842,random,reworded,region_arab_culture,1,0.6513549089431763,0,0.03308597952127457,True,0.6182689294219017,0.029752936214208603,0.1679556965827942,0.019517598673701286,0.7827737685292959,0.13696751084235972
842,random,reworded,placebo,0,0.02595735713839531,0,0.03308597952127457,False,-0.007128622382879257,0.023595593869686127,0.1789681613445282,0.020329222083091736,0.7771070227026939,0.1058606428780083
842,random,embedded,gender_man,0,0.042087726294994354,0,0.03308597952127457,False,0.009001746773719788,0.004738259594887495,0.1722196340560913,0.01580161415040493,0.8072404921986163,0.024581197830042815
842,random,embedded,gender_woman,0,0.22270014882087708,0,0.03308597952127457,False,0.1896141692996025,0.006144476588815451,0.17361916601657867,0.015423616394400597,0.8048127410002053,0.031479906118369705
842,random,embedded,region_western_europe,0,0.2018132209777832,0,0.03308597952127457,False,0.16872724145650864,0.00836855173110962,0.17167487740516663,0.015282731503248215,0.8046738393604755,0.04284398824873146
842,random,embedded,region_arab_culture,0,0.16451644897460938,0,0.03308597952127457,False,0.1314304694533348,0.011250320822000504,0.16943460702896118,0.014808012172579765,0.8045070599764585,0.05754847628075842
842,random,embedded,placebo,0,0.0015011822106316686,0,0.03308597952127457,False,-0.0315847973106429,0.008558191359043121,0.1682489514350891,0.014912660233676434,0.8082801969721913,0.044639057749301825
3371,social-group,prefix,gender_man,1,0.8354835510253906,1,0.957912266254425,False,-0.12242871522903442,0.012381813488900661,0.16846704483032227,0.039244696497917175,0.7799064451828599,0.05625704714155678
3371,social-group,prefix,gender_woman,1,0.9241418242454529,1,0.957912266254425,False,-0.03377044200897217,0.013417396694421768,0.16819345951080322,0.037127695977687836,0.7812614478170872,0.061339880695570836
3371,social-group,prefix,region_western_europe,1,0.8933094143867493,1,0.957912266254425,False,-0.06460285186767578,0.016093868762254715,0.16710440814495087,0.03764362260699272,0.7791581004858017,0.07287506943952912
3371,social-group,prefix,region_arab_culture,1,0.7772998809814453,1,0.957912266254425,False,-0.18061238527297974,0.024243779480457306,0.15878868103027344,0.04350864887237549,0.7734588906168938,0.10701713056175767
3371,social-group,prefix,placebo,1,0.8807970285415649,1,0.957912266254425,False,-0.07711523771286011,0.017493896186351776,0.16424939036369324,0.03956453502178192,0.7786921784281731,0.07904779895307051
3371,social-group,suffix,gender_man,0,0.29421496391296387,1,0.957912266254425,True,-0.6636973023414612,0.028511015698313713,0.15630903840065002,0.03373958170413971,0.7814403641968966,0.13044959373925197
3371,social-group,suffix,gender_woman,0,0.3208213150501251,1,0.957912266254425,True,-0.6370909512042999,0.02939467318356037,0.1564044952392578,0.03382154554128647,0.7803792860358953,0.13384289966548743
3371,social-group,suffix,region_western_europe,0,0.3208213150501251,1,0.957912266254425,True,-0.6370909512042999,0.03241058811545372,0.15733957290649414,0.03480514883995056,0.7754446901381016,0.14433231677035935
3371,social-group,suffix,region_arab_culture,1,0.562176525592804,1,0.957912266254425,False,-0.3957357406616211,0.04133763164281845,0.1487971693277359,0.03267255797982216,0.7771926410496235,0.18553081836056023
3371,social-group,suffix,placebo,0,0.4073334336280823,1,0.957912266254425,True,-0.5505788326263428,0.03602084890007973,0.15333859622478485,0.035030871629714966,0.7756096832454205,0.16052764406708556
3371,social-group,reworded,gender_man,1,0.8354835510253906,1,0.957912266254425,False,-0.12242871522903442,0.01605057343840599,0.1672898381948471,0.03879660367965698,0.7778629846870899,0.07225528539580216
3371,social-group,reworded,gender_woman,1,0.9324532747268677,1,0.957912266254425,False,-0.025458991527557373,0.016832837834954262,0.1672070473432541,0.03675828129053116,0.7792018335312605,0.07623631166945151
3371,social-group,reworded,region_western_europe,1,0.9046505093574524,1,0.957912266254425,False,-0.053261756896972656,0.018767694011330605,0.16690628230571747,0.037021197378635406,0.7773048263043165,0.08427526155989783
3371,social-group,reworded,region_arab_culture,1,0.8175744414329529,1,0.957912266254425,False,-0.14033782482147217,0.0288003571331501,0.1541479378938675,0.0417281910777092,0.7753235138952732,0.1281858980103757
3371,social-group,reworded,placebo,1,0.8670357465744019,1,0.957912266254425,False,-0.0908765196800232,0.01959938555955887,0.16469813883304596,0.03899196535348892,0.7767105102539062,0.08777567444775686
3371,social-group,embedded,gender_man,1,0.7772998809814453,1,0.957912266254425,False,-0.18061238527297974,0.004148161970078945,0.1627037525177002,0.03113466501235962,0.8020134204998612,0.0209517330950002
3371,social-group,embedded,gender_woman,1,0.7549149990081787,1,0.957912266254425,False,-0.20299726724624634,0.004839837551116943,0.16403737664222717,0.030611533671617508,0.8005112521350384,0.024261205721703847
3371,social-group,embedded,region_western_europe,1,0.8354835510253906,1,0.957912266254425,False,-0.12242871522903442,0.008759690448641777,0.16637654602527618,0.031320054084062576,0.7935437094420195,0.04242878928497329
3371,social-group,embedded,region_arab_culture,1,0.851952850818634,1,0.957912266254425,False,-0.10595941543579102,0.011656641960144043,0.16301614046096802,0.030579445883631706,0.7947477716952562,0.05679179250047945
3371,social-group,embedded,placebo,1,0.6791787147521973,1,0.957912266254425,False,-0.2787335515022278,0.008952422067523003,0.16349346935749054,0.030965037643909454,0.796589070931077,0.044011509649462335
1002,random,prefix,gender_man,1,0.9940890073776245,1,0.9669140577316284,False,0.027174949645996094,0.014650979079306126,0.17505362629890442,0.020776592195034027,0.7895188024267554,0.06960706822379127
1002,random,prefix,gender_woman,1,0.9875683188438416,1,0.9669140577316284,False,0.020654261112213135,0.015698950737714767,0.17598851025104523,0.020872922614216805,0.7874396163970232,0.07385642833161933
1002,random,prefix,region_western_europe,1,0.9890130758285522,1,0.9669140577316284,False,0.022099018096923828,0.017812076956033707,0.1756839156150818,0.020637154579162598,0.7858668528497219,0.0831822498902201
1002,random,prefix,region_arab_culture,1,0.957912266254425,1,0.9669140577316284,False,-0.00900179147720337,0.02577793225646019,0.16701756417751312,0.024307653307914734,0.782896850258112,0.11873587410918422
1002,random,prefix,placebo,1,0.9324532747268677,1,0.9669140577316284,False,-0.03446078300476074,0.019755136221647263,0.17781899869441986,0.0253063403069973,0.7771195247769356,0.08863556218585689
1002,random,suffix,gender_man,1,0.6513549089431763,1,0.9669140577316284,False,-0.31555914878845215,0.033334240317344666,0.16053186357021332,0.020024072378873825,0.7861098237335682,0.15584745825737198
1002,random,suffix,gender_woman,1,0.562176525592804,1,0.9669140577316284,False,-0.40473753213882446,0.03623431175947189,0.15888695418834686,0.019689340144395828,0.7851893939077854,0.16868027337494274
1002,random,suffix,region_western_europe,1,0.7772998809814453,1,0.9669140577316284,False,-0.1896141767501831,0.03614020347595215,0.15765012800693512,0.01947944425046444,0.7867302242666483,0.16945768968753336
1002,random,suffix,region_arab_culture,1,0.562176525592804,1,0.9669140577316284,False,-0.40473753213882446,0.04364771768450737,0.15202300250530243,0.018938502296805382,0.7853907775133848,0.20338230192893786
1002,random,suffix,placebo,0,0.13296423852443695,1,0.9669140577316284,True,-0.8339498192071915,0.036978308111429214,0.1578480452299118,0.02017899602651596,0.784994650632143,0.17198785155881066
1002,random,reworded,gender_man,1,0.9840936064720154,1,0.9669140577316284,False,0.017179548740386963,0.018739623948931694,0.17401018738746643,0.021187476813793182,0.7860627118498087,0.08759400528521159
1002,random,reworded,gender_woman,1,0.9626730680465698,1,0.9669140577316284,False,-0.004240989685058594,0.019374888390302658,0.17549802362918854,0.021007955074310303,0.7841191329061985,0.08974805711653991
1002,random,reworded,region_western_europe,1,0.970687747001648,1,0.9669140577316284,False,0.0037736892700195312,0.020848549902439117,0.17394647002220154,0.020498458296060562,0.7847065217792988,0.09683781447883384
1002,random,reworded,region_arab_culture,1,0.9324532747268677,1,0.9669140577316284,False,-0.03446078300476074,0.02973281778395176,0.16421979665756226,0.02347685769200325,0.7825705278664827,0.1367469528955747
1002,random,reworded,placebo,1,0.8670357465744019,1,0.9669140577316284,False,-0.09987831115722656,0.022009745240211487,0.176644966006279,0.02450648322701454,0.776838805526495,0.09862711701350303
1002,random,embedded,gender_man,1,0.7549149990081787,1,0.9669140577316284,False,-0.2119990587234497,0.005370146594941616,0.16939587891101837,0.018920592963695526,0.8063133815303445,0.027725955656471672
1002,random,embedded,gender_woman,1,0.6513549089431763,1,0.9669140577316284,False,-0.31555914878845215,0.0061240363866090775,0.16956079006195068,0.018670571967959404,0.8056446015834808,0.03150947406917289
1002,random,embedded,region_western_europe,1,0.7549149990081787,1,0.9669140577316284,False,-0.2119990587234497,0.009010350331664085,0.1721043586730957,0.018405549228191376,0.8004797417670488,0.045160077535304675
1002,random,embedded,region_arab_culture,1,0.7310585379600525,1,0.9669140577316284,False,-0.23585551977157593,0.012125620618462563,0.1671609878540039,0.017710557207465172,0.8030028343200684,0.06155225927546335
1002,random,embedded,placebo,0,0.0019267346942797303,1,0.9669140577316284,True,-0.9649873230373487,0.009691121987998486,0.16734616458415985,0.017455272376537323,0.8055074410513043,0.049827726265634996
2037,social-group,prefix,gender_man,1,0.9914224743843079,1,0.9740425944328308,False,0.01737987995147705,0.01107284426689148,0.17240120470523834,0.031042801216244698,0.7854831498116255,0.051617596739687535
2037,social-group,prefix,gender_woman,1,0.9890130758285522,1,0.9740425944328308,False,0.014970481395721436,0.011923841200768948,0.17288048565387726,0.030705440789461136,0.7844902323558927,0.05532854186200956
2037,social-group,prefix,region_western_europe,1,0.9968273043632507,1,0.9740425944328308,False,0.022784709930419922,0.013697159476578236,0.17082783579826355,0.030598733574151993,0.7848762711510062,0.06367107687219835
2037,social-group,prefix,region_arab_culture,1,0.9947799444198608,1,0.9740425944328308,False,0.02073734998703003,0.017778944224119186,0.17043815553188324,0.032482657581567764,0.7793002426624298,0.08055715347672762
2037,social-group,prefix,placebo,1,0.9525741338729858,1,0.9740425944328308,False,-0.02146846055984497,0.014603440649807453,0.1762371063232422,0.03293115645647049,0.7762282965704799,0.06526044368432402
2037,social-group,suffix,gender_man,1,0.8175744414329529,1,0.9740425944328308,False,-0.15646815299987793,0.0307310838252306,0.16054382920265198,0.030200744047760963,0.7785243429243565,0.13875603409874793
2037,social-group,suffix,gender_woman,1,0.7981867790222168,1,0.9740425944328308,False,-0.175855815410614,0.033734992146492004,0.15770606696605682,0.029707424342632294,0.7788515165448189,0.15254453306404372
2037,social-group,suffix,region_western_europe,1,0.8670357465744019,1,0.9740425944328308,False,-0.10700684785842896,0.03142169862985611,0.15897712111473083,0.03002791479229927,0.7795732654631138,0.14254939944500244
2037,social-group,suffix,region_arab_culture,1,0.9465966820716858,1,0.9740425944328308,False,-0.02744591236114502,0.03843541443347931,0.1537323296070099,0.029902884736657143,0.7779293712228537,0.17307743327034142
2037,social-group,suffix,placebo,1,0.7310585379600525,1,0.9740425944328308,False,-0.24298405647277832,0.03437159210443497,0.1571587324142456,0.031480856239795685,0.7769888192415237,0.15412497251274504
2037,social-group,reworded,gender_man,1,0.9890130758285522,1,0.9740425944328308,False,0.014970481395721436,0.01451001688838005,0.17241090536117554,0.031136592850089073,0.7819424849003553,0.06654215463176988
2037,social-group,reworded,gender_woman,1,0.9875683188438416,1,0.9740425944328308,False,0.013525724411010742,0.015177235938608646,0.17257581651210785,0.030986370518803596,0.7812605770304799,0.0693850049184938
2037,social-group,reworded,region_western_europe,1,0.9940890073776245,1,0.9740425944328308,False,0.0200464129447937,0.01627756468951702,0.17090146243572235,0.030851421877741814,0.7819695509970188,0.07465730022550407
2037,social-group,reworded,region_arab_culture,1,0.9914224743843079,1,0.9740425944328308,False,0.01737987995147705,0.020516952499747276,0.1685481071472168,0.0318509042263031,0.7790840361267328,0.09287220416319589
2037,social-group,reworded,placebo,1,0.9626730680465698,1,0.9740425944328308,False,-0.011369526386260986,0.016754884272813797,0.17435187101364136,0.03231990337371826,0.7765733413398266,0.07499053323935517
2037,social-group,embedded,gender_man,1,0.8670357465744019,1,0.9740425944328308,False,-0.10700684785842896,0.005187309812754393,0.16902793943881989,0.0296059288084507,0.796178821939975,0.02545029845341557
2037,social-group,embedded,gender_woman,1,0.9399133324623108,1,0.9740425944328308,False,-0.03412926197052002,0.006146393250674009,0.1695319563150406,0.029300561174750328,0.7950210892595351,0.029985490841329995
2037,social-group,embedded,region_western_europe,1,0.9465966820716858,1,0.9740425944328308,False,-0.02744591236114502,0.007647686172276735,0.16952022910118103,0.029203958809375763,0.7936281259171665,0.037057792910322206
2037,social-group,embedded,region_arab_culture,1,0.9465966820716858,1,0.9740425944328308,False,-0.02744591236114502,0.00979707296937704,0.1686648577451706,0.02927703596651554,0.7922610333189368,0.047160497262019506
2037,social-group,embedded,placebo,0,0.02931223064661026,1,0.9740425944328308,True,-0.9447303637862206,0.008284129202365875,0.1686975359916687,0.02921004593372345,0.793808288872242,0.040176829403355416
3007,social-group,prefix,gender_man,1,0.9820137619972229,1,0.9626730680465698,False,0.019340693950653076,0.012231211178004742,0.17506398260593414,0.028811531141400337,0.7838932750746608,0.05659801277461585
3007,social-group,prefix,gender_woman,1,0.9626730680465698,1,0.9626730680465698,False,0.0,0.01332492008805275,0.17461420595645905,0.028606034815311432,0.7834548391401768,0.06153413927674148
3007,social-group,prefix,region_western_europe,1,0.9890130758285522,1,0.9626730680465698,False,0.026340007781982422,0.01495165005326271,0.17613542079925537,0.02941092476248741,0.7795020043849945,0.06780855314153798
3007,social-group,prefix,region_arab_culture,1,0.9991958737373352,1,0.9626730680465698,False,0.03652280569076538,0.018910786136984825,0.1734989583492279,0.02958565577864647,0.7780045997351408,0.08518548634081007
3007,social-group,prefix,placebo,1,0.9324532747268677,1,0.9626730680465698,False,-0.03021979331970215,0.015676919370889664,0.1801794171333313,0.030534952878952026,0.773608710616827,0.06924700775194614
3007,social-group,suffix,gender_man,1,0.9399133324623108,1,0.9626730680465698,False,-0.022759735584259033,0.03139810264110565,0.15962909162044525,0.028232596814632416,0.7807402089238167,0.14320045862944458
3007,social-group,suffix,gender_woman,1,0.8670357465744019,1,0.9626730680465698,False,-0.09563732147216797,0.03572966903448105,0.15704087913036346,0.02797425538301468,0.7792551964521408,0.1618596155389659
3007,social-group,suffix,region_western_europe,1,0.9046505093574524,1,0.9626730680465698,False,-0.05802255868911743,0.034574203193187714,0.1578502357006073,0.02774311974644661,0.7798324413597584,0.15703586580474685
3007,social-group,suffix,region_arab_culture,1,0.8354835510253906,1,0.9626730680465698,False,-0.1271895170211792,0.041357964277267456,0.15058709681034088,0.026950670406222343,0.7811042685061693,0.18893910810879874
3007,social-group,suffix,placebo,1,0.7057850360870361,1,0.9626730680465698,False,-0.2568880319595337,0.030774446204304695,0.16042375564575195,0.029324527829885483,0.7794772703200579,0.1395522640635253
3007,social-group,reworded,gender_man,1,0.977022647857666,1,0.9626730680465698,False,0.014349579811096191,0.01581711880862713,0.1750437468290329,0.028728488832712173,0.7804106455296278,0.0720304444938893
3007,social-group,reworded,gender_woman,1,0.9465966820716858,1,0.9626730680465698,False,-0.016076385974884033,0.01672063209116459,0.17438432574272156,0.02865850180387497,0.7802365403622389,0.07608467812950077
3007,social-group,reworded,region_western_europe,1,0.9820137619972229,1,0.9626730680465698,False,0.019340693950653076,0.017820116132497787,0.17561587691307068,0.029045889154076576,0.777518117800355,0.08009693174254447
3007,social-group,reworded,region_arab_culture,1,0.9933071732521057,1,0.9626730680465698,False,0.03063410520553589,0.02298475243151188,0.17186923325061798,0.029461601749062538,0.7756844125688076,0.10246614020330766
3007,social-group,reworded,placebo,1,0.9046505093574524,1,0.9626730680465698,False,-0.05802255868911743,0.018231084570288658,0.1798652559518814,0.0300714410841465,0.7718322183936834,0.07990209854318868
3007,social-group,embedded,gender_man,1,0.9626730680465698,1,0.9626730680465698,False,0.0,0.0048325322568416595,0.16832391917705536,0.026518188416957855,0.8003253601491451,0.024202033169817033
3007,social-group,embedded,gender_woman,1,0.9669140577316284,1,0.9626730680465698,False,0.004240989685058594,0.0056891655549407005,0.16882622241973877,0.026163924485445023,0.7993206875398755,0.028349536806745602
3007,social-group,embedded,region_western_europe,1,0.9626730680465698,1,0.9626730680465698,False,0.0,0.008045886643230915,0.17139668762683868,0.025545179843902588,0.7950122458860278,0.03925057220129082
3007,social-group,embedded,region_arab_culture,1,0.9796676635742188,1,0.9626730680465698,False,0.016994595527648926,0.010507727041840553,0.1680905520915985,0.026018233969807625,0.7953834868967533,0.051353269990181576
3007,social-group,embedded,placebo,1,0.531209409236908,1,0.9626730680465698,False,-0.43146365880966187,0.008409551344811916,0.16941343247890472,0.025315716862678528,0.7968612993136048,0.04139807587818804
2129,social-group,prefix,gender_man,1,0.9840936064720154,1,0.9740425944328308,False,0.01005101203918457,0.012376897037029266,0.17781975865364075,0.02507193759083748,0.7847314067184925,0.05749513595252585
2129,social-group,prefix,gender_woman,1,0.9740425944328308,1,0.9740425944328308,False,0.0,0.01338711753487587,0.1783856749534607,0.024620765820145607,0.7836064416915178,0.06186467674694697
2129,social-group,prefix,region_western_europe,1,0.9924227595329285,1,0.9740425944328308,False,0.018380165100097656,0.015182770788669586,0.1786297857761383,0.024911459535360336,0.7812759838998318,0.06941519755981615
2129,social-group,prefix,region_arab_culture,1,0.9975274205207825,1,0.9740425944328308,False,0.02348482608795166,0.02045978233218193,0.17374952137470245,0.027859635651111603,0.777931060642004,0.09213257104452073
2129,social-group,prefix,placebo,1,0.9525741338729858,1,0.9740425944328308,False,-0.02146846055984497,0.01575905829668045,0.1805495023727417,0.025692036375403404,0.7779994029551744,0.07098655817352797
2129,social-group,suffix,gender_man,1,0.8175744414329529,1,0.9740425944328308,False,-0.15646815299987793,0.03059038706123829,0.16533450782299042,0.023334473371505737,0.7807406317442656,0.13951689866021602
2129,social-group,suffix,gender_woman,1,0.7549149990081787,1,0.9740425944328308,False,-0.2191275954246521,0.03408175706863403,0.16325832903385162,0.02340657263994217,0.7792533412575722,0.15439308238137997
2129,social-group,suffix,region_western_europe,1,0.8354835510253906,1,0.9740425944328308,False,-0.13855904340744019,0.03510589152574539,0.16395336389541626,0.023294012993574142,0.7776467315852642,0.15788340677891674
2129,social-group,suffix,region_arab_culture,1,0.8933094143867493,1,0.9740425944328308,False,-0.08073318004608154,0.04428694024682045,0.1527155041694641,0.022508850321173668,0.7804887052625418,0.2017524442183665
2129,social-group,suffix,placebo,1,0.7549149990081787,1,0.9740425944328308,False,-0.2191275954246521,0.035138197243213654,0.16215336322784424,0.023369114845991135,0.779339324682951,0.15924086696792028
2129,social-group,reworded,gender_man,1,0.9890130758285522,1,0.9740425944328308,False,0.014970481395721436,0.01572423055768013,0.17728736996650696,0.02493271976709366,0.7820556797087193,0.07214792538142233
2129,social-group,reworded,gender_woman,1,0.9626730680465698,1,0.9740425944328308,False,-0.011369526386260986,0.01661127433180809,0.1774049550294876,0.024722404778003693,0.7812613658607006,0.07594119985786109
2129,social-group,reworded,region_western_europe,1,0.9940890073776245,1,0.9740425944328308,False,0.0200464129447937,0.01765308529138565,0.1774883270263672,0.024498090147972107,0.780360497534275,0.08037299799538765
2129,social-group,reworded,region_arab_culture,1,0.9980732202529907,1,0.9740425944328308,False,0.024030625820159912,0.02333611249923706,0.17166003584861755,0.02694408968091011,0.7780597619712353,0.10514592895143497
2129,social-group,reworded,placebo,1,0.957912266254425,1,0.9740425944328308,False,-0.01613032817840576,0.01775057055056095,0.17844310402870178,0.0251667108386755,0.7786396145820618,0.08018856001288165
2129,social-group,embedded,gender_man,1,0.9324532747268677,1,0.9740425944328308,False,-0.041589319705963135,0.005233450327068567,0.17236587405204773,0.02246527001261711,0.7999354056082666,0.026158803075477164
2129,social-group,embedded,gender_woman,1,0.9324532747268677,1,0.9740425944328308,False,-0.041589319705963135,0.0057909442111849785,0.1726902425289154,0.022457687184214592,0.799061126075685,0.028819431989880556
2129,social-group,embedded,region_western_europe,1,0.9525741338729858,1,0.9740425944328308,False,-0.02146846055984497,0.008653994649648666,0.17334061861038208,0.02249586209654808,0.7955095246434212,0.042319793303616335
2129,social-group,embedded,region_arab_culture,1,0.9796676635742188,1,0.9740425944328308,False,0.0056250691413879395,0.01117744017392397,0.16910818219184875,0.021920720115303993,0.7977936575189233,0.055277396528598005
2129,social-group,embedded,placebo,1,0.6513549089431763,1,0.9740425944328308,False,-0.32268768548965454,0.008278315886855125,0.17246703803539276,0.02181120589375496,0.7974434401839972,0.04086915720910216
745,random,prefix,gender_man,0,0.11920291930437088,0,0.3486451506614685,False,-0.22944223135709763,0.013415978290140629,0.1735849380493164,0.014307321980595589,0.7986917616799474,0.06664396053583785
745,random,prefix,gender_woman,0,0.18242551386356354,0,0.3486451506614685,False,-0.16621963679790497,0.014364698901772499,0.17502014338970184,0.014397300779819489,0.7962178569287062,0.07049046930842691
745,random,prefix,region_western_europe,1,0.622459352016449,0,0.3486451506614685,True,0.27381420135498047,0.016094788908958435,0.17382363975048065,0.013872174546122551,0.7962093967944384,0.07897709048303751
745,random,prefix,region_arab_culture,1,0.6513549089431763,0,0.3486451506614685,True,0.30270975828170776,0.02205810509622097,0.17029474675655365,0.016223670914769173,0.7914234772324562,0.1057554551372231
745,random,prefix,placebo,0,0.04742587357759476,0,0.3486451506614685,False,-0.30121927708387375,0.01901097781956196,0.17388691008090973,0.01768888346850872,0.7894132286310196,0.09027622056207796
745,random,suffix,gender_man,0,0.11920291930437088,0,0.3486451506614685,False,-0.22944223135709763,0.031724169850349426,0.16078244149684906,0.013752685859799385,0.7937407027930021,0.15380722362547206
745,random,suffix,gender_woman,0,0.11920291930437088,0,0.3486451506614685,False,-0.22944223135709763,0.03273189067840576,0.16127394139766693,0.01347719319164753,0.7925169747322798,0.15775695691814323
745,random,suffix,region_western_europe,0,0.2689414322376251,0,0.3486451506614685,False,-0.07970371842384338,0.03333200141787529,0.15981678664684296,0.012907644733786583,0.7939435672014952,0.16176151826557852
745,random,suffix,region_arab_culture,0,0.01798621006309986,0,0.3486451506614685,False,-0.33065894059836864,0.04128550365567207,0.15359976887702942,0.013227971270680428,0.7918867561966181,0.1983799920714184
745,random,suffix,placebo,0,0.01098694372922182,0,0.3486451506614685,False,-0.3376582069322467,0.03438626229763031,0.159497931599617,0.013728365302085876,0.7923874408006668,0.16562708166713236
745,random,reworded,gender_man,0,0.13296423852443695,0,0.3486451506614685,False,-0.21568091213703156,0.017172083258628845,0.17534612119197845,0.013942123390734196,0.7935396721586585,0.08317376727128453
745,random,reworded,gender_woman,0,0.2018132209777832,0,0.3486451506614685,False,-0.1468319296836853,0.018021559342741966,0.1754196435213089,0.013803280889987946,0.7927555162459612,0.0869579687540936
745,random,reworded,region_western_europe,1,0.562176525592804,0,0.3486451506614685,True,0.21353137493133545,0.018817603588104248,0.17300507426261902,0.013473334722220898,0.7947039874270558,0.09166083331218197
745,random,reworded,region_arab_culture,1,0.5926666259765625,0,0.3486451506614685,True,0.244021475315094,0.024644671007990837,0.16946883499622345,0.015095447190105915,0.7907910468056798,0.1177993132306343
745,random,reworded,placebo,0,0.07585817575454712,0,0.3486451506614685,False,-0.2727869749069214,0.01972375437617302,0.17444807291030884,0.01570018008351326,0.7901279926300049,0.09397991958689807
745,random,embedded,gender_man,0,0.09534946084022522,0,0.3486451506614685,False,-0.2532956898212433,0.0043660434894263744,0.17097365856170654,0.01253301277756691,0.8121272851713002,0.02323936976908692
745,random,embedded,gender_woman,0,0.29421496391296387,0,0.3486451506614685,False,-0.05443018674850464,0.005412672646343708,0.17095881700515747,0.012316655367612839,0.811311854980886,0.02868581195599441
745,random,embedded,region_western_europe,1,0.531209409236908,0,0.3486451506614685,True,0.18256425857543945,0.00715703796595335,0.17018085718154907,0.012041326612234116,0.8106207782402635,0.037792097250422804
745,random,embedded,region_arab_culture,0,0.08509904146194458,0,0.3486451506614685,False,-0.2635461091995239,0.009689189493656158,0.1689714789390564,0.011799098923802376,0.8095402326434851,0.050872631150070166
745,random,embedded,placebo,0,0.006692850962281227,0,0.3486451506614685,False,-0.3419522996991873,0.007786113768815994,0.16788968443870544,0.01170587632805109,0.8126183254644275,0.041552162387885366
66,random,prefix,gender_man,1,0.851952850818634,1,0.6513549089431763,False,0.20059794187545776,0.012104475870728493,0.17159980535507202,0.03495068848133087,0.7813450302928686,0.05535879603807472
66,random,prefix,gender_woman,1,0.8175744414329529,1,0.6513549089431763,False,0.1662195324897766,0.013252520933747292,0.17251458764076233,0.03344888985157013,0.7807840015739202,0.060454168623172266
66,random,prefix,region_western_europe,1,0.851952850818634,1,0.6513549089431763,False,0.20059794187545776,0.014511298388242722,0.172130286693573,0.03522662818431854,0.7781317867338657,0.06540503560479032
66,random,prefix,region_arab_culture,1,0.7310585379600525,1,0.6513549089431763,False,0.07970362901687622,0.022017672657966614,0.16494548320770264,0.03875337541103363,0.7742834687232971,0.09754568056415612
66,random,prefix,placebo,0,0.43782350420951843,1,0.6513549089431763,True,-0.21353140473365784,0.01829710602760315,0.16918200254440308,0.04080896079540253,0.7717119306325912,0.08014919955433865
66,random,suffix,gender_man,0,0.5,1,0.6513549089431763,True,-0.15135490894317627,0.02923537977039814,0.15730933845043182,0.031661368906497955,0.7817939128726721,0.133980587596251
66,random,suffix,gender_woman,0,0.3208213150501251,1,0.6513549089431763,True,-0.33053359389305115,0.03568045794963837,0.15426182746887207,0.032109081745147705,0.7779486328363419,0.1606856035402874
66,random,suffix,region_western_europe,0,0.4073334336280823,1,0.6513549089431763,True,-0.244021475315094,0.03079291246831417,0.1578863263130188,0.03137297183275223,0.7799477893859148,0.13993457453748098
66,random,suffix,region_arab_culture,0,0.2018132209777832,1,0.6513549089431763,True,-0.44954168796539307,0.041117195039987564,0.14906026422977448,0.031091393902897835,0.7787311468273401,0.1858245950590394
66,random,suffix,placebo,0,0.08509904146194458,1,0.6513549089431763,True,-0.5662558674812317,0.034687407314777374,0.15387924015522003,0.03296481817960739,0.7784685343503952,0.1565800470513849
66,random,reworded,gender_man,1,0.9149009585380554,1,0.6513549089431763,False,0.26354604959487915,0.015744956210255623,0.1715395152568817,0.034310661256313324,0.7784048672765493,0.07105280705738799
66,random,reworded,gender_woman,1,0.8670357465744019,1,0.6513549089431763,False,0.21568083763122559,0.01659032329916954,0.17139974236488342,0.03234395012259483,0.7796659842133522,0.0752962416626317
66,random,reworded,region_western_europe,1,0.851952850818634,1,0.6513549089431763,False,0.20059794187545776,0.016656160354614258,0.17133496701717377,0.03347611799836159,0.7785327546298504,0.07520823373576511
66,random,reworded,region_arab_culture,1,0.7057850360870361,1,0.6513549089431763,False,0.05443012714385986,0.02461993508040905,0.16432620584964752,0.03599090874195099,0.7750629503279924,0.10945255624321854
66,random,reworded,placebo,1,0.531209409236908,1,0.6513549089431763,False,-0.12014549970626831,0.01999761536717415,0.1699502170085907,0.03845006972551346,0.7716020978987217,0.08755603787598111
66,random,embedded,gender_man,1,0.7981867790222168,1,0.6513549089431763,False,0.14683187007904053,0.0037848330102860928,0.16479632258415222,0.03066871128976345,0.8007501331157982,0.01899541048369045
66,random,embedded,gender_woman,0,0.4687906503677368,1,0.6513549089431763,True,-0.18256425857543945,0.004780324175953865,0.16735517978668213,0.03014243021607399,0.79772206582129,0.023632454994969986
66,random,embedded,region_western_europe,1,0.8354835510253906,1,0.6513549089431763,False,0.18412864208221436,0.006868874188512564,0.16762109100818634,0.030179113149642944,0.7953309216536582,0.03356087907372616
66,random,embedded,region_arab_culture,1,0.6513549089431763,1,0.6513549089431763,False,0.0,0.01023960392922163,0.16708600521087646,0.029487062245607376,0.7931873286142945,0.04951149202132193
66,random,embedded,placebo,0,0.06754669547080994,1,0.6513549089431763,True,-0.5838082134723663,0.008415590971708298,0.16414277255535126,0.029865974560379982,0.7975756619125605,0.04157400760808261
2455,social-group,prefix,gender_man,1,0.9669140577316284,1,0.957912266254425,False,0.00900179147720337,0.01390816830098629,0.17619432508945465,0.019783105701208115,0.790114400908351,0.06626547205324516
2455,social-group,prefix,gender_woman,1,0.9820137619972229,1,0.957912266254425,False,0.02410149574279785,0.014956199564039707,0.17562562227249146,0.01964147388935089,0.789776704274118,0.07114434921399791
2455,social-group,prefix,region_western_europe,1,0.9859364032745361,1,0.957912266254425,False,0.028024137020111084,0.017044996842741966,0.1764843910932541,0.020025309175252914,0.786445302888751,0.0798156026222292
2455,social-group,prefix,region_arab_culture,1,0.9953904151916504,1,0.957912266254425,False,0.03747814893722534,0.02362765558063984,0.17280428111553192,0.022154424339532852,0.7814136389642954,0.10809300026171542
2455,social-group,prefix,placebo,1,0.970687747001648,1,0.957912266254425,False,0.0127754807472229,0.020294267684221268,0.17465102672576904,0.024518536403775215,0.7805361691862345,0.09247203791609174
2455,social-group,suffix,gender_man,1,0.8933094143867493,1,0.957912266254425,False,-0.06460285186767578,0.029894068837165833,0.16148126125335693,0.018283914774656296,0.7903407551348209,0.14258407186570357
2455,social-group,suffix,gender_woman,1,0.8933094143867493,1,0.957912266254425,False,-0.06460285186767578,0.03045620396733284,0.16172334551811218,0.018587002530694008,0.789233447983861,0.14450207433768103
2455,social-group,suffix,region_western_europe,1,0.8807970285415649,1,0.957912266254425,False,-0.07711523771286011,0.03265133500099182,0.16094624996185303,0.018508700653910637,0.7878937143832445,0.15393855446598093
2455,social-group,suffix,region_arab_culture,1,0.9525741338729858,1,0.957912266254425,False,-0.005338132381439209,0.04212968051433563,0.15408216416835785,0.018070612102746964,0.7857175432145596,0.1966081645055983
2455,social-group,suffix,placebo,1,0.562176525592804,1,0.957912266254425,False,-0.3957357406616211,0.03560993820428848,0.1561562716960907,0.019576970487833023,0.7886568196117878,0.16849343394415317
2455,social-group,reworded,gender_man,1,0.9669140577316284,1,0.957912266254425,False,0.00900179147720337,0.017636284232139587,0.1756860464811325,0.01982215605676174,0.7868555132299662,0.08274332824366108
2455,social-group,reworded,gender_woman,1,0.977022647857666,1,0.957912266254425,False,0.019110381603240967,0.018573027104139328,0.17518861591815948,0.01974722370505333,0.7864911332726479,0.08698948848741174
2455,social-group,reworded,region_western_europe,1,0.970687747001648,1,0.957912266254425,False,0.0127754807472229,0.019889062270522118,0.17499041557312012,0.019623011350631714,0.785497510805726,0.09272182502511046
2455,social-group,reworded,region_arab_culture,1,0.9840936064720154,1,0.957912266254425,False,0.026181340217590332,0.027792999520897865,0.17021043598651886,0.021674273535609245,0.780322290956974,0.12651715844075168
2455,social-group,reworded,placebo,1,0.9241418242454529,1,0.957912266254425,False,-0.03377044200897217,0.023739654570817947,0.17329511046409607,0.024760261178016663,0.7782049737870693,0.10703420620454798
2455,social-group,embedded,gender_man,1,0.957912266254425,1,0.957912266254425,False,0.0,0.0050107636488974094,0.16855067014694214,0.01813386380672455,0.8083047023974359,0.02613921004617479
2455,social-group,embedded,gender_woman,1,0.9740425944328308,1,0.957912266254425,False,0.01613032817840576,0.005301043391227722,0.16831472516059875,0.018178880214691162,0.8082053512334824,0.027639162121154793
2455,social-group,embedded,region_western_europe,1,0.9669140577316284,1,0.957912266254425,False,0.00900179147720337,0.0077702137641608715,0.16928672790527344,0.017785049974918365,0.8051580083556473,0.03987956445417542
2455,social-group,embedded,region_arab_culture,1,0.9840936064720154,1,0.957912266254425,False,0.026181340217590332,0.011340728960931301,0.1660032868385315,0.01718171313405037,0.8054742710664868,0.05829937778980097
2455,social-group,embedded,placebo,1,0.7549149990081787,1,0.957912266254425,False,-0.20299726724624634,0.00828474760055542,0.16710826754570007,0.017189480364322662,0.8074175044894218,0.04301921407026505
2172,random,prefix,gender_man,1,0.7310585379600525,0,0.3486451506614685,True,0.382413387298584,0.01159315463155508,0.17169158160686493,0.032681334763765335,0.7840339289978147,0.053680444237177286
2172,random,prefix,gender_woman,1,0.9149009585380554,0,0.3486451506614685,True,0.5662558078765869,0.01221663411706686,0.17139755189418793,0.03410220146179199,0.7822836125269532,0.056112607134726024
2172,random,prefix,region_western_europe,1,0.8354835510253906,0,0.3486451506614685,True,0.4868384003639221,0.014121998101472855,0.17116639018058777,0.033510349690914154,0.7812012620270252,0.06454332521432163
2172,random,prefix,region_arab_culture,1,0.7549149990081787,0,0.3486451506614685,True,0.4062698483467102,0.01879436895251274,0.17165064811706543,0.03466189280152321,0.7748930901288986,0.08349085758084725
2172,random,prefix,placebo,0,0.5,0,0.3486451506614685,False,0.1513548493385315,0.014643341302871704,0.17340412735939026,0.03578992187976837,0.7761626094579697,0.06541954973390426
2172,random,suffix,gender_man,0,0.16451644897460938,0,0.3486451506614685,False,-0.18412870168685913,0.030015353113412857,0.15762725472450256,0.033733464777469635,0.7786239273846149,0.13558535373224825
2172,random,suffix,gender_woman,0,0.4687906503677368,0,0.3486451506614685,False,0.12014549970626831,0.028980672359466553,0.1576613187789917,0.03232584893703461,0.7810321599245071,0.1323512729059892
2172,random,suffix,region_western_europe,0,0.2689414322376251,0,0.3486451506614685,False,-0.07970371842384338,0.03237372264266014,0.15575926005840302,0.03191174939274788,0.779955267906189,0.1471233704829541
2172,random,suffix,region_arab_culture,0,0.18242551386356354,0,0.3486451506614685,False,-0.16621963679790497,0.04068969935178757,0.14780394732952118,0.03238245099782944,0.7791239023208618,0.1842195682526798
2172,random,suffix,placebo,0,0.01243165135383606,0,0.3486451506614685,False,-0.33621349930763245,0.030941180884838104,0.15628576278686523,0.034965723752975464,0.7778073325753212,0.13925383426672652
2172,random,reworded,gender_man,1,0.562176525592804,0,0.3486451506614685,True,0.21353137493133545,0.015061263926327229,0.17236490547657013,0.0324072539806366,0.780166576616466,0.06851216568670036
2172,random,reworded,gender_woman,1,0.8175744414329529,0,0.3486451506614685,True,0.4689292907714844,0.015514249913394451,0.17158153653144836,0.033329304307699203,0.779574909247458,0.07038332097506705
2172,random,reworded,region_western_europe,1,0.5926666259765625,0,0.3486451506614685,True,0.244021475315094,0.016633369028568268,0.17109835147857666,0.03245283663272858,0.7798154428601265,0.07554285025539655
2172,random,reworded,region_arab_culture,0,0.43782350420951843,0,0.3486451506614685,False,0.08917835354804993,0.021898427978157997,0.1699414849281311,0.03331969678401947,0.7748403903096914,0.0972573544974508
2172,random,reworded,placebo,0,0.24508501589298248,0,0.3486451506614685,False,-0.10356013476848602,0.017087427899241447,0.17429102957248688,0.03393096476793289,0.7746905777603388,0.07583982830982355
2172,random,embedded,gender_man,0,0.10669060051441193,0,0.3486451506614685,False,-0.24195455014705658,0.005035148002207279,0.16911303997039795,0.03029360994696617,0.7955582020804286,0.024628760133425045
2172,random,embedded,gender_woman,0,0.11920291930437088,0,0.3486451506614685,False,-0.22944223135709763,0.00482852291315794,0.1683443784713745,0.031084401533007622,0.7957426970824599,0.02363941383827654
2172,random,embedded,region_western_europe,0,0.3486451506614685,0,0.3486451506614685,False,0.0,0.008141477592289448,0.16584569215774536,0.030243292450904846,0.7957695377990603,0.03986416866784131
2172,random,embedded,region_arab_culture,0,0.07585817575454712,0,0.3486451506614685,False,-0.2727869749069214,0.01044664066284895,0.16473616659641266,0.029608801007270813,0.7952083917334676,0.05101107780379772
2172,random,embedded,placebo,0,0.022977370768785477,0,0.3486451506614685,False,-0.32566777989268303,0.007839152589440346,0.16638168692588806,0.02904297597706318,0.7967361845076084,0.038566394960414266
1307,social-group,prefix,gender_man,1,0.9399133324623108,1,0.9525741338729858,False,-0.012660801410675049,0.014260359108448029,0.15902261435985565,0.06099015474319458,0.7657268717885017,0.06087065647398532
1307,social-group,prefix,gender_woman,1,0.9046505093574524,1,0.9525741338729858,False,-0.04792362451553345,0.014952242374420166,0.16041666269302368,0.05978855490684509,0.7648425400257111,0.06358395934390079
1307,social-group,prefix,region_western_europe,1,0.9324532747268677,1,0.9525741338729858,False,-0.020120859146118164,0.01715100184082985,0.16058531403541565,0.06005396693944931,0.7622097171843052,0.07212658834391124
1307,social-group,prefix,region_arab_culture,1,0.7057850360870361,1,0.9525741338729858,False,-0.2467890977859497,0.028406795114278793,0.1406126767396927,0.06414710730314255,0.766833420842886,0.12183047509196211
1307,social-group,prefix,placebo,1,0.531209409236908,1,0.9525741338729858,False,-0.4213647246360779,0.020413486286997795,0.1482449471950531,0.0663360059261322,0.7650055605918169,0.08686795457121334
1307,social-group,suffix,gender_man,0,0.2689414322376251,1,0.9525741338729858,True,-0.6836327016353607,0.031955040991306305,0.14338865876197815,0.05591845512390137,0.7687378451228142,0.13817669825085027
1307,social-group,suffix,gender_woman,0,0.2689414322376251,1,0.9525741338729858,True,-0.6836327016353607,0.03660333901643753,0.14147289097309113,0.05493089556694031,0.766992874443531,0.15709107148127432
1307,social-group,suffix,region_western_europe,1,0.562176525592804,1,0.9525741338729858,False,-0.3903976082801819,0.03424578160047531,0.14727720618247986,0.05704661086201668,0.7614304013550282,0.14354629338769306
1307,social-group,suffix,region_arab_culture,0,0.3486451506614685,1,0.9525741338729858,True,-0.6039289832115173,0.04420536011457443,0.13992677628993988,0.052301935851573944,0.7635659277439117,0.1869669616259639
1307,social-group,suffix,placebo,0,0.3775406777858734,1,0.9525741338729858,True,-0.5750334560871124,0.039615828543901443,0.13602247834205627,0.05658441036939621,0.7677772827446461,0.17059411332414806
1307,social-group,reworded,gender_man,1,0.6791787147521973,1,0.9525741338729858,False,-0.2733954191207886,0.019259542226791382,0.15134134888648987,0.06489509344100952,0.7645040154457092,0.0817828901127243
1307,social-group,reworded,gender_woman,1,0.5926666259765625,1,0.9525741338729858,False,-0.35990750789642334,0.020416803658008575,0.15090014040470123,0.06543509662151337,0.7632479593157768,0.08623707571433459
1307,social-group,reworded,region_western_europe,1,0.7057850360870361,1,0.9525741338729858,False,-0.2467890977859497,0.021889694035053253,0.14936421811580658,0.06595508754253387,0.7627910003066063,0.0922802004280906
1307,social-group,reworded,region_arab_culture,0,0.4687906503677368,1,0.9525741338729858,True,-0.483783483505249,0.03610076755285263,0.12098177522420883,0.06682358682155609,0.7760938704013824,0.1612317073122036
1307,social-group,reworded,placebo,0,0.3775406777858734,1,0.9525741338729858,True,-0.5750334560871124,0.028926802799105644,0.12006130814552307,0.08090341091156006,0.7701084781438112,0.12582805388187013
1307,social-group,embedded,gender_man,1,0.7057850360870361,1,0.9525741338729858,False,-0.2467890977859497,0.005946444347500801,0.15225638449192047,0.05551467463374138,0.7862824965268373,0.02782385275358375
1307,social-group,embedded,gender_woman,1,0.6791787147521973,1,0.9525741338729858,False,-0.2733954191207886,0.006727030500769615,0.15463966131210327,0.05351630970835686,0.7851169984787703,0.03130554977893403
1307,social-group,embedded,region_western_europe,1,0.6791787147521973,1,0.9525741338729858,False,-0.2733954191207886,0.00844605453312397,0.14828523993492126,0.06012846902012825,0.7831402365118265,0.03894707988826419
1307,social-group,embedded,region_arab_culture,1,0.5926666259765625,1,0.9525741338729858,False,-0.35990750789642334,0.012231148779392242,0.1496308296918869,0.056570008397102356,0.7815680131316185,0.055995227414940146
1307,social-group,embedded,placebo,1,0.6513549089431763,1,0.9525741338729858,False,-0.30121922492980957,0.010650750249624252,0.14936572313308716,0.055331308394670486,0.7846522182226181,0.04945836990619472
1339,random,prefix,gender_man,1,0.9046505093574524,1,0.8933094143867493,False,0.011341094970703125,0.013209182769060135,0.17352740466594696,0.0282520093023777,0.7850114032626152,0.06144131814207597
1339,random,prefix,gender_woman,1,0.8933094143867493,1,0.8933094143867493,False,0.0,0.014224217273294926,0.1744377315044403,0.027940668165683746,0.783397383056581,0.06566964644296325
1339,random,prefix,region_western_europe,1,0.9324532747268677,1,0.8933094143867493,False,0.03914386034011841,0.015784399583935738,0.172858327627182,0.028314797207713127,0.7830424755811691,0.07275340934230225
1339,random,prefix,region_arab_culture,1,0.970687747001648,1,0.8933094143867493,False,0.07737833261489868,0.020110977813601494,0.1719324290752411,0.030944067984819412,0.777012525126338,0.09018882260089169
1339,random,prefix,placebo,1,0.7057850360870361,1,0.8933094143867493,False,-0.18752437829971313,0.016966000199317932,0.1771712601184845,0.03393227979540825,0.7719304598867893,0.07438959271324104
1339,random,suffix,gender_man,0,0.43782350420951843,1,0.8933094143867493,True,-0.45548591017723083,0.029681706801056862,0.16019892692565918,0.02703876420855522,0.7830806020647287,0.13683288393559842
1339,random,suffix,gender_woman,0,0.3486451506614685,1,0.8933094143867493,True,-0.5446642637252808,0.031484223902225494,0.16028571128845215,0.026863332837820053,0.7813667319715023,0.14400472620718313
1339,random,suffix,region_western_europe,1,0.7057850360870361,1,0.8933094143867493,False,-0.18752437829971313,0.03088364377617836,0.16011342406272888,0.026261871680617332,0.7827410604804754,0.14215131420819127
1339,random,suffix,region_arab_culture,1,0.7549149990081787,1,0.8933094143867493,False,-0.13839441537857056,0.03814123198390007,0.15247145295143127,0.026702847331762314,0.7826844677329063,0.17551084170560913
1339,random,suffix,placebo,0,0.08509904146194458,1,0.8933094143867493,True,-0.8082103729248047,0.03435330092906952,0.1581450253725052,0.028302541002631187,0.7791991326957941,0.1555849908947126
1339,random,reworded,gender_man,1,0.9149009585380554,1,0.8933094143867493,False,0.021591544151306152,0.01689935475587845,0.17312531173229218,0.027640508487820625,0.7823348250240088,0.07763922160603996
1339,random,reworded,gender_woman,1,0.8670357465744019,1,0.8933094143867493,False,-0.026273667812347412,0.01753826066851616,0.17331737279891968,0.027265816926956177,0.781878549605608,0.08040594190440555
1339,random,reworded,region_western_europe,1,0.9046505093574524,1,0.8933094143867493,False,0.011341094970703125,0.018308937549591064,0.1715071201324463,0.02751341089606285,0.7826705314218998,0.08424507578000867
1339,random,reworded,region_arab_culture,1,0.9626730680465698,1,0.8933094143867493,False,0.06936365365982056,0.022985700517892838,0.16935767233371735,0.02914467826485634,0.7785119488835335,0.10377851266480337
1339,random,reworded,placebo,1,0.5926666259765625,1,0.8933094143867493,False,-0.30064278841018677,0.019217975437641144,0.17575424909591675,0.032083384692668915,0.7729443907737732,0.08463995011236793
1339,random,embedded,gender_man,1,0.622459352016449,1,0.8933094143867493,False,-0.2708500623703003,0.004808912053704262,0.16700123250484467,0.025815479457378387,0.8023743759840727,0.024333443993662964
1339,random,embedded,gender_woman,1,0.7772998809814453,1,0.8933094143867493,False,-0.11600953340530396,0.005513317883014679,0.16656532883644104,0.025651872158050537,0.8022694811224937,0.027882989000955236
1339,random,embedded,region_western_europe,1,0.7772998809814453,1,0.8933094143867493,False,-0.11600953340530396,0.00701934564858675,0.16891878843307495,0.02482040412724018,0.7992414617910981,0.03496412013760869
1339,random,embedded,region_arab_culture,1,0.957912266254425,1,0.8933094143867493,False,0.06460285186767578,0.01063438318669796,0.16413983702659607,0.025185540318489075,0.8000402394682169,0.05318261613444797
1339,random,embedded,placebo,0,0.01798621006309986,1,0.8933094143867493,True,-0.8753232043236494,0.008213873021304607,0.16557350754737854,0.02450326271355152,0.8017093567177653,0.04142340195857597
139,random,prefix,gender_man,0,0.09534946084022522,0,0.042087726294994354,False,0.053261734545230865,0.015195466578006744,0.1722632348537445,0.021005971357226372,0.7915353272110224,0.07289228613516041
139,random,prefix,gender_woman,0,0.06754669547080994,0,0.042087726294994354,False,0.025458969175815582,0.016268163919448853,0.17315766215324402,0.020961903035640717,0.7896122708916664,0.07732468042882859
139,random,prefix,region_western_europe,0,0.5,0,0.042087726294994354,False,0.45791227370500565,0.018065620213747025,0.1714296191930771,0.0206085704267025,0.7898961901664734,0.08598425810584356
139,random,prefix,region_arab_culture,0,0.3208213150501251,0,0.042087726294994354,False,0.27873358875513077,0.024338113144040108,0.16976448893547058,0.02225685305893421,0.7836405448615551,0.11248925141018933
139,random,prefix,placebo,0,0.02931223064661026,0,0.042087726294994354,False,-0.012775495648384094,0.018811704590916634,0.1758802831172943,0.021240338683128357,0.7840676736086607,0.08711851951626609
139,random,suffix,gender_man,0,0.0035936026833951473,0,0.042087726294994354,False,-0.03849412361159921,0.03650866821408272,0.1554158329963684,0.020654892548918724,0.7874206062406301,0.1717413318781446
139,random,suffix,gender_woman,0,0.005220125894993544,0,0.042087726294994354,False,-0.03686760040000081,0.03729267418384552,0.1551048457622528,0.020636506378650665,0.786965973675251,0.17505501270016172
139,random,suffix,region_western_europe,0,0.02931223064661026,0,0.042087726294994354,False,-0.012775495648384094,0.035169005393981934,0.15619811415672302,0.020562071353197098,0.788070809096098,0.1659469620205793
139,random,suffix,region_arab_culture,0,0.0028009270317852497,0,0.042087726294994354,False,-0.039286799263209105,0.04356447979807854,0.15049368143081665,0.019937708973884583,0.7860041297972202,0.2035762641437771
139,random,suffix,placebo,0,0.0019267346942797303,0,0.042087726294994354,False,-0.040160991600714624,0.03554167598485947,0.15317648649215698,0.021081991493701935,0.7901998460292816,0.1694072921882602
139,random,reworded,gender_man,0,0.042087726294994354,0,0.042087726294994354,False,0.0,0.019426267594099045,0.17243404686450958,0.021181706339120865,0.7869579792022705,0.09118514517163312
139,random,reworded,gender_woman,0,0.02595735713839531,0,0.042087726294994354,False,-0.016130369156599045,0.020417237654328346,0.17243798077106476,0.02138242870569229,0.7857623528689146,0.09530181986098675
139,random,reworded,region_western_europe,0,0.29421496391296387,0,0.042087726294994354,False,0.2521272376179695,0.021352555602788925,0.17039164900779724,0.020490583032369614,0.7877652123570442,0.1006081794597712
139,random,reworded,region_arab_culture,0,0.18242551386356354,0,0.042087726294994354,False,0.14033778756856918,0.027978580445051193,0.16833260655403137,0.02150534652173519,0.7821834664791822,0.12845021446628224
139,random,reworded,placebo,0,0.009708477184176445,0,0.042087726294994354,False,-0.03237924911081791,0.02134995348751545,0.1753021627664566,0.020979925990104675,0.7823679577559233,0.09810114938668471
139,random,embedded,gender_man,0,0.0019267346942797303,0,0.042087726294994354,False,-0.040160991600714624,0.005537593737244606,0.17114651203155518,0.01857178658246994,0.8047441076487303,0.02836069974924163
139,random,embedded,gender_woman,0,0.0019267346942797303,0,0.042087726294994354,False,-0.040160991600714624,0.005852947942912579,0.17112673819065094,0.018048681318759918,0.8049716325476766,0.03001075186840903
139,random,embedded,region_western_europe,0,0.14804719388484955,0,0.042087726294994354,False,0.1059594675898552,0.00814330019056797,0.17011234164237976,0.018006909638643265,0.803737448528409,0.04149186958749343
139,random,embedded,region_arab_culture,0,0.09534946084022522,0,0.042087726294994354,False,0.053261734545230865,0.011701574549078941,0.16677919030189514,0.017931578680872917,0.803587656468153,0.0595765741534549
139,random,embedded,placebo,0,0.00023050671734381467,0,0.042087726294994354,False,-0.04185721957765054,0.008801747113466263,0.168784037232399,0.01774417608976364,0.8046700395643711,0.045060916890764864
2291,social-group,prefix,gender_man,1,0.9525741338729858,1,0.9149009585380554,False,0.03767317533493042,0.00967666506767273,0.1700683981180191,0.03717075288295746,0.7830841839313507,0.04461023286845192
2291,social-group,prefix,gender_woman,1,0.8807970285415649,1,0.9149009585380554,False,-0.03410392999649048,0.010638942942023277,0.17081165313720703,0.03738221526145935,0.7811671886593103,0.04861676307516814
2291,social-group,prefix,region_western_europe,1,0.957912266254425,1,0.9149009585380554,False,0.04301130771636963,0.011863470077514648,0.1701710969209671,0.03849383071064949,0.7794716022908688,0.05379565716140614
2291,social-group,prefix,region_arab_culture,1,0.957912266254425,1,0.9149009585380554,False,0.04301130771636963,0.017339790239930153,0.1656353920698166,0.04102802276611328,0.77599679492414,0.07740867026459701
2291,social-group,prefix,placebo,1,0.7310585379600525,1,0.9149009585380554,False,-0.18384242057800293,0.01406763680279255,0.1710609346628189,0.038955021649599075,0.7759164068847895,0.06277852210072249
2291,social-group,suffix,gender_man,1,0.7772998809814453,1,0.9149009585380554,False,-0.1376010775566101,0.028145069256424904,0.1576690524816513,0.03476344048976898,0.7794224377721548,0.12759715436220348
2291,social-group,suffix,gender_woman,1,0.7549149990081787,1,0.9149009585380554,False,-0.1599859595298767,0.030303996056318283,0.15674744546413422,0.03473770618438721,0.7782108522951603,0.13663425992622186
2291,social-group,suffix,region_western_europe,1,0.7981867790222168,1,0.9149009585380554,False,-0.11671417951583862,0.031644754111766815,0.1552230715751648,0.03469260036945343,0.778439573943615,0.14282674336306578
2291,social-group,suffix,region_arab_culture,1,0.6513549089431763,1,0.9149009585380554,False,-0.26354604959487915,0.038450293242931366,0.14815381169319153,0.03366147726774216,0.779734417796135,0.17456332876983024
2291,social-group,suffix,placebo,1,0.6513549089431763,1,0.9149009585380554,False,-0.26354604959487915,0.03558816760778427,0.15384051203727722,0.03541981428861618,0.7751515060663223,0.15827621072828496
2291,social-group,reworded,gender_man,1,0.9525741338729858,1,0.9149009585380554,False,0.03767317533493042,0.012498821131885052,0.16992056369781494,0.03666011989116669,0.7809204952791333,0.057051530894275275
2291,social-group,reworded,gender_woman,1,0.8354835510253906,1,0.9149009585380554,False,-0.0794174075126648,0.013377320021390915,0.17008349299430847,0.03671830892562866,0.779820878058672,0.06075653269684498
2291,social-group,reworded,region_western_europe,1,0.9626730680465698,1,0.9149009585380554,False,0.047772109508514404,0.013822617940604687,0.1697627156972885,0.03745425492525101,0.7789604114368558,0.06253458048152306
2291,social-group,reworded,region_arab_culture,1,0.957912266254425,1,0.9149009585380554,False,0.04301130771636963,0.019969427958130836,0.16551794111728668,0.03918901085853577,0.7753236200660467,0.08888085148960084
2291,social-group,reworded,placebo,1,0.7772998809814453,1,0.9149009585380554,False,-0.1376010775566101,0.015955578535795212,0.17100892961025238,0.037769876420497894,0.7752656154334545,0.07099749585079915
2291,social-group,embedded,gender_man,0,0.43782350420951843,1,0.9149009585380554,True,-0.477077454328537,0.004932922311127186,0.16998980939388275,0.033118437975645065,0.791958830319345,0.023711279448674818
2291,social-group,embedded,gender_woman,1,0.562176525592804,1,0.9149009585380554,False,-0.35272443294525146,0.005300342105329037,0.16890737414360046,0.03291832283139229,0.7928739609196782,0.025589936102981273
2291,social-group,embedded,region_western_europe,1,0.7981867790222168,1,0.9149009585380554,False,-0.11671417951583862,0.007094789296388626,0.16857141256332397,0.03281991556286812,0.7915138825774193,0.03403003223475159
2291,social-group,embedded,region_arab_culture,1,0.562176525592804,1,0.9149009585380554,False,-0.35272443294525146,0.009063920937478542,0.16690750420093536,0.03259884566068649,0.7914297292008996,0.04345739641010063
2291,social-group,embedded,placebo,0,0.13296423852443695,1,0.9149009585380554,True,-0.7819367200136185,0.008244864642620087,0.16631466150283813,0.03210511803627014,0.7933353558182716,0.03989489675539301
2668,social-group,prefix,gender_man,1,0.9149009585380554,1,0.531209409236908,False,0.38369154930114746,0.010697860270738602,0.17005673050880432,0.032244086265563965,0.7870013229548931,0.050225008057083416
2668,social-group,prefix,gender_woman,1,0.9046505093574524,1,0.531209409236908,False,0.37344110012054443,0.011627279222011566,0.17106172442436218,0.032705020159482956,0.7846059761941433,0.053981438373107794
2668,social-group,prefix,region_western_europe,1,0.9046505093574524,1,0.531209409236908,False,0.37344110012054443,0.013085847720503807,0.16946586966514587,0.033041857182979584,0.7844064254313707,0.0606968354538703
2668,social-group,prefix,region_arab_culture,1,0.7057850360870361,1,0.531209409236908,False,0.17457562685012817,0.018774626776576042,0.169157475233078,0.036532532423734665,0.7755353655666113,0.08364180319081638
2668,social-group,prefix,placebo,1,0.6791787147521973,1,0.531209409236908,False,0.1479693055152893,0.014666371047496796,0.173051118850708,0.034888170659542084,0.7773943394422531,0.06588498697988923
2668,social-group,suffix,gender_man,0,0.29421496391296387,1,0.531209409236908,True,-0.2369944453239441,0.0290342066437006,0.1576133370399475,0.031816162168979645,0.7815362941473722,0.13290174004137156
2668,social-group,suffix,gender_woman,0,0.2689414322376251,1,0.531209409236908,True,-0.26226797699928284,0.030904635787010193,0.15788528323173523,0.03169431909918785,0.7795157618820667,0.14016709788787635
2668,social-group,suffix,region_western_europe,1,0.531209409236908,1,0.531209409236908,False,0.0,0.032474592328071594,0.15596385300159454,0.03187890350818634,0.7796826511621475,0.14739916079859877
2668,social-group,suffix,region_arab_culture,0,0.2689414322376251,1,0.531209409236908,True,-0.26226797699928284,0.04026217386126518,0.1494445949792862,0.03232206404209137,0.7779711671173573,0.18133759178271439
2668,social-group,suffix,placebo,0,0.10669060051441193,1,0.531209409236908,True,-0.42451880872249603,0.034869808703660965,0.15485888719558716,0.03367219492793083,0.776599109172821,0.15608625630161857
2668,social-group,reworded,gender_man,1,0.9149009585380554,1,0.531209409236908,False,0.38369154930114746,0.013819660991430283,0.1707029491662979,0.0318937674164772,0.7835836224257946,0.06385681687464602
2668,social-group,reworded,gender_woman,1,0.8933094143867493,1,0.531209409236908,False,0.3621000051498413,0.014574744738638401,0.17042407393455505,0.03202451765537262,0.7829766636714339,0.0671575001343299
2668,social-group,reworded,region_western_europe,1,0.9241418242454529,1,0.531209409236908,False,0.3929324150085449,0.015375467017292976,0.16899341344833374,0.032408252358436584,0.7832228671759367,0.07092753196330782
2668,social-group,reworded,region_arab_culture,1,0.622459352016449,1,0.531209409236908,False,0.09124994277954102,0.02167617902159691,0.16722732782363892,0.034782811999320984,0.7763136811554432,0.09690435755554648
2668,social-group,reworded,placebo,1,0.6513549089431763,1,0.531209409236908,False,0.12014549970626831,0.016613062471151352,0.17251116037368774,0.03363153710961342,0.7772442400455475,0.07457972119126469
2668,social-group,embedded,gender_man,0,0.11920291930437088,1,0.531209409236908,True,-0.4120064899325371,0.0043992348946630955,0.1678612381219864,0.030140114948153496,0.797599412035197,0.021735287129838344
2668,social-group,embedded,gender_woman,0,0.24508501589298248,1,0.531209409236908,True,-0.2861243933439255,0.0050386604852974415,0.1674945056438446,0.02963225543498993,0.797834578435868,0.024923453508091893
2668,social-group,embedded,region_western_europe,1,0.5926666259765625,1,0.531209409236908,False,0.06145721673965454,0.007643137592822313,0.16581293940544128,0.02920369803905487,0.7973402249626815,0.0377141324242311
2668,social-group,embedded,region_arab_culture,0,0.22270014882087708,1,0.531209409236908,True,-0.3085092604160309,0.010135134682059288,0.1649167686700821,0.0292543675750494,0.7956937290728092,0.049607555539355794
2668,social-group,embedded,placebo,0,0.002182716503739357,1,0.531209409236908,True,-0.5290266927331686,0.00825103186070919,0.16517619788646698,0.028598815202713013,0.7979739550501108,0.04084142647427359
3005,moral,prefix,gender_man,1,0.8933094143867493,1,0.9669140577316284,False,-0.07360464334487915,0.01122092641890049,0.16992685198783875,0.03695829212665558,0.7818939294666052,0.051447107324701556
3005,moral,prefix,gender_woman,1,0.8807970285415649,1,0.9669140577316284,False,-0.08611702919006348,0.012009305879473686,0.1708562970161438,0.03816878795623779,0.7789656091481447,0.054332295681185326
3005,moral,prefix,region_western_europe,1,0.8354835510253906,1,0.9669140577316284,False,-0.1314305067062378,0.013612840324640274,0.17079013586044312,0.03809528052806854,0.7775017432868481,0.06118178418894379
3005,moral,prefix,region_arab_culture,1,0.8670357465744019,1,0.9669140577316284,False,-0.09987831115722656,0.018697421997785568,0.16994717717170715,0.04274532198905945,0.7686100788414478,0.08080482461884668
3005,moral,prefix,placebo,1,0.622459352016449,1,0.9669140577316284,False,-0.34445470571517944,0.014343643561005592,0.17400909960269928,0.03954102843999863,0.7721062283962965,0.06294004202075566
3005,moral,suffix,gender_man,0,0.3775406777858734,1,0.9669140577316284,True,-0.589373379945755,0.028528451919555664,0.1572006344795227,0.0347704216837883,0.7795004919171333,0.129381022967336
3005,moral,suffix,gender_woman,0,0.24508501589298248,1,0.9669140577316284,True,-0.7218290418386459,0.030680188909173012,0.15697041153907776,0.035003919154405594,0.7773454803973436,0.13779279649891726
3005,moral,suffix,region_western_europe,0,0.4073334336280823,1,0.9669140577316284,True,-0.5595806241035461,0.03220072016119957,0.15680505335330963,0.03553234785795212,0.7754618786275387,0.14340870033282846
3005,moral,suffix,region_arab_culture,0,0.14804719388484955,1,0.9669140577316284,True,-0.8188668638467789,0.04164646565914154,0.1444709300994873,0.035935766994953156,0.777946837246418,0.18755177878442414
3005,moral,suffix,placebo,0,0.042087726294994354,1,0.9669140577316284,True,-0.9248263314366341,0.035747431218624115,0.15250694751739502,0.03757522627711296,0.7741703949868679,0.15829382164727865
3005,moral,reworded,gender_man,1,0.8933094143867493,1,0.9669140577316284,False,-0.07360464334487915,0.014365642331540585,0.16993610560894012,0.036140866577625275,0.779557385481894,0.06516726524471822
3005,moral,reworded,gender_woman,1,0.8807970285415649,1,0.9669140577316284,False,-0.08611702919006348,0.014816515147686005,0.17091521620750427,0.03685688599944115,0.7774113826453686,0.06656456796297053
3005,moral,reworded,region_western_europe,1,0.8175744414329529,1,0.9669140577316284,False,-0.14933961629867554,0.01573677733540535,0.1706075668334961,0.036254603415727615,0.7774010524153709,0.07069565020931846
3005,moral,reworded,region_arab_culture,1,0.9149009585380554,1,0.9669140577316284,False,-0.052013099193573,0.021075189113616943,0.16898564994335175,0.0391070656478405,0.7708320952951908,0.09196396476532724
3005,moral,reworded,placebo,1,0.622459352016449,1,0.9669140577316284,False,-0.34445470571517944,0.01631610468029976,0.1738021969795227,0.038074132055044174,0.7718075662851334,0.07150151481660091
3005,moral,embedded,gender_man,1,0.562176525592804,1,0.9669140577316284,False,-0.40473753213882446,0.00462593836709857,0.1663520634174347,0.033893756568431854,0.7951282416470349,0.022579678157146146
3005,moral,embedded,gender_woman,0,0.03308597952127457,1,0.9669140577316284,True,-0.9338280782103539,0.005330488085746765,0.16768039762973785,0.03351251035928726,0.7934766039252281,0.02581057733438036
3005,moral,embedded,region_western_europe,1,0.6513549089431763,1,0.9669140577316284,False,-0.31555914878845215,0.007431789766997099,0.16960842907428741,0.03332071378827095,0.7896390673704445,0.03532875460332952
3005,moral,embedded,region_arab_culture,1,0.6513549089431763,1,0.9669140577316284,False,-0.31555914878845215,0.010402658954262733,0.16535700857639313,0.03380193933844566,0.7904383931308985,0.0496400992036702
3005,moral,embedded,placebo,0,0.007577240467071533,1,0.9669140577316284,True,-0.9593368172645569,0.008059578016400337,0.16460207104682922,0.033093541860580444,0.79424480907619,0.039170715354563054
2884,moral,prefix,gender_man,1,0.8807970285415649,1,0.8807970285415649,False,0.0,0.011643562465906143,0.16945615410804749,0.03333628922700882,0.7855639941990376,0.05429854199351947
2884,moral,prefix,gender_woman,1,0.7549149990081787,1,0.8807970285415649,False,-0.12588202953338623,0.012615608982741833,0.169684499502182,0.033447857946157455,0.7842520335689187,0.058473825693146325
2884,moral,prefix,region_western_europe,1,0.8175744414329529,1,0.8807970285415649,False,-0.06322258710861206,0.014437440782785416,0.16962715983390808,0.03360233083367348,0.782333068549633,0.06632813117998809
2884,moral,prefix,region_arab_culture,1,0.9399133324623108,1,0.8807970285415649,False,0.05911630392074585,0.02083629183471203,0.16136667132377625,0.036235928535461426,0.7815611083060503,0.09538728050271073
2884,moral,prefix,placebo,0,0.4687906503677368,1,0.8807970285415649,True,-0.4120063781738281,0.01747114397585392,0.16563378274440765,0.04318122938275337,0.773713843896985,0.07720818753004192
2884,moral,suffix,gender_man,0,0.24508501589298248,1,0.8807970285415649,True,-0.6357120126485825,0.03045673295855522,0.15629594027996063,0.031549468636512756,0.7816978581249714,0.13951641837756582
2884,moral,suffix,gender_woman,0,0.16451644897460938,1,0.8807970285415649,True,-0.7162805795669556,0.03411488980054855,0.15438151359558105,0.03164459764957428,0.7798589989542961,0.15496835954455343
2884,moral,suffix,region_western_europe,0,0.29421496391296387,1,0.8807970285415649,True,-0.5865820646286011,0.03185839578509331,0.15611976385116577,0.03129315748810768,0.7807286828756332,0.14529212576866038
2884,moral,suffix,region_arab_culture,0,0.2018132209777832,1,0.8807970285415649,True,-0.6789838075637817,0.04047373682260513,0.14713895320892334,0.030874261632561684,0.7815130483359098,0.1852455559214856
2884,moral,suffix,placebo,0,0.03308597952127457,1,0.8807970285415649,True,-0.8477110490202904,0.03586478531360626,0.1502508521080017,0.032708022743463516,0.7811763398349285,0.16389811452084915
2884,moral,reworded,gender_man,1,0.7981867790222168,1,0.8807970285415649,False,-0.08261024951934814,0.01507660374045372,0.1690521091222763,0.03282322734594345,0.7830480597913265,0.06949282742506202
2884,moral,reworded,gender_woman,1,0.7057850360870361,1,0.8807970285415649,False,-0.1750119924545288,0.015940891578793526,0.16838860511779785,0.03316015377640724,0.7825103495270014,0.07329494320361966
2884,moral,reworded,region_western_europe,1,0.7772998809814453,1,0.8807970285415649,False,-0.10349714756011963,0.016707520931959152,0.1690870225429535,0.032598890364170074,0.7816065661609173,0.07650193798532257
2884,moral,reworded,region_arab_culture,1,0.9465966820716858,1,0.8807970285415649,False,0.06579965353012085,0.023564310744404793,0.1614099144935608,0.034259676933288574,0.7807660978287458,0.10748479368851253
2884,moral,reworded,placebo,0,0.5,1,0.8807970285415649,True,-0.38079702854156494,0.01908555068075657,0.1662927120923996,0.03955335542559624,0.7750683818012476,0.08485045736830264
2884,moral,embedded,gender_man,1,0.7310585379600525,1,0.8807970285415649,False,-0.14973849058151245,0.004732095170766115,0.16849476099014282,0.029265794903039932,0.7975073489360511,0.023369219306984528
2884,moral,embedded,gender_woman,0,0.24508501589298248,1,0.8807970285415649,True,-0.6357120126485825,0.005697790998965502,0.16865816712379456,0.02907898835837841,0.7965650535188615,0.028007926354451467
2884,moral,embedded,region_western_europe,1,0.6791787147521973,1,0.8807970285415649,False,-0.20161831378936768,0.008006798103451729,0.16897037625312805,0.029043134301900864,0.7939796913415194,0.03886412051117047
2884,moral,embedded,region_arab_culture,1,0.531209409236908,1,0.8807970285415649,False,-0.349587619304657,0.011587460525333881,0.16574832797050476,0.028745656833052635,0.7939185546711087,0.0562275779211521
2884,moral,embedded,placebo,0,0.0004305570910219103,1,0.8807970285415649,True,-0.880366471450543,0.008951558731496334,0.16509594023227692,0.028232848271727562,0.7977196527644992,0.04425323000397395
