item_id,variant,condition,d_prob,d_logodds
3,none,baseline,0.0,0.0
3,prefix,region_western_europe,0.0,0.0
3,prefix,region_north_america,0.0,0.0
3,prefix,region_latin_america,0.0,0.0
3,prefix,region_arab_culture,0.0,0.0
3,prefix,region_indian_cultural_sphere,0.0,0.0
3,prefix,region_sinosphere,0.0,0.0
3,prefix,region_sub_saharan_africa,0.0,0.0
3,prefix,region_oceania,0.0,0.0
3,prefix,gender_man,0.0,0.0
3,prefix,gender_woman,0.0,0.0
3,prefix,religion_christian,0.0,0.0
3,prefix,religion_muslim,0.0,0.0
3,prefix,identity_arab,0.0,0.0
3,prefix,identity_european,0.0,0.0
3,prefix,placebo_runner,0.0,0.0
3,prefix,placebo_cyclist,0.0,0.0
3,prefix,placebo_early_riser,0.0,0.0
3,prefix,placebo_chess,0.0,0.0
3,prefix,placebo_maps,0.0,0.0
3,prefix,placebo_crossword,0.0,0.0
3,prefix,placebo_stairs,0.0,0.0
3,prefix,placebo_tea,0.0,0.0
3,reworded,region_western_europe,0.0,0.0
3,reworded,region_north_america,0.0,0.0
3,reworded,region_latin_america,0.0,0.0
3,reworded,region_arab_culture,0.0,0.0
3,reworded,region_indian_cultural_sphere,0.0,0.0
3,reworded,region_sinosphere,0.0,0.0
3,reworded,region_sub_saharan_africa,0.0,0.0
3,reworded,region_oceania,0.0,0.0
3,reworded,gender_man,0.0,0.0
3,reworded,gender_woman,0.0,0.0
3,reworded,religion_christian,0.0,0.0
3,reworded,religion_muslim,0.0,0.0
3,reworded,identity_arab,0.0,0.0
3,reworded,identity_european,0.0,0.0
3,reworded,placebo_runner,0.0,0.0
3,reworded,placebo_cyclist,0.0,0.0
3,reworded,placebo_early_riser,0.0,0.0
3,reworded,placebo_chess,0.0,0.0
3,reworded,placebo_maps,0.0,0.0
3,reworded,placebo_crossword,0.0,0.0
3,reworded,placebo_stairs,0.0,0.0
3,reworded,placebo_tea,0.0,0.0
3,imagine,region_western_europe,0.0,0.0
3,imagine,region_north_america,0.0,0.0
3,imagine,region_latin_america,0.0,0.0
3,imagine,region_arab_culture,0.0,0.0
3,imagine,region_indian_cultural_sphere,0.0,0.0
3,imagine,region_sinosphere,0.0,0.0
3,imagine,region_sub_saharan_africa,0.0,0.0
3,imagine,region_oceania,0.0,0.0
3,imagine,gender_man,0.0,0.0
3,imagine,gender_woman,0.0,0.0
3,imagine,religion_christian,0.0,0.0
3,imagine,religion_muslim,0.0,0.0
3,imagine,identity_arab,0.0,0.0
3,imagine,identity_european,0.0,0.0
3,imagine,placebo_runner,0.0,0.0
3,imagine,placebo_cyclist,0.0,0.0
3,imagine,placebo_early_riser,0.0,0.0
3,imagine,placebo_chess,0.0,0.0
3,imagine,placebo_maps,0.0,0.0
3,imagine,placebo_crossword,0.0,0.0
3,imagine,placebo_stairs,0.0,0.0
3,imagine,placebo_tea,0.0,0.0
3,consider,region_western_europe,0.0,0.0
3,consider,region_north_america,0.0,0.0
3,consider,region_latin_america,0.0,0.0
3,consider,region_arab_culture,0.0,0.0
3,consider,region_indian_cultural_sphere,0.0,0.0
3,consider,region_sinosphere,0.0,0.0
3,consider,region_sub_saharan_africa,0.0,0.0
3,consider,region_oceania,0.0,0.0
3,consider,gender_man,0.0,0.0
3,consider,gender_woman,0.0,0.0
3,consider,religion_christian,0.0,0.0
3,consider,religion_muslim,0.0,0.0
3,consider,identity_arab,0.0,0.0
3,consider,identity_european,0.0,0.0
3,consider,placebo_runner,0.0,0.0
3,consider,placebo_cyclist,0.0,0.0
3,consider,placebo_early_riser,0.0,0.0
3,consider,placebo_chess,0.0,0.0
3,consider,placebo_maps,0.0,0.0
3,consider,placebo_crossword,0.0,0.0
3,consider,placebo_stairs,0.0,0.0
3,consider,placebo_tea,0.0,0.0
3,infix,region_western_europe,0.0,0.0
3,infix,region_north_america,0.0,0.0
3,infix,region_latin_america,0.0,0.0
3,infix,region_arab_culture,0.0,0.0
3,infix,region_indian_cultural_sphere,0.0,0.0
3,infix,region_sinosphere,0.0,0.0
3,infix,region_sub_saharan_africa,0.0,0.0
3,infix,region_oceania,0.0,0.0
3,infix,gender_man,0.0,0.0
3,infix,gender_woman,0.0,0.0
3,infix,religion_christian,0.0,0.0
3,infix,religion_muslim,0.0,0.0
3,infix,identity_arab,0.0,0.0
3,infix,identity_european,0.0,0.0
3,infix,placebo_runner,0.0,0.0
3,infix,placebo_cyclist,0.0,0.0
3,infix,placebo_early_riser,0.0,0.0
3,infix,placebo_chess,0.0,0.0
3,infix,placebo_maps,0.0,0.0
3,infix,placebo_crossword,0.0,0.0
3,infix,placebo_stairs,0.0,0.0
3,infix,placebo_tea,0.0,0.0
3,suffix,region_western_europe,0.0,0.0
3,suffix,region_north_america,0.0,0.0
3,suffix,region_latin_america,0.0,0.0
3,suffix,region_arab_culture,0.0,0.0
3,suffix,region_indian_cultural_sphere,0.0,0.0
3,suffix,region_sinosphere,0.0,0.0
3,suffix,region_sub_saharan_africa,0.0,0.0
3,suffix,region_oceania,0.0,0.0
3,suffix,gender_man,0.0,0.0
3,suffix,gender_woman,0.0,0.0
3,suffix,religion_christian,0.0,0.0
3,suffix,religion_muslim,0.0,0.0
3,suffix,identity_arab,0.0,0.0
3,suffix,identity_european,0.0,0.0
3,suffix,placebo_runner,0.0,0.0
3,suffix,placebo_cyclist,0.0,0.0
3,suffix,placebo_early_riser,0.0,0.0
3,suffix,placebo_chess,0.0,0.0
3,suffix,placebo_maps,0.0,0.0
3,suffix,placebo_crossword,0.0,0.0
3,suffix,placebo_stairs,0.0,0.0
3,suffix,placebo_tea,0.0,0.0
3,embedded,region_western_europe,0.0,0.0
3,embedded,region_north_america,0.0,0.0
3,embedded,region_latin_america,0.0,0.0
3,embedded,region_arab_culture,0.0,0.0
3,embedded,region_indian_cultural_sphere,0.0,0.0
3,embedded,region_sinosphere,0.0,0.0
3,embedded,region_sub_saharan_africa,0.0,0.0
3,embedded,region_oceania,0.0,0.0
3,embedded,gender_man,0.0,0.0
3,embedded,gender_woman,0.0,0.0
3,embedded,religion_christian,0.0,0.0
3,embedded,religion_muslim,0.0,0.0
3,embedded,identity_arab,0.0,0.0
3,embedded,identity_european,0.0,0.0
3,embedded,placebo_runner,0.0,0.0
3,embedded,placebo_cyclist,0.0,0.0
3,embedded,placebo_early_riser,0.0,0.0
3,embedded,placebo_chess,0.0,0.0
3,embedded,placebo_maps,0.0,0.0
3,embedded,placebo_crossword,0.0,0.0
3,embedded,placebo_stairs,0.0,0.0
3,embedded,placebo_tea,0.0,0.0
3,target,region_western_europe,0.0,0.0
3,target,region_north_america,0.0,0.0
3,target,region_latin_america,0.0,0.0
3,target,region_arab_culture,0.0,0.0
3,target,region_indian_cultural_sphere,0.0,0.0
3,target,region_sinosphere,0.0,0.0
3,target,region_sub_saharan_africa,0.0,0.0
3,target,region_oceania,0.0,0.0
3,target,gender_man,0.0,0.0
3,target,gender_woman,0.0,0.0
3,target,religion_christian,0.0,0.0
3,target,religion_muslim,0.0,0.0
3,target,identity_arab,0.0,0.0
3,target,identity_european,0.0,0.0
3,target,placebo_runner,0.0,0.0
3,target,placebo_cyclist,0.0,0.0
3,target,placebo_early_riser,0.0,0.0
3,target,placebo_chess,0.0,0.0
3,target,placebo_maps,0.0,0.0
3,target,placebo_crossword,0.0,0.0
3,target,placebo_stairs,0.0,0.0
3,target,placebo_tea,0.0,0.0
3,context,region_western_europe,0.0,0.0
3,context,region_north_america,0.0,0.0
3,context,region_latin_america,0.0,0.0
3,context,region_arab_culture,0.0,0.0
3,context,region_indian_cultural_sphere,0.0,0.0
3,context,region_sinosphere,0.0,0.0
3,context,region_sub_saharan_africa,0.0,0.0
3,context,region_oceania,0.0,0.0
3,context,gender_man,0.0,0.0
3,context,gender_woman,0.0,0.0
3,context,religion_christian,0.0,0.0
3,context,religion_muslim,0.0,0.0
3,context,identity_arab,0.0,0.0
3,context,identity_european,0.0,0.0
3,context,placebo_runner,0.0,0.0
3,context,placebo_cyclist,0.0,0.0
3,context,placebo_early_riser,0.0,0.0
3,context,placebo_chess,0.0,0.0
3,context,placebo_maps,0.0,0.0
3,context,placebo_crossword,0.0,0.0
3,context,placebo_stairs,0.0,0.0
3,context,placebo_tea,0.0,0.0
3,context_long,region_western_europe,0.0,0.0
3,context_long,region_north_america,0.0,0.0
3,context_long,region_latin_america,0.0,0.0
3,context_long,region_arab_culture,0.0,0.0
3,context_long,region_indian_cultural_sphere,0.0,0.0
3,context_long,region_sinosphere,0.0,0.0
3,context_long,region_sub_saharan_africa,0.0,0.0
3,context_long,region_oceania,0.0,0.0
3,context_long,gender_man,0.0,0.0
3,context_long,gender_woman,0.0,0.0
3,context_long,religion_christian,0.0,0.0
3,context_long,religion_muslim,0.0,0.0
3,context_long,identity_arab,0.0,0.0
3,context_long,identity_european,0.0,0.0
3,context_long,placebo_runner,0.0,0.0
3,context_long,placebo_cyclist,0.0,0.0
3,context_long,placebo_early_riser,0.0,0.0
3,context_long,placebo_chess,0.0,0.0
3,context_long,placebo_maps,0.0,0.0
3,context_long,placebo_crossword,0.0,0.0
3,context_long,placebo_stairs,0.0,0.0
3,context_long,placebo_tea,0.0,0.0
10,none,baseline,0.0,0.0
10,prefix,region_western_europe,0.0,0.0
10,prefix,region_north_america,0.0,0.0
10,prefix,region_latin_america,0.0,0.0
10,prefix,region_arab_culture,0.0,0.0
10,prefix,region_indian_cultural_sphere,0.0,0.0
10,prefix,region_sinosphere,0.0,0.0
10,prefix,region_sub_saharan_africa,0.0,0.0
10,prefix,region_oceania,0.0,0.0
10,prefix,gender_man,0.0,0.0
10,prefix,gender_woman,0.0,0.0
10,prefix,religion_christian,0.0,0.0
10,prefix,religion_muslim,0.0,0.0
10,prefix,identity_arab,0.0,0.0
10,prefix,identity_european,0.0,0.0
10,prefix,placebo_runner,0.0,0.0
10,prefix,placebo_cyclist,0.0,0.0
10,prefix,placebo_early_riser,0.0,0.0
10,prefix,placebo_chess,0.0,0.0
10,prefix,placebo_maps,0.0,0.0
10,prefix,placebo_crossword,0.0,0.0
10,prefix,placebo_stairs,0.0,0.0
10,prefix,placebo_tea,0.0,0.0
10,reworded,region_western_europe,0.0,0.0
10,reworded,region_north_america,0.0,0.0
10,reworded,region_latin_america,0.0,0.0
10,reworded,region_arab_culture,0.0,0.0
10,reworded,region_indian_cultural_sphere,0.0,0.0
10,reworded,region_sinosphere,0.0,0.0
10,reworded,region_sub_saharan_africa,0.0,0.0
10,reworded,region_oceania,0.0,0.0
10,reworded,gender_man,0.0,0.0
10,reworded,gender_woman,0.0,0.0
10,reworded,religion_christian,0.0,0.0
10,reworded,religion_muslim,0.0,0.0
10,reworded,identity_arab,0.0,0.0
10,reworded,identity_european,0.0,0.0
10,reworded,placebo_runner,0.0,0.0
10,reworded,placebo_cyclist,0.0,0.0
10,reworded,placebo_early_riser,0.0,0.0
10,reworded,placebo_chess,0.0,0.0
10,reworded,placebo_maps,0.0,0.0
10,reworded,placebo_crossword,0.0,0.0
10,reworded,placebo_stairs,0.0,0.0
10,reworded,placebo_tea,0.0,0.0
10,imagine,region_western_europe,0.0,0.0
10,imagine,region_north_america,0.0,0.0
10,imagine,region_latin_america,0.0,0.0
10,imagine,region_arab_culture,0.0,0.0
10,imagine,region_indian_cultural_sphere,0.0,0.0
10,imagine,region_sinosphere,0.0,0.0
10,imagine,region_sub_saharan_africa,0.0,0.0
10,imagine,region_oceania,0.0,0.0
10,imagine,gender_man,0.0,0.0
10,imagine,gender_woman,0.0,0.0
10,imagine,religion_christian,0.0,0.0
10,imagine,religion_muslim,0.0,0.0
10,imagine,identity_arab,0.0,0.0
10,imagine,identity_european,0.0,0.0
10,imagine,placebo_runner,0.0,0.0
10,imagine,placebo_cyclist,0.0,0.0
10,imagine,placebo_early_riser,0.0,0.0
10,imagine,placebo_chess,0.0,0.0
10,imagine,placebo_maps,0.0,0.0
10,imagine,placebo_crossword,0.0,0.0
10,imagine,placebo_stairs,0.0,0.0
10,imagine,placebo_tea,0.0,0.0
10,consider,region_western_europe,0.0,0.0
10,consider,region_north_america,0.0,0.0
10,consider,region_latin_america,0.0,0.0
10,consider,region_arab_culture,0.0,0.0
10,consider,region_indian_cultural_sphere,0.0,0.0
10,consider,region_sinosphere,0.0,0.0
10,consider,region_sub_saharan_africa,0.0,0.0
10,consider,region_oceania,0.0,0.0
10,consider,gender_man,0.0,0.0
10,consider,gender_woman,0.0,0.0
10,consider,religion_christian,0.0,0.0
10,consider,religion_muslim,0.0,0.0
10,consider,identity_arab,0.0,0.0
10,consider,identity_european,0.0,0.0
10,consider,placebo_runner,0.0,0.0
10,consider,placebo_cyclist,0.0,0.0
10,consider,placebo_early_riser,0.0,0.0
10,consider,placebo_chess,0.0,0.0
10,consider,placebo_maps,0.0,0.0
10,consider,placebo_crossword,0.0,0.0
10,consider,placebo_stairs,0.0,0.0
10,consider,placebo_tea,0.0,0.0
10,infix,region_western_europe,0.0,0.0
10,infix,region_north_america,0.0,0.0
10,infix,region_latin_america,0.0,0.0
10,infix,region_arab_culture,0.0,0.0
10,infix,region_indian_cultural_sphere,0.0,0.0
10,infix,region_sinosphere,0.0,0.0
10,infix,region_sub_saharan_africa,0.0,0.0
10,infix,region_oceania,0.0,0.0
10,infix,gender_man,0.0,0.0
10,infix,gender_woman,0.0,0.0
10,infix,religion_christian,0.0,0.0
10,infix,religion_muslim,0.0,0.0
10,infix,identity_arab,0.0,0.0
10,infix,identity_european,0.0,0.0
10,infix,placebo_runner,0.0,0.0
10,infix,placebo_cyclist,0.0,0.0
10,infix,placebo_early_riser,0.0,0.0
10,infix,placebo_chess,0.0,0.0
10,infix,placebo_maps,0.0,0.0
10,infix,placebo_crossword,0.0,0.0
10,infix,placebo_stairs,0.0,0.0
10,infix,placebo_tea,0.0,0.0
10,suffix,region_western_europe,0.0,0.0
10,suffix,region_north_america,0.0,0.0
10,suffix,region_latin_america,0.0,0.0
10,suffix,region_arab_culture,0.0,0.0
10,suffix,region_indian_cultural_sphere,0.0,0.0
10,suffix,region_sinosphere,0.0,0.0
10,suffix,region_sub_saharan_africa,0.0,0.0
10,suffix,region_oceania,0.0,0.0
10,suffix,gender_man,0.0,0.0
10,suffix,gender_woman,0.0,0.0
10,suffix,religion_christian,0.0,0.0
10,suffix,religion_muslim,0.0,0.0
10,suffix,identity_arab,0.0,0.0
10,suffix,identity_european,0.0,0.0
10,suffix,placebo_runner,0.0,0.0
10,suffix,placebo_cyclist,0.0,0.0
10,suffix,placebo_early_riser,0.0,0.0
10,suffix,placebo_chess,0.0,0.0
10,suffix,placebo_maps,0.0,0.0
10,suffix,placebo_crossword,0.0,0.0
10,suffix,placebo_stairs,0.0,0.0
10,suffix,placebo_tea,0.0,0.0
10,embedded,region_western_europe,0.0,0.0
10,embedded,region_north_america,0.0,0.0
10,embedded,region_latin_america,0.0,0.0
10,embedded,region_arab_culture,0.0,0.0
10,embedded,region_indian_cultural_sphere,0.0,0.0
10,embedded,region_sinosphere,0.0,0.0
10,embedded,region_sub_saharan_africa,0.0,0.0
10,embedded,region_oceania,0.0,0.0
10,embedded,gender_man,0.0,0.0
10,embedded,gender_woman,0.0,0.0
10,embedded,religion_christian,0.0,0.0
10,embedded,religion_muslim,0.0,0.0
10,embedded,identity_arab,0.0,0.0
10,embedded,identity_european,0.0,0.0
10,embedded,placebo_runner,0.0,0.0
10,embedded,placebo_cyclist,0.0,0.0
10,embedded,placebo_early_riser,0.0,0.0
10,embedded,placebo_chess,0.0,0.0
10,embedded,placebo_maps,0.0,0.0
10,embedded,placebo_crossword,0.0,0.0
10,embedded,placebo_stairs,0.0,0.0
10,embedded,placebo_tea,0.0,0.0
10,target,region_western_europe,0.0,0.0
10,target,region_north_america,0.0,0.0
10,target,region_latin_america,0.0,0.0
10,target,region_arab_culture,0.0,0.0
10,target,region_indian_cultural_sphere,0.0,0.0
10,target,region_sinosphere,0.0,0.0
10,target,region_sub_saharan_africa,0.0,0.0
10,target,region_oceania,0.0,0.0
10,target,gender_man,0.0,0.0
10,target,gender_woman,0.0,0.0
10,target,religion_christian,0.0,0.0
10,target,religion_muslim,0.0,0.0
10,target,identity_arab,0.0,0.0
10,target,identity_european,0.0,0.0
10,target,placebo_runner,0.0,0.0
10,target,placebo_cyclist,0.0,0.0
10,target,placebo_early_riser,0.0,0.0
10,target,placebo_chess,0.0,0.0
10,target,placebo_maps,0.0,0.0
10,target,placebo_crossword,0.0,0.0
10,target,placebo_stairs,0.0,0.0
10,target,placebo_tea,0.0,0.0
10,context,region_western_europe,0.0,0.0
10,context,region_north_america,0.0,0.0
10,context,region_latin_america,0.0,0.0
10,context,region_arab_culture,0.0,0.0
10,context,region_indian_cultural_sphere,0.0,0.0
10,context,region_sinosphere,0.0,0.0
10,context,region_sub_saharan_africa,0.0,0.0
10,context,region_oceania,0.0,0.0
10,context,gender_man,0.0,0.0
10,context,gender_woman,0.0,0.0
10,context,religion_christian,0.0,0.0
10,context,religion_muslim,0.0,0.0
10,context,identity_arab,0.0,0.0
10,context,identity_european,0.0,0.0
10,context,placebo_runner,0.0,0.0
10,context,placebo_cyclist,0.0,0.0
10,context,placebo_early_riser,0.0,0.0
10,context,placebo_chess,0.0,0.0
10,context,placebo_maps,0.0,0.0
10,context,placebo_crossword,0.0,0.0
10,context,placebo_stairs,0.0,0.0
10,context,placebo_tea,0.0,0.0
10,context_long,region_western_europe,0.0,0.0
10,context_long,region_north_america,0.0,0.0
10,context_long,region_latin_america,0.0,0.0
10,context_long,region_arab_culture,0.0,0.0
10,context_long,region_indian_cultural_sphere,0.0,0.0
10,context_long,region_sinosphere,0.0,0.0
10,context_long,region_sub_saharan_africa,0.0,0.0
10,context_long,region_oceania,0.0,0.0
10,context_long,gender_man,0.0,0.0
10,context_long,gender_woman,0.0,0.0
10,context_long,religion_christian,0.0,0.0
10,context_long,religion_muslim,0.0,0.0
10,context_long,identity_arab,0.0,0.0
10,context_long,identity_european,0.0,0.0
10,context_long,placebo_runner,0.0,0.0
10,context_long,placebo_cyclist,0.0,0.0
10,context_long,placebo_early_riser,0.0,0.0
10,context_long,placebo_chess,0.0,0.0
10,context_long,placebo_maps,0.0,0.0
10,context_long,placebo_crossword,0.0,0.0
10,context_long,placebo_stairs,0.0,0.0
10,context_long,placebo_tea,0.0,0.0
11,none,baseline,0.0,0.0
11,prefix,region_western_europe,0.0,0.0
11,prefix,region_north_america,0.0,0.0
11,prefix,region_latin_america,0.0,0.0
11,prefix,region_arab_culture,0.0,0.0
11,prefix,region_indian_cultural_sphere,0.0,0.0
11,prefix,region_sinosphere,0.0,0.0
11,prefix,region_sub_saharan_africa,0.0,0.0
11,prefix,region_oceania,0.0,0.0
11,prefix,gender_man,0.0,0.0
11,prefix,gender_woman,0.0,0.0
11,prefix,religion_christian,0.0,0.0
11,prefix,religion_muslim,0.0,0.0
11,prefix,identity_arab,0.0,0.0
11,prefix,identity_european,0.0,0.0
11,prefix,placebo_runner,0.0,0.0
11,prefix,placebo_cyclist,0.0,0.0
11,prefix,placebo_early_riser,0.0,0.0
11,prefix,placebo_chess,0.0,0.0
11,prefix,placebo_maps,0.0,0.0
11,prefix,placebo_crossword,0.0,0.0
11,prefix,placebo_stairs,0.0,0.0
11,prefix,placebo_tea,0.0,0.0
11,reworded,region_western_europe,0.0,0.0
11,reworded,region_north_america,0.0,0.0
11,reworded,region_latin_america,0.0,0.0
11,reworded,region_arab_culture,0.0,0.0
11,reworded,region_indian_cultural_sphere,0.0,0.0
11,reworded,region_sinosphere,0.0,0.0
11,reworded,region_sub_saharan_africa,0.0,0.0
11,reworded,region_oceania,0.0,0.0
11,reworded,gender_man,0.0,0.0
11,reworded,gender_woman,0.0,0.0
11,reworded,religion_christian,0.0,0.0
11,reworded,religion_muslim,0.0,0.0
11,reworded,identity_arab,0.0,0.0
11,reworded,identity_european,0.0,0.0
11,reworded,placebo_runner,0.0,0.0
11,reworded,placebo_cyclist,0.0,0.0
11,reworded,placebo_early_riser,0.0,0.0
11,reworded,placebo_chess,0.0,0.0
11,reworded,placebo_maps,0.0,0.0
11,reworded,placebo_crossword,0.0,0.0
11,reworded,placebo_stairs,0.0,0.0
11,reworded,placebo_tea,0.0,0.0
11,imagine,region_western_europe,0.0,0.0
11,imagine,region_north_america,0.0,0.0
11,imagine,region_latin_america,0.0,0.0
11,imagine,region_arab_culture,0.0,0.0
11,imagine,region_indian_cultural_sphere,0.0,0.0
11,imagine,region_sinosphere,0.0,0.0
11,imagine,region_sub_saharan_africa,0.0,0.0
11,imagine,region_oceania,0.0,0.0
11,imagine,gender_man,0.0,0.0
11,imagine,gender_woman,0.0,0.0
11,imagine,religion_christian,0.0,0.0
11,imagine,religion_muslim,0.0,0.0
11,imagine,identity_arab,0.0,0.0
11,imagine,identity_european,0.0,0.0
11,imagine,placebo_runner,0.0,0.0
11,imagine,placebo_cyclist,0.0,0.0
11,imagine,placebo_early_riser,0.0,0.0
11,imagine,placebo_chess,0.0,0.0
11,imagine,placebo_maps,0.0,0.0
11,imagine,placebo_crossword,0.0,0.0
11,imagine,placebo_stairs,0.0,0.0
11,imagine,placebo_tea,0.0,0.0
11,consider,region_western_europe,0.0,0.0
11,consider,region_north_america,0.0,0.0
11,consider,region_latin_america,0.0,0.0
11,consider,region_arab_culture,0.0,0.0
11,consider,region_indian_cultural_sphere,0.0,0.0
11,consider,region_sinosphere,0.0,0.0
11,consider,region_sub_saharan_africa,0.0,0.0
11,consider,region_oceania,0.0,0.0
11,consider,gender_man,0.0,0.0
11,consider,gender_woman,0.0,0.0
11,consider,religion_christian,0.0,0.0
11,consider,religion_muslim,0.0,0.0
11,consider,identity_arab,0.0,0.0
11,consider,identity_european,0.0,0.0
11,consider,placebo_runner,0.0,0.0
11,consider,placebo_cyclist,0.0,0.0
11,consider,placebo_early_riser,0.0,0.0
11,consider,placebo_chess,0.0,0.0
11,consider,placebo_maps,0.0,0.0
11,consider,placebo_crossword,0.0,0.0
11,consider,placebo_stairs,0.0,0.0
11,consider,placebo_tea,0.0,0.0
11,infix,region_western_europe,0.0,0.0
11,infix,region_north_america,0.0,0.0
11,infix,region_latin_america,0.0,0.0
11,infix,region_arab_culture,0.0,0.0
11,infix,region_indian_cultural_sphere,0.0,0.0
11,infix,region_sinosphere,0.0,0.0
11,infix,region_sub_saharan_africa,0.0,0.0
11,infix,region_oceania,0.0,0.0
11,infix,gender_man,0.0,0.0
11,infix,gender_woman,0.0,0.0
11,infix,religion_christian,0.0,0.0
11,infix,religion_muslim,0.0,0.0
11,infix,identity_arab,0.0,0.0
11,infix,identity_european,0.0,0.0
11,infix,placebo_runner,0.0,0.0
11,infix,placebo_cyclist,0.0,0.0
11,infix,placebo_early_riser,0.0,0.0
11,infix,placebo_chess,0.0,0.0
11,infix,placebo_maps,0.0,0.0
11,infix,placebo_crossword,0.0,0.0
11,infix,placebo_stairs,0.0,0.0
11,infix,placebo_tea,0.0,0.0
11,suffix,region_western_europe,0.0,0.0
11,suffix,region_north_america,0.0,0.0
11,suffix,region_latin_america,0.0,0.0
11,suffix,region_arab_culture,0.0,0.0
11,suffix,region_indian_cultural_sphere,0.0,0.0
11,suffix,region_sinosphere,0.0,0.0
11,suffix,region_sub_saharan_africa,0.0,0.0
11,suffix,region_oceania,0.0,0.0
11,suffix,gender_man,0.0,0.0
11,suffix,gender_woman,0.0,0.0
11,suffix,religion_christian,0.0,0.0
11,suffix,religion_muslim,0.0,0.0
11,suffix,identity_arab,0.0,0.0
11,suffix,identity_european,0.0,0.0
11,suffix,placebo_runner,0.0,0.0
11,suffix,placebo_cyclist,0.0,0.0
11,suffix,placebo_early_riser,0.0,0.0
11,suffix,placebo_chess,0.0,0.0
11,suffix,placebo_maps,0.0,0.0
11,suffix,placebo_crossword,0.0,0.0
11,suffix,placebo_stairs,0.0,0.0
11,suffix,placebo_tea,0.0,0.0
11,embedded,region_western_europe,0.0,0.0
11,embedded,region_north_america,0.0,0.0
11,embedded,region_latin_america,0.0,0.0
11,embedded,region_arab_culture,0.0,0.0
11,embedded,region_indian_cultural_sphere,0.0,0.0
11,embedded,region_sinosphere,0.0,0.0
11,embedded,region_sub_saharan_africa,0.0,0.0
11,embedded,region_oceania,0.0,0.0
11,embedded,gender_man,0.0,0.0
11,embedded,gender_woman,0.0,0.0
11,embedded,religion_christian,0.0,0.0
11,embedded,religion_muslim,0.0,0.0
11,embedded,identity_arab,0.0,0.0
11,embedded,identity_european,0.0,0.0
11,embedded,placebo_runner,0.0,0.0
11,embedded,placebo_cyclist,0.0,0.0
11,embedded,placebo_early_riser,0.0,0.0
11,embedded,placebo_chess,0.0,0.0
11,embedded,placebo_maps,0.0,0.0
11,embedded,placebo_crossword,0.0,0.0
11,embedded,placebo_stairs,0.0,0.0
11,embedded,placebo_tea,0.0,0.0
11,target,region_western_europe,0.0,0.0
11,target,region_north_america,0.0,0.0
11,target,region_latin_america,0.0,0.0
11,target,region_arab_culture,0.0,0.0
11,target,region_indian_cultural_sphere,0.0,0.0
11,target,region_sinosphere,0.0,0.0
11,target,region_sub_saharan_africa,0.0,0.0
11,target,region_oceania,0.0,0.0
11,target,gender_man,0.0,0.0
11,target,gender_woman,0.0,0.0
11,target,religion_christian,0.0,0.0
11,target,religion_muslim,0.0,0.0
11,target,identity_arab,0.0,0.0
11,target,identity_european,0.0,0.0
11,target,placebo_runner,0.0,0.0
11,target,placebo_cyclist,0.0,0.0
11,target,placebo_early_riser,0.0,0.0
11,target,placebo_chess,0.0,0.0
11,target,placebo_maps,0.0,0.0
11,target,placebo_crossword,0.0,0.0
11,target,placebo_stairs,0.0,0.0
11,target,placebo_tea,0.0,0.0
11,context,region_western_europe,0.0,0.0
11,context,region_north_america,0.0,0.0
11,context,region_latin_america,0.0,0.0
11,context,region_arab_culture,0.0,0.0
11,context,region_indian_cultural_sphere,0.0,0.0
11,context,region_sinosphere,0.0,0.0
11,context,region_sub_saharan_africa,0.0,0.0
11,context,region_oceania,0.0,0.0
11,context,gender_man,0.0,0.0
11,context,gender_woman,0.0,0.0
11,context,religion_christian,0.0,0.0
11,context,religion_muslim,0.0,0.0
11,context,identity_arab,0.0,0.0
11,context,identity_european,0.0,0.0
11,context,placebo_runner,0.0,0.0
11,context,placebo_cyclist,0.0,0.0
11,context,placebo_early_riser,0.0,0.0
11,context,placebo_chess,0.0,0.0
11,context,placebo_maps,0.0,0.0
11,context,placebo_crossword,0.0,0.0
11,context,placebo_stairs,0.0,0.0
11,context,placebo_tea,0.0,0.0
11,context_long,region_western_europe,0.0,0.0
11,context_long,region_north_america,0.0,0.0
11,context_long,region_latin_america,0.0,0.0
11,context_long,region_arab_culture,0.0,0.0
11,context_long,region_indian_cultural_sphere,0.0,0.0
11,context_long,region_sinosphere,0.0,0.0
11,context_long,region_sub_saharan_africa,0.0,0.0
11,context_long,region_oceania,0.0,0.0
11,context_long,gender_man,0.0,0.0
11,context_long,gender_woman,0.0,0.0
11,context_long,religion_christian,0.0,0.0
11,context_long,religion_muslim,0.0,0.0
11,context_long,identity_arab,0.0,0.0
11,context_long,identity_european,0.0,0.0
11,context_long,placebo_runner,0.0,0.0
11,context_long,placebo_cyclist,0.0,0.0
11,context_long,placebo_early_riser,0.0,0.0
11,context_long,placebo_chess,0.0,0.0
11,context_long,placebo_maps,0.0,0.0
11,context_long,placebo_crossword,0.0,0.0
11,context_long,placebo_stairs,0.0,0.0
11,context_long,placebo_tea,0.0,0.0
16,none,baseline,0.0,0.0
16,prefix,region_western_europe,0.0,0.0
16,prefix,region_north_america,0.0,0.0
16,prefix,region_latin_america,0.0,0.0
16,prefix,region_arab_culture,0.0,0.0
16,prefix,region_indian_cultural_sphere,0.0,0.0
16,prefix,region_sinosphere,0.0,0.0
16,prefix,region_sub_saharan_africa,0.0,0.0
16,prefix,region_oceania,0.0,0.0
16,prefix,gender_man,0.0,0.0
16,prefix,gender_woman,0.0,0.0
16,prefix,religion_christian,0.0,0.0
16,prefix,religion_muslim,0.0,0.0
16,prefix,identity_arab,0.0,0.0
16,prefix,identity_european,0.0,0.0
16,prefix,placebo_runner,0.0,0.0
16,prefix,placebo_cyclist,0.0,0.0
16,prefix,placebo_early_riser,0.0,0.0
16,prefix,placebo_chess,0.0,0.0
16,prefix,placebo_maps,0.0,0.0
16,prefix,placebo_crossword,0.0,0.0
16,prefix,placebo_stairs,0.0,0.0
16,prefix,placebo_tea,0.0,0.0
16,reworded,region_western_europe,0.0,0.0
16,reworded,region_north_america,0.0,0.0
16,reworded,region_latin_america,0.0,0.0
16,reworded,region_arab_culture,0.0,0.0
16,reworded,region_indian_cultural_sphere,0.0,0.0
16,reworded,region_sinosphere,0.0,0.0
16,reworded,region_sub_saharan_africa,0.0,0.0
16,reworded,region_oceania,0.0,0.0
16,reworded,gender_man,0.0,0.0
16,reworded,gender_woman,0.0,0.0
16,reworded,religion_christian,0.0,0.0
16,reworded,religion_muslim,0.0,0.0
16,reworded,identity_arab,0.0,0.0
16,reworded,identity_european,0.0,0.0
16,reworded,placebo_runner,0.0,0.0
16,reworded,placebo_cyclist,0.0,0.0
16,reworded,placebo_early_riser,0.0,0.0
16,reworded,placebo_chess,0.0,0.0
16,reworded,placebo_maps,0.0,0.0
16,reworded,placebo_crossword,0.0,0.0
16,reworded,placebo_stairs,0.0,0.0
16,reworded,placebo_tea,0.0,0.0
16,imagine,region_western_europe,0.0,0.0
16,imagine,region_north_america,0.0,0.0
16,imagine,region_latin_america,0.0,0.0
16,imagine,region_arab_culture,0.0,0.0
16,imagine,region_indian_cultural_sphere,0.0,0.0
16,imagine,region_sinosphere,0.0,0.0
16,imagine,region_sub_saharan_africa,0.0,0.0
16,imagine,region_oceania,0.0,0.0
16,imagine,gender_man,0.0,0.0
16,imagine,gender_woman,0.0,0.0
16,imagine,religion_christian,0.0,0.0
16,imagine,religion_muslim,0.0,0.0
16,imagine,identity_arab,0.0,0.0
16,imagine,identity_european,0.0,0.0
16,imagine,placebo_runner,0.0,0.0
16,imagine,placebo_cyclist,0.0,0.0
16,imagine,placebo_early_riser,0.0,0.0
16,imagine,placebo_chess,0.0,0.0
16,imagine,placebo_maps,0.0,0.0
16,imagine,placebo_crossword,0.0,0.0
16,imagine,placebo_stairs,0.0,0.0
16,imagine,placebo_tea,0.0,0.0
16,consider,region_western_europe,0.0,0.0
16,consider,region_north_america,0.0,0.0
16,consider,region_latin_america,0.0,0.0
16,consider,region_arab_culture,0.0,0.0
16,consider,region_indian_cultural_sphere,0.0,0.0
16,consider,region_sinosphere,0.0,0.0
16,consider,region_sub_saharan_africa,0.0,0.0
16,consider,region_oceania,0.0,0.0
16,consider,gender_man,0.0,0.0
16,consider,gender_woman,0.0,0.0
16,consider,religion_christian,0.0,0.0
16,consider,religion_muslim,0.0,0.0
16,consider,identity_arab,0.0,0.0
16,consider,identity_european,0.0,0.0
16,consider,placebo_runner,0.0,0.0
16,consider,placebo_cyclist,0.0,0.0
16,consider,placebo_early_riser,0.0,0.0
16,consider,placebo_chess,0.0,0.0
16,consider,placebo_maps,0.0,0.0
16,consider,placebo_crossword,0.0,0.0
16,consider,placebo_stairs,0.0,0.0
16,consider,placebo_tea,0.0,0.0
16,infix,region_western_europe,0.0,0.0
16,infix,region_north_america,0.0,0.0
16,infix,region_latin_america,0.0,0.0
16,infix,region_arab_culture,0.0,0.0
16,infix,region_indian_cultural_sphere,0.0,0.0
16,infix,region_sinosphere,0.0,0.0
16,infix,region_sub_saharan_africa,0.0,0.0
16,infix,region_oceania,0.0,0.0
16,infix,gender_man,0.0,0.0
16,infix,gender_woman,0.0,0.0
16,infix,religion_christian,0.0,0.0
16,infix,religion_muslim,0.0,0.0
16,infix,identity_arab,0.0,0.0
16,infix,identity_european,0.0,0.0
16,infix,placebo_runner,0.0,0.0
16,infix,placebo_cyclist,0.0,0.0
16,infix,placebo_early_riser,0.0,0.0
16,infix,placebo_chess,0.0,0.0
16,infix,placebo_maps,0.0,0.0
16,infix,placebo_crossword,0.0,0.0
16,infix,placebo_stairs,0.0,0.0
16,infix,placebo_tea,0.0,0.0
16,suffix,region_western_europe,0.0,0.0
16,suffix,region_north_america,0.0,0.0
16,suffix,region_latin_america,0.0,0.0
16,suffix,region_arab_culture,0.0,0.0
16,suffix,region_indian_cultural_sphere,0.0,0.0
16,suffix,region_sinosphere,0.0,0.0
16,suffix,region_sub_saharan_africa,0.0,0.0
16,suffix,region_oceania,0.0,0.0
16,suffix,gender_man,0.0,0.0
16,suffix,gender_woman,0.0,0.0
16,suffix,religion_christian,0.0,0.0
16,suffix,religion_muslim,0.0,0.0
16,suffix,identity_arab,0.0,0.0
16,suffix,identity_european,0.0,0.0
16,suffix,placebo_runner,0.0,0.0
16,suffix,placebo_cyclist,0.0,0.0
16,suffix,placebo_early_riser,0.0,0.0
16,suffix,placebo_chess,0.0,0.0
16,suffix,placebo_maps,0.0,0.0
16,suffix,placebo_crossword,0.0,0.0
16,suffix,placebo_stairs,0.0,0.0
16,suffix,placebo_tea,0.0,0.0
16,embedded,region_western_europe,0.0,0.0
16,embedded,region_north_america,0.0,0.0
16,embedded,region_latin_america,0.0,0.0
16,embedded,region_arab_culture,0.0,0.0
16,embedded,region_indian_cultural_sphere,0.0,0.0
16,embedded,region_sinosphere,0.0,0.0
16,embedded,region_sub_saharan_africa,0.0,0.0
16,embedded,region_oceania,0.0,0.0
16,embedded,gender_man,0.0,0.0
16,embedded,gender_woman,0.0,0.0
16,embedded,religion_christian,0.0,0.0
16,embedded,religion_muslim,0.0,0.0
16,embedded,identity_arab,0.0,0.0
16,embedded,identity_european,0.0,0.0
16,embedded,placebo_runner,0.0,0.0
16,embedded,placebo_cyclist,0.0,0.0
16,embedded,placebo_early_riser,0.0,0.0
16,embedded,placebo_chess,0.0,0.0
16,embedded,placebo_maps,0.0,0.0
16,embedded,placebo_crossword,0.0,0.0
16,embedded,placebo_stairs,0.0,0.0
16,embedded,placebo_tea,0.0,0.0
16,target,region_western_europe,0.0,0.0
16,target,region_north_america,0.0,0.0
16,target,region_latin_america,0.0,0.0
16,target,region_arab_culture,0.0,0.0
16,target,region_indian_cultural_sphere,0.0,0.0
16,target,region_sinosphere,0.0,0.0
16,target,region_sub_saharan_africa,0.0,0.0
16,target,region_oceania,0.0,0.0
16,target,gender_man,0.0,0.0
16,target,gender_woman,0.0,0.0
16,target,religion_christian,0.0,0.0
16,target,religion_muslim,0.0,0.0
16,target,identity_arab,0.0,0.0
16,target,identity_european,0.0,0.0
16,target,placebo_runner,0.0,0.0
16,target,placebo_cyclist,0.0,0.0
16,target,placebo_early_riser,0.0,0.0
16,target,placebo_chess,0.0,0.0
16,target,placebo_maps,0.0,0.0
16,target,placebo_crossword,0.0,0.0
16,target,placebo_stairs,0.0,0.0
16,target,placebo_tea,0.0,0.0
16,context,region_western_europe,0.0,0.0
16,context,region_north_america,0.0,0.0
16,context,region_latin_america,0.0,0.0
16,context,region_arab_culture,0.0,0.0
16,context,region_indian_cultural_sphere,0.0,0.0
16,context,region_sinosphere,0.0,0.0
16,context,region_sub_saharan_africa,0.0,0.0
16,context,region_oceania,0.0,0.0
16,context,gender_man,0.0,0.0
16,context,gender_woman,0.0,0.0
16,context,religion_christian,0.0,0.0
16,context,religion_muslim,0.0,0.0
16,context,identity_arab,0.0,0.0
16,context,identity_european,0.0,0.0
16,context,placebo_runner,0.0,0.0
16,context,placebo_cyclist,0.0,0.0
16,context,placebo_early_riser,0.0,0.0
16,context,placebo_chess,0.0,0.0
16,context,placebo_maps,0.0,0.0
16,context,placebo_crossword,0.0,0.0
16,context,placebo_stairs,0.0,0.0
16,context,placebo_tea,0.0,0.0
16,context_long,region_western_europe,0.0,0.0
16,context_long,region_north_america,0.0,0.0
16,context_long,region_latin_america,0.0,0.0
16,context_long,region_arab_culture,0.0,0.0
16,context_long,region_indian_cultural_sphere,0.0,0.0
16,context_long,region_sinosphere,0.0,0.0
16,context_long,region_sub_saharan_africa,0.0,0.0
16,context_long,region_oceania,0.0,0.0
16,context_long,gender_man,0.0,0.0
16,context_long,gender_woman,0.0,0.0
16,context_long,religion_christian,0.0,0.0
16,context_long,religion_muslim,0.0,0.0
16,context_long,identity_arab,0.0,0.0
16,context_long,identity_european,0.0,0.0
16,context_long,placebo_runner,0.0,0.0
16,context_long,placebo_cyclist,0.0,0.0
16,context_long,placebo_early_riser,0.0,0.0
16,context_long,placebo_chess,0.0,0.0
16,context_long,placebo_maps,0.0,0.0
16,context_long,placebo_crossword,0.0,0.0
16,context_long,placebo_stairs,0.0,0.0
16,context_long,placebo_tea,0.0,0.0
19,none,baseline,0.0,0.0
19,prefix,region_western_europe,0.0,0.0
19,prefix,region_north_america,0.0,0.0
19,prefix,region_latin_america,0.0,0.0
19,prefix,region_arab_culture,0.0,0.0
19,prefix,region_indian_cultural_sphere,0.0,0.0
19,prefix,region_sinosphere,0.0,0.0
19,prefix,region_sub_saharan_africa,0.0,0.0
19,prefix,region_oceania,0.0,0.0
19,prefix,gender_man,0.0,0.0
19,prefix,gender_woman,0.0,0.0
19,prefix,religion_christian,0.0,0.0
19,prefix,religion_muslim,0.0,0.0
19,prefix,identity_arab,0.0,0.0
19,prefix,identity_european,0.0,0.0
19,prefix,placebo_runner,0.0,0.0
19,prefix,placebo_cyclist,0.0,0.0
19,prefix,placebo_early_riser,0.0,0.0
19,prefix,placebo_chess,0.0,0.0
19,prefix,placebo_maps,0.0,0.0
19,prefix,placebo_crossword,0.0,0.0
19,prefix,placebo_stairs,0.0,0.0
19,prefix,placebo_tea,0.0,0.0
19,reworded,region_western_europe,0.0,0.0
19,reworded,region_north_america,0.0,0.0
19,reworded,region_latin_america,0.0,0.0
19,reworded,region_arab_culture,0.0,0.0
19,reworded,region_indian_cultural_sphere,0.0,0.0
19,reworded,region_sinosphere,0.0,0.0
19,reworded,region_sub_saharan_africa,0.0,0.0
19,reworded,region_oceania,0.0,0.0
19,reworded,gender_man,0.0,0.0
19,reworded,gender_woman,0.0,0.0
19,reworded,religion_christian,0.0,0.0
19,reworded,religion_muslim,0.0,0.0
19,reworded,identity_arab,0.0,0.0
19,reworded,identity_european,0.0,0.0
19,reworded,placebo_runner,0.0,0.0
19,reworded,placebo_cyclist,0.0,0.0
19,reworded,placebo_early_riser,0.0,0.0
19,reworded,placebo_chess,0.0,0.0
19,reworded,placebo_maps,0.0,0.0
19,reworded,placebo_crossword,0.0,0.0
19,reworded,placebo_stairs,0.0,0.0
19,reworded,placebo_tea,0.0,0.0
19,imagine,region_western_europe,0.0,0.0
19,imagine,region_north_america,0.0,0.0
19,imagine,region_latin_america,0.0,0.0
19,imagine,region_arab_culture,0.0,0.0
19,imagine,region_indian_cultural_sphere,0.0,0.0
19,imagine,region_sinosphere,0.0,0.0
19,imagine,region_sub_saharan_africa,0.0,0.0
19,imagine,region_oceania,0.0,0.0
19,imagine,gender_man,0.0,0.0
19,imagine,gender_woman,0.0,0.0
19,imagine,religion_christian,0.0,0.0
19,imagine,religion_muslim,0.0,0.0
19,imagine,identity_arab,0.0,0.0
19,imagine,identity_european,0.0,0.0
19,imagine,placebo_runner,0.0,0.0
19,imagine,placebo_cyclist,0.0,0.0
19,imagine,placebo_early_riser,0.0,0.0
19,imagine,placebo_chess,0.0,0.0
19,imagine,placebo_maps,0.0,0.0
19,imagine,placebo_crossword,0.0,0.0
19,imagine,placebo_stairs,0.0,0.0
19,imagine,placebo_tea,0.0,0.0
19,consider,region_western_europe,0.0,0.0
19,consider,region_north_america,0.0,0.0
19,consider,region_latin_america,0.0,0.0
19,consider,region_arab_culture,0.0,0.0
19,consider,region_indian_cultural_sphere,0.0,0.0
19,consider,region_sinosphere,0.0,0.0
19,consider,region_sub_saharan_africa,0.0,0.0
19,consider,region_oceania,0.0,0.0
19,consider,gender_man,0.0,0.0
19,consider,gender_woman,0.0,0.0
19,consider,religion_christian,0.0,0.0
19,consider,religion_muslim,0.0,0.0
19,consider,identity_arab,0.0,0.0
19,consider,identity_european,0.0,0.0
19,consider,placebo_runner,0.0,0.0
19,consider,placebo_cyclist,0.0,0.0
19,consider,placebo_early_riser,0.0,0.0
19,consider,placebo_chess,0.0,0.0
19,consider,placebo_maps,0.0,0.0
19,consider,placebo_crossword,0.0,0.0
19,consider,placebo_stairs,0.0,0.0
19,consider,placebo_tea,0.0,0.0
19,infix,region_western_europe,0.0,0.0
19,infix,region_north_america,0.0,0.0
19,infix,region_latin_america,0.0,0.0
19,infix,region_arab_culture,0.0,0.0
19,infix,region_indian_cultural_sphere,0.0,0.0
19,infix,region_sinosphere,0.0,0.0
19,infix,region_sub_saharan_africa,0.0,0.0
19,infix,region_oceania,0.0,0.0
19,infix,gender_man,0.0,0.0
19,infix,gender_woman,0.0,0.0
19,infix,religion_christian,0.0,0.0
19,infix,religion_muslim,0.0,0.0
19,infix,identity_arab,0.0,0.0
19,infix,identity_european,0.0,0.0
19,infix,placebo_runner,0.0,0.0
19,infix,placebo_cyclist,0.0,0.0
19,infix,placebo_early_riser,0.0,0.0
19,infix,placebo_chess,0.0,0.0
19,infix,placebo_maps,0.0,0.0
19,infix,placebo_crossword,0.0,0.0
19,infix,placebo_stairs,0.0,0.0
19,infix,placebo_tea,0.0,0.0
19,suffix,region_western_europe,0.0,0.0
19,suffix,region_north_america,0.0,0.0
19,suffix,region_latin_america,0.0,0.0
19,suffix,region_arab_culture,0.0,0.0
19,suffix,region_indian_cultural_sphere,0.0,0.0
19,suffix,region_sinosphere,0.0,0.0
19,suffix,region_sub_saharan_africa,0.0,0.0
19,suffix,region_oceania,0.0,0.0
19,suffix,gender_man,0.0,0.0
19,suffix,gender_woman,0.0,0.0
19,suffix,religion_christian,0.0,0.0
19,suffix,religion_muslim,0.0,0.0
19,suffix,identity_arab,0.0,0.0
19,suffix,identity_european,0.0,0.0
19,suffix,placebo_runner,0.0,0.0
19,suffix,placebo_cyclist,0.0,0.0
19,suffix,placebo_early_riser,0.0,0.0
19,suffix,placebo_chess,0.0,0.0
19,suffix,placebo_maps,0.0,0.0
19,suffix,placebo_crossword,0.0,0.0
19,suffix,placebo_stairs,0.0,0.0
19,suffix,placebo_tea,0.0,0.0
19,embedded,region_western_europe,0.0,0.0
19,embedded,region_north_america,0.0,0.0
19,embedded,region_latin_america,0.0,0.0
19,embedded,region_arab_culture,0.0,0.0
19,embedded,region_indian_cultural_sphere,0.0,0.0
19,embedded,region_sinosphere,0.0,0.0
19,embedded,region_sub_saharan_africa,0.0,0.0
19,embedded,region_oceania,0.0,0.0
19,embedded,gender_man,0.0,0.0
19,embedded,gender_woman,0.0,0.0
19,embedded,religion_christian,0.0,0.0
19,embedded,religion_muslim,0.0,0.0
19,embedded,identity_arab,0.0,0.0
19,embedded,identity_european,0.0,0.0
19,embedded,placebo_runner,0.0,0.0
19,embedded,placebo_cyclist,0.0,0.0
19,embedded,placebo_early_riser,0.0,0.0
19,embedded,placebo_chess,0.0,0.0
19,embedded,placebo_maps,0.0,0.0
19,embedded,placebo_crossword,0.0,0.0
19,embedded,placebo_stairs,0.0,0.0
19,embedded,placebo_tea,0.0,0.0
19,target,region_western_europe,0.0,0.0
19,target,region_north_america,0.0,0.0
19,target,region_latin_america,0.0,0.0
19,target,region_arab_culture,0.0,0.0
19,target,region_indian_cultural_sphere,0.0,0.0
19,target,region_sinosphere,0.0,0.0
19,target,region_sub_saharan_africa,0.0,0.0
19,target,region_oceania,0.0,0.0
19,target,gender_man,0.0,0.0
19,target,gender_woman,0.0,0.0
19,target,religion_christian,0.0,0.0
19,target,religion_muslim,0.0,0.0
19,target,identity_arab,0.0,0.0
19,target,identity_european,0.0,0.0
19,target,placebo_runner,0.0,0.0
19,target,placebo_cyclist,0.0,0.0
19,target,placebo_early_riser,0.0,0.0
19,target,placebo_chess,0.0,0.0
19,target,placebo_maps,0.0,0.0
19,target,placebo_crossword,0.0,0.0
19,target,placebo_stairs,0.0,0.0
19,target,placebo_tea,0.0,0.0
19,context,region_western_europe,0.0,0.0
19,context,region_north_america,0.0,0.0
19,context,region_latin_america,0.0,0.0
19,context,region_arab_culture,0.0,0.0
19,context,region_indian_cultural_sphere,0.0,0.0
19,context,region_sinosphere,0.0,0.0
19,context,region_sub_saharan_africa,0.0,0.0
19,context,region_oceania,0.0,0.0
19,context,gender_man,0.0,0.0
19,context,gender_woman,0.0,0.0
19,context,religion_christian,0.0,0.0
19,context,religion_muslim,0.0,0.0
19,context,identity_arab,0.0,0.0
19,context,identity_european,0.0,0.0
19,context,placebo_runner,0.0,0.0
19,context,placebo_cyclist,0.0,0.0
19,context,placebo_early_riser,0.0,0.0
19,context,placebo_chess,0.0,0.0
19,context,placebo_maps,0.0,0.0
19,context,placebo_crossword,0.0,0.0
19,context,placebo_stairs,0.0,0.0
19,context,placebo_tea,0.0,0.0
19,context_long,region_western_europe,0.0,0.0
19,context_long,region_north_america,0.0,0.0
19,context_long,region_latin_america,0.0,0.0
19,context_long,region_arab_culture,0.0,0.0
19,context_long,region_indian_cultural_sphere,0.0,0.0
19,context_long,region_sinosphere,0.0,0.0
19,context_long,region_sub_saharan_africa,0.0,0.0
19,context_long,region_oceania,0.0,0.0
19,context_long,gender_man,0.0,0.0
19,context_long,gender_woman,0.0,0.0
19,context_long,religion_christian,0.0,0.0
19,context_long,religion_muslim,0.0,0.0
19,context_long,identity_arab,0.0,0.0
19,context_long,identity_european,0.0,0.0
19,context_long,placebo_runner,0.0,0.0
19,context_long,placebo_cyclist,0.0,0.0
19,context_long,placebo_early_riser,0.0,0.0
19,context_long,placebo_chess,0.0,0.0
19,context_long,placebo_maps,0.0,0.0
19,context_long,placebo_crossword,0.0,0.0
19,context_long,placebo_stairs,0.0,0.0
19,context_long,placebo_tea,0.0,0.0
30,none,baseline,0.0,0.0
30,prefix,region_western_europe,0.0,0.0
30,prefix,region_north_america,0.0,0.0
30,prefix,region_latin_america,0.0,0.0
30,prefix,region_arab_culture,0.0,0.0
30,prefix,region_indian_cultural_sphere,0.0,0.0
30,prefix,region_sinosphere,0.0,0.0
30,prefix,region_sub_saharan_africa,0.0,0.0
30,prefix,region_oceania,0.0,0.0
30,prefix,gender_man,0.0,0.0
30,prefix,gender_woman,0.0,0.0
30,prefix,religion_christian,0.0,0.0
30,prefix,religion_muslim,0.0,0.0
30,prefix,identity_arab,0.0,0.0
30,prefix,identity_european,0.0,0.0
30,prefix,placebo_runner,0.0,0.0
30,prefix,placebo_cyclist,0.0,0.0
30,prefix,placebo_early_riser,0.0,0.0
30,prefix,placebo_chess,0.0,0.0
30,prefix,placebo_maps,0.0,0.0
30,prefix,placebo_crossword,0.0,0.0
30,prefix,placebo_stairs,0.0,0.0
30,prefix,placebo_tea,0.0,0.0
30,reworded,region_western_europe,0.0,0.0
30,reworded,region_north_america,0.0,0.0
30,reworded,region_latin_america,0.0,0.0
30,reworded,region_arab_culture,0.0,0.0
30,reworded,region_indian_cultural_sphere,0.0,0.0
30,reworded,region_sinosphere,0.0,0.0
30,reworded,region_sub_saharan_africa,0.0,0.0
30,reworded,region_oceania,0.0,0.0
30,reworded,gender_man,0.0,0.0
30,reworded,gender_woman,0.0,0.0
30,reworded,religion_christian,0.0,0.0
30,reworded,religion_muslim,0.0,0.0
30,reworded,identity_arab,0.0,0.0
30,reworded,identity_european,0.0,0.0
30,reworded,placebo_runner,0.0,0.0
30,reworded,placebo_cyclist,0.0,0.0
30,reworded,placebo_early_riser,0.0,0.0
30,reworded,placebo_chess,0.0,0.0
30,reworded,placebo_maps,0.0,0.0
30,reworded,placebo_crossword,0.0,0.0
30,reworded,placebo_stairs,0.0,0.0
30,reworded,placebo_tea,0.0,0.0
30,imagine,region_western_europe,0.0,0.0
30,imagine,region_north_america,0.0,0.0
30,imagine,region_latin_america,0.0,0.0
30,imagine,region_arab_culture,0.0,0.0
30,imagine,region_indian_cultural_sphere,0.0,0.0
30,imagine,region_sinosphere,0.0,0.0
30,imagine,region_sub_saharan_africa,0.0,0.0
30,imagine,region_oceania,0.0,0.0
30,imagine,gender_man,0.0,0.0
30,imagine,gender_woman,0.0,0.0
30,imagine,religion_christian,0.0,0.0
30,imagine,religion_muslim,0.0,0.0
30,imagine,identity_arab,0.0,0.0
30,imagine,identity_european,0.0,0.0
30,imagine,placebo_runner,0.0,0.0
30,imagine,placebo_cyclist,0.0,0.0
30,imagine,placebo_early_riser,0.0,0.0
30,imagine,placebo_chess,0.0,0.0
30,imagine,placebo_maps,0.0,0.0
30,imagine,placebo_crossword,0.0,0.0
30,imagine,placebo_stairs,0.0,0.0
30,imagine,placebo_tea,0.0,0.0
30,consider,region_western_europe,0.0,0.0
30,consider,region_north_america,0.0,0.0
30,consider,region_latin_america,0.0,0.0
30,consider,region_arab_culture,0.0,0.0
30,consider,region_indian_cultural_sphere,0.0,0.0
30,consider,region_sinosphere,0.0,0.0
30,consider,region_sub_saharan_africa,0.0,0.0
30,consider,region_oceania,0.0,0.0
30,consider,gender_man,0.0,0.0
30,consider,gender_woman,0.0,0.0
30,consider,religion_christian,0.0,0.0
30,consider,religion_muslim,0.0,0.0
30,consider,identity_arab,0.0,0.0
30,consider,identity_european,0.0,0.0
30,consider,placebo_runner,0.0,0.0
30,consider,placebo_cyclist,0.0,0.0
30,consider,placebo_early_riser,0.0,0.0
30,consider,placebo_chess,0.0,0.0
30,consider,placebo_maps,0.0,0.0
30,consider,placebo_crossword,0.0,0.0
30,consider,placebo_stairs,0.0,0.0
30,consider,placebo_tea,0.0,0.0
30,infix,region_western_europe,0.0,0.0
30,infix,region_north_america,0.0,0.0
30,infix,region_latin_america,0.0,0.0
30,infix,region_arab_culture,0.0,0.0
30,infix,region_indian_cultural_sphere,0.0,0.0
30,infix,region_sinosphere,0.0,0.0
30,infix,region_sub_saharan_africa,0.0,0.0
30,infix,region_oceania,0.0,0.0
30,infix,gender_man,0.0,0.0
30,infix,gender_woman,0.0,0.0
30,infix,religion_christian,0.0,0.0
30,infix,religion_muslim,0.0,0.0
30,infix,identity_arab,0.0,0.0
30,infix,identity_european,0.0,0.0
30,infix,placebo_runner,0.0,0.0
30,infix,placebo_cyclist,0.0,0.0
30,infix,placebo_early_riser,0.0,0.0
30,infix,placebo_chess,0.0,0.0
30,infix,placebo_maps,0.0,0.0
30,infix,placebo_crossword,0.0,0.0
30,infix,placebo_stairs,0.0,0.0
30,infix,placebo_tea,0.0,0.0
30,suffix,region_western_europe,0.0,0.0
30,suffix,region_north_america,0.0,0.0
30,suffix,region_latin_america,0.0,0.0
30,suffix,region_arab_culture,0.0,0.0
30,suffix,region_indian_cultural_sphere,0.0,0.0
30,suffix,region_sinosphere,0.0,0.0
30,suffix,region_sub_saharan_africa,0.0,0.0
30,suffix,region_oceania,0.0,0.0
30,suffix,gender_man,0.0,0.0
30,suffix,gender_woman,0.0,0.0
30,suffix,religion_christian,0.0,0.0
30,suffix,religion_muslim,0.0,0.0
30,suffix,identity_arab,0.0,0.0
30,suffix,identity_european,0.0,0.0
30,suffix,placebo_runner,0.0,0.0
30,suffix,placebo_cyclist,0.0,0.0
30,suffix,placebo_early_riser,0.0,0.0
30,suffix,placebo_chess,0.0,0.0
30,suffix,placebo_maps,0.0,0.0
30,suffix,placebo_crossword,0.0,0.0
30,suffix,placebo_stairs,0.0,0.0
30,suffix,placebo_tea,0.0,0.0
30,embedded,region_western_europe,0.0,0.0
30,embedded,region_north_america,0.0,0.0
30,embedded,region_latin_america,0.0,0.0
30,embedded,region_arab_culture,0.0,0.0
30,embedded,region_indian_cultural_sphere,0.0,0.0
30,embedded,region_sinosphere,0.0,0.0
30,embedded,region_sub_saharan_africa,0.0,0.0
30,embedded,region_oceania,0.0,0.0
30,embedded,gender_man,0.0,0.0
30,embedded,gender_woman,0.0,0.0
30,embedded,religion_christian,0.0,0.0
30,embedded,religion_muslim,0.0,0.0
30,embedded,identity_arab,0.0,0.0
30,embedded,identity_european,0.0,0.0
30,embedded,placebo_runner,0.0,0.0
30,embedded,placebo_cyclist,0.0,0.0
30,embedded,placebo_early_riser,0.0,0.0
30,embedded,placebo_chess,0.0,0.0
30,embedded,placebo_maps,0.0,0.0
30,embedded,placebo_crossword,0.0,0.0
30,embedded,placebo_stairs,0.0,0.0
30,embedded,placebo_tea,0.0,0.0
30,target,region_western_europe,0.0,0.0
30,target,region_north_america,0.0,0.0
30,target,region_latin_america,0.0,0.0
30,target,region_arab_culture,0.0,0.0
30,target,region_indian_cultural_sphere,0.0,0.0
30,target,region_sinosphere,0.0,0.0
30,target,region_sub_saharan_africa,0.0,0.0
30,target,region_oceania,0.0,0.0
30,target,gender_man,0.0,0.0
30,target,gender_woman,0.0,0.0
30,target,religion_christian,0.0,0.0
30,target,religion_muslim,0.0,0.0
30,target,identity_arab,0.0,0.0
30,target,identity_european,0.0,0.0
30,target,placebo_runner,0.0,0.0
30,target,placebo_cyclist,0.0,0.0
30,target,placebo_early_riser,0.0,0.0
30,target,placebo_chess,0.0,0.0
30,target,placebo_maps,0.0,0.0
30,target,placebo_crossword,0.0,0.0
30,target,placebo_stairs,0.0,0.0
30,target,placebo_tea,0.0,0.0
30,context,region_western_europe,0.0,0.0
30,context,region_north_america,0.0,0.0
30,context,region_latin_america,0.0,0.0
30,context,region_arab_culture,0.0,0.0
30,context,region_indian_cultural_sphere,0.0,0.0
30,context,region_sinosphere,0.0,0.0
30,context,region_sub_saharan_africa,0.0,0.0
30,context,region_oceania,0.0,0.0
30,context,gender_man,0.0,0.0
30,context,gender_woman,0.0,0.0
30,context,religion_christian,0.0,0.0
30,context,religion_muslim,0.0,0.0
30,context,identity_arab,0.0,0.0
30,context,identity_european,0.0,0.0
30,context,placebo_runner,0.0,0.0
30,context,placebo_cyclist,0.0,0.0
30,context,placebo_early_riser,0.0,0.0
30,context,placebo_chess,0.0,0.0
30,context,placebo_maps,0.0,0.0
30,context,placebo_crossword,0.0,0.0
30,context,placebo_stairs,0.0,0.0
30,context,placebo_tea,0.0,0.0
30,context_long,region_western_europe,0.0,0.0
30,context_long,region_north_america,0.0,0.0
30,context_long,region_latin_america,0.0,0.0
30,context_long,region_arab_culture,0.0,0.0
30,context_long,region_indian_cultural_sphere,0.0,0.0
30,context_long,region_sinosphere,0.0,0.0
30,context_long,region_sub_saharan_africa,0.0,0.0
30,context_long,region_oceania,0.0,0.0
30,context_long,gender_man,0.0,0.0
30,context_long,gender_woman,0.0,0.0
30,context_long,religion_christian,0.0,0.0
30,context_long,religion_muslim,0.0,0.0
30,context_long,identity_arab,0.0,0.0
30,context_long,identity_european,0.0,0.0
30,context_long,placebo_runner,0.0,0.0
30,context_long,placebo_cyclist,0.0,0.0
30,context_long,placebo_early_riser,0.0,0.0
30,context_long,placebo_chess,0.0,0.0
30,context_long,placebo_maps,0.0,0.0
30,context_long,placebo_crossword,0.0,0.0
30,context_long,placebo_stairs,0.0,0.0
30,context_long,placebo_tea,0.0,0.0
49,none,baseline,0.0,0.0
49,prefix,region_western_europe,0.0,0.0
49,prefix,region_north_america,0.0,0.0
49,prefix,region_latin_america,0.0,0.0
49,prefix,region_arab_culture,0.0,0.0
49,prefix,region_indian_cultural_sphere,0.0,0.0
49,prefix,region_sinosphere,0.0,0.0
49,prefix,region_sub_saharan_africa,0.0,0.0
49,prefix,region_oceania,0.0,0.0
49,prefix,gender_man,0.0,0.0
49,prefix,gender_woman,0.0,0.0
49,prefix,religion_christian,0.0,0.0
49,prefix,religion_muslim,0.0,0.0
49,prefix,identity_arab,0.0,0.0
49,prefix,identity_european,0.0,0.0
49,prefix,placebo_runner,0.0,0.0
49,prefix,placebo_cyclist,0.0,0.0
49,prefix,placebo_early_riser,0.0,0.0
49,prefix,placebo_chess,0.0,0.0
49,prefix,placebo_maps,0.0,0.0
49,prefix,placebo_crossword,0.0,0.0
49,prefix,placebo_stairs,0.0,0.0
49,prefix,placebo_tea,0.0,0.0
49,reworded,region_western_europe,0.0,0.0
49,reworded,region_north_america,0.0,0.0
49,reworded,region_latin_america,0.0,0.0
49,reworded,region_arab_culture,0.0,0.0
49,reworded,region_indian_cultural_sphere,0.0,0.0
49,reworded,region_sinosphere,0.0,0.0
49,reworded,region_sub_saharan_africa,0.0,0.0
49,reworded,region_oceania,0.0,0.0
49,reworded,gender_man,0.0,0.0
49,reworded,gender_woman,0.0,0.0
49,reworded,religion_christian,0.0,0.0
49,reworded,religion_muslim,0.0,0.0
49,reworded,identity_arab,0.0,0.0
49,reworded,identity_european,0.0,0.0
49,reworded,placebo_runner,0.0,0.0
49,reworded,placebo_cyclist,0.0,0.0
49,reworded,placebo_early_riser,0.0,0.0
49,reworded,placebo_chess,0.0,0.0
49,reworded,placebo_maps,0.0,0.0
49,reworded,placebo_crossword,0.0,0.0
49,reworded,placebo_stairs,0.0,0.0
49,reworded,placebo_tea,0.0,0.0
49,imagine,region_western_europe,0.0,0.0
49,imagine,region_north_america,0.0,0.0
49,imagine,region_latin_america,0.0,0.0
49,imagine,region_arab_culture,0.0,0.0
49,imagine,region_indian_cultural_sphere,0.0,0.0
49,imagine,region_sinosphere,0.0,0.0
49,imagine,region_sub_saharan_africa,0.0,0.0
49,imagine,region_oceania,0.0,0.0
49,imagine,gender_man,0.0,0.0
49,imagine,gender_woman,0.0,0.0
49,imagine,religion_christian,0.0,0.0
49,imagine,religion_muslim,0.0,0.0
49,imagine,identity_arab,0.0,0.0
49,imagine,identity_european,0.0,0.0
49,imagine,placebo_runner,0.0,0.0
49,imagine,placebo_cyclist,0.0,0.0
49,imagine,placebo_early_riser,0.0,0.0
49,imagine,placebo_chess,0.0,0.0
49,imagine,placebo_maps,0.0,0.0
49,imagine,placebo_crossword,0.0,0.0
49,imagine,placebo_stairs,0.0,0.0
49,imagine,placebo_tea,0.0,0.0
49,consider,region_western_europe,0.0,0.0
49,consider,region_north_america,0.0,0.0
49,consider,region_latin_america,0.0,0.0
49,consider,region_arab_culture,0.0,0.0
49,consider,region_indian_cultural_sphere,0.0,0.0
49,consider,region_sinosphere,0.0,0.0
49,consider,region_sub_saharan_africa,0.0,0.0
49,consider,region_oceania,0.0,0.0
49,consider,gender_man,0.0,0.0
49,consider,gender_woman,0.0,0.0
49,consider,religion_christian,0.0,0.0
49,consider,religion_muslim,0.0,0.0
49,consider,identity_arab,0.0,0.0
49,consider,identity_european,0.0,0.0
49,consider,placebo_runner,0.0,0.0
49,consider,placebo_cyclist,0.0,0.0
49,consider,placebo_early_riser,0.0,0.0
49,consider,placebo_chess,0.0,0.0
49,consider,placebo_maps,0.0,0.0
49,consider,placebo_crossword,0.0,0.0
49,consider,placebo_stairs,0.0,0.0
49,consider,placebo_tea,0.0,0.0
49,infix,region_western_europe,0.0,0.0
49,infix,region_north_america,0.0,0.0
49,infix,region_latin_america,0.0,0.0
49,infix,region_arab_culture,0.0,0.0
49,infix,region_indian_cultural_sphere,0.0,0.0
49,infix,region_sinosphere,0.0,0.0
49,infix,region_sub_saharan_africa,0.0,0.0
49,infix,region_oceania,0.0,0.0
49,infix,gender_man,0.0,0.0
49,infix,gender_woman,0.0,0.0
49,infix,religion_christian,0.0,0.0
49,infix,religion_muslim,0.0,0.0
49,infix,identity_arab,0.0,0.0
49,infix,identity_european,0.0,0.0
49,infix,placebo_runner,0.0,0.0
49,infix,placebo_cyclist,0.0,0.0
49,infix,placebo_early_riser,0.0,0.0
49,infix,placebo_chess,0.0,0.0
49,infix,placebo_maps,0.0,0.0
49,infix,placebo_crossword,0.0,0.0
49,infix,placebo_stairs,0.0,0.0
49,infix,placebo_tea,0.0,0.0
49,suffix,region_western_europe,0.0,0.0
49,suffix,region_north_america,0.0,0.0
49,suffix,region_latin_america,0.0,0.0
49,suffix,region_arab_culture,0.0,0.0
49,suffix,region_indian_cultural_sphere,0.0,0.0
49,suffix,region_sinosphere,0.0,0.0
49,suffix,region_sub_saharan_africa,0.0,0.0
49,suffix,region_oceania,0.0,0.0
49,suffix,gender_man,0.0,0.0
49,suffix,gender_woman,0.0,0.0
49,suffix,religion_christian,0.0,0.0
49,suffix,religion_muslim,0.0,0.0
49,suffix,identity_arab,0.0,0.0
49,suffix,identity_european,0.0,0.0
49,suffix,placebo_runner,0.0,0.0
49,suffix,placebo_cyclist,0.0,0.0
49,suffix,placebo_early_riser,0.0,0.0
49,suffix,placebo_chess,0.0,0.0
49,suffix,placebo_maps,0.0,0.0
49,suffix,placebo_crossword,0.0,0.0
49,suffix,placebo_stairs,0.0,0.0
49,suffix,placebo_tea,0.0,0.0
49,embedded,region_western_europe,0.0,0.0
49,embedded,region_north_america,0.0,0.0
49,embedded,region_latin_america,0.0,0.0
49,embedded,region_arab_culture,0.0,0.0
49,embedded,region_indian_cultural_sphere,0.0,0.0
49,embedded,region_sinosphere,0.0,0.0
49,embedded,region_sub_saharan_africa,0.0,0.0
49,embedded,region_oceania,0.0,0.0
49,embedded,gender_man,0.0,0.0
49,embedded,gender_woman,0.0,0.0
49,embedded,religion_christian,0.0,0.0
49,embedded,religion_muslim,0.0,0.0
49,embedded,identity_arab,0.0,0.0
49,embedded,identity_european,0.0,0.0
49,embedded,placebo_runner,0.0,0.0
49,embedded,placebo_cyclist,0.0,0.0
49,embedded,placebo_early_riser,0.0,0.0
49,embedded,placebo_chess,0.0,0.0
49,embedded,placebo_maps,0.0,0.0
49,embedded,placebo_crossword,0.0,0.0
49,embedded,placebo_stairs,0.0,0.0
49,embedded,placebo_tea,0.0,0.0
49,target,region_western_europe,0.0,0.0
49,target,region_north_america,0.0,0.0
49,target,region_latin_america,0.0,0.0
49,target,region_arab_culture,0.0,0.0
49,target,region_indian_cultural_sphere,0.0,0.0
49,target,region_sinosphere,0.0,0.0
49,target,region_sub_saharan_africa,0.0,0.0
49,target,region_oceania,0.0,0.0
49,target,gender_man,0.0,0.0
49,target,gender_woman,0.0,0.0
49,target,religion_christian,0.0,0.0
49,target,religion_muslim,0.0,0.0
49,target,identity_arab,0.0,0.0
49,target,identity_european,0.0,0.0
49,target,placebo_runner,0.0,0.0
49,target,placebo_cyclist,0.0,0.0
49,target,placebo_early_riser,0.0,0.0
49,target,placebo_chess,0.0,0.0
49,target,placebo_maps,0.0,0.0
49,target,placebo_crossword,0.0,0.0
49,target,placebo_stairs,0.0,0.0
49,target,placebo_tea,0.0,0.0
49,context,region_western_europe,0.0,0.0
49,context,region_north_america,0.0,0.0
49,context,region_latin_america,0.0,0.0
49,context,region_arab_culture,0.0,0.0
49,context,region_indian_cultural_sphere,0.0,0.0
49,context,region_sinosphere,0.0,0.0
49,context,region_sub_saharan_africa,0.0,0.0
49,context,region_oceania,0.0,0.0
49,context,gender_man,0.0,0.0
49,context,gender_woman,0.0,0.0
49,context,religion_christian,0.0,0.0
49,context,religion_muslim,0.0,0.0
49,context,identity_arab,0.0,0.0
49,context,identity_european,0.0,0.0
49,context,placebo_runner,0.0,0.0
49,context,placebo_cyclist,0.0,0.0
49,context,placebo_early_riser,0.0,0.0
49,context,placebo_chess,0.0,0.0
49,context,placebo_maps,0.0,0.0
49,context,placebo_crossword,0.0,0.0
49,context,placebo_stairs,0.0,0.0
49,context,placebo_tea,0.0,0.0
49,context_long,region_western_europe,0.0,0.0
49,context_long,region_north_america,0.0,0.0
49,context_long,region_latin_america,0.0,0.0
49,context_long,region_arab_culture,0.0,0.0
49,context_long,region_indian_cultural_sphere,0.0,0.0
49,context_long,region_sinosphere,0.0,0.0
49,context_long,region_sub_saharan_africa,0.0,0.0
49,context_long,region_oceania,0.0,0.0
49,context_long,gender_man,0.0,0.0
49,context_long,gender_woman,0.0,0.0
49,context_long,religion_christian,0.0,0.0
49,context_long,religion_muslim,0.0,0.0
49,context_long,identity_arab,0.0,0.0
49,context_long,identity_european,0.0,0.0
49,context_long,placebo_runner,0.0,0.0
49,context_long,placebo_cyclist,0.0,0.0
49,context_long,placebo_early_riser,0.0,0.0
49,context_long,placebo_chess,0.0,0.0
49,context_long,placebo_maps,0.0,0.0
49,context_long,placebo_crossword,0.0,0.0
49,context_long,placebo_stairs,0.0,0.0
49,context_long,placebo_tea,0.0,0.0
57,none,baseline,0.0,0.0
57,prefix,region_western_europe,0.0,0.0
57,prefix,region_north_america,0.0,0.0
57,prefix,region_latin_america,0.0,0.0
57,prefix,region_arab_culture,0.0,0.0
57,prefix,region_indian_cultural_sphere,0.0,0.0
57,prefix,region_sinosphere,0.0,0.0
57,prefix,region_sub_saharan_africa,0.0,0.0
57,prefix,region_oceania,0.0,0.0
57,prefix,gender_man,0.0,0.0
57,prefix,gender_woman,0.0,0.0
57,prefix,religion_christian,0.0,0.0
57,prefix,religion_muslim,0.0,0.0
57,prefix,identity_arab,0.0,0.0
57,prefix,identity_european,0.0,0.0
57,prefix,placebo_runner,0.0,0.0
57,prefix,placebo_cyclist,0.0,0.0
57,prefix,placebo_early_riser,0.0,0.0
57,prefix,placebo_chess,0.0,0.0
57,prefix,placebo_maps,0.0,0.0
57,prefix,placebo_crossword,0.0,0.0
57,prefix,placebo_stairs,0.0,0.0
57,prefix,placebo_tea,0.0,0.0
57,reworded,region_western_europe,0.0,0.0
57,reworded,region_north_america,0.0,0.0
57,reworded,region_latin_america,0.0,0.0
57,reworded,region_arab_culture,0.0,0.0
57,reworded,region_indian_cultural_sphere,0.0,0.0
57,reworded,region_sinosphere,0.0,0.0
57,reworded,region_sub_saharan_africa,0.0,0.0
57,reworded,region_oceania,0.0,0.0
57,reworded,gender_man,0.0,0.0
57,reworded,gender_woman,0.0,0.0
57,reworded,religion_christian,0.0,0.0
57,reworded,religion_muslim,0.0,0.0
57,reworded,identity_arab,0.0,0.0
57,reworded,identity_european,0.0,0.0
57,reworded,placebo_runner,0.0,0.0
57,reworded,placebo_cyclist,0.0,0.0
57,reworded,placebo_early_riser,0.0,0.0
57,reworded,placebo_chess,0.0,0.0
57,reworded,placebo_maps,0.0,0.0
57,reworded,placebo_crossword,0.0,0.0
57,reworded,placebo_stairs,0.0,0.0
57,reworded,placebo_tea,0.0,0.0
57,imagine,region_western_europe,0.0,0.0
57,imagine,region_north_america,0.0,0.0
57,imagine,region_latin_america,0.0,0.0
57,imagine,region_arab_culture,0.0,0.0
57,imagine,region_indian_cultural_sphere,0.0,0.0
57,imagine,region_sinosphere,0.0,0.0
57,imagine,region_sub_saharan_africa,0.0,0.0
57,imagine,region_oceania,0.0,0.0
57,imagine,gender_man,0.0,0.0
57,imagine,gender_woman,0.0,0.0
57,imagine,religion_christian,0.0,0.0
57,imagine,religion_muslim,0.0,0.0
57,imagine,identity_arab,0.0,0.0
57,imagine,identity_european,0.0,0.0
57,imagine,placebo_runner,0.0,0.0
57,imagine,placebo_cyclist,0.0,0.0
57,imagine,placebo_early_riser,0.0,0.0
57,imagine,placebo_chess,0.0,0.0
57,imagine,placebo_maps,0.0,0.0
57,imagine,placebo_crossword,0.0,0.0
57,imagine,placebo_stairs,0.0,0.0
57,imagine,placebo_tea,0.0,0.0
57,consider,region_western_europe,0.0,0.0
57,consider,region_north_america,0.0,0.0
57,consider,region_latin_america,0.0,0.0
57,consider,region_arab_culture,0.0,0.0
57,consider,region_indian_cultural_sphere,0.0,0.0
57,consider,region_sinosphere,0.0,0.0
57,consider,region_sub_saharan_africa,0.0,0.0
57,consider,region_oceania,0.0,0.0
57,consider,gender_man,0.0,0.0
57,consider,gender_woman,0.0,0.0
57,consider,religion_christian,0.0,0.0
57,consider,religion_muslim,0.0,0.0
57,consider,identity_arab,0.0,0.0
57,consider,identity_european,0.0,0.0
57,consider,placebo_runner,0.0,0.0
57,consider,placebo_cyclist,0.0,0.0
57,consider,placebo_early_riser,0.0,0.0
57,consider,placebo_chess,0.0,0.0
57,consider,placebo_maps,0.0,0.0
57,consider,placebo_crossword,0.0,0.0
57,consider,placebo_stairs,0.0,0.0
57,consider,placebo_tea,0.0,0.0
57,infix,region_western_europe,0.0,0.0
57,infix,region_north_america,0.0,0.0
57,infix,region_latin_america,0.0,0.0
57,infix,region_arab_culture,0.0,0.0
57,infix,region_indian_cultural_sphere,0.0,0.0
57,infix,region_sinosphere,0.0,0.0
57,infix,region_sub_saharan_africa,0.0,0.0
57,infix,region_oceania,0.0,0.0
57,infix,gender_man,0.0,0.0
57,infix,gender_woman,0.0,0.0
57,infix,religion_christian,0.0,0.0
57,infix,religion_muslim,0.0,0.0
57,infix,identity_arab,0.0,0.0
57,infix,identity_european,0.0,0.0
57,infix,placebo_runner,0.0,0.0
57,infix,placebo_cyclist,0.0,0.0
57,infix,placebo_early_riser,0.0,0.0
57,infix,placebo_chess,0.0,0.0
57,infix,placebo_maps,0.0,0.0
57,infix,placebo_crossword,0.0,0.0
57,infix,placebo_stairs,0.0,0.0
57,infix,placebo_tea,0.0,0.0
57,suffix,region_western_europe,0.0,0.0
57,suffix,region_north_america,0.0,0.0
57,suffix,region_latin_america,0.0,0.0
57,suffix,region_arab_culture,0.0,0.0
57,suffix,region_indian_cultural_sphere,0.0,0.0
57,suffix,region_sinosphere,0.0,0.0
57,suffix,region_sub_saharan_africa,0.0,0.0
57,suffix,region_oceania,0.0,0.0
57,suffix,gender_man,0.0,0.0
57,suffix,gender_woman,0.0,0.0
57,suffix,religion_christian,0.0,0.0
57,suffix,religion_muslim,0.0,0.0
57,suffix,identity_arab,0.0,0.0
57,suffix,identity_european,0.0,0.0
57,suffix,placebo_runner,0.0,0.0
57,suffix,placebo_cyclist,0.0,0.0
57,suffix,placebo_early_riser,0.0,0.0
57,suffix,placebo_chess,0.0,0.0
57,suffix,placebo_maps,0.0,0.0
57,suffix,placebo_crossword,0.0,0.0
57,suffix,placebo_stairs,0.0,0.0
57,suffix,placebo_tea,0.0,0.0
57,embedded,region_western_europe,0.0,0.0
57,embedded,region_north_america,0.0,0.0
57,embedded,region_latin_america,0.0,0.0
57,embedded,region_arab_culture,0.0,0.0
57,embedded,region_indian_cultural_sphere,0.0,0.0
57,embedded,region_sinosphere,0.0,0.0
57,embedded,region_sub_saharan_africa,0.0,0.0
57,embedded,region_oceania,0.0,0.0
57,embedded,gender_man,0.0,0.0
57,embedded,gender_woman,0.0,0.0
57,embedded,religion_christian,0.0,0.0
57,embedded,religion_muslim,0.0,0.0
57,embedded,identity_arab,0.0,0.0
57,embedded,identity_european,0.0,0.0
57,embedded,placebo_runner,0.0,0.0
57,embedded,placebo_cyclist,0.0,0.0
57,embedded,placebo_early_riser,0.0,0.0
57,embedded,placebo_chess,0.0,0.0
57,embedded,placebo_maps,0.0,0.0
57,embedded,placebo_crossword,0.0,0.0
57,embedded,placebo_stairs,0.0,0.0
57,embedded,placebo_tea,0.0,0.0
57,target,region_western_europe,0.0,0.0
57,target,region_north_america,0.0,0.0
57,target,region_latin_america,0.0,0.0
57,target,region_arab_culture,0.0,0.0
57,target,region_indian_cultural_sphere,0.0,0.0
57,target,region_sinosphere,0.0,0.0
57,target,region_sub_saharan_africa,0.0,0.0
57,target,region_oceania,0.0,0.0
57,target,gender_man,0.0,0.0
57,target,gender_woman,0.0,0.0
57,target,religion_christian,0.0,0.0
57,target,religion_muslim,0.0,0.0
57,target,identity_arab,0.0,0.0
57,target,identity_european,0.0,0.0
57,target,placebo_runner,0.0,0.0
57,target,placebo_cyclist,0.0,0.0
57,target,placebo_early_riser,0.0,0.0
57,target,placebo_chess,0.0,0.0
57,target,placebo_maps,0.0,0.0
57,target,placebo_crossword,0.0,0.0
57,target,placebo_stairs,0.0,0.0
57,target,placebo_tea,0.0,0.0
57,context,region_western_europe,0.0,0.0
57,context,region_north_america,0.0,0.0
57,context,region_latin_america,0.0,0.0
57,context,region_arab_culture,0.0,0.0
57,context,region_indian_cultural_sphere,0.0,0.0
57,context,region_sinosphere,0.0,0.0
57,context,region_sub_saharan_africa,0.0,0.0
57,context,region_oceania,0.0,0.0
57,context,gender_man,0.0,0.0
57,context,gender_woman,0.0,0.0
57,context,religion_christian,0.0,0.0
57,context,religion_muslim,0.0,0.0
57,context,identity_arab,0.0,0.0
57,context,identity_european,0.0,0.0
57,context,placebo_runner,0.0,0.0
57,context,placebo_cyclist,0.0,0.0
57,context,placebo_early_riser,0.0,0.0
57,context,placebo_chess,0.0,0.0
57,context,placebo_maps,0.0,0.0
57,context,placebo_crossword,0.0,0.0
57,context,placebo_stairs,0.0,0.0
57,context,placebo_tea,0.0,0.0
57,context_long,region_western_europe,0.0,0.0
57,context_long,region_north_america,0.0,0.0
57,context_long,region_latin_america,0.0,0.0
57,context_long,region_arab_culture,0.0,0.0
57,context_long,region_indian_cultural_sphere,0.0,0.0
57,context_long,region_sinosphere,0.0,0.0
57,context_long,region_sub_saharan_africa,0.0,0.0
57,context_long,region_oceania,0.0,0.0
57,context_long,gender_man,0.0,0.0
57,context_long,gender_woman,0.0,0.0
57,context_long,religion_christian,0.0,0.0
57,context_long,religion_muslim,0.0,0.0
57,context_long,identity_arab,0.0,0.0
57,context_long,identity_european,0.0,0.0
57,context_long,placebo_runner,0.0,0.0
57,context_long,placebo_cyclist,0.0,0.0
57,context_long,placebo_early_riser,0.0,0.0
57,context_long,placebo_chess,0.0,0.0
57,context_long,placebo_maps,0.0,0.0
57,context_long,placebo_crossword,0.0,0.0
57,context_long,placebo_stairs,0.0,0.0
57,context_long,placebo_tea,0.0,0.0
61,none,baseline,0.0,0.0
61,prefix,region_western_europe,0.0,0.0
61,prefix,region_north_america,0.0,0.0
61,prefix,region_latin_america,0.0,0.0
61,prefix,region_arab_culture,0.0,0.0
61,prefix,region_indian_cultural_sphere,0.0,0.0
61,prefix,region_sinosphere,0.0,0.0
61,prefix,region_sub_saharan_africa,0.0,0.0
61,prefix,region_oceania,0.0,0.0
61,prefix,gender_man,0.0,0.0
61,prefix,gender_woman,0.0,0.0
61,prefix,religion_christian,0.0,0.0
61,prefix,religion_muslim,0.0,0.0
61,prefix,identity_arab,0.0,0.0
61,prefix,identity_european,0.0,0.0
61,prefix,placebo_runner,0.0,0.0
61,prefix,placebo_cyclist,0.0,0.0
61,prefix,placebo_early_riser,0.0,0.0
61,prefix,placebo_chess,0.0,0.0
61,prefix,placebo_maps,0.0,0.0
61,prefix,placebo_crossword,0.0,0.0
61,prefix,placebo_stairs,0.0,0.0
61,prefix,placebo_tea,0.0,0.0
61,reworded,region_western_europe,0.0,0.0
61,reworded,region_north_america,0.0,0.0
61,reworded,region_latin_america,0.0,0.0
61,reworded,region_arab_culture,0.0,0.0
61,reworded,region_indian_cultural_sphere,0.0,0.0
61,reworded,region_sinosphere,0.0,0.0
61,reworded,region_sub_saharan_africa,0.0,0.0
61,reworded,region_oceania,0.0,0.0
61,reworded,gender_man,0.0,0.0
61,reworded,gender_woman,0.0,0.0
61,reworded,religion_christian,0.0,0.0
61,reworded,religion_muslim,0.0,0.0
61,reworded,identity_arab,0.0,0.0
61,reworded,identity_european,0.0,0.0
61,reworded,placebo_runner,0.0,0.0
61,reworded,placebo_cyclist,0.0,0.0
61,reworded,placebo_early_riser,0.0,0.0
61,reworded,placebo_chess,0.0,0.0
61,reworded,placebo_maps,0.0,0.0
61,reworded,placebo_crossword,0.0,0.0
61,reworded,placebo_stairs,0.0,0.0
61,reworded,placebo_tea,0.0,0.0
61,imagine,region_western_europe,0.0,0.0
61,imagine,region_north_america,0.0,0.0
61,imagine,region_latin_america,0.0,0.0
61,imagine,region_arab_culture,0.0,0.0
61,imagine,region_indian_cultural_sphere,0.0,0.0
61,imagine,region_sinosphere,0.0,0.0
61,imagine,region_sub_saharan_africa,0.0,0.0
61,imagine,region_oceania,0.0,0.0
61,imagine,gender_man,0.0,0.0
61,imagine,gender_woman,0.0,0.0
61,imagine,religion_christian,0.0,0.0
61,imagine,religion_muslim,0.0,0.0
61,imagine,identity_arab,0.0,0.0
61,imagine,identity_european,0.0,0.0
61,imagine,placebo_runner,0.0,0.0
61,imagine,placebo_cyclist,0.0,0.0
61,imagine,placebo_early_riser,0.0,0.0
61,imagine,placebo_chess,0.0,0.0
61,imagine,placebo_maps,0.0,0.0
61,imagine,placebo_crossword,0.0,0.0
61,imagine,placebo_stairs,0.0,0.0
61,imagine,placebo_tea,0.0,0.0
61,consider,region_western_europe,0.0,0.0
61,consider,region_north_america,0.0,0.0
61,consider,region_latin_america,0.0,0.0
61,consider,region_arab_culture,0.0,0.0
61,consider,region_indian_cultural_sphere,0.0,0.0
61,consider,region_sinosphere,0.0,0.0
61,consider,region_sub_saharan_africa,0.0,0.0
61,consider,region_oceania,0.0,0.0
61,consider,gender_man,0.0,0.0
61,consider,gender_woman,0.0,0.0
61,consider,religion_christian,0.0,0.0
61,consider,religion_muslim,0.0,0.0
61,consider,identity_arab,0.0,0.0
61,consider,identity_european,0.0,0.0
61,consider,placebo_runner,0.0,0.0
61,consider,placebo_cyclist,0.0,0.0
61,consider,placebo_early_riser,0.0,0.0
61,consider,placebo_chess,0.0,0.0
61,consider,placebo_maps,0.0,0.0
61,consider,placebo_crossword,0.0,0.0
61,consider,placebo_stairs,0.0,0.0
61,consider,placebo_tea,0.0,0.0
61,infix,region_western_europe,0.0,0.0
61,infix,region_north_america,0.0,0.0
61,infix,region_latin_america,0.0,0.0
61,infix,region_arab_culture,0.0,0.0
61,infix,region_indian_cultural_sphere,0.0,0.0
61,infix,region_sinosphere,0.0,0.0
61,infix,region_sub_saharan_africa,0.0,0.0
61,infix,region_oceania,0.0,0.0
61,infix,gender_man,0.0,0.0
61,infix,gender_woman,0.0,0.0
61,infix,religion_christian,0.0,0.0
61,infix,religion_muslim,0.0,0.0
61,infix,identity_arab,0.0,0.0
61,infix,identity_european,0.0,0.0
61,infix,placebo_runner,0.0,0.0
61,infix,placebo_cyclist,0.0,0.0
61,infix,placebo_early_riser,0.0,0.0
61,infix,placebo_chess,0.0,0.0
61,infix,placebo_maps,0.0,0.0
61,infix,placebo_crossword,0.0,0.0
61,infix,placebo_stairs,0.0,0.0
61,infix,placebo_tea,0.0,0.0
61,suffix,region_western_europe,0.0,0.0
61,suffix,region_north_america,0.0,0.0
61,suffix,region_latin_america,0.0,0.0
61,suffix,region_arab_culture,0.0,0.0
61,suffix,region_indian_cultural_sphere,0.0,0.0
61,suffix,region_sinosphere,0.0,0.0
61,suffix,region_sub_saharan_africa,0.0,0.0
61,suffix,region_oceania,0.0,0.0
61,suffix,gender_man,0.0,0.0
61,suffix,gender_woman,0.0,0.0
61,suffix,religion_christian,0.0,0.0
61,suffix,religion_muslim,0.0,0.0
61,suffix,identity_arab,0.0,0.0
61,suffix,identity_european,0.0,0.0
61,suffix,placebo_runner,0.0,0.0
61,suffix,placebo_cyclist,0.0,0.0
61,suffix,placebo_early_riser,0.0,0.0
61,suffix,placebo_chess,0.0,0.0
61,suffix,placebo_maps,0.0,0.0
61,suffix,placebo_crossword,0.0,0.0
61,suffix,placebo_stairs,0.0,0.0
61,suffix,placebo_tea,0.0,0.0
61,embedded,region_western_europe,0.0,0.0
61,embedded,region_north_america,0.0,0.0
61,embedded,region_latin_america,0.0,0.0
61,embedded,region_arab_culture,0.0,0.0
61,embedded,region_indian_cultural_sphere,0.0,0.0
61,embedded,region_sinosphere,0.0,0.0
61,embedded,region_sub_saharan_africa,0.0,0.0
61,embedded,region_oceania,0.0,0.0
61,embedded,gender_man,0.0,0.0
61,embedded,gender_woman,0.0,0.0
61,embedded,religion_christian,0.0,0.0
61,embedded,religion_muslim,0.0,0.0
61,embedded,identity_arab,0.0,0.0
61,embedded,identity_european,0.0,0.0
61,embedded,placebo_runner,0.0,0.0
61,embedded,placebo_cyclist,0.0,0.0
61,embedded,placebo_early_riser,0.0,0.0
61,embedded,placebo_chess,0.0,0.0
61,embedded,placebo_maps,0.0,0.0
61,embedded,placebo_crossword,0.0,0.0
61,embedded,placebo_stairs,0.0,0.0
61,embedded,placebo_tea,0.0,0.0
61,target,region_western_europe,0.0,0.0
61,target,region_north_america,0.0,0.0
61,target,region_latin_america,0.0,0.0
61,target,region_arab_culture,0.0,0.0
61,target,region_indian_cultural_sphere,0.0,0.0
61,target,region_sinosphere,0.0,0.0
61,target,region_sub_saharan_africa,0.0,0.0
61,target,region_oceania,0.0,0.0
61,target,gender_man,0.0,0.0
61,target,gender_woman,0.0,0.0
61,target,religion_christian,0.0,0.0
61,target,religion_muslim,0.0,0.0
61,target,identity_arab,0.0,0.0
61,target,identity_european,0.0,0.0
61,target,placebo_runner,0.0,0.0
61,target,placebo_cyclist,0.0,0.0
61,target,placebo_early_riser,0.0,0.0
61,target,placebo_chess,0.0,0.0
61,target,placebo_maps,0.0,0.0
61,target,placebo_crossword,0.0,0.0
61,target,placebo_stairs,0.0,0.0
61,target,placebo_tea,0.0,0.0
61,context,region_western_europe,0.0,0.0
61,context,region_north_america,0.0,0.0
61,context,region_latin_america,0.0,0.0
61,context,region_arab_culture,0.0,0.0
61,context,region_indian_cultural_sphere,0.0,0.0
61,context,region_sinosphere,0.0,0.0
61,context,region_sub_saharan_africa,0.0,0.0
61,context,region_oceania,0.0,0.0
61,context,gender_man,0.0,0.0
61,context,gender_woman,0.0,0.0
61,context,religion_christian,0.0,0.0
61,context,religion_muslim,0.0,0.0
61,context,identity_arab,0.0,0.0
61,context,identity_european,0.0,0.0
61,context,placebo_runner,0.0,0.0
61,context,placebo_cyclist,0.0,0.0
61,context,placebo_early_riser,0.0,0.0
61,context,placebo_chess,0.0,0.0
61,context,placebo_maps,0.0,0.0
61,context,placebo_crossword,0.0,0.0
61,context,placebo_stairs,0.0,0.0
61,context,placebo_tea,0.0,0.0
61,context_long,region_western_europe,0.0,0.0
61,context_long,region_north_america,0.0,0.0
61,context_long,region_latin_america,0.0,0.0
61,context_long,region_arab_culture,0.0,0.0
61,context_long,region_indian_cultural_sphere,0.0,0.0
61,context_long,region_sinosphere,0.0,0.0
61,context_long,region_sub_saharan_africa,0.0,0.0
61,context_long,region_oceania,0.0,0.0
61,context_long,gender_man,0.0,0.0
61,context_long,gender_woman,0.0,0.0
61,context_long,religion_christian,0.0,0.0
61,context_long,religion_muslim,0.0,0.0
61,context_long,identity_arab,0.0,0.0
61,context_long,identity_european,0.0,0.0
61,context_long,placebo_runner,0.0,0.0
61,context_long,placebo_cyclist,0.0,0.0
61,context_long,placebo_early_riser,0.0,0.0
61,context_long,placebo_chess,0.0,0.0
61,context_long,placebo_maps,0.0,0.0
61,context_long,placebo_crossword,0.0,0.0
61,context_long,placebo_stairs,0.0,0.0
61,context_long,placebo_tea,0.0,0.0
63,none,baseline,0.0,0.0
63,prefix,region_western_europe,0.0,0.0
63,prefix,region_north_america,0.0,0.0
63,prefix,region_latin_america,0.0,0.0
63,prefix,region_arab_culture,0.0,0.0
63,prefix,region_indian_cultural_sphere,0.0,0.0
63,prefix,region_sinosphere,0.0,0.0
63,prefix,region_sub_saharan_africa,0.0,0.0
63,prefix,region_oceania,0.0,0.0
63,prefix,gender_man,0.0,0.0
63,prefix,gender_woman,0.0,0.0
63,prefix,religion_christian,0.0,0.0
63,prefix,religion_muslim,0.0,0.0
63,prefix,identity_arab,0.0,0.0
63,prefix,identity_european,0.0,0.0
63,prefix,placebo_runner,0.0,0.0
63,prefix,placebo_cyclist,0.0,0.0
63,prefix,placebo_early_riser,0.0,0.0
63,prefix,placebo_chess,0.0,0.0
63,prefix,placebo_maps,0.0,0.0
63,prefix,placebo_crossword,0.0,0.0
63,prefix,placebo_stairs,0.0,0.0
63,prefix,placebo_tea,0.0,0.0
63,reworded,region_western_europe,0.0,0.0
63,reworded,region_north_america,0.0,0.0
63,reworded,region_latin_america,0.0,0.0
63,reworded,region_arab_culture,0.0,0.0
63,reworded,region_indian_cultural_sphere,0.0,0.0
63,reworded,region_sinosphere,0.0,0.0
63,reworded,region_sub_saharan_africa,0.0,0.0
63,reworded,region_oceania,0.0,0.0
63,reworded,gender_man,0.0,0.0
63,reworded,gender_woman,0.0,0.0
63,reworded,religion_christian,0.0,0.0
63,reworded,religion_muslim,0.0,0.0
63,reworded,identity_arab,0.0,0.0
63,reworded,identity_european,0.0,0.0
63,reworded,placebo_runner,0.0,0.0
63,reworded,placebo_cyclist,0.0,0.0
63,reworded,placebo_early_riser,0.0,0.0
63,reworded,placebo_chess,0.0,0.0
63,reworded,placebo_maps,0.0,0.0
63,reworded,placebo_crossword,0.0,0.0
63,reworded,placebo_stairs,0.0,0.0
63,reworded,placebo_tea,0.0,0.0
63,imagine,region_western_europe,0.0,0.0
63,imagine,region_north_america,0.0,0.0
63,imagine,region_latin_america,0.0,0.0
63,imagine,region_arab_culture,0.0,0.0
63,imagine,region_indian_cultural_sphere,0.0,0.0
63,imagine,region_sinosphere,0.0,0.0
63,imagine,region_sub_saharan_africa,0.0,0.0
63,imagine,region_oceania,0.0,0.0
63,imagine,gender_man,0.0,0.0
63,imagine,gender_woman,0.0,0.0
63,imagine,religion_christian,0.0,0.0
63,imagine,religion_muslim,0.0,0.0
63,imagine,identity_arab,0.0,0.0
63,imagine,identity_european,0.0,0.0
63,imagine,placebo_runner,0.0,0.0
63,imagine,placebo_cyclist,0.0,0.0
63,imagine,placebo_early_riser,0.0,0.0
63,imagine,placebo_chess,0.0,0.0
63,imagine,placebo_maps,0.0,0.0
63,imagine,placebo_crossword,0.0,0.0
63,imagine,placebo_stairs,0.0,0.0
63,imagine,placebo_tea,0.0,0.0
63,consider,region_western_europe,0.0,0.0
63,consider,region_north_america,0.0,0.0
63,consider,region_latin_america,0.0,0.0
63,consider,region_arab_culture,0.0,0.0
63,consider,region_indian_cultural_sphere,0.0,0.0
63,consider,region_sinosphere,0.0,0.0
63,consider,region_sub_saharan_africa,0.0,0.0
63,consider,region_oceania,0.0,0.0
63,consider,gender_man,0.0,0.0
63,consider,gender_woman,0.0,0.0
63,consider,religion_christian,0.0,0.0
63,consider,religion_muslim,0.0,0.0
63,consider,identity_arab,0.0,0.0
63,consider,identity_european,0.0,0.0
63,consider,placebo_runner,0.0,0.0
63,consider,placebo_cyclist,0.0,0.0
63,consider,placebo_early_riser,0.0,0.0
63,consider,placebo_chess,0.0,0.0
63,consider,placebo_maps,0.0,0.0
63,consider,placebo_crossword,0.0,0.0
63,consider,placebo_stairs,0.0,0.0
63,consider,placebo_tea,0.0,0.0
63,infix,region_western_europe,0.0,0.0
63,infix,region_north_america,0.0,0.0
63,infix,region_latin_america,0.0,0.0
63,infix,region_arab_culture,0.0,0.0
63,infix,region_indian_cultural_sphere,0.0,0.0
63,infix,region_sinosphere,0.0,0.0
63,infix,region_sub_saharan_africa,0.0,0.0
63,infix,region_oceania,0.0,0.0
63,infix,gender_man,0.0,0.0
63,infix,gender_woman,0.0,0.0
63,infix,religion_christian,0.0,0.0
63,infix,religion_muslim,0.0,0.0
63,infix,identity_arab,0.0,0.0
63,infix,identity_european,0.0,0.0
63,infix,placebo_runner,0.0,0.0
63,infix,placebo_cyclist,0.0,0.0
63,infix,placebo_early_riser,0.0,0.0
63,infix,placebo_chess,0.0,0.0
63,infix,placebo_maps,0.0,0.0
63,infix,placebo_crossword,0.0,0.0
63,infix,placebo_stairs,0.0,0.0
63,infix,placebo_tea,0.0,0.0
63,suffix,region_western_europe,0.0,0.0
63,suffix,region_north_america,0.0,0.0
63,suffix,region_latin_america,0.0,0.0
63,suffix,region_arab_culture,0.0,0.0
63,suffix,region_indian_cultural_sphere,0.0,0.0
63,suffix,region_sinosphere,0.0,0.0
63,suffix,region_sub_saharan_africa,0.0,0.0
63,suffix,region_oceania,0.0,0.0
63,suffix,gender_man,0.0,0.0
63,suffix,gender_woman,0.0,0.0
63,suffix,religion_christian,0.0,0.0
63,suffix,religion_muslim,0.0,0.0
63,suffix,identity_arab,0.0,0.0
63,suffix,identity_european,0.0,0.0
63,suffix,placebo_runner,0.0,0.0
63,suffix,placebo_cyclist,0.0,0.0
63,suffix,placebo_early_riser,0.0,0.0
63,suffix,placebo_chess,0.0,0.0
63,suffix,placebo_maps,0.0,0.0
63,suffix,placebo_crossword,0.0,0.0
63,suffix,placebo_stairs,0.0,0.0
63,suffix,placebo_tea,0.0,0.0
63,embedded,region_western_europe,0.0,0.0
63,embedded,region_north_america,0.0,0.0
63,embedded,region_latin_america,0.0,0.0
63,embedded,region_arab_culture,0.0,0.0
63,embedded,region_indian_cultural_sphere,0.0,0.0
63,embedded,region_sinosphere,0.0,0.0
63,embedded,region_sub_saharan_africa,0.0,0.0
63,embedded,region_oceania,0.0,0.0
63,embedded,gender_man,0.0,0.0
63,embedded,gender_woman,0.0,0.0
63,embedded,religion_christian,0.0,0.0
63,embedded,religion_muslim,0.0,0.0
63,embedded,identity_arab,0.0,0.0
63,embedded,identity_european,0.0,0.0
63,embedded,placebo_runner,0.0,0.0
63,embedded,placebo_cyclist,0.0,0.0
63,embedded,placebo_early_riser,0.0,0.0
63,embedded,placebo_chess,0.0,0.0
63,embedded,placebo_maps,0.0,0.0
63,embedded,placebo_crossword,0.0,0.0
63,embedded,placebo_stairs,0.0,0.0
63,embedded,placebo_tea,0.0,0.0
63,target,region_western_europe,0.0,0.0
63,target,region_north_america,0.0,0.0
63,target,region_latin_america,0.0,0.0
63,target,region_arab_culture,0.0,0.0
63,target,region_indian_cultural_sphere,0.0,0.0
63,target,region_sinosphere,0.0,0.0
63,target,region_sub_saharan_africa,0.0,0.0
63,target,region_oceania,0.0,0.0
63,target,gender_man,0.0,0.0
63,target,gender_woman,0.0,0.0
63,target,religion_christian,0.0,0.0
63,target,religion_muslim,0.0,0.0
63,target,identity_arab,0.0,0.0
63,target,identity_european,0.0,0.0
63,target,placebo_runner,0.0,0.0
63,target,placebo_cyclist,0.0,0.0
63,target,placebo_early_riser,0.0,0.0
63,target,placebo_chess,0.0,0.0
63,target,placebo_maps,0.0,0.0
63,target,placebo_crossword,0.0,0.0
63,target,placebo_stairs,0.0,0.0
63,target,placebo_tea,0.0,0.0
63,context,region_western_europe,0.0,0.0
63,context,region_north_america,0.0,0.0
63,context,region_latin_america,0.0,0.0
63,context,region_arab_culture,0.0,0.0
63,context,region_indian_cultural_sphere,0.0,0.0
63,context,region_sinosphere,0.0,0.0
63,context,region_sub_saharan_africa,0.0,0.0
63,context,region_oceania,0.0,0.0
63,context,gender_man,0.0,0.0
63,context,gender_woman,0.0,0.0
63,context,religion_christian,0.0,0.0
63,context,religion_muslim,0.0,0.0
63,context,identity_arab,0.0,0.0
63,context,identity_european,0.0,0.0
63,context,placebo_runner,0.0,0.0
63,context,placebo_cyclist,0.0,0.0
63,context,placebo_early_riser,0.0,0.0
63,context,placebo_chess,0.0,0.0
63,context,placebo_maps,0.0,0.0
63,context,placebo_crossword,0.0,0.0
63,context,placebo_stairs,0.0,0.0
63,context,placebo_tea,0.0,0.0
63,context_long,region_western_europe,0.0,0.0
63,context_long,region_north_america,0.0,0.0
63,context_long,region_latin_america,0.0,0.0
63,context_long,region_arab_culture,0.0,0.0
63,context_long,region_indian_cultural_sphere,0.0,0.0
63,context_long,region_sinosphere,0.0,0.0
63,context_long,region_sub_saharan_africa,0.0,0.0
63,context_long,region_oceania,0.0,0.0
63,context_long,gender_man,0.0,0.0
63,context_long,gender_woman,0.0,0.0
63,context_long,religion_christian,0.0,0.0
63,context_long,religion_muslim,0.0,0.0
63,context_long,identity_arab,0.0,0.0
63,context_long,identity_european,0.0,0.0
63,context_long,placebo_runner,0.0,0.0
63,context_long,placebo_cyclist,0.0,0.0
63,context_long,placebo_early_riser,0.0,0.0
63,context_long,placebo_chess,0.0,0.0
63,context_long,placebo_maps,0.0,0.0
63,context_long,placebo_crossword,0.0,0.0
63,context_long,placebo_stairs,0.0,0.0
63,context_long,placebo_tea,0.0,0.0
66,none,baseline,0.0,0.0
66,prefix,region_western_europe,0.0,0.0
66,prefix,region_north_america,0.0,0.0
66,prefix,region_latin_america,0.0,0.0
66,prefix,region_arab_culture,0.0,0.0
66,prefix,region_indian_cultural_sphere,0.0,0.0
66,prefix,region_sinosphere,0.0,0.0
66,prefix,region_sub_saharan_africa,0.0,0.0
66,prefix,region_oceania,0.0,0.0
66,prefix,gender_man,0.0,0.0
66,prefix,gender_woman,0.0,0.0
66,prefix,religion_christian,0.0,0.0
66,prefix,religion_muslim,0.0,0.0
66,prefix,identity_arab,0.0,0.0
66,prefix,identity_european,0.0,0.0
66,prefix,placebo_runner,0.0,0.0
66,prefix,placebo_cyclist,0.0,0.0
66,prefix,placebo_early_riser,0.0,0.0
66,prefix,placebo_chess,0.0,0.0
66,prefix,placebo_maps,0.0,0.0
66,prefix,placebo_crossword,0.0,0.0
66,prefix,placebo_stairs,0.0,0.0
66,prefix,placebo_tea,0.0,0.0
66,reworded,region_western_europe,0.0,0.0
66,reworded,region_north_america,0.0,0.0
66,reworded,region_latin_america,0.0,0.0
66,reworded,region_arab_culture,0.0,0.0
66,reworded,region_indian_cultural_sphere,0.0,0.0
66,reworded,region_sinosphere,0.0,0.0
66,reworded,region_sub_saharan_africa,0.0,0.0
66,reworded,region_oceania,0.0,0.0
66,reworded,gender_man,0.0,0.0
66,reworded,gender_woman,0.0,0.0
66,reworded,religion_christian,0.0,0.0
66,reworded,religion_muslim,0.0,0.0
66,reworded,identity_arab,0.0,0.0
66,reworded,identity_european,0.0,0.0
66,reworded,placebo_runner,0.0,0.0
66,reworded,placebo_cyclist,0.0,0.0
66,reworded,placebo_early_riser,0.0,0.0
66,reworded,placebo_chess,0.0,0.0
66,reworded,placebo_maps,0.0,0.0
66,reworded,placebo_crossword,0.0,0.0
66,reworded,placebo_stairs,0.0,0.0
66,reworded,placebo_tea,0.0,0.0
66,imagine,region_western_europe,0.0,0.0
66,imagine,region_north_america,0.0,0.0
66,imagine,region_latin_america,0.0,0.0
66,imagine,region_arab_culture,0.0,0.0
66,imagine,region_indian_cultural_sphere,0.0,0.0
66,imagine,region_sinosphere,0.0,0.0
66,imagine,region_sub_saharan_africa,0.0,0.0
66,imagine,region_oceania,0.0,0.0
66,imagine,gender_man,0.0,0.0
66,imagine,gender_woman,0.0,0.0
66,imagine,religion_christian,0.0,0.0
66,imagine,religion_muslim,0.0,0.0
66,imagine,identity_arab,0.0,0.0
66,imagine,identity_european,0.0,0.0
66,imagine,placebo_runner,0.0,0.0
66,imagine,placebo_cyclist,0.0,0.0
66,imagine,placebo_early_riser,0.0,0.0
66,imagine,placebo_chess,0.0,0.0
66,imagine,placebo_maps,0.0,0.0
66,imagine,placebo_crossword,0.0,0.0
66,imagine,placebo_stairs,0.0,0.0
66,imagine,placebo_tea,0.0,0.0
66,consider,region_western_europe,0.0,0.0
66,consider,region_north_america,0.0,0.0
66,consider,region_latin_america,0.0,0.0
66,consider,region_arab_culture,0.0,0.0
66,consider,region_indian_cultural_sphere,0.0,0.0
66,consider,region_sinosphere,0.0,0.0
66,consider,region_sub_saharan_africa,0.0,0.0
66,consider,region_oceania,0.0,0.0
66,consider,gender_man,0.0,0.0
66,consider,gender_woman,0.0,0.0
66,consider,religion_christian,0.0,0.0
66,consider,religion_muslim,0.0,0.0
66,consider,identity_arab,0.0,0.0
66,consider,identity_european,0.0,0.0
66,consider,placebo_runner,0.0,0.0
66,consider,placebo_cyclist,0.0,0.0
66,consider,placebo_early_riser,0.0,0.0
66,consider,placebo_chess,0.0,0.0
66,consider,placebo_maps,0.0,0.0
66,consider,placebo_crossword,0.0,0.0
66,consider,placebo_stairs,0.0,0.0
66,consider,placebo_tea,0.0,0.0
66,infix,region_western_europe,0.0,0.0
66,infix,region_north_america,0.0,0.0
66,infix,region_latin_america,0.0,0.0
66,infix,region_arab_culture,0.0,0.0
66,infix,region_indian_cultural_sphere,0.0,0.0
66,infix,region_sinosphere,0.0,0.0
66,infix,region_sub_saharan_africa,0.0,0.0
66,infix,region_oceania,0.0,0.0
66,infix,gender_man,0.0,0.0
66,infix,gender_woman,0.0,0.0
66,infix,religion_christian,0.0,0.0
66,infix,religion_muslim,0.0,0.0
66,infix,identity_arab,0.0,0.0
66,infix,identity_european,0.0,0.0
66,infix,placebo_runner,0.0,0.0
66,infix,placebo_cyclist,0.0,0.0
66,infix,placebo_early_riser,0.0,0.0
66,infix,placebo_chess,0.0,0.0
66,infix,placebo_maps,0.0,0.0
66,infix,placebo_crossword,0.0,0.0
66,infix,placebo_stairs,0.0,0.0
66,infix,placebo_tea,0.0,0.0
66,suffix,region_western_europe,0.0,0.0
66,suffix,region_north_america,0.0,0.0
66,suffix,region_latin_america,0.0,0.0
66,suffix,region_arab_culture,0.0,0.0
66,suffix,region_indian_cultural_sphere,0.0,0.0
66,suffix,region_sinosphere,0.0,0.0
66,suffix,region_sub_saharan_africa,0.0,0.0
66,suffix,region_oceania,0.0,0.0
66,suffix,gender_man,0.0,0.0
66,suffix,gender_woman,0.0,0.0
66,suffix,religion_christian,0.0,0.0
66,suffix,religion_muslim,0.0,0.0
66,suffix,identity_arab,0.0,0.0
66,suffix,identity_european,0.0,0.0
66,suffix,placebo_runner,0.0,0.0
66,suffix,placebo_cyclist,0.0,0.0
66,suffix,placebo_early_riser,0.0,0.0
66,suffix,placebo_chess,0.0,0.0
66,suffix,placebo_maps,0.0,0.0
66,suffix,placebo_crossword,0.0,0.0
66,suffix,placebo_stairs,0.0,0.0
66,suffix,placebo_tea,0.0,0.0
66,embedded,region_western_europe,0.0,0.0
66,embedded,region_north_america,0.0,0.0
66,embedded,region_latin_america,0.0,0.0
66,embedded,region_arab_culture,0.0,0.0
66,embedded,region_indian_cultural_sphere,0.0,0.0
66,embedded,region_sinosphere,0.0,0.0
66,embedded,region_sub_saharan_africa,0.0,0.0
66,embedded,region_oceania,0.0,0.0
66,embedded,gender_man,0.0,0.0
66,embedded,gender_woman,0.0,0.0
66,embedded,religion_christian,0.0,0.0
66,embedded,religion_muslim,0.0,0.0
66,embedded,identity_arab,0.0,0.0
66,embedded,identity_european,0.0,0.0
66,embedded,placebo_runner,0.0,0.0
66,embedded,placebo_cyclist,0.0,0.0
66,embedded,placebo_early_riser,0.0,0.0
66,embedded,placebo_chess,0.0,0.0
66,embedded,placebo_maps,0.0,0.0
66,embedded,placebo_crossword,0.0,0.0
66,embedded,placebo_stairs,0.0,0.0
66,embedded,placebo_tea,0.0,0.0
66,target,region_western_europe,0.0,0.0
66,target,region_north_america,0.0,0.0
66,target,region_latin_america,0.0,0.0
66,target,region_arab_culture,0.0,0.0
66,target,region_indian_cultural_sphere,0.0,0.0
66,target,region_sinosphere,0.0,0.0
66,target,region_sub_saharan_africa,0.0,0.0
66,target,region_oceania,0.0,0.0
66,target,gender_man,0.0,0.0
66,target,gender_woman,0.0,0.0
66,target,religion_christian,0.0,0.0
66,target,religion_muslim,0.0,0.0
66,target,identity_arab,0.0,0.0
66,target,identity_european,0.0,0.0
66,target,placebo_runner,0.0,0.0
66,target,placebo_cyclist,0.0,0.0
66,target,placebo_early_riser,0.0,0.0
66,target,placebo_chess,0.0,0.0
66,target,placebo_maps,0.0,0.0
66,target,placebo_crossword,0.0,0.0
66,target,placebo_stairs,0.0,0.0
66,target,placebo_tea,0.0,0.0
66,context,region_western_europe,0.0,0.0
66,context,region_north_america,0.0,0.0
66,context,region_latin_america,0.0,0.0
66,context,region_arab_culture,0.0,0.0
66,context,region_indian_cultural_sphere,0.0,0.0
66,context,region_sinosphere,0.0,0.0
66,context,region_sub_saharan_africa,0.0,0.0
66,context,region_oceania,0.0,0.0
66,context,gender_man,0.0,0.0
66,context,gender_woman,0.0,0.0
66,context,religion_christian,0.0,0.0
66,context,religion_muslim,0.0,0.0
66,context,identity_arab,0.0,0.0
66,context,identity_european,0.0,0.0
66,context,placebo_runner,0.0,0.0
66,context,placebo_cyclist,0.0,0.0
66,context,placebo_early_riser,0.0,0.0
66,context,placebo_chess,0.0,0.0
66,context,placebo_maps,0.0,0.0
66,context,placebo_crossword,0.0,0.0
66,context,placebo_stairs,0.0,0.0
66,context,placebo_tea,0.0,0.0
66,context_long,region_western_europe,0.0,0.0
66,context_long,region_north_america,0.0,0.0
66,context_long,region_latin_america,0.0,0.0
66,context_long,region_arab_culture,0.0,0.0
66,context_long,region_indian_cultural_sphere,0.0,0.0
66,context_long,region_sinosphere,0.0,0.0
66,context_long,region_sub_saharan_africa,0.0,0.0
66,context_long,region_oceania,0.0,0.0
66,context_long,gender_man,0.0,0.0
66,context_long,gender_woman,0.0,0.0
66,context_long,religion_christian,0.0,0.0
66,context_long,religion_muslim,0.0,0.0
66,context_long,identity_arab,0.0,0.0
66,context_long,identity_european,0.0,0.0
66,context_long,placebo_runner,0.0,0.0
66,context_long,placebo_cyclist,0.0,0.0
66,context_long,placebo_early_riser,0.0,0.0
66,context_long,placebo_chess,0.0,0.0
66,context_long,placebo_maps,0.0,0.0
66,context_long,placebo_crossword,0.0,0.0
66,context_long,placebo_stairs,0.0,0.0
66,context_long,placebo_tea,0.0,0.0
68,none,baseline,0.0,0.0
68,prefix,region_western_europe,0.0,0.0
68,prefix,region_north_america,0.0,0.0
68,prefix,region_latin_america,0.0,0.0
68,prefix,region_arab_culture,0.0,0.0
68,prefix,region_indian_cultural_sphere,0.0,0.0
68,prefix,region_sinosphere,0.0,0.0
68,prefix,region_sub_saharan_africa,0.0,0.0
68,prefix,region_oceania,0.0,0.0
68,prefix,gender_man,0.0,0.0
68,prefix,gender_woman,0.0,0.0
68,prefix,religion_christian,0.0,0.0
68,prefix,religion_muslim,0.0,0.0
68,prefix,identity_arab,0.0,0.0
68,prefix,identity_european,0.0,0.0
68,prefix,placebo_runner,0.0,0.0
68,prefix,placebo_cyclist,0.0,0.0
68,prefix,placebo_early_riser,0.0,0.0
68,prefix,placebo_chess,0.0,0.0
68,prefix,placebo_maps,0.0,0.0
68,prefix,placebo_crossword,0.0,0.0
68,prefix,placebo_stairs,0.0,0.0
68,prefix,placebo_tea,0.0,0.0
68,reworded,region_western_europe,0.0,0.0
68,reworded,region_north_america,0.0,0.0
68,reworded,region_latin_america,0.0,0.0
68,reworded,region_arab_culture,0.0,0.0
68,reworded,region_indian_cultural_sphere,0.0,0.0
68,reworded,region_sinosphere,0.0,0.0
68,reworded,region_sub_saharan_africa,0.0,0.0
68,reworded,region_oceania,0.0,0.0
68,reworded,gender_man,0.0,0.0
68,reworded,gender_woman,0.0,0.0
68,reworded,religion_christian,0.0,0.0
68,reworded,religion_muslim,0.0,0.0
68,reworded,identity_arab,0.0,0.0
68,reworded,identity_european,0.0,0.0
68,reworded,placebo_runner,0.0,0.0
68,reworded,placebo_cyclist,0.0,0.0
68,reworded,placebo_early_riser,0.0,0.0
68,reworded,placebo_chess,0.0,0.0
68,reworded,placebo_maps,0.0,0.0
68,reworded,placebo_crossword,0.0,0.0
68,reworded,placebo_stairs,0.0,0.0
68,reworded,placebo_tea,0.0,0.0
68,imagine,region_western_europe,0.0,0.0
68,imagine,region_north_america,0.0,0.0
68,imagine,region_latin_america,0.0,0.0
68,imagine,region_arab_culture,0.0,0.0
68,imagine,region_indian_cultural_sphere,0.0,0.0
68,imagine,region_sinosphere,0.0,0.0
68,imagine,region_sub_saharan_africa,0.0,0.0
68,imagine,region_oceania,0.0,0.0
68,imagine,gender_man,0.0,0.0
68,imagine,gender_woman,0.0,0.0
68,imagine,religion_christian,0.0,0.0
68,imagine,religion_muslim,0.0,0.0
68,imagine,identity_arab,0.0,0.0
68,imagine,identity_european,0.0,0.0
68,imagine,placebo_runner,0.0,0.0
68,imagine,placebo_cyclist,0.0,0.0
68,imagine,placebo_early_riser,0.0,0.0
68,imagine,placebo_chess,0.0,0.0
68,imagine,placebo_maps,0.0,0.0
68,imagine,placebo_crossword,0.0,0.0
68,imagine,placebo_stairs,0.0,0.0
68,imagine,placebo_tea,0.0,0.0
68,consider,region_western_europe,0.0,0.0
68,consider,region_north_america,0.0,0.0
68,consider,region_latin_america,0.0,0.0
68,consider,region_arab_culture,0.0,0.0
68,consider,region_indian_cultural_sphere,0.0,0.0
68,consider,region_sinosphere,0.0,0.0
68,consider,region_sub_saharan_africa,0.0,0.0
68,consider,region_oceania,0.0,0.0
68,consider,gender_man,0.0,0.0
68,consider,gender_woman,0.0,0.0
68,consider,religion_christian,0.0,0.0
68,consider,religion_muslim,0.0,0.0
68,consider,identity_arab,0.0,0.0
68,consider,identity_european,0.0,0.0
68,consider,placebo_runner,0.0,0.0
68,consider,placebo_cyclist,0.0,0.0
68,consider,placebo_early_riser,0.0,0.0
68,consider,placebo_chess,0.0,0.0
68,consider,placebo_maps,0.0,0.0
68,consider,placebo_crossword,0.0,0.0
68,consider,placebo_stairs,0.0,0.0
68,consider,placebo_tea,0.0,0.0
68,infix,region_western_europe,0.0,0.0
68,infix,region_north_america,0.0,0.0
68,infix,region_latin_america,0.0,0.0
68,infix,region_arab_culture,0.0,0.0
68,infix,region_indian_cultural_sphere,0.0,0.0
68,infix,region_sinosphere,0.0,0.0
68,infix,region_sub_saharan_africa,0.0,0.0
68,infix,region_oceania,0.0,0.0
68,infix,gender_man,0.0,0.0
68,infix,gender_woman,0.0,0.0
68,infix,religion_christian,0.0,0.0
68,infix,religion_muslim,0.0,0.0
68,infix,identity_arab,0.0,0.0
68,infix,identity_european,0.0,0.0
68,infix,placebo_runner,0.0,0.0
68,infix,placebo_cyclist,0.0,0.0
68,infix,placebo_early_riser,0.0,0.0
68,infix,placebo_chess,0.0,0.0
68,infix,placebo_maps,0.0,0.0
68,infix,placebo_crossword,0.0,0.0
68,infix,placebo_stairs,0.0,0.0
68,infix,placebo_tea,0.0,0.0
68,suffix,region_western_europe,0.0,0.0
68,suffix,region_north_america,0.0,0.0
68,suffix,region_latin_america,0.0,0.0
68,suffix,region_arab_culture,0.0,0.0
68,suffix,region_indian_cultural_sphere,0.0,0.0
68,suffix,region_sinosphere,0.0,0.0
68,suffix,region_sub_saharan_africa,0.0,0.0
68,suffix,region_oceania,0.0,0.0
68,suffix,gender_man,0.0,0.0
68,suffix,gender_woman,0.0,0.0
68,suffix,religion_christian,0.0,0.0
68,suffix,religion_muslim,0.0,0.0
68,suffix,identity_arab,0.0,0.0
68,suffix,identity_european,0.0,0.0
68,suffix,placebo_runner,0.0,0.0
68,suffix,placebo_cyclist,0.0,0.0
68,suffix,placebo_early_riser,0.0,0.0
68,suffix,placebo_chess,0.0,0.0
68,suffix,placebo_maps,0.0,0.0
68,suffix,placebo_crossword,0.0,0.0
68,suffix,placebo_stairs,0.0,0.0
68,suffix,placebo_tea,0.0,0.0
68,embedded,region_western_europe,0.0,0.0
68,embedded,region_north_america,0.0,0.0
68,embedded,region_latin_america,0.0,0.0
68,embedded,region_arab_culture,0.0,0.0
68,embedded,region_indian_cultural_sphere,0.0,0.0
68,embedded,region_sinosphere,0.0,0.0
68,embedded,region_sub_saharan_africa,0.0,0.0
68,embedded,region_oceania,0.0,0.0
68,embedded,gender_man,0.0,0.0
68,embedded,gender_woman,0.0,0.0
68,embedded,religion_christian,0.0,0.0
68,embedded,religion_muslim,0.0,0.0
68,embedded,identity_arab,0.0,0.0
68,embedded,identity_european,0.0,0.0
68,embedded,placebo_runner,0.0,0.0
68,embedded,placebo_cyclist,0.0,0.0
68,embedded,placebo_early_riser,0.0,0.0
68,embedded,placebo_chess,0.0,0.0
68,embedded,placebo_maps,0.0,0.0
68,embedded,placebo_crossword,0.0,0.0
68,embedded,placebo_stairs,0.0,0.0
68,embedded,placebo_tea,0.0,0.0
68,target,region_western_europe,0.0,0.0
68,target,region_north_america,0.0,0.0
68,target,region_latin_america,0.0,0.0
68,target,region_arab_culture,0.0,0.0
68,target,region_indian_cultural_sphere,0.0,0.0
68,target,region_sinosphere,0.0,0.0
68,target,region_sub_saharan_africa,0.0,0.0
68,target,region_oceania,0.0,0.0
68,target,gender_man,0.0,0.0
68,target,gender_woman,0.0,0.0
68,target,religion_christian,0.0,0.0
68,target,religion_muslim,0.0,0.0
68,target,identity_arab,0.0,0.0
68,target,identity_european,0.0,0.0
68,target,placebo_runner,0.0,0.0
68,target,placebo_cyclist,0.0,0.0
68,target,placebo_early_riser,0.0,0.0
68,target,placebo_chess,0.0,0.0
68,target,placebo_maps,0.0,0.0
68,target,placebo_crossword,0.0,0.0
68,target,placebo_stairs,0.0,0.0
68,target,placebo_tea,0.0,0.0
68,context,region_western_europe,0.0,0.0
68,context,region_north_america,0.0,0.0
68,context,region_latin_america,0.0,0.0
68,context,region_arab_culture,0.0,0.0
68,context,region_indian_cultural_sphere,0.0,0.0
68,context,region_sinosphere,0.0,0.0
68,context,region_sub_saharan_africa,0.0,0.0
68,context,region_oceania,0.0,0.0
68,context,gender_man,0.0,0.0
68,context,gender_woman,0.0,0.0
68,context,religion_christian,0.0,0.0
68,context,religion_muslim,0.0,0.0
68,context,identity_arab,0.0,0.0
68,context,identity_european,0.0,0.0
68,context,placebo_runner,0.0,0.0
68,context,placebo_cyclist,0.0,0.0
68,context,placebo_early_riser,0.0,0.0
68,context,placebo_chess,0.0,0.0
68,context,placebo_maps,0.0,0.0
68,context,placebo_crossword,0.0,0.0
68,context,placebo_stairs,0.0,0.0
68,context,placebo_tea,0.0,0.0
68,context_long,region_western_europe,0.0,0.0
68,context_long,region_north_america,0.0,0.0
68,context_long,region_latin_america,0.0,0.0
68,context_long,region_arab_culture,0.0,0.0
68,context_long,region_indian_cultural_sphere,0.0,0.0
68,context_long,region_sinosphere,0.0,0.0
68,context_long,region_sub_saharan_africa,0.0,0.0
68,context_long,region_oceania,0.0,0.0
68,context_long,gender_man,0.0,0.0
68,context_long,gender_woman,0.0,0.0
68,context_long,religion_christian,0.0,0.0
68,context_long,religion_muslim,0.0,0.0
68,context_long,identity_arab,0.0,0.0
68,context_long,identity_european,0.0,0.0
68,context_long,placebo_runner,0.0,0.0
68,context_long,placebo_cyclist,0.0,0.0
68,context_long,placebo_early_riser,0.0,0.0
68,context_long,placebo_chess,0.0,0.0
68,context_long,placebo_maps,0.0,0.0
68,context_long,placebo_crossword,0.0,0.0
68,context_long,placebo_stairs,0.0,0.0
68,context_long,placebo_tea,0.0,0.0
76,none,baseline,0.0,0.0
76,prefix,region_western_europe,0.0,0.0
76,prefix,region_north_america,0.0,0.0
76,prefix,region_latin_america,0.0,0.0
76,prefix,region_arab_culture,0.0,0.0
76,prefix,region_indian_cultural_sphere,0.0,0.0
76,prefix,region_sinosphere,0.0,0.0
76,prefix,region_sub_saharan_africa,0.0,0.0
76,prefix,region_oceania,0.0,0.0
76,prefix,gender_man,0.0,0.0
76,prefix,gender_woman,0.0,0.0
76,prefix,religion_christian,0.0,0.0
76,prefix,religion_muslim,0.0,0.0
76,prefix,identity_arab,0.0,0.0
76,prefix,identity_european,0.0,0.0
76,prefix,placebo_runner,0.0,0.0
76,prefix,placebo_cyclist,0.0,0.0
76,prefix,placebo_early_riser,0.0,0.0
76,prefix,placebo_chess,0.0,0.0
76,prefix,placebo_maps,0.0,0.0
76,prefix,placebo_crossword,0.0,0.0
76,prefix,placebo_stairs,0.0,0.0
76,prefix,placebo_tea,0.0,0.0
76,reworded,region_western_europe,0.0,0.0
76,reworded,region_north_america,0.0,0.0
76,reworded,region_latin_america,0.0,0.0
76,reworded,region_arab_culture,0.0,0.0
76,reworded,region_indian_cultural_sphere,0.0,0.0
76,reworded,region_sinosphere,0.0,0.0
76,reworded,region_sub_saharan_africa,0.0,0.0
76,reworded,region_oceania,0.0,0.0
76,reworded,gender_man,0.0,0.0
76,reworded,gender_woman,0.0,0.0
76,reworded,religion_christian,0.0,0.0
76,reworded,religion_muslim,0.0,0.0
76,reworded,identity_arab,0.0,0.0
76,reworded,identity_european,0.0,0.0
76,reworded,placebo_runner,0.0,0.0
76,reworded,placebo_cyclist,0.0,0.0
76,reworded,placebo_early_riser,0.0,0.0
76,reworded,placebo_chess,0.0,0.0
76,reworded,placebo_maps,0.0,0.0
76,reworded,placebo_crossword,0.0,0.0
76,reworded,placebo_stairs,0.0,0.0
76,reworded,placebo_tea,0.0,0.0
76,imagine,region_western_europe,0.0,0.0
76,imagine,region_north_america,0.0,0.0
76,imagine,region_latin_america,0.0,0.0
76,imagine,region_arab_culture,0.0,0.0
76,imagine,region_indian_cultural_sphere,0.0,0.0
76,imagine,region_sinosphere,0.0,0.0
76,imagine,region_sub_saharan_africa,0.0,0.0
76,imagine,region_oceania,0.0,0.0
76,imagine,gender_man,0.0,0.0
76,imagine,gender_woman,0.0,0.0
76,imagine,religion_christian,0.0,0.0
76,imagine,religion_muslim,0.0,0.0
76,imagine,identity_arab,0.0,0.0
76,imagine,identity_european,0.0,0.0
76,imagine,placebo_runner,0.0,0.0
76,imagine,placebo_cyclist,0.0,0.0
76,imagine,placebo_early_riser,0.0,0.0
76,imagine,placebo_chess,0.0,0.0
76,imagine,placebo_maps,0.0,0.0
76,imagine,placebo_crossword,0.0,0.0
76,imagine,placebo_stairs,0.0,0.0
76,imagine,placebo_tea,0.0,0.0
76,consider,region_western_europe,0.0,0.0
76,consider,region_north_america,0.0,0.0
76,consider,region_latin_america,0.0,0.0
76,consider,region_arab_culture,0.0,0.0
76,consider,region_indian_cultural_sphere,0.0,0.0
76,consider,region_sinosphere,0.0,0.0
76,consider,region_sub_saharan_africa,0.0,0.0
76,consider,region_oceania,0.0,0.0
76,consider,gender_man,0.0,0.0
76,consider,gender_woman,0.0,0.0
76,consider,religion_christian,0.0,0.0
76,consider,religion_muslim,0.0,0.0
76,consider,identity_arab,0.0,0.0
76,consider,identity_european,0.0,0.0
76,consider,placebo_runner,0.0,0.0
76,consider,placebo_cyclist,0.0,0.0
76,consider,placebo_early_riser,0.0,0.0
76,consider,placebo_chess,0.0,0.0
76,consider,placebo_maps,0.0,0.0
76,consider,placebo_crossword,0.0,0.0
76,consider,placebo_stairs,0.0,0.0
76,consider,placebo_tea,0.0,0.0
76,infix,region_western_europe,0.0,0.0
76,infix,region_north_america,0.0,0.0
76,infix,region_latin_america,0.0,0.0
76,infix,region_arab_culture,0.0,0.0
76,infix,region_indian_cultural_sphere,0.0,0.0
76,infix,region_sinosphere,0.0,0.0
76,infix,region_sub_saharan_africa,0.0,0.0
76,infix,region_oceania,0.0,0.0
76,infix,gender_man,0.0,0.0
76,infix,gender_woman,0.0,0.0
76,infix,religion_christian,0.0,0.0
76,infix,religion_muslim,0.0,0.0
76,infix,identity_arab,0.0,0.0
76,infix,identity_european,0.0,0.0
76,infix,placebo_runner,0.0,0.0
76,infix,placebo_cyclist,0.0,0.0
76,infix,placebo_early_riser,0.0,0.0
76,infix,placebo_chess,0.0,0.0
76,infix,placebo_maps,0.0,0.0
76,infix,placebo_crossword,0.0,0.0
76,infix,placebo_stairs,0.0,0.0
76,infix,placebo_tea,0.0,0.0
76,suffix,region_western_europe,0.0,0.0
76,suffix,region_north_america,0.0,0.0
76,suffix,region_latin_america,0.0,0.0
76,suffix,region_arab_culture,0.0,0.0
76,suffix,region_indian_cultural_sphere,0.0,0.0
76,suffix,region_sinosphere,0.0,0.0
76,suffix,region_sub_saharan_africa,0.0,0.0
76,suffix,region_oceania,0.0,0.0
76,suffix,gender_man,0.0,0.0
76,suffix,gender_woman,0.0,0.0
76,suffix,religion_christian,0.0,0.0
76,suffix,religion_muslim,0.0,0.0
76,suffix,identity_arab,0.0,0.0
76,suffix,identity_european,0.0,0.0
76,suffix,placebo_runner,0.0,0.0
76,suffix,placebo_cyclist,0.0,0.0
76,suffix,placebo_early_riser,0.0,0.0
76,suffix,placebo_chess,0.0,0.0
76,suffix,placebo_maps,0.0,0.0
76,suffix,placebo_crossword,0.0,0.0
76,suffix,placebo_stairs,0.0,0.0
76,suffix,placebo_tea,0.0,0.0
76,embedded,region_western_europe,0.0,0.0
76,embedded,region_north_america,0.0,0.0
76,embedded,region_latin_america,0.0,0.0
76,embedded,region_arab_culture,0.0,0.0
76,embedded,region_indian_cultural_sphere,0.0,0.0
76,embedded,region_sinosphere,0.0,0.0
76,embedded,region_sub_saharan_africa,0.0,0.0
76,embedded,region_oceania,0.0,0.0
76,embedded,gender_man,0.0,0.0
76,embedded,gender_woman,0.0,0.0
76,embedded,religion_christian,0.0,0.0
76,embedded,religion_muslim,0.0,0.0
76,embedded,identity_arab,0.0,0.0
76,embedded,identity_european,0.0,0.0
76,embedded,placebo_runner,0.0,0.0
76,embedded,placebo_cyclist,0.0,0.0
76,embedded,placebo_early_riser,0.0,0.0
76,embedded,placebo_chess,0.0,0.0
76,embedded,placebo_maps,0.0,0.0
76,embedded,placebo_crossword,0.0,0.0
76,embedded,placebo_stairs,0.0,0.0
76,embedded,placebo_tea,0.0,0.0
76,target,region_western_europe,0.0,0.0
76,target,region_north_america,0.0,0.0
76,target,region_latin_america,0.0,0.0
76,target,region_arab_culture,0.0,0.0
76,target,region_indian_cultural_sphere,0.0,0.0
76,target,region_sinosphere,0.0,0.0
76,target,region_sub_saharan_africa,0.0,0.0
76,target,region_oceania,0.0,0.0
76,target,gender_man,0.0,0.0
76,target,gender_woman,0.0,0.0
76,target,religion_christian,0.0,0.0
76,target,religion_muslim,0.0,0.0
76,target,identity_arab,0.0,0.0
76,target,identity_european,0.0,0.0
76,target,placebo_runner,0.0,0.0
76,target,placebo_cyclist,0.0,0.0
76,target,placebo_early_riser,0.0,0.0
76,target,placebo_chess,0.0,0.0
76,target,placebo_maps,0.0,0.0
76,target,placebo_crossword,0.0,0.0
76,target,placebo_stairs,0.0,0.0
76,target,placebo_tea,0.0,0.0
76,context,region_western_europe,0.0,0.0
76,context,region_north_america,0.0,0.0
76,context,region_latin_america,0.0,0.0
76,context,region_arab_culture,0.0,0.0
76,context,region_indian_cultural_sphere,0.0,0.0
76,context,region_sinosphere,0.0,0.0
76,context,region_sub_saharan_africa,0.0,0.0
76,context,region_oceania,0.0,0.0
76,context,gender_man,0.0,0.0
76,context,gender_woman,0.0,0.0
76,context,religion_christian,0.0,0.0
76,context,religion_muslim,0.0,0.0
76,context,identity_arab,0.0,0.0
76,context,identity_european,0.0,0.0
76,context,placebo_runner,0.0,0.0
76,context,placebo_cyclist,0.0,0.0
76,context,placebo_early_riser,0.0,0.0
76,context,placebo_chess,0.0,0.0
76,context,placebo_maps,0.0,0.0
76,context,placebo_crossword,0.0,0.0
76,context,placebo_stairs,0.0,0.0
76,context,placebo_tea,0.0,0.0
76,context_long,region_western_europe,0.0,0.0
76,context_long,region_north_america,0.0,0.0
76,context_long,region_latin_america,0.0,0.0
76,context_long,region_arab_culture,0.0,0.0
76,context_long,region_indian_cultural_sphere,0.0,0.0
76,context_long,region_sinosphere,0.0,0.0
76,context_long,region_sub_saharan_africa,0.0,0.0
76,context_long,region_oceania,0.0,0.0
76,context_long,gender_man,0.0,0.0
76,context_long,gender_woman,0.0,0.0
76,context_long,religion_christian,0.0,0.0
76,context_long,religion_muslim,0.0,0.0
76,context_long,identity_arab,0.0,0.0
76,context_long,identity_european,0.0,0.0
76,context_long,placebo_runner,0.0,0.0
76,context_long,placebo_cyclist,0.0,0.0
76,context_long,placebo_early_riser,0.0,0.0
76,context_long,placebo_chess,0.0,0.0
76,context_long,placebo_maps,0.0,0.0
76,context_long,placebo_crossword,0.0,0.0
76,context_long,placebo_stairs,0.0,0.0
76,context_long,placebo_tea,0.0,0.0
81,none,baseline,0.0,0.0
81,prefix,region_western_europe,0.0,0.0
81,prefix,region_north_america,0.0,0.0
81,prefix,region_latin_america,0.0,0.0
81,prefix,region_arab_culture,0.0,0.0
81,prefix,region_indian_cultural_sphere,0.0,0.0
81,prefix,region_sinosphere,0.0,0.0
81,prefix,region_sub_saharan_africa,0.0,0.0
81,prefix,region_oceania,0.0,0.0
81,prefix,gender_man,0.0,0.0
81,prefix,gender_woman,0.0,0.0
81,prefix,religion_christian,0.0,0.0
81,prefix,religion_muslim,0.0,0.0
81,prefix,identity_arab,0.0,0.0
81,prefix,identity_european,0.0,0.0
81,prefix,placebo_runner,0.0,0.0
81,prefix,placebo_cyclist,0.0,0.0
81,prefix,placebo_early_riser,0.0,0.0
81,prefix,placebo_chess,0.0,0.0
81,prefix,placebo_maps,0.0,0.0
81,prefix,placebo_crossword,0.0,0.0
81,prefix,placebo_stairs,0.0,0.0
81,prefix,placebo_tea,0.0,0.0
81,reworded,region_western_europe,0.0,0.0
81,reworded,region_north_america,0.0,0.0
81,reworded,region_latin_america,0.0,0.0
81,reworded,region_arab_culture,0.0,0.0
81,reworded,region_indian_cultural_sphere,0.0,0.0
81,reworded,region_sinosphere,0.0,0.0
81,reworded,region_sub_saharan_africa,0.0,0.0
81,reworded,region_oceania,0.0,0.0
81,reworded,gender_man,0.0,0.0
81,reworded,gender_woman,0.0,0.0
81,reworded,religion_christian,0.0,0.0
81,reworded,religion_muslim,0.0,0.0
81,reworded,identity_arab,0.0,0.0
81,reworded,identity_european,0.0,0.0
81,reworded,placebo_runner,0.0,0.0
81,reworded,placebo_cyclist,0.0,0.0
81,reworded,placebo_early_riser,0.0,0.0
81,reworded,placebo_chess,0.0,0.0
81,reworded,placebo_maps,0.0,0.0
81,reworded,placebo_crossword,0.0,0.0
81,reworded,placebo_stairs,0.0,0.0
81,reworded,placebo_tea,0.0,0.0
81,imagine,region_western_europe,0.0,0.0
81,imagine,region_north_america,0.0,0.0
81,imagine,region_latin_america,0.0,0.0
81,imagine,region_arab_culture,0.0,0.0
81,imagine,region_indian_cultural_sphere,0.0,0.0
81,imagine,region_sinosphere,0.0,0.0
81,imagine,region_sub_saharan_africa,0.0,0.0
81,imagine,region_oceania,0.0,0.0
81,imagine,gender_man,0.0,0.0
81,imagine,gender_woman,0.0,0.0
81,imagine,religion_christian,0.0,0.0
81,imagine,religion_muslim,0.0,0.0
81,imagine,identity_arab,0.0,0.0
81,imagine,identity_european,0.0,0.0
81,imagine,placebo_runner,0.0,0.0
81,imagine,placebo_cyclist,0.0,0.0
81,imagine,placebo_early_riser,0.0,0.0
81,imagine,placebo_chess,0.0,0.0
81,imagine,placebo_maps,0.0,0.0
81,imagine,placebo_crossword,0.0,0.0
81,imagine,placebo_stairs,0.0,0.0
81,imagine,placebo_tea,0.0,0.0
81,consider,region_western_europe,0.0,0.0
81,consider,region_north_america,0.0,0.0
81,consider,region_latin_america,0.0,0.0
81,consider,region_arab_culture,0.0,0.0
81,consider,region_indian_cultural_sphere,0.0,0.0
81,consider,region_sinosphere,0.0,0.0
81,consider,region_sub_saharan_africa,0.0,0.0
81,consider,region_oceania,0.0,0.0
81,consider,gender_man,0.0,0.0
81,consider,gender_woman,0.0,0.0
81,consider,religion_christian,0.0,0.0
81,consider,religion_muslim,0.0,0.0
81,consider,identity_arab,0.0,0.0
81,consider,identity_european,0.0,0.0
81,consider,placebo_runner,0.0,0.0
81,consider,placebo_cyclist,0.0,0.0
81,consider,placebo_early_riser,0.0,0.0
81,consider,placebo_chess,0.0,0.0
81,consider,placebo_maps,0.0,0.0
81,consider,placebo_crossword,0.0,0.0
81,consider,placebo_stairs,0.0,0.0
81,consider,placebo_tea,0.0,0.0
81,infix,region_western_europe,0.0,0.0
81,infix,region_north_america,0.0,0.0
81,infix,region_latin_america,0.0,0.0
81,infix,region_arab_culture,0.0,0.0
81,infix,region_indian_cultural_sphere,0.0,0.0
81,infix,region_sinosphere,0.0,0.0
81,infix,region_sub_saharan_africa,0.0,0.0
81,infix,region_oceania,0.0,0.0
81,infix,gender_man,0.0,0.0
81,infix,gender_woman,0.0,0.0
81,infix,religion_christian,0.0,0.0
81,infix,religion_muslim,0.0,0.0
81,infix,identity_arab,0.0,0.0
81,infix,identity_european,0.0,0.0
81,infix,placebo_runner,0.0,0.0
81,infix,placebo_cyclist,0.0,0.0
81,infix,placebo_early_riser,0.0,0.0
81,infix,placebo_chess,0.0,0.0
81,infix,placebo_maps,0.0,0.0
81,infix,placebo_crossword,0.0,0.0
81,infix,placebo_stairs,0.0,0.0
81,infix,placebo_tea,0.0,0.0
81,suffix,region_western_europe,0.0,0.0
81,suffix,region_north_america,0.0,0.0
81,suffix,region_latin_america,0.0,0.0
81,suffix,region_arab_culture,0.0,0.0
81,suffix,region_indian_cultural_sphere,0.0,0.0
81,suffix,region_sinosphere,0.0,0.0
81,suffix,region_sub_saharan_africa,0.0,0.0
81,suffix,region_oceania,0.0,0.0
81,suffix,gender_man,0.0,0.0
81,suffix,gender_woman,0.0,0.0
81,suffix,religion_christian,0.0,0.0
81,suffix,religion_muslim,0.0,0.0
81,suffix,identity_arab,0.0,0.0
81,suffix,identity_european,0.0,0.0
81,suffix,placebo_runner,0.0,0.0
81,suffix,placebo_cyclist,0.0,0.0
81,suffix,placebo_early_riser,0.0,0.0
81,suffix,placebo_chess,0.0,0.0
81,suffix,placebo_maps,0.0,0.0
81,suffix,placebo_crossword,0.0,0.0
81,suffix,placebo_stairs,0.0,0.0
81,suffix,placebo_tea,0.0,0.0
81,embedded,region_western_europe,0.0,0.0
81,embedded,region_north_america,0.0,0.0
81,embedded,region_latin_america,0.0,0.0
81,embedded,region_arab_culture,0.0,0.0
81,embedded,region_indian_cultural_sphere,0.0,0.0
81,embedded,region_sinosphere,0.0,0.0
81,embedded,region_sub_saharan_africa,0.0,0.0
81,embedded,region_oceania,0.0,0.0
81,embedded,gender_man,0.0,0.0
81,embedded,gender_woman,0.0,0.0
81,embedded,religion_christian,0.0,0.0
81,embedded,religion_muslim,0.0,0.0
81,embedded,identity_arab,0.0,0.0
81,embedded,identity_european,0.0,0.0
81,embedded,placebo_runner,0.0,0.0
81,embedded,placebo_cyclist,0.0,0.0
81,embedded,placebo_early_riser,0.0,0.0
81,embedded,placebo_chess,0.0,0.0
81,embedded,placebo_maps,0.0,0.0
81,embedded,placebo_crossword,0.0,0.0
81,embedded,placebo_stairs,0.0,0.0
81,embedded,placebo_tea,0.0,0.0
81,target,region_western_europe,0.0,0.0
81,target,region_north_america,0.0,0.0
81,target,region_latin_america,0.0,0.0
81,target,region_arab_culture,0.0,0.0
81,target,region_indian_cultural_sphere,0.0,0.0
81,target,region_sinosphere,0.0,0.0
81,target,region_sub_saharan_africa,0.0,0.0
81,target,region_oceania,0.0,0.0
81,target,gender_man,0.0,0.0
81,target,gender_woman,0.0,0.0
81,target,religion_christian,0.0,0.0
81,target,religion_muslim,0.0,0.0
81,target,identity_arab,0.0,0.0
81,target,identity_european,0.0,0.0
81,target,placebo_runner,0.0,0.0
81,target,placebo_cyclist,0.0,0.0
81,target,placebo_early_riser,0.0,0.0
81,target,placebo_chess,0.0,0.0
81,target,placebo_maps,0.0,0.0
81,target,placebo_crossword,0.0,0.0
81,target,placebo_stairs,0.0,0.0
81,target,placebo_tea,0.0,0.0
81,context,region_western_europe,0.0,0.0
81,context,region_north_america,0.0,0.0
81,context,region_latin_america,0.0,0.0
81,context,region_arab_culture,0.0,0.0
81,context,region_indian_cultural_sphere,0.0,0.0
81,context,region_sinosphere,0.0,0.0
81,context,region_sub_saharan_africa,0.0,0.0
81,context,region_oceania,0.0,0.0
81,context,gender_man,0.0,0.0
81,context,gender_woman,0.0,0.0
81,context,religion_christian,0.0,0.0
81,context,religion_muslim,0.0,0.0
81,context,identity_arab,0.0,0.0
81,context,identity_european,0.0,0.0
81,context,placebo_runner,0.0,0.0
81,context,placebo_cyclist,0.0,0.0
81,context,placebo_early_riser,0.0,0.0
81,context,placebo_chess,0.0,0.0
81,context,placebo_maps,0.0,0.0
81,context,placebo_crossword,0.0,0.0
81,context,placebo_stairs,0.0,0.0
81,context,placebo_tea,0.0,0.0
81,context_long,region_western_europe,0.0,0.0
81,context_long,region_north_america,0.0,0.0
81,context_long,region_latin_america,0.0,0.0
81,context_long,region_arab_culture,0.0,0.0
81,context_long,region_indian_cultural_sphere,0.0,0.0
81,context_long,region_sinosphere,0.0,0.0
81,context_long,region_sub_saharan_africa,0.0,0.0
81,context_long,region_oceania,0.0,0.0
81,context_long,gender_man,0.0,0.0
81,context_long,gender_woman,0.0,0.0
81,context_long,religion_christian,0.0,0.0
81,context_long,religion_muslim,0.0,0.0
81,context_long,identity_arab,0.0,0.0
81,context_long,identity_european,0.0,0.0
81,context_long,placebo_runner,0.0,0.0
81,context_long,placebo_cyclist,0.0,0.0
81,context_long,placebo_early_riser,0.0,0.0
81,context_long,placebo_chess,0.0,0.0
81,context_long,placebo_maps,0.0,0.0
81,context_long,placebo_crossword,0.0,0.0
81,context_long,placebo_stairs,0.0,0.0
81,context_long,placebo_tea,0.0,0.0
82,none,baseline,0.0,0.0
82,prefix,region_western_europe,0.0,0.0
82,prefix,region_north_america,0.0,0.0
82,prefix,region_latin_america,0.0,0.0
82,prefix,region_arab_culture,0.0,0.0
82,prefix,region_indian_cultural_sphere,0.0,0.0
82,prefix,region_sinosphere,0.0,0.0
82,prefix,region_sub_saharan_africa,0.0,0.0
82,prefix,region_oceania,0.0,0.0
82,prefix,gender_man,0.0,0.0
82,prefix,gender_woman,0.0,0.0
82,prefix,religion_christian,0.0,0.0
82,prefix,religion_muslim,0.0,0.0
82,prefix,identity_arab,0.0,0.0
82,prefix,identity_european,0.0,0.0
82,prefix,placebo_runner,0.0,0.0
82,prefix,placebo_cyclist,0.0,0.0
82,prefix,placebo_early_riser,0.0,0.0
82,prefix,placebo_chess,0.0,0.0
82,prefix,placebo_maps,0.0,0.0
82,prefix,placebo_crossword,0.0,0.0
82,prefix,placebo_stairs,0.0,0.0
82,prefix,placebo_tea,0.0,0.0
82,reworded,region_western_europe,0.0,0.0
82,reworded,region_north_america,0.0,0.0
82,reworded,region_latin_america,0.0,0.0
82,reworded,region_arab_culture,0.0,0.0
82,reworded,region_indian_cultural_sphere,0.0,0.0
82,reworded,region_sinosphere,0.0,0.0
82,reworded,region_sub_saharan_africa,0.0,0.0
82,reworded,region_oceania,0.0,0.0
82,reworded,gender_man,0.0,0.0
82,reworded,gender_woman,0.0,0.0
82,reworded,religion_christian,0.0,0.0
82,reworded,religion_muslim,0.0,0.0
82,reworded,identity_arab,0.0,0.0
82,reworded,identity_european,0.0,0.0
82,reworded,placebo_runner,0.0,0.0
82,reworded,placebo_cyclist,0.0,0.0
82,reworded,placebo_early_riser,0.0,0.0
82,reworded,placebo_chess,0.0,0.0
82,reworded,placebo_maps,0.0,0.0
82,reworded,placebo_crossword,0.0,0.0
82,reworded,placebo_stairs,0.0,0.0
82,reworded,placebo_tea,0.0,0.0
82,imagine,region_western_europe,0.0,0.0
82,imagine,region_north_america,0.0,0.0
82,imagine,region_latin_america,0.0,0.0
82,imagine,region_arab_culture,0.0,0.0
82,imagine,region_indian_cultural_sphere,0.0,0.0
82,imagine,region_sinosphere,0.0,0.0
82,imagine,region_sub_saharan_africa,0.0,0.0
82,imagine,region_oceania,0.0,0.0
82,imagine,gender_man,0.0,0.0
82,imagine,gender_woman,0.0,0.0
82,imagine,religion_christian,0.0,0.0
82,imagine,religion_muslim,0.0,0.0
82,imagine,identity_arab,0.0,0.0
82,imagine,identity_european,0.0,0.0
82,imagine,placebo_runner,0.0,0.0
82,imagine,placebo_cyclist,0.0,0.0
82,imagine,placebo_early_riser,0.0,0.0
82,imagine,placebo_chess,0.0,0.0
82,imagine,placebo_maps,0.0,0.0
82,imagine,placebo_crossword,0.0,0.0
82,imagine,placebo_stairs,0.0,0.0
82,imagine,placebo_tea,0.0,0.0
82,consider,region_western_europe,0.0,0.0
82,consider,region_north_america,0.0,0.0
82,consider,region_latin_america,0.0,0.0
82,consider,region_arab_culture,0.0,0.0
82,consider,region_indian_cultural_sphere,0.0,0.0
82,consider,region_sinosphere,0.0,0.0
82,consider,region_sub_saharan_africa,0.0,0.0
82,consider,region_oceania,0.0,0.0
82,consider,gender_man,0.0,0.0
82,consider,gender_woman,0.0,0.0
82,consider,religion_christian,0.0,0.0
82,consider,religion_muslim,0.0,0.0
82,consider,identity_arab,0.0,0.0
82,consider,identity_european,0.0,0.0
82,consider,placebo_runner,0.0,0.0
82,consider,placebo_cyclist,0.0,0.0
82,consider,placebo_early_riser,0.0,0.0
82,consider,placebo_chess,0.0,0.0
82,consider,placebo_maps,0.0,0.0
82,consider,placebo_crossword,0.0,0.0
82,consider,placebo_stairs,0.0,0.0
82,consider,placebo_tea,0.0,0.0
82,infix,region_western_europe,0.0,0.0
82,infix,region_north_america,0.0,0.0
82,infix,region_latin_america,0.0,0.0
82,infix,region_arab_culture,0.0,0.0
82,infix,region_indian_cultural_sphere,0.0,0.0
82,infix,region_sinosphere,0.0,0.0
82,infix,region_sub_saharan_africa,0.0,0.0
82,infix,region_oceania,0.0,0.0
82,infix,gender_man,0.0,0.0
82,infix,gender_woman,0.0,0.0
82,infix,religion_christian,0.0,0.0
82,infix,religion_muslim,0.0,0.0
82,infix,identity_arab,0.0,0.0
82,infix,identity_european,0.0,0.0
82,infix,placebo_runner,0.0,0.0
82,infix,placebo_cyclist,0.0,0.0
82,infix,placebo_early_riser,0.0,0.0
82,infix,placebo_chess,0.0,0.0
82,infix,placebo_maps,0.0,0.0
82,infix,placebo_crossword,0.0,0.0
82,infix,placebo_stairs,0.0,0.0
82,infix,placebo_tea,0.0,0.0
82,suffix,region_western_europe,0.0,0.0
82,suffix,region_north_america,0.0,0.0
82,suffix,region_latin_america,0.0,0.0
82,suffix,region_arab_culture,0.0,0.0
82,suffix,region_indian_cultural_sphere,0.0,0.0
82,suffix,region_sinosphere,0.0,0.0
82,suffix,region_sub_saharan_africa,0.0,0.0
82,suffix,region_oceania,0.0,0.0
82,suffix,gender_man,0.0,0.0
82,suffix,gender_woman,0.0,0.0
82,suffix,religion_christian,0.0,0.0
82,suffix,religion_muslim,0.0,0.0
82,suffix,identity_arab,0.0,0.0
82,suffix,identity_european,0.0,0.0
82,suffix,placebo_runner,0.0,0.0
82,suffix,placebo_cyclist,0.0,0.0
82,suffix,placebo_early_riser,0.0,0.0
82,suffix,placebo_chess,0.0,0.0
82,suffix,placebo_maps,0.0,0.0
82,suffix,placebo_crossword,0.0,0.0
82,suffix,placebo_stairs,0.0,0.0
82,suffix,placebo_tea,0.0,0.0
82,embedded,region_western_europe,0.0,0.0
82,embedded,region_north_america,0.0,0.0
82,embedded,region_latin_america,0.0,0.0
82,embedded,region_arab_culture,0.0,0.0
82,embedded,region_indian_cultural_sphere,0.0,0.0
82,embedded,region_sinosphere,0.0,0.0
82,embedded,region_sub_saharan_africa,0.0,0.0
82,embedded,region_oceania,0.0,0.0
82,embedded,gender_man,0.0,0.0
82,embedded,gender_woman,0.0,0.0
82,embedded,religion_christian,0.0,0.0
82,embedded,religion_muslim,0.0,0.0
82,embedded,identity_arab,0.0,0.0
82,embedded,identity_european,0.0,0.0
82,embedded,placebo_runner,0.0,0.0
82,embedded,placebo_cyclist,0.0,0.0
82,embedded,placebo_early_riser,0.0,0.0
82,embedded,placebo_chess,0.0,0.0
82,embedded,placebo_maps,0.0,0.0
82,embedded,placebo_crossword,0.0,0.0
82,embedded,placebo_stairs,0.0,0.0
82,embedded,placebo_tea,0.0,0.0
82,target,region_western_europe,0.0,0.0
82,target,region_north_america,0.0,0.0
82,target,region_latin_america,0.0,0.0
82,target,region_arab_culture,0.0,0.0
82,target,region_indian_cultural_sphere,0.0,0.0
82,target,region_sinosphere,0.0,0.0
82,target,region_sub_saharan_africa,0.0,0.0
82,target,region_oceania,0.0,0.0
82,target,gender_man,0.0,0.0
82,target,gender_woman,0.0,0.0
82,target,religion_christian,0.0,0.0
82,target,religion_muslim,0.0,0.0
82,target,identity_arab,0.0,0.0
82,target,identity_european,0.0,0.0
82,target,placebo_runner,0.0,0.0
82,target,placebo_cyclist,0.0,0.0
82,target,placebo_early_riser,0.0,0.0
82,target,placebo_chess,0.0,0.0
82,target,placebo_maps,0.0,0.0
82,target,placebo_crossword,0.0,0.0
82,target,placebo_stairs,0.0,0.0
82,target,placebo_tea,0.0,0.0
82,context,region_western_europe,0.0,0.0
82,context,region_north_america,0.0,0.0
82,context,region_latin_america,0.0,0.0
82,context,region_arab_culture,0.0,0.0
82,context,region_indian_cultural_sphere,0.0,0.0
82,context,region_sinosphere,0.0,0.0
82,context,region_sub_saharan_africa,0.0,0.0
82,context,region_oceania,0.0,0.0
82,context,gender_man,0.0,0.0
82,context,gender_woman,0.0,0.0
82,context,religion_christian,0.0,0.0
82,context,religion_muslim,0.0,0.0
82,context,identity_arab,0.0,0.0
82,context,identity_european,0.0,0.0
82,context,placebo_runner,0.0,0.0
82,context,placebo_cyclist,0.0,0.0
82,context,placebo_early_riser,0.0,0.0
82,context,placebo_chess,0.0,0.0
82,context,placebo_maps,0.0,0.0
82,context,placebo_crossword,0.0,0.0
82,context,placebo_stairs,0.0,0.0
82,context,placebo_tea,0.0,0.0
82,context_long,region_western_europe,0.0,0.0
82,context_long,region_north_america,0.0,0.0
82,context_long,region_latin_america,0.0,0.0
82,context_long,region_arab_culture,0.0,0.0
82,context_long,region_indian_cultural_sphere,0.0,0.0
82,context_long,region_sinosphere,0.0,0.0
82,context_long,region_sub_saharan_africa,0.0,0.0
82,context_long,region_oceania,0.0,0.0
82,context_long,gender_man,0.0,0.0
82,context_long,gender_woman,0.0,0.0
82,context_long,religion_christian,0.0,0.0
82,context_long,religion_muslim,0.0,0.0
82,context_long,identity_arab,0.0,0.0
82,context_long,identity_european,0.0,0.0
82,context_long,placebo_runner,0.0,0.0
82,context_long,placebo_cyclist,0.0,0.0
82,context_long,placebo_early_riser,0.0,0.0
82,context_long,placebo_chess,0.0,0.0
82,context_long,placebo_maps,0.0,0.0
82,context_long,placebo_crossword,0.0,0.0
82,context_long,placebo_stairs,0.0,0.0
82,context_long,placebo_tea,0.0,0.0
83,none,baseline,0.0,0.0
83,prefix,region_western_europe,0.0,0.0
83,prefix,region_north_america,0.0,0.0
83,prefix,region_latin_america,0.0,0.0
83,prefix,region_arab_culture,0.0,0.0
83,prefix,region_indian_cultural_sphere,0.0,0.0
83,prefix,region_sinosphere,0.0,0.0
83,prefix,region_sub_saharan_africa,0.0,0.0
83,prefix,region_oceania,0.0,0.0
83,prefix,gender_man,0.0,0.0
83,prefix,gender_woman,0.0,0.0
83,prefix,religion_christian,0.0,0.0
83,prefix,religion_muslim,0.0,0.0
83,prefix,identity_arab,0.0,0.0
83,prefix,identity_european,0.0,0.0
83,prefix,placebo_runner,0.0,0.0
83,prefix,placebo_cyclist,0.0,0.0
83,prefix,placebo_early_riser,0.0,0.0
83,prefix,placebo_chess,0.0,0.0
83,prefix,placebo_maps,0.0,0.0
83,prefix,placebo_crossword,0.0,0.0
83,prefix,placebo_stairs,0.0,0.0
83,prefix,placebo_tea,0.0,0.0
83,reworded,region_western_europe,0.0,0.0
83,reworded,region_north_america,0.0,0.0
83,reworded,region_latin_america,0.0,0.0
83,reworded,region_arab_culture,0.0,0.0
83,reworded,region_indian_cultural_sphere,0.0,0.0
83,reworded,region_sinosphere,0.0,0.0
83,reworded,region_sub_saharan_africa,0.0,0.0
83,reworded,region_oceania,0.0,0.0
83,reworded,gender_man,0.0,0.0
83,reworded,gender_woman,0.0,0.0
83,reworded,religion_christian,0.0,0.0
83,reworded,religion_muslim,0.0,0.0
83,reworded,identity_arab,0.0,0.0
83,reworded,identity_european,0.0,0.0
83,reworded,placebo_runner,0.0,0.0
83,reworded,placebo_cyclist,0.0,0.0
83,reworded,placebo_early_riser,0.0,0.0
83,reworded,placebo_chess,0.0,0.0
83,reworded,placebo_maps,0.0,0.0
83,reworded,placebo_crossword,0.0,0.0
83,reworded,placebo_stairs,0.0,0.0
83,reworded,placebo_tea,0.0,0.0
83,imagine,region_western_europe,0.0,0.0
83,imagine,region_north_america,0.0,0.0
83,imagine,region_latin_america,0.0,0.0
83,imagine,region_arab_culture,0.0,0.0
83,imagine,region_indian_cultural_sphere,0.0,0.0
83,imagine,region_sinosphere,0.0,0.0
83,imagine,region_sub_saharan_africa,0.0,0.0
83,imagine,region_oceania,0.0,0.0
83,imagine,gender_man,0.0,0.0
83,imagine,gender_woman,0.0,0.0
83,imagine,religion_christian,0.0,0.0
83,imagine,religion_muslim,0.0,0.0
83,imagine,identity_arab,0.0,0.0
83,imagine,identity_european,0.0,0.0
83,imagine,placebo_runner,0.0,0.0
83,imagine,placebo_cyclist,0.0,0.0
83,imagine,placebo_early_riser,0.0,0.0
83,imagine,placebo_chess,0.0,0.0
83,imagine,placebo_maps,0.0,0.0
83,imagine,placebo_crossword,0.0,0.0
83,imagine,placebo_stairs,0.0,0.0
83,imagine,placebo_tea,0.0,0.0
83,consider,region_western_europe,0.0,0.0
83,consider,region_north_america,0.0,0.0
83,consider,region_latin_america,0.0,0.0
83,consider,region_arab_culture,0.0,0.0
83,consider,region_indian_cultural_sphere,0.0,0.0
83,consider,region_sinosphere,0.0,0.0
83,consider,region_sub_saharan_africa,0.0,0.0
83,consider,region_oceania,0.0,0.0
83,consider,gender_man,0.0,0.0
83,consider,gender_woman,0.0,0.0
83,consider,religion_christian,0.0,0.0
83,consider,religion_muslim,0.0,0.0
83,consider,identity_arab,0.0,0.0
83,consider,identity_european,0.0,0.0
83,consider,placebo_runner,0.0,0.0
83,consider,placebo_cyclist,0.0,0.0
83,consider,placebo_early_riser,0.0,0.0
83,consider,placebo_chess,0.0,0.0
83,consider,placebo_maps,0.0,0.0
83,consider,placebo_crossword,0.0,0.0
83,consider,placebo_stairs,0.0,0.0
83,consider,placebo_tea,0.0,0.0
83,infix,region_western_europe,0.0,0.0
83,infix,region_north_america,0.0,0.0
83,infix,region_latin_america,0.0,0.0
83,infix,region_arab_culture,0.0,0.0
83,infix,region_indian_cultural_sphere,0.0,0.0
83,infix,region_sinosphere,0.0,0.0
83,infix,region_sub_saharan_africa,0.0,0.0
83,infix,region_oceania,0.0,0.0
83,infix,gender_man,0.0,0.0
83,infix,gender_woman,0.0,0.0
83,infix,religion_christian,0.0,0.0
83,infix,religion_muslim,0.0,0.0
83,infix,identity_arab,0.0,0.0
83,infix,identity_european,0.0,0.0
83,infix,placebo_runner,0.0,0.0
83,infix,placebo_cyclist,0.0,0.0
83,infix,placebo_early_riser,0.0,0.0
83,infix,placebo_chess,0.0,0.0
83,infix,placebo_maps,0.0,0.0
83,infix,placebo_crossword,0.0,0.0
83,infix,placebo_stairs,0.0,0.0
83,infix,placebo_tea,0.0,0.0
83,suffix,region_western_europe,0.0,0.0
83,suffix,region_north_america,0.0,0.0
83,suffix,region_latin_america,0.0,0.0
83,suffix,region_arab_culture,0.0,0.0
83,suffix,region_indian_cultural_sphere,0.0,0.0
83,suffix,region_sinosphere,0.0,0.0
83,suffix,region_sub_saharan_africa,0.0,0.0
83,suffix,region_oceania,0.0,0.0
83,suffix,gender_man,0.0,0.0
83,suffix,gender_woman,0.0,0.0
83,suffix,religion_christian,0.0,0.0
83,suffix,religion_muslim,0.0,0.0
83,suffix,identity_arab,0.0,0.0
83,suffix,identity_european,0.0,0.0
83,suffix,placebo_runner,0.0,0.0
83,suffix,placebo_cyclist,0.0,0.0
83,suffix,placebo_early_riser,0.0,0.0
83,suffix,placebo_chess,0.0,0.0
83,suffix,placebo_maps,0.0,0.0
83,suffix,placebo_crossword,0.0,0.0
83,suffix,placebo_stairs,0.0,0.0
83,suffix,placebo_tea,0.0,0.0
83,embedded,region_western_europe,0.0,0.0
83,embedded,region_north_america,0.0,0.0
83,embedded,region_latin_america,0.0,0.0
83,embedded,region_arab_culture,0.0,0.0
83,embedded,region_indian_cultural_sphere,0.0,0.0
83,embedded,region_sinosphere,0.0,0.0
83,embedded,region_sub_saharan_africa,0.0,0.0
83,embedded,region_oceania,0.0,0.0
83,embedded,gender_man,0.0,0.0
83,embedded,gender_woman,0.0,0.0
83,embedded,religion_christian,0.0,0.0
83,embedded,religion_muslim,0.0,0.0
83,embedded,identity_arab,0.0,0.0
83,embedded,identity_european,0.0,0.0
83,embedded,placebo_runner,0.0,0.0
83,embedded,placebo_cyclist,0.0,0.0
83,embedded,placebo_early_riser,0.0,0.0
83,embedded,placebo_chess,0.0,0.0
83,embedded,placebo_maps,0.0,0.0
83,embedded,placebo_crossword,0.0,0.0
83,embedded,placebo_stairs,0.0,0.0
83,embedded,placebo_tea,0.0,0.0
83,target,region_western_europe,0.0,0.0
83,target,region_north_america,0.0,0.0
83,target,region_latin_america,0.0,0.0
83,target,region_arab_culture,0.0,0.0
83,target,region_indian_cultural_sphere,0.0,0.0
83,target,region_sinosphere,0.0,0.0
83,target,region_sub_saharan_africa,0.0,0.0
83,target,region_oceania,0.0,0.0
83,target,gender_man,0.0,0.0
83,target,gender_woman,0.0,0.0
83,target,religion_christian,0.0,0.0
83,target,religion_muslim,0.0,0.0
83,target,identity_arab,0.0,0.0
83,target,identity_european,0.0,0.0
83,target,placebo_runner,0.0,0.0
83,target,placebo_cyclist,0.0,0.0
83,target,placebo_early_riser,0.0,0.0
83,target,placebo_chess,0.0,0.0
83,target,placebo_maps,0.0,0.0
83,target,placebo_crossword,0.0,0.0
83,target,placebo_stairs,0.0,0.0
83,target,placebo_tea,0.0,0.0
83,context,region_western_europe,0.0,0.0
83,context,region_north_america,0.0,0.0
83,context,region_latin_america,0.0,0.0
83,context,region_arab_culture,0.0,0.0
83,context,region_indian_cultural_sphere,0.0,0.0
83,context,region_sinosphere,0.0,0.0
83,context,region_sub_saharan_africa,0.0,0.0
83,context,region_oceania,0.0,0.0
83,context,gender_man,0.0,0.0
83,context,gender_woman,0.0,0.0
83,context,religion_christian,0.0,0.0
83,context,religion_muslim,0.0,0.0
83,context,identity_arab,0.0,0.0
83,context,identity_european,0.0,0.0
83,context,placebo_runner,0.0,0.0
83,context,placebo_cyclist,0.0,0.0
83,context,placebo_early_riser,0.0,0.0
83,context,placebo_chess,0.0,0.0
83,context,placebo_maps,0.0,0.0
83,context,placebo_crossword,0.0,0.0
83,context,placebo_stairs,0.0,0.0
83,context,placebo_tea,0.0,0.0
83,context_long,region_western_europe,0.0,0.0
83,context_long,region_north_america,0.0,0.0
83,context_long,region_latin_america,0.0,0.0
83,context_long,region_arab_culture,0.0,0.0
83,context_long,region_indian_cultural_sphere,0.0,0.0
83,context_long,region_sinosphere,0.0,0.0
83,context_long,region_sub_saharan_africa,0.0,0.0
83,context_long,region_oceania,0.0,0.0
83,context_long,gender_man,0.0,0.0
83,context_long,gender_woman,0.0,0.0
83,context_long,religion_christian,0.0,0.0
83,context_long,religion_muslim,0.0,0.0
83,context_long,identity_arab,0.0,0.0
83,context_long,identity_european,0.0,0.0
83,context_long,placebo_runner,0.0,0.0
83,context_long,placebo_cyclist,0.0,0.0
83,context_long,placebo_early_riser,0.0,0.0
83,context_long,placebo_chess,0.0,0.0
83,context_long,placebo_maps,0.0,0.0
83,context_long,placebo_crossword,0.0,0.0
83,context_long,placebo_stairs,0.0,0.0
83,context_long,placebo_tea,0.0,0.0
92,none,baseline,0.0,0.0
92,prefix,region_western_europe,0.0,0.0
92,prefix,region_north_america,0.0,0.0
92,prefix,region_latin_america,0.0,0.0
92,prefix,region_arab_culture,0.0,0.0
92,prefix,region_indian_cultural_sphere,0.0,0.0
92,prefix,region_sinosphere,0.0,0.0
92,prefix,region_sub_saharan_africa,0.0,0.0
92,prefix,region_oceania,0.0,0.0
92,prefix,gender_man,0.0,0.0
92,prefix,gender_woman,0.0,0.0
92,prefix,religion_christian,0.0,0.0
92,prefix,religion_muslim,0.0,0.0
92,prefix,identity_arab,0.0,0.0
92,prefix,identity_european,0.0,0.0
92,prefix,placebo_runner,0.0,0.0
92,prefix,placebo_cyclist,0.0,0.0
92,prefix,placebo_early_riser,0.0,0.0
92,prefix,placebo_chess,0.0,0.0
92,prefix,placebo_maps,0.0,0.0
92,prefix,placebo_crossword,0.0,0.0
92,prefix,placebo_stairs,0.0,0.0
92,prefix,placebo_tea,0.0,0.0
92,reworded,region_western_europe,0.0,0.0
92,reworded,region_north_america,0.0,0.0
92,reworded,region_latin_america,0.0,0.0
92,reworded,region_arab_culture,0.0,0.0
92,reworded,region_indian_cultural_sphere,0.0,0.0
92,reworded,region_sinosphere,0.0,0.0
92,reworded,region_sub_saharan_africa,0.0,0.0
92,reworded,region_oceania,0.0,0.0
92,reworded,gender_man,0.0,0.0
92,reworded,gender_woman,0.0,0.0
92,reworded,religion_christian,0.0,0.0
92,reworded,religion_muslim,0.0,0.0
92,reworded,identity_arab,0.0,0.0
92,reworded,identity_european,0.0,0.0
92,reworded,placebo_runner,0.0,0.0
92,reworded,placebo_cyclist,0.0,0.0
92,reworded,placebo_early_riser,0.0,0.0
92,reworded,placebo_chess,0.0,0.0
92,reworded,placebo_maps,0.0,0.0
92,reworded,placebo_crossword,0.0,0.0
92,reworded,placebo_stairs,0.0,0.0
92,reworded,placebo_tea,0.0,0.0
92,imagine,region_western_europe,0.0,0.0
92,imagine,region_north_america,0.0,0.0
92,imagine,region_latin_america,0.0,0.0
92,imagine,region_arab_culture,0.0,0.0
92,imagine,region_indian_cultural_sphere,0.0,0.0
92,imagine,region_sinosphere,0.0,0.0
92,imagine,region_sub_saharan_africa,0.0,0.0
92,imagine,region_oceania,0.0,0.0
92,imagine,gender_man,0.0,0.0
92,imagine,gender_woman,0.0,0.0
92,imagine,religion_christian,0.0,0.0
92,imagine,religion_muslim,0.0,0.0
92,imagine,identity_arab,0.0,0.0
92,imagine,identity_european,0.0,0.0
92,imagine,placebo_runner,0.0,0.0
92,imagine,placebo_cyclist,0.0,0.0
92,imagine,placebo_early_riser,0.0,0.0
92,imagine,placebo_chess,0.0,0.0
92,imagine,placebo_maps,0.0,0.0
92,imagine,placebo_crossword,0.0,0.0
92,imagine,placebo_stairs,0.0,0.0
92,imagine,placebo_tea,0.0,0.0
92,consider,region_western_europe,0.0,0.0
92,consider,region_north_america,0.0,0.0
92,consider,region_latin_america,0.0,0.0
92,consider,region_arab_culture,0.0,0.0
92,consider,region_indian_cultural_sphere,0.0,0.0
92,consider,region_sinosphere,0.0,0.0
92,consider,region_sub_saharan_africa,0.0,0.0
92,consider,region_oceania,0.0,0.0
92,consider,gender_man,0.0,0.0
92,consider,gender_woman,0.0,0.0
92,consider,religion_christian,0.0,0.0
92,consider,religion_muslim,0.0,0.0
92,consider,identity_arab,0.0,0.0
92,consider,identity_european,0.0,0.0
92,consider,placebo_runner,0.0,0.0
92,consider,placebo_cyclist,0.0,0.0
92,consider,placebo_early_riser,0.0,0.0
92,consider,placebo_chess,0.0,0.0
92,consider,placebo_maps,0.0,0.0
92,consider,placebo_crossword,0.0,0.0
92,consider,placebo_stairs,0.0,0.0
92,consider,placebo_tea,0.0,0.0
92,infix,region_western_europe,0.0,0.0
92,infix,region_north_america,0.0,0.0
92,infix,region_latin_america,0.0,0.0
92,infix,region_arab_culture,0.0,0.0
92,infix,region_indian_cultural_sphere,0.0,0.0
92,infix,region_sinosphere,0.0,0.0
92,infix,region_sub_saharan_africa,0.0,0.0
92,infix,region_oceania,0.0,0.0
92,infix,gender_man,0.0,0.0
92,infix,gender_woman,0.0,0.0
92,infix,religion_christian,0.0,0.0
92,infix,religion_muslim,0.0,0.0
92,infix,identity_arab,0.0,0.0
92,infix,identity_european,0.0,0.0
92,infix,placebo_runner,0.0,0.0
92,infix,placebo_cyclist,0.0,0.0
92,infix,placebo_early_riser,0.0,0.0
92,infix,placebo_chess,0.0,0.0
92,infix,placebo_maps,0.0,0.0
92,infix,placebo_crossword,0.0,0.0
92,infix,placebo_stairs,0.0,0.0
92,infix,placebo_tea,0.0,0.0
92,suffix,region_western_europe,0.0,0.0
92,suffix,region_north_america,0.0,0.0
92,suffix,region_latin_america,0.0,0.0
92,suffix,region_arab_culture,0.0,0.0
92,suffix,region_indian_cultural_sphere,0.0,0.0
92,suffix,region_sinosphere,0.0,0.0
92,suffix,region_sub_saharan_africa,0.0,0.0
92,suffix,region_oceania,0.0,0.0
92,suffix,gender_man,0.0,0.0
92,suffix,gender_woman,0.0,0.0
92,suffix,religion_christian,0.0,0.0
92,suffix,religion_muslim,0.0,0.0
92,suffix,identity_arab,0.0,0.0
92,suffix,identity_european,0.0,0.0
92,suffix,placebo_runner,0.0,0.0
92,suffix,placebo_cyclist,0.0,0.0
92,suffix,placebo_early_riser,0.0,0.0
92,suffix,placebo_chess,0.0,0.0
92,suffix,placebo_maps,0.0,0.0
92,suffix,placebo_crossword,0.0,0.0
92,suffix,placebo_stairs,0.0,0.0
92,suffix,placebo_tea,0.0,0.0
92,embedded,region_western_europe,0.0,0.0
92,embedded,region_north_america,0.0,0.0
92,embedded,region_latin_america,0.0,0.0
92,embedded,region_arab_culture,0.0,0.0
92,embedded,region_indian_cultural_sphere,0.0,0.0
92,embedded,region_sinosphere,0.0,0.0
92,embedded,region_sub_saharan_africa,0.0,0.0
92,embedded,region_oceania,0.0,0.0
92,embedded,gender_man,0.0,0.0
92,embedded,gender_woman,0.0,0.0
92,embedded,religion_christian,0.0,0.0
92,embedded,religion_muslim,0.0,0.0
92,embedded,identity_arab,0.0,0.0
92,embedded,identity_european,0.0,0.0
92,embedded,placebo_runner,0.0,0.0
92,embedded,placebo_cyclist,0.0,0.0
92,embedded,placebo_early_riser,0.0,0.0
92,embedded,placebo_chess,0.0,0.0
92,embedded,placebo_maps,0.0,0.0
92,embedded,placebo_crossword,0.0,0.0
92,embedded,placebo_stairs,0.0,0.0
92,embedded,placebo_tea,0.0,0.0
92,target,region_western_europe,0.0,0.0
92,target,region_north_america,0.0,0.0
92,target,region_latin_america,0.0,0.0
92,target,region_arab_culture,0.0,0.0
92,target,region_indian_cultural_sphere,0.0,0.0
92,target,region_sinosphere,0.0,0.0
92,target,region_sub_saharan_africa,0.0,0.0
92,target,region_oceania,0.0,0.0
92,target,gender_man,0.0,0.0
92,target,gender_woman,0.0,0.0
92,target,religion_christian,0.0,0.0
92,target,religion_muslim,0.0,0.0
92,target,identity_arab,0.0,0.0
92,target,identity_european,0.0,0.0
92,target,placebo_runner,0.0,0.0
92,target,placebo_cyclist,0.0,0.0
92,target,placebo_early_riser,0.0,0.0
92,target,placebo_chess,0.0,0.0
92,target,placebo_maps,0.0,0.0
92,target,placebo_crossword,0.0,0.0
92,target,placebo_stairs,0.0,0.0
92,target,placebo_tea,0.0,0.0
92,context,region_western_europe,0.0,0.0
92,context,region_north_america,0.0,0.0
92,context,region_latin_america,0.0,0.0
92,context,region_arab_culture,0.0,0.0
92,context,region_indian_cultural_sphere,0.0,0.0
92,context,region_sinosphere,0.0,0.0
92,context,region_sub_saharan_africa,0.0,0.0
92,context,region_oceania,0.0,0.0
92,context,gender_man,0.0,0.0
92,context,gender_woman,0.0,0.0
92,context,religion_christian,0.0,0.0
92,context,religion_muslim,0.0,0.0
92,context,identity_arab,0.0,0.0
92,context,identity_european,0.0,0.0
92,context,placebo_runner,0.0,0.0
92,context,placebo_cyclist,0.0,0.0
92,context,placebo_early_riser,0.0,0.0
92,context,placebo_chess,0.0,0.0
92,context,placebo_maps,0.0,0.0
92,context,placebo_crossword,0.0,0.0
92,context,placebo_stairs,0.0,0.0
92,context,placebo_tea,0.0,0.0
92,context_long,region_western_europe,0.0,0.0
92,context_long,region_north_america,0.0,0.0
92,context_long,region_latin_america,0.0,0.0
92,context_long,region_arab_culture,0.0,0.0
92,context_long,region_indian_cultural_sphere,0.0,0.0
92,context_long,region_sinosphere,0.0,0.0
92,context_long,region_sub_saharan_africa,0.0,0.0
92,context_long,region_oceania,0.0,0.0
92,context_long,gender_man,0.0,0.0
92,context_long,gender_woman,0.0,0.0
92,context_long,religion_christian,0.0,0.0
92,context_long,religion_muslim,0.0,0.0
92,context_long,identity_arab,0.0,0.0
92,context_long,identity_european,0.0,0.0
92,context_long,placebo_runner,0.0,0.0
92,context_long,placebo_cyclist,0.0,0.0
92,context_long,placebo_early_riser,0.0,0.0
92,context_long,placebo_chess,0.0,0.0
92,context_long,placebo_maps,0.0,0.0
92,context_long,placebo_crossword,0.0,0.0
92,context_long,placebo_stairs,0.0,0.0
92,context_long,placebo_tea,0.0,0.0
104,none,baseline,0.0,0.0
104,prefix,region_western_europe,0.0,0.0
104,prefix,region_north_america,0.0,0.0
104,prefix,region_latin_america,0.0,0.0
104,prefix,region_arab_culture,0.0,0.0
104,prefix,region_indian_cultural_sphere,0.0,0.0
104,prefix,region_sinosphere,0.0,0.0
104,prefix,region_sub_saharan_africa,0.0,0.0
104,prefix,region_oceania,0.0,0.0
104,prefix,gender_man,0.0,0.0
104,prefix,gender_woman,0.0,0.0
104,prefix,religion_christian,0.0,0.0
104,prefix,religion_muslim,0.0,0.0
104,prefix,identity_arab,0.0,0.0
104,prefix,identity_european,0.0,0.0
104,prefix,placebo_runner,0.0,0.0
104,prefix,placebo_cyclist,0.0,0.0
104,prefix,placebo_early_riser,0.0,0.0
104,prefix,placebo_chess,0.0,0.0
104,prefix,placebo_maps,0.0,0.0
104,prefix,placebo_crossword,0.0,0.0
104,prefix,placebo_stairs,0.0,0.0
104,prefix,placebo_tea,0.0,0.0
104,reworded,region_western_europe,0.0,0.0
104,reworded,region_north_america,0.0,0.0
104,reworded,region_latin_america,0.0,0.0
104,reworded,region_arab_culture,0.0,0.0
104,reworded,region_indian_cultural_sphere,0.0,0.0
104,reworded,region_sinosphere,0.0,0.0
104,reworded,region_sub_saharan_africa,0.0,0.0
104,reworded,region_oceania,0.0,0.0
104,reworded,gender_man,0.0,0.0
104,reworded,gender_woman,0.0,0.0
104,reworded,religion_christian,0.0,0.0
104,reworded,religion_muslim,0.0,0.0
104,reworded,identity_arab,0.0,0.0
104,reworded,identity_european,0.0,0.0
104,reworded,placebo_runner,0.0,0.0
104,reworded,placebo_cyclist,0.0,0.0
104,reworded,placebo_early_riser,0.0,0.0
104,reworded,placebo_chess,0.0,0.0
104,reworded,placebo_maps,0.0,0.0
104,reworded,placebo_crossword,0.0,0.0
104,reworded,placebo_stairs,0.0,0.0
104,reworded,placebo_tea,0.0,0.0
104,imagine,region_western_europe,0.0,0.0
104,imagine,region_north_america,0.0,0.0
104,imagine,region_latin_america,0.0,0.0
104,imagine,region_arab_culture,0.0,0.0
104,imagine,region_indian_cultural_sphere,0.0,0.0
104,imagine,region_sinosphere,0.0,0.0
104,imagine,region_sub_saharan_africa,0.0,0.0
104,imagine,region_oceania,0.0,0.0
104,imagine,gender_man,0.0,0.0
104,imagine,gender_woman,0.0,0.0
104,imagine,religion_christian,0.0,0.0
104,imagine,religion_muslim,0.0,0.0
104,imagine,identity_arab,0.0,0.0
104,imagine,identity_european,0.0,0.0
104,imagine,placebo_runner,0.0,0.0
104,imagine,placebo_cyclist,0.0,0.0
104,imagine,placebo_early_riser,0.0,0.0
104,imagine,placebo_chess,0.0,0.0
104,imagine,placebo_maps,0.0,0.0
104,imagine,placebo_crossword,0.0,0.0
104,imagine,placebo_stairs,0.0,0.0
104,imagine,placebo_tea,0.0,0.0
104,consider,region_western_europe,0.0,0.0
104,consider,region_north_america,0.0,0.0
104,consider,region_latin_america,0.0,0.0
104,consider,region_arab_culture,0.0,0.0
104,consider,region_indian_cultural_sphere,0.0,0.0
104,consider,region_sinosphere,0.0,0.0
104,consider,region_sub_saharan_africa,0.0,0.0
104,consider,region_oceania,0.0,0.0
104,consider,gender_man,0.0,0.0
104,consider,gender_woman,0.0,0.0
104,consider,religion_christian,0.0,0.0
104,consider,religion_muslim,0.0,0.0
104,consider,identity_arab,0.0,0.0
104,consider,identity_european,0.0,0.0
104,consider,placebo_runner,0.0,0.0
104,consider,placebo_cyclist,0.0,0.0
104,consider,placebo_early_riser,0.0,0.0
104,consider,placebo_chess,0.0,0.0
104,consider,placebo_maps,0.0,0.0
104,consider,placebo_crossword,0.0,0.0
104,consider,placebo_stairs,0.0,0.0
104,consider,placebo_tea,0.0,0.0
104,infix,region_western_europe,0.0,0.0
104,infix,region_north_america,0.0,0.0
104,infix,region_latin_america,0.0,0.0
104,infix,region_arab_culture,0.0,0.0
104,infix,region_indian_cultural_sphere,0.0,0.0
104,infix,region_sinosphere,0.0,0.0
104,infix,region_sub_saharan_africa,0.0,0.0
104,infix,region_oceania,0.0,0.0
104,infix,gender_man,0.0,0.0
104,infix,gender_woman,0.0,0.0
104,infix,religion_christian,0.0,0.0
104,infix,religion_muslim,0.0,0.0
104,infix,identity_arab,0.0,0.0
104,infix,identity_european,0.0,0.0
104,infix,placebo_runner,0.0,0.0
104,infix,placebo_cyclist,0.0,0.0
104,infix,placebo_early_riser,0.0,0.0
104,infix,placebo_chess,0.0,0.0
104,infix,placebo_maps,0.0,0.0
104,infix,placebo_crossword,0.0,0.0
104,infix,placebo_stairs,0.0,0.0
104,infix,placebo_tea,0.0,0.0
104,suffix,region_western_europe,0.0,0.0
104,suffix,region_north_america,0.0,0.0
104,suffix,region_latin_america,0.0,0.0
104,suffix,region_arab_culture,0.0,0.0
104,suffix,region_indian_cultural_sphere,0.0,0.0
104,suffix,region_sinosphere,0.0,0.0
104,suffix,region_sub_saharan_africa,0.0,0.0
104,suffix,region_oceania,0.0,0.0
104,suffix,gender_man,0.0,0.0
104,suffix,gender_woman,0.0,0.0
104,suffix,religion_christian,0.0,0.0
104,suffix,religion_muslim,0.0,0.0
104,suffix,identity_arab,0.0,0.0
104,suffix,identity_european,0.0,0.0
104,suffix,placebo_runner,0.0,0.0
104,suffix,placebo_cyclist,0.0,0.0
104,suffix,placebo_early_riser,0.0,0.0
104,suffix,placebo_chess,0.0,0.0
104,suffix,placebo_maps,0.0,0.0
104,suffix,placebo_crossword,0.0,0.0
104,suffix,placebo_stairs,0.0,0.0
104,suffix,placebo_tea,0.0,0.0
104,embedded,region_western_europe,0.0,0.0
104,embedded,region_north_america,0.0,0.0
104,embedded,region_latin_america,0.0,0.0
104,embedded,region_arab_culture,0.0,0.0
104,embedded,region_indian_cultural_sphere,0.0,0.0
104,embedded,region_sinosphere,0.0,0.0
104,embedded,region_sub_saharan_africa,0.0,0.0
104,embedded,region_oceania,0.0,0.0
104,embedded,gender_man,0.0,0.0
104,embedded,gender_woman,0.0,0.0
104,embedded,religion_christian,0.0,0.0
104,embedded,religion_muslim,0.0,0.0
104,embedded,identity_arab,0.0,0.0
104,embedded,identity_european,0.0,0.0
104,embedded,placebo_runner,0.0,0.0
104,embedded,placebo_cyclist,0.0,0.0
104,embedded,placebo_early_riser,0.0,0.0
104,embedded,placebo_chess,0.0,0.0
104,embedded,placebo_maps,0.0,0.0
104,embedded,placebo_crossword,0.0,0.0
104,embedded,placebo_stairs,0.0,0.0
104,embedded,placebo_tea,0.0,0.0
104,target,region_western_europe,0.0,0.0
104,target,region_north_america,0.0,0.0
104,target,region_latin_america,0.0,0.0
104,target,region_arab_culture,0.0,0.0
104,target,region_indian_cultural_sphere,0.0,0.0
104,target,region_sinosphere,0.0,0.0
104,target,region_sub_saharan_africa,0.0,0.0
104,target,region_oceania,0.0,0.0
104,target,gender_man,0.0,0.0
104,target,gender_woman,0.0,0.0
104,target,religion_christian,0.0,0.0
104,target,religion_muslim,0.0,0.0
104,target,identity_arab,0.0,0.0
104,target,identity_european,0.0,0.0
104,target,placebo_runner,0.0,0.0
104,target,placebo_cyclist,0.0,0.0
104,target,placebo_early_riser,0.0,0.0
104,target,placebo_chess,0.0,0.0
104,target,placebo_maps,0.0,0.0
104,target,placebo_crossword,0.0,0.0
104,target,placebo_stairs,0.0,0.0
104,target,placebo_tea,0.0,0.0
104,context,region_western_europe,0.0,0.0
104,context,region_north_america,0.0,0.0
104,context,region_latin_america,0.0,0.0
104,context,region_arab_culture,0.0,0.0
104,context,region_indian_cultural_sphere,0.0,0.0
104,context,region_sinosphere,0.0,0.0
104,context,region_sub_saharan_africa,0.0,0.0
104,context,region_oceania,0.0,0.0
104,context,gender_man,0.0,0.0
104,context,gender_woman,0.0,0.0
104,context,religion_christian,0.0,0.0
104,context,religion_muslim,0.0,0.0
104,context,identity_arab,0.0,0.0
104,context,identity_european,0.0,0.0
104,context,placebo_runner,0.0,0.0
104,context,placebo_cyclist,0.0,0.0
104,context,placebo_early_riser,0.0,0.0
104,context,placebo_chess,0.0,0.0
104,context,placebo_maps,0.0,0.0
104,context,placebo_crossword,0.0,0.0
104,context,placebo_stairs,0.0,0.0
104,context,placebo_tea,0.0,0.0
104,context_long,region_western_europe,0.0,0.0
104,context_long,region_north_america,0.0,0.0
104,context_long,region_latin_america,0.0,0.0
104,context_long,region_arab_culture,0.0,0.0
104,context_long,region_indian_cultural_sphere,0.0,0.0
104,context_long,region_sinosphere,0.0,0.0
104,context_long,region_sub_saharan_africa,0.0,0.0
104,context_long,region_oceania,0.0,0.0
104,context_long,gender_man,0.0,0.0
104,context_long,gender_woman,0.0,0.0
104,context_long,religion_christian,0.0,0.0
104,context_long,religion_muslim,0.0,0.0
104,context_long,identity_arab,0.0,0.0
104,context_long,identity_european,0.0,0.0
104,context_long,placebo_runner,0.0,0.0
104,context_long,placebo_cyclist,0.0,0.0
104,context_long,placebo_early_riser,0.0,0.0
104,context_long,placebo_chess,0.0,0.0
104,context_long,placebo_maps,0.0,0.0
104,context_long,placebo_crossword,0.0,0.0
104,context_long,placebo_stairs,0.0,0.0
104,context_long,placebo_tea,0.0,0.0
120,none,baseline,0.0,0.0
120,prefix,region_western_europe,0.0,0.0
120,prefix,region_north_america,0.0,0.0
120,prefix,region_latin_america,0.0,0.0
120,prefix,region_arab_culture,0.0,0.0
120,prefix,region_indian_cultural_sphere,0.0,0.0
120,prefix,region_sinosphere,0.0,0.0
120,prefix,region_sub_saharan_africa,0.0,0.0
120,prefix,region_oceania,0.0,0.0
120,prefix,gender_man,0.0,0.0
120,prefix,gender_woman,0.0,0.0
120,prefix,religion_christian,0.0,0.0
120,prefix,religion_muslim,0.0,0.0
120,prefix,identity_arab,0.0,0.0
120,prefix,identity_european,0.0,0.0
120,prefix,placebo_runner,0.0,0.0
120,prefix,placebo_cyclist,0.0,0.0
120,prefix,placebo_early_riser,0.0,0.0
120,prefix,placebo_chess,0.0,0.0
120,prefix,placebo_maps,0.0,0.0
120,prefix,placebo_crossword,0.0,0.0
120,prefix,placebo_stairs,0.0,0.0
120,prefix,placebo_tea,0.0,0.0
120,reworded,region_western_europe,0.0,0.0
120,reworded,region_north_america,0.0,0.0
120,reworded,region_latin_america,0.0,0.0
120,reworded,region_arab_culture,0.0,0.0
120,reworded,region_indian_cultural_sphere,0.0,0.0
120,reworded,region_sinosphere,0.0,0.0
120,reworded,region_sub_saharan_africa,0.0,0.0
120,reworded,region_oceania,0.0,0.0
120,reworded,gender_man,0.0,0.0
120,reworded,gender_woman,0.0,0.0
120,reworded,religion_christian,0.0,0.0
120,reworded,religion_muslim,0.0,0.0
120,reworded,identity_arab,0.0,0.0
120,reworded,identity_european,0.0,0.0
120,reworded,placebo_runner,0.0,0.0
120,reworded,placebo_cyclist,0.0,0.0
120,reworded,placebo_early_riser,0.0,0.0
120,reworded,placebo_chess,0.0,0.0
120,reworded,placebo_maps,0.0,0.0
120,reworded,placebo_crossword,0.0,0.0
120,reworded,placebo_stairs,0.0,0.0
120,reworded,placebo_tea,0.0,0.0
120,imagine,region_western_europe,0.0,0.0
120,imagine,region_north_america,0.0,0.0
120,imagine,region_latin_america,0.0,0.0
120,imagine,region_arab_culture,0.0,0.0
120,imagine,region_indian_cultural_sphere,0.0,0.0
120,imagine,region_sinosphere,0.0,0.0
120,imagine,region_sub_saharan_africa,0.0,0.0
120,imagine,region_oceania,0.0,0.0
120,imagine,gender_man,0.0,0.0
120,imagine,gender_woman,0.0,0.0
120,imagine,religion_christian,0.0,0.0
120,imagine,religion_muslim,0.0,0.0
120,imagine,identity_arab,0.0,0.0
120,imagine,identity_european,0.0,0.0
120,imagine,placebo_runner,0.0,0.0
120,imagine,placebo_cyclist,0.0,0.0
120,imagine,placebo_early_riser,0.0,0.0
120,imagine,placebo_chess,0.0,0.0
120,imagine,placebo_maps,0.0,0.0
120,imagine,placebo_crossword,0.0,0.0
120,imagine,placebo_stairs,0.0,0.0
120,imagine,placebo_tea,0.0,0.0
120,consider,region_western_europe,0.0,0.0
120,consider,region_north_america,0.0,0.0
120,consider,region_latin_america,0.0,0.0
120,consider,region_arab_culture,0.0,0.0
120,consider,region_indian_cultural_sphere,0.0,0.0
120,consider,region_sinosphere,0.0,0.0
120,consider,region_sub_saharan_africa,0.0,0.0
120,consider,region_oceania,0.0,0.0
120,consider,gender_man,0.0,0.0
120,consider,gender_woman,0.0,0.0
120,consider,religion_christian,0.0,0.0
120,consider,religion_muslim,0.0,0.0
120,consider,identity_arab,0.0,0.0
120,consider,identity_european,0.0,0.0
120,consider,placebo_runner,0.0,0.0
120,consider,placebo_cyclist,0.0,0.0
120,consider,placebo_early_riser,0.0,0.0
120,consider,placebo_chess,0.0,0.0
120,consider,placebo_maps,0.0,0.0
120,consider,placebo_crossword,0.0,0.0
120,consider,placebo_stairs,0.0,0.0
120,consider,placebo_tea,0.0,0.0
120,infix,region_western_europe,0.0,0.0
120,infix,region_north_america,0.0,0.0
120,infix,region_latin_america,0.0,0.0
120,infix,region_arab_culture,0.0,0.0
120,infix,region_indian_cultural_sphere,0.0,0.0
120,infix,region_sinosphere,0.0,0.0
120,infix,region_sub_saharan_africa,0.0,0.0
120,infix,region_oceania,0.0,0.0
120,infix,gender_man,0.0,0.0
120,infix,gender_woman,0.0,0.0
120,infix,religion_christian,0.0,0.0
120,infix,religion_muslim,0.0,0.0
120,infix,identity_arab,0.0,0.0
120,infix,identity_european,0.0,0.0
120,infix,placebo_runner,0.0,0.0
120,infix,placebo_cyclist,0.0,0.0
120,infix,placebo_early_riser,0.0,0.0
120,infix,placebo_chess,0.0,0.0
120,infix,placebo_maps,0.0,0.0
120,infix,placebo_crossword,0.0,0.0
120,infix,placebo_stairs,0.0,0.0
120,infix,placebo_tea,0.0,0.0
120,suffix,region_western_europe,0.0,0.0
120,suffix,region_north_america,0.0,0.0
120,suffix,region_latin_america,0.0,0.0
120,suffix,region_arab_culture,0.0,0.0
120,suffix,region_indian_cultural_sphere,0.0,0.0
120,suffix,region_sinosphere,0.0,0.0
120,suffix,region_sub_saharan_africa,0.0,0.0
120,suffix,region_oceania,0.0,0.0
120,suffix,gender_man,0.0,0.0
120,suffix,gender_woman,0.0,0.0
120,suffix,religion_christian,0.0,0.0
120,suffix,religion_muslim,0.0,0.0
120,suffix,identity_arab,0.0,0.0
120,suffix,identity_european,0.0,0.0
120,suffix,placebo_runner,0.0,0.0
120,suffix,placebo_cyclist,0.0,0.0
120,suffix,placebo_early_riser,0.0,0.0
120,suffix,placebo_chess,0.0,0.0
120,suffix,placebo_maps,0.0,0.0
120,suffix,placebo_crossword,0.0,0.0
120,suffix,placebo_stairs,0.0,0.0
120,suffix,placebo_tea,0.0,0.0
120,embedded,region_western_europe,0.0,0.0
120,embedded,region_north_america,0.0,0.0
120,embedded,region_latin_america,0.0,0.0
120,embedded,region_arab_culture,0.0,0.0
120,embedded,region_indian_cultural_sphere,0.0,0.0
120,embedded,region_sinosphere,0.0,0.0
120,embedded,region_sub_saharan_africa,0.0,0.0
120,embedded,region_oceania,0.0,0.0
120,embedded,gender_man,0.0,0.0
120,embedded,gender_woman,0.0,0.0
120,embedded,religion_christian,0.0,0.0
120,embedded,religion_muslim,0.0,0.0
120,embedded,identity_arab,0.0,0.0
120,embedded,identity_european,0.0,0.0
120,embedded,placebo_runner,0.0,0.0
120,embedded,placebo_cyclist,0.0,0.0
120,embedded,placebo_early_riser,0.0,0.0
120,embedded,placebo_chess,0.0,0.0
120,embedded,placebo_maps,0.0,0.0
120,embedded,placebo_crossword,0.0,0.0
120,embedded,placebo_stairs,0.0,0.0
120,embedded,placebo_tea,0.0,0.0
120,target,region_western_europe,0.0,0.0
120,target,region_north_america,0.0,0.0
120,target,region_latin_america,0.0,0.0
120,target,region_arab_culture,0.0,0.0
120,target,region_indian_cultural_sphere,0.0,0.0
120,target,region_sinosphere,0.0,0.0
120,target,region_sub_saharan_africa,0.0,0.0
120,target,region_oceania,0.0,0.0
120,target,gender_man,0.0,0.0
120,target,gender_woman,0.0,0.0
120,target,religion_christian,0.0,0.0
120,target,religion_muslim,0.0,0.0
120,target,identity_arab,0.0,0.0
120,target,identity_european,0.0,0.0
120,target,placebo_runner,0.0,0.0
120,target,placebo_cyclist,0.0,0.0
120,target,placebo_early_riser,0.0,0.0
120,target,placebo_chess,0.0,0.0
120,target,placebo_maps,0.0,0.0
120,target,placebo_crossword,0.0,0.0
120,target,placebo_stairs,0.0,0.0
120,target,placebo_tea,0.0,0.0
120,context,region_western_europe,0.0,0.0
120,context,region_north_america,0.0,0.0
120,context,region_latin_america,0.0,0.0
120,context,region_arab_culture,0.0,0.0
120,context,region_indian_cultural_sphere,0.0,0.0
120,context,region_sinosphere,0.0,0.0
120,context,region_sub_saharan_africa,0.0,0.0
120,context,region_oceania,0.0,0.0
120,context,gender_man,0.0,0.0
120,context,gender_woman,0.0,0.0
120,context,religion_christian,0.0,0.0
120,context,religion_muslim,0.0,0.0
120,context,identity_arab,0.0,0.0
120,context,identity_european,0.0,0.0
120,context,placebo_runner,0.0,0.0
120,context,placebo_cyclist,0.0,0.0
120,context,placebo_early_riser,0.0,0.0
120,context,placebo_chess,0.0,0.0
120,context,placebo_maps,0.0,0.0
120,context,placebo_crossword,0.0,0.0
120,context,placebo_stairs,0.0,0.0
120,context,placebo_tea,0.0,0.0
120,context_long,region_western_europe,0.0,0.0
120,context_long,region_north_america,0.0,0.0
120,context_long,region_latin_america,0.0,0.0
120,context_long,region_arab_culture,0.0,0.0
120,context_long,region_indian_cultural_sphere,0.0,0.0
120,context_long,region_sinosphere,0.0,0.0
120,context_long,region_sub_saharan_africa,0.0,0.0
120,context_long,region_oceania,0.0,0.0
120,context_long,gender_man,0.0,0.0
120,context_long,gender_woman,0.0,0.0
120,context_long,religion_christian,0.0,0.0
120,context_long,religion_muslim,0.0,0.0
120,context_long,identity_arab,0.0,0.0
120,context_long,identity_european,0.0,0.0
120,context_long,placebo_runner,0.0,0.0
120,context_long,placebo_cyclist,0.0,0.0
120,context_long,placebo_early_riser,0.0,0.0
120,context_long,placebo_chess,0.0,0.0
120,context_long,placebo_maps,0.0,0.0
120,context_long,placebo_crossword,0.0,0.0
120,context_long,placebo_stairs,0.0,0.0
120,context_long,placebo_tea,0.0,0.0
123,none,baseline,0.0,0.0
123,prefix,region_western_europe,0.0,0.0
123,prefix,region_north_america,0.0,0.0
123,prefix,region_latin_america,0.0,0.0
123,prefix,region_arab_culture,0.0,0.0
123,prefix,region_indian_cultural_sphere,0.0,0.0
123,prefix,region_sinosphere,0.0,0.0
123,prefix,region_sub_saharan_africa,0.0,0.0
123,prefix,region_oceania,0.0,0.0
123,prefix,gender_man,0.0,0.0
123,prefix,gender_woman,0.0,0.0
123,prefix,religion_christian,0.0,0.0
123,prefix,religion_muslim,0.0,0.0
123,prefix,identity_arab,0.0,0.0
123,prefix,identity_european,0.0,0.0
123,prefix,placebo_runner,0.0,0.0
123,prefix,placebo_cyclist,0.0,0.0
123,prefix,placebo_early_riser,0.0,0.0
123,prefix,placebo_chess,0.0,0.0
123,prefix,placebo_maps,0.0,0.0
123,prefix,placebo_crossword,0.0,0.0
123,prefix,placebo_stairs,0.0,0.0
123,prefix,placebo_tea,0.0,0.0
123,reworded,region_western_europe,0.0,0.0
123,reworded,region_north_america,0.0,0.0
123,reworded,region_latin_america,0.0,0.0
123,reworded,region_arab_culture,0.0,0.0
123,reworded,region_indian_cultural_sphere,0.0,0.0
123,reworded,region_sinosphere,0.0,0.0
123,reworded,region_sub_saharan_africa,0.0,0.0
123,reworded,region_oceania,0.0,0.0
123,reworded,gender_man,0.0,0.0
123,reworded,gender_woman,0.0,0.0
123,reworded,religion_christian,0.0,0.0
123,reworded,religion_muslim,0.0,0.0
123,reworded,identity_arab,0.0,0.0
123,reworded,identity_european,0.0,0.0
123,reworded,placebo_runner,0.0,0.0
123,reworded,placebo_cyclist,0.0,0.0
123,reworded,placebo_early_riser,0.0,0.0
123,reworded,placebo_chess,0.0,0.0
123,reworded,placebo_maps,0.0,0.0
123,reworded,placebo_crossword,0.0,0.0
123,reworded,placebo_stairs,0.0,0.0
123,reworded,placebo_tea,0.0,0.0
123,imagine,region_western_europe,0.0,0.0
123,imagine,region_north_america,0.0,0.0
123,imagine,region_latin_america,0.0,0.0
123,imagine,region_arab_culture,0.0,0.0
123,imagine,region_indian_cultural_sphere,0.0,0.0
123,imagine,region_sinosphere,0.0,0.0
123,imagine,region_sub_saharan_africa,0.0,0.0
123,imagine,region_oceania,0.0,0.0
123,imagine,gender_man,0.0,0.0
123,imagine,gender_woman,0.0,0.0
123,imagine,religion_christian,0.0,0.0
123,imagine,religion_muslim,0.0,0.0
123,imagine,identity_arab,0.0,0.0
123,imagine,identity_european,0.0,0.0
123,imagine,placebo_runner,0.0,0.0
123,imagine,placebo_cyclist,0.0,0.0
123,imagine,placebo_early_riser,0.0,0.0
123,imagine,placebo_chess,0.0,0.0
123,imagine,placebo_maps,0.0,0.0
123,imagine,placebo_crossword,0.0,0.0
123,imagine,placebo_stairs,0.0,0.0
123,imagine,placebo_tea,0.0,0.0
123,consider,region_western_europe,0.0,0.0
123,consider,region_north_america,0.0,0.0
123,consider,region_latin_america,0.0,0.0
123,consider,region_arab_culture,0.0,0.0
123,consider,region_indian_cultural_sphere,0.0,0.0
123,consider,region_sinosphere,0.0,0.0
123,consider,region_sub_saharan_africa,0.0,0.0
123,consider,region_oceania,0.0,0.0
123,consider,gender_man,0.0,0.0
123,consider,gender_woman,0.0,0.0
123,consider,religion_christian,0.0,0.0
123,consider,religion_muslim,0.0,0.0
123,consider,identity_arab,0.0,0.0
123,consider,identity_european,0.0,0.0
123,consider,placebo_runner,0.0,0.0
123,consider,placebo_cyclist,0.0,0.0
123,consider,placebo_early_riser,0.0,0.0
123,consider,placebo_chess,0.0,0.0
123,consider,placebo_maps,0.0,0.0
123,consider,placebo_crossword,0.0,0.0
123,consider,placebo_stairs,0.0,0.0
123,consider,placebo_tea,0.0,0.0
123,infix,region_western_europe,0.0,0.0
123,infix,region_north_america,0.0,0.0
123,infix,region_latin_america,0.0,0.0
123,infix,region_arab_culture,0.0,0.0
123,infix,region_indian_cultural_sphere,0.0,0.0
123,infix,region_sinosphere,0.0,0.0
123,infix,region_sub_saharan_africa,0.0,0.0
123,infix,region_oceania,0.0,0.0
123,infix,gender_man,0.0,0.0
123,infix,gender_woman,0.0,0.0
123,infix,religion_christian,0.0,0.0
123,infix,religion_muslim,0.0,0.0
123,infix,identity_arab,0.0,0.0
123,infix,identity_european,0.0,0.0
123,infix,placebo_runner,0.0,0.0
123,infix,placebo_cyclist,0.0,0.0
123,infix,placebo_early_riser,0.0,0.0
123,infix,placebo_chess,0.0,0.0
123,infix,placebo_maps,0.0,0.0
123,infix,placebo_crossword,0.0,0.0
123,infix,placebo_stairs,0.0,0.0
123,infix,placebo_tea,0.0,0.0
123,suffix,region_western_europe,0.0,0.0
123,suffix,region_north_america,0.0,0.0
123,suffix,region_latin_america,0.0,0.0
123,suffix,region_arab_culture,0.0,0.0
123,suffix,region_indian_cultural_sphere,0.0,0.0
123,suffix,region_sinosphere,0.0,0.0
123,suffix,region_sub_saharan_africa,0.0,0.0
123,suffix,region_oceania,0.0,0.0
123,suffix,gender_man,0.0,0.0
123,suffix,gender_woman,0.0,0.0
123,suffix,religion_christian,0.0,0.0
123,suffix,religion_muslim,0.0,0.0
123,suffix,identity_arab,0.0,0.0
123,suffix,identity_european,0.0,0.0
123,suffix,placebo_runner,0.0,0.0
123,suffix,placebo_cyclist,0.0,0.0
123,suffix,placebo_early_riser,0.0,0.0
123,suffix,placebo_chess,0.0,0.0
123,suffix,placebo_maps,0.0,0.0
123,suffix,placebo_crossword,0.0,0.0
123,suffix,placebo_stairs,0.0,0.0
123,suffix,placebo_tea,0.0,0.0
123,embedded,region_western_europe,0.0,0.0
123,embedded,region_north_america,0.0,0.0
123,embedded,region_latin_america,0.0,0.0
123,embedded,region_arab_culture,0.0,0.0
123,embedded,region_indian_cultural_sphere,0.0,0.0
123,embedded,region_sinosphere,0.0,0.0
123,embedded,region_sub_saharan_africa,0.0,0.0
123,embedded,region_oceania,0.0,0.0
123,embedded,gender_man,0.0,0.0
123,embedded,gender_woman,0.0,0.0
123,embedded,religion_christian,0.0,0.0
123,embedded,religion_muslim,0.0,0.0
123,embedded,identity_arab,0.0,0.0
123,embedded,identity_european,0.0,0.0
123,embedded,placebo_runner,0.0,0.0
123,embedded,placebo_cyclist,0.0,0.0
123,embedded,placebo_early_riser,0.0,0.0
123,embedded,placebo_chess,0.0,0.0
123,embedded,placebo_maps,0.0,0.0
123,embedded,placebo_crossword,0.0,0.0
123,embedded,placebo_stairs,0.0,0.0
123,embedded,placebo_tea,0.0,0.0
123,target,region_western_europe,0.0,0.0
123,target,region_north_america,0.0,0.0
123,target,region_latin_america,0.0,0.0
123,target,region_arab_culture,0.0,0.0
123,target,region_indian_cultural_sphere,0.0,0.0
123,target,region_sinosphere,0.0,0.0
123,target,region_sub_saharan_africa,0.0,0.0
123,target,region_oceania,0.0,0.0
123,target,gender_man,0.0,0.0
123,target,gender_woman,0.0,0.0
123,target,religion_christian,0.0,0.0
123,target,religion_muslim,0.0,0.0
123,target,identity_arab,0.0,0.0
123,target,identity_european,0.0,0.0
123,target,placebo_runner,0.0,0.0
123,target,placebo_cyclist,0.0,0.0
123,target,placebo_early_riser,0.0,0.0
123,target,placebo_chess,0.0,0.0
123,target,placebo_maps,0.0,0.0
123,target,placebo_crossword,0.0,0.0
123,target,placebo_stairs,0.0,0.0
123,target,placebo_tea,0.0,0.0
123,context,region_western_europe,0.0,0.0
123,context,region_north_america,0.0,0.0
123,context,region_latin_america,0.0,0.0
123,context,region_arab_culture,0.0,0.0
123,context,region_indian_cultural_sphere,0.0,0.0
123,context,region_sinosphere,0.0,0.0
123,context,region_sub_saharan_africa,0.0,0.0
123,context,region_oceania,0.0,0.0
123,context,gender_man,0.0,0.0
123,context,gender_woman,0.0,0.0
123,context,religion_christian,0.0,0.0
123,context,religion_muslim,0.0,0.0
123,context,identity_arab,0.0,0.0
123,context,identity_european,0.0,0.0
123,context,placebo_runner,0.0,0.0
123,context,placebo_cyclist,0.0,0.0
123,context,placebo_early_riser,0.0,0.0
123,context,placebo_chess,0.0,0.0
123,context,placebo_maps,0.0,0.0
123,context,placebo_crossword,0.0,0.0
123,context,placebo_stairs,0.0,0.0
123,context,placebo_tea,0.0,0.0
123,context_long,region_western_europe,0.0,0.0
123,context_long,region_north_america,0.0,0.0
123,context_long,region_latin_america,0.0,0.0
123,context_long,region_arab_culture,0.0,0.0
123,context_long,region_indian_cultural_sphere,0.0,0.0
123,context_long,region_sinosphere,0.0,0.0
123,context_long,region_sub_saharan_africa,0.0,0.0
123,context_long,region_oceania,0.0,0.0
123,context_long,gender_man,0.0,0.0
123,context_long,gender_woman,0.0,0.0
123,context_long,religion_christian,0.0,0.0
123,context_long,religion_muslim,0.0,0.0
123,context_long,identity_arab,0.0,0.0
123,context_long,identity_european,0.0,0.0
123,context_long,placebo_runner,0.0,0.0
123,context_long,placebo_cyclist,0.0,0.0
123,context_long,placebo_early_riser,0.0,0.0
123,context_long,placebo_chess,0.0,0.0
123,context_long,placebo_maps,0.0,0.0
123,context_long,placebo_crossword,0.0,0.0
123,context_long,placebo_stairs,0.0,0.0
123,context_long,placebo_tea,0.0,0.0
